TaskID,StationID,Team,Start,End,Duration
0,0,[],0.0,0.0,0.0
1,0,[],0.0,0.0,0.0
316,0,[],0.0,0.0,0.0
317,2,"[103, 100]",0.0,0.8954364451945901,0.8954364451945901
342,0,[],0.0,0.0,0.0
373,0,[],0.0,0.0,0.0
392,0,[],0.0,0.0,0.0
416,0,[],0.0,0.0,0.0
476,0,[],0.0,0.0,0.0
484,0,[],0.0,0.0,0.0
490,0,[],0.0,0.0,0.0
542,0,[],0.0,0.0,0.0
571,0,[],0.0,0.0,0.0
581,0,[],0.0,0.0,0.0
694,0,[],0.0,0.0,0.0
890,0,[],0.0,0.0,0.0
1115,0,[],0.0,0.0,0.0
1144,3,"[115, 72]",0.0,0.9217411376083348,0.9217411376083348
1145,4,"[41, 44]",0.0,0.9290759929063942,0.9290759929063942
1154,5,"[18, 82]",0.0,0.9329108403593177,0.9329108403593177
1155,1,"[45, 55]",0.0,0.9422905961280874,0.9422905961280874
1156,2,"[24, 0]",0.0,0.9479171530277719,0.9479171530277719
1157,3,"[6, 116]",0.0,0.9535294976889569,0.9535294976889569
1172,4,"[20, 30]",0.0,0.9564422061683207,0.9564422061683207
1173,5,"[86, 105]",0.0,0.9676257462115774,0.9676257462115774
1178,1,"[3, 91]",0.0,0.975799397440138,0.975799397440138
1179,2,"[48, 60]",0.0,0.9836026469965817,0.9836026469965817
1180,3,"[53, 80]",0.0,0.9876140990845145,0.9876140990845145
1181,4,"[77, 12]",0.0,0.9919665483797728,0.9919665483797728
1192,5,"[19, 95]",0.0,1.1002531607085564,1.1002531607085564
1249,1,"[5, 22]",0.0,0.7966004800488433,0.7966004800488433
1292,0,[],0.0,0.0,0.0
1426,0,[],0.0,0.0,0.0
1527,0,[],0.0,0.0,0.0
1646,0,[],0.0,0.0,0.0
1707,0,[],0.0,0.0,0.0
1781,0,[],0.0,0.0,0.0
1913,0,[],0.0,0.0,0.0
1983,0,[],0.0,0.0,0.0
2133,0,[],0.0,0.0,0.0
2231,0,[],0.0,0.0,0.0
2249,0,[],0.0,0.0,0.0
2288,0,[],0.0,0.0,0.0
2331,0,[],0.0,0.0,0.0
1193,1,"[5, 22]",0.7966004800488433,1.7702234003728332,0.9736229203239899
1194,2,"[103, 100]",0.8954364451945901,1.8804165562575077,0.9849801110629176
1195,3,"[115, 72]",0.9217411376083348,1.9356564109535244,1.0139152733451895
1218,4,"[41, 44]",0.9290759929063942,1.9510596072543258,1.0219836143479317
1222,5,"[18, 82]",0.9329108403593177,1.959112786996895,1.0262019466375771
1231,1,"[45, 55]",0.9422905961280874,1.978810274334942,1.0365196782068546
1234,2,"[24, 0]",0.9479171530277719,1.9906260439584271,1.0427088909306552
1236,3,"[6, 116]",0.9535294976889569,2.0024119678807244,1.0488824701917676
1238,4,"[20, 30]",0.9564422061683207,2.0085286557568325,1.0520864495885118
1241,5,"[86, 105]",0.9676257462115774,2.0320140901143082,1.0643883439027308
1242,1,"[3, 91]",0.975799397440138,2.0491787578891607,1.0733793604490227
1246,2,"[48, 60]",0.9836026469965817,2.065565582143736,1.0819629351471545
1253,3,"[53, 80]",0.9876140990845145,2.0739896316240354,1.0863755325395208
1263,4,"[77, 12]",0.9919665483797728,2.0831297752478486,1.0911632268680758
1265,5,"[19, 95]",1.1002531607085564,2.2005063214171128,1.1002531607085564
1266,1,"[5, 22]",1.7702234003728332,2.743846320696823,0.9736229203239897
1273,2,"[103, 100]",1.8804165562575077,2.865396667320425,0.9849801110629175
2139,3,"[115, 72]",1.9356564109535244,2.949571684298714,1.0139152733451895
2155,4,"[41, 44]",1.9510596072543258,2.973043221602257,1.0219836143479313
2251,5,"[18, 82]",1.959112786996895,3.0412893306744446,1.0821765436775497
319,1,"[45, 55]",1.978810274334942,3.109559034620564,1.130748760285622
1152,2,"[24, 0]",1.9906260439584271,3.1281266727919657,1.1375006288335385
1153,3,"[6, 116]",2.0024119678807244,3.1466474105753024,1.144235442694578
1267,4,"[20, 30]",2.0085286557568325,3.156259348765536,1.1477306930087035
1274,5,"[86, 105]",2.0320140901143082,3.193165031708192,1.1611509415938839
318,1,"[3, 91]",2.0491787578891607,3.317717928031599,1.2685391701424384
321,2,"[48, 60]",2.065565582143736,3.3442489763374637,1.2786833941937275
322,3,"[53, 80]",2.0739896316240354,3.357887913340794,1.2838982817167586
1116,4,"[77, 12]",2.0831297752478486,3.372686240840902,1.2895564655930536
1117,5,"[19, 95]",2.2005063214171128,3.5008054354674925,1.3002991140503797
1118,1,"[5, 22]",2.743846320696823,3.894491523025649,1.150645202328826
1119,2,"[103, 100]",2.865396667320425,4.029464003375655,1.16406733605523
1174,3,"[115, 72]",2.949571684298714,4.147835119237507,1.1982634349387928
1175,4,"[41, 44]",2.973043221602257,4.180841968078774,1.2077987464765165
1176,5,"[18, 82]",3.0412893306744446,4.254073378656902,1.2127840479824576
1177,1,"[45, 55]",3.109559034620564,4.3345367646551605,1.2249777300345963
1182,2,"[24, 0]",3.1281266727919657,4.360418926527857,1.2322922537358916
1183,3,"[6, 116]",3.1466474105753024,4.386235712103117,1.2395883015278146
1184,4,"[20, 30]",3.156259348765536,4.399634171177635,1.2433748224120986
1185,5,"[86, 105]",3.193165031708192,4.451078455643252,1.2579134239350598
1226,1,"[3, 91]",3.317717928031599,4.586257098174038,1.2685391701424384
1227,2,"[48, 60]",3.3442489763374637,4.622932370531191,1.2786833941937275
1228,3,"[53, 80]",3.357887913340794,4.641786195057553,1.283898281716759
1229,4,"[77, 12]",3.372686240840902,4.662242706433956,1.2895564655930536
1237,5,"[19, 95]",3.5008054354674925,4.801104549517872,1.3002991140503792
1272,1,"[5, 22]",3.894491523025649,5.0451367253544745,1.1506452023288256
706,2,"[103, 100]",4.029464003375655,5.283075005299213,1.2536110019235576
1162,3,"[115, 72]",4.147835119237507,5.438272689913154,1.290437570675647
1163,4,"[41, 44]",4.180841968078774,5.481548335996828,1.3007063679180542
1225,5,"[18, 82]",4.254073378656902,5.560148532917619,1.306075154260717
1260,1,"[45, 55]",4.3345367646551605,5.653743576768524,1.3192068121133635
1270,2,"[24, 0]",4.360418926527857,5.687502918166632,1.3270839916387747
1275,3,"[6, 116]",4.386235712103117,5.721176986133742,1.3349412740306246
1934,4,"[20, 30]",4.399634171177635,5.738653237009924,1.3390190658322894
1937,5,"[86, 105]",4.451078455643252,5.805754477269465,1.3546760216262133
1128,1,"[3, 91]",4.586257098174038,6.049956194334245,1.463699096160207
1129,2,"[48, 60]",4.622932370531191,6.098336341026064,1.475403970494873
1130,3,"[53, 80]",4.641786195057553,6.123207343684324,1.4814211486267714
1131,4,"[77, 12]",4.662242706433956,6.150192529003615,1.487949822569659
1158,5,"[19, 95]",4.801104549517872,6.301449736146797,1.500345186628925
1159,1,"[5, 22]",5.0451367253544745,6.372804315201677,1.3276675898472021
1160,2,"[103, 100]",5.283075005299213,6.626229673091098,1.343154667791885
1161,3,"[115, 72]",5.438272689913154,6.820884396325656,1.3826117064125025
1166,4,"[41, 44]",5.481548335996828,6.875162325356419,1.393613989359591
1167,5,"[18, 82]",5.560148532917619,6.959514793456596,1.3993662605389767
1244,1,"[45, 55]",5.653743576768524,7.067179470960655,1.4134358941921308
1262,2,"[24, 0]",5.687502918166632,7.10937864770829,1.4218757295416582
1269,3,"[6, 116]",5.721176986133742,7.151471232667177,1.4302942465334354
1924,4,"[20, 30]",5.738653237009924,7.192445372143084,1.4537921351331597
320,5,"[86, 105]",5.805754477269465,7.3539556942779845,1.5482012170085193
1124,1,"[3, 91]",6.049956194334245,7.611235253503336,1.5612790591690917
1125,2,"[48, 60]",6.098336341026064,7.672100599671509,1.5737642586454452
1126,3,"[53, 80]",6.123207343684324,7.7033899257661025,1.580182582081778
1127,4,"[77, 12]",6.150192529003615,7.737339030061577,1.587146501057962
1146,5,"[19, 95]",6.301449736146797,7.901817959064995,1.6003682229181981
1147,1,"[5, 22]",6.372804315201677,7.7889830988080675,1.4161787836063908
1186,2,"[103, 100]",6.626229673091098,8.05892800675131,1.4326983336602126
1187,3,"[115, 72]",6.820884396325656,8.295670238475013,1.4747858421493572
1188,4,"[41, 44]",6.875162325356419,8.361683936157547,1.4865216108011285
1189,5,"[18, 82]",6.959514793456596,8.452172160273832,1.4926573668172365
1200,1,"[45, 55]",7.067179470960655,8.669073529310321,1.6018940583496661
1202,2,"[24, 0]",7.10937864770829,8.720837853055714,1.6114592053474244
1204,3,"[6, 116]",7.151471232667177,8.772471424206234,1.621000191539057
1206,4,"[20, 30]",7.192445372143084,8.818397168235947,1.6259517960928633
323,0,[],7.3539556942779845,7.3539556942779845,0.0
329,5,"[86, 105]",7.3539556942779845,8.611869118213043,1.257913423935059
1210,2,"[48, 60]",7.672100599671509,9.344225146467528,1.6721245467960184
1212,3,"[53, 80]",7.7033899257661025,9.382333941302887,1.6789440155367847
1214,4,"[77, 12]",7.737339030061577,9.423682209607842,1.686343179546265
1208,1,"[5, 22]",7.7889830988080675,9.293673076173647,1.5046899773655795
1216,1,"[3, 91]",7.7889830988080675,9.447842120986044,1.6588590221779764
334,5,"[19, 95]",7.901817959064995,9.202117073115375,1.3002991140503797
1232,2,"[103, 100]",8.05892800675131,9.581170006279851,1.522241999528541
1254,3,"[115, 72]",8.295670238475013,9.862630216361225,1.5669599778862118
1268,4,"[41, 44]",8.361683936157547,9.941113168400213,1.5794292322426653
324,5,"[18, 82]",8.452172160273832,10.131411517224311,1.6792393569504789
325,5,"[86, 105]",8.611869118213043,10.353595299903914,1.7417261816908702
1927,1,"[45, 55]",8.669073529310321,10.280390484634884,1.611316955324563
2253,2,"[24, 0]",8.720837853055714,10.332297058403139,1.6114592053474244
1816,3,"[99, 136]",8.772471424206234,9.039164935155666,0.26669351094943217
1817,4,"[131, 109]",8.818397168235947,9.089334473009849,0.2709373047739021
1827,3,"[99, 136]",9.039164935155666,9.305858446105098,0.26669351094943217
1828,4,"[131, 109]",9.089334473009849,9.360271777783751,0.2709373047739021
326,5,"[19, 95]",9.202117073115375,11.002531130138674,1.8004140570232998
1829,1,"[22, 23]",9.293673076173647,9.562942538946222,0.26926946277257535
1830,3,"[99, 136]",9.305858446105098,9.57255195705453,0.26669351094943217
1831,2,"[13, 52]",9.344225146467528,9.625693206134308,0.28146805966678023
1974,4,"[131, 109]",9.360271777783751,9.631209082557653,0.2709373047739021
1823,3,"[7, 79]",9.382333941302887,9.760301150925782,0.377967209622895
1826,4,"[104, 20]",9.423682209607842,9.803910589845636,0.38022838023779393
511,1,"[117, 54]",9.447842120986044,9.93295903316128,0.48511691217523634
1680,1,"[22, 23]",9.562942538946222,10.011724959067504,0.44878242012128133
1682,3,"[99, 136]",9.57255195705453,10.017041124307838,0.4444891672533071
1684,2,"[100, 29]",9.581170006279851,10.051798269404483,0.470628263124631
1686,2,"[13, 52]",9.625693206134308,10.094806620271381,0.4691134141370732
1822,4,"[131, 109]",9.631209082557653,10.082771239237356,0.451562156679703
1867,3,"[7, 79]",9.760301150925782,10.232760155914212,0.47245900498842985
1854,4,"[104, 20]",9.803910589845636,10.374253174366938,0.5703425845213026
1877,3,"[115, 39]",9.862630216361225,10.434047179185832,0.5714169628246069
2209,4,"[41, 44]",9.941113168400213,10.498558786294947,0.557445617894734
1878,1,"[22, 23]",10.011724959067504,10.550263884612654,0.5385389255451507
2212,1,"[117, 54]",10.011724959067504,10.593865276809964,0.5821403177424607
1923,3,"[99, 136]",10.017041124307838,10.594877020542242,0.5778358962344043
891,2,"[100, 29]",10.051798269404483,10.710677826558316,0.6588795571538331
892,4,"[131, 109]",10.082771239237356,10.714958247822858,0.6321870085855021
893,2,"[13, 52]",10.094806620271381,10.751565388878749,0.6567587686073679
327,5,"[18, 82]",10.131411517224311,11.81065087417479,1.6792393569504789
894,3,"[7, 79]",10.232760155914212,10.894202751633713,0.6614425957195014
1010,1,"[3, 121]",10.280390484634884,10.969386666400434,0.6889961817655497
1011,2,"[24, 0]",10.332297058403139,10.995839054222525,0.6635419958193864
328,5,"[86, 105]",10.353595299903914,12.095321481594784,1.7417261816908702
1012,4,"[104, 20]",10.374253174366938,11.039652818536162,0.6653996441692236
1815,3,"[115, 39]",10.434047179185832,11.100700264637759,0.6666530854519266
1818,4,"[41, 44]",10.498558786294947,11.148911970253973,0.6503531839590266
1819,1,"[22, 23]",10.550263884612654,11.17855926208264,0.6282953774699855
1820,1,"[117, 54]",10.593865276809964,11.273028942289207,0.6791636654792423
1821,3,"[99, 136]",10.594877020542242,11.217161844099426,0.6222848235571838
1825,2,"[100, 29]",10.710677826558316,11.369557383712149,0.6588795571538331
1858,4,"[131, 109]",10.714958247822858,11.34714525640836,0.6321870085855021
1915,2,"[13, 52]",10.751565388878749,11.408324157486117,0.6567587686073679
2203,3,"[7, 79]",10.894202751633713,11.555645347353215,0.6614425957195014
2206,1,"[3, 121]",10.969386666400434,11.658382848165983,0.6889961817655497
497,2,"[24, 0]",10.995839054222525,11.754172787944796,0.7583337337222709
330,5,"[19, 95]",11.002531130138674,12.802945187161974,1.8004140570232998
1788,4,"[104, 20]",11.039652818536162,11.800109579011751,0.7604567604755896
1846,3,"[115, 39]",11.100700264637759,11.862589529482177,0.7618892648444184
1847,4,"[41, 44]",11.148911970253973,11.892172775654537,0.7432608054005634
1848,1,"[22, 23]",11.17855926208264,11.896611144976497,0.7180518828938567
1849,3,"[99, 136]",11.217161844099426,11.928344522302165,0.7111826782027393
1850,1,"[117, 54]",11.273028942289207,12.049216013335673,0.7761870710464667
1852,4,"[131, 109]",11.34714525640836,12.069644717861966,0.7224994614536051
1853,2,"[100, 29]",11.369557383712149,12.122562615932212,0.7530052322200635
1855,2,"[13, 52]",11.408324157486117,12.15890563128997,0.7505814738038534
1859,3,"[7, 79]",11.555645347353215,12.311579766599003,0.7559344192457882
1860,1,"[3, 121]",11.658382848165983,12.44580708104133,0.7874242328753471
1862,2,"[24, 0]",11.754172787944796,12.512506521667067,0.7583337337222709
1863,4,"[104, 20]",11.800109579011751,12.560566339487341,0.7604567604755896
333,5,"[18, 82]",11.81065087417479,13.489890231125269,1.6792393569504789
1876,3,"[115, 39]",11.862589529482177,12.624478794326595,0.7618892648444184
1879,4,"[41, 44]",11.892172775654537,12.6354335810551,0.7432608054005634
1891,1,"[22, 23]",11.896611144976497,12.614663027870353,0.7180518828938567
1893,3,"[99, 136]",11.928344522302165,12.639527200504904,0.7111826782027393
510,1,"[117, 54]",12.049216013335673,12.922426374288479,0.8732103609528057
1005,4,"[131, 109]",12.069644717861966,12.882456524522864,0.812811806660898
1009,5,"[105, 64]",12.095321481594784,12.980446329192223,0.8851248475974387
1034,2,"[100, 29]",12.122562615932212,12.969693411011985,0.8471307950797726
1035,2,"[13, 52]",12.15890563128997,13.003309698444957,0.8444040671549864
1784,3,"[7, 79]",12.311579766599003,13.162005896728074,0.8504261301290708
1785,1,"[3, 121]",12.44580708104133,13.331659247691121,0.8858521666497907
1875,2,"[24, 0]",12.512506521667067,13.36563188029169,0.8531253586246237
496,4,"[104, 20]",12.560566339487341,13.511137275917216,0.9505709364298749
504,1,"[22, 23]",12.614663027870353,13.512227868112914,0.8975648402425609
1824,4,"[41, 44]",12.6354335810551,13.564509573961494,0.9290759929063945
1025,3,"[99, 136]",12.639527200504904,13.52850553501152,0.888978334506616
1861,3,"[115, 39]",12.639527200504904,13.591888767369134,0.95236156686423
487,5,"[19, 95]",12.802945187161974,13.90319834787053,1.1002531607085562
495,4,"[131, 109]",12.882456524522864,13.87589329075037,0.9934367662275054
939,1,"[117, 54]",12.922426374288479,13.989683604206176,1.067257229917697
940,2,"[100, 29]",12.969693411011985,14.005075612327479,1.0353822013154943
941,5,"[105, 64]",12.980446329192223,14.062265711119165,1.0818193819269428
942,2,"[13, 52]",13.003309698444957,14.03535923191559,1.0320495334706337
1020,3,"[7, 79]",13.162005896728074,14.201415730231222,1.0394098335031483
1022,2,"[24, 0]",13.36563188029169,14.408340771222345,1.0427088909306548
1023,5,"[119, 134]",13.489890231125269,14.599362235612867,1.109472004487598
1040,4,"[104, 20]",13.511137275917216,14.556765328653457,1.045628052736241
1021,1,"[22, 23]",13.512227868112914,14.499549213779344,0.9873213456664303
1041,1,"[3, 121]",13.512227868112914,14.594936195649975,1.0827083275370608
1042,3,"[99, 136]",13.52850553501152,14.506381724163692,0.9778761891521714
1043,4,"[41, 44]",13.564509573961494,14.586493188309426,1.0219836143479313
1832,3,"[115, 39]",13.591888767369134,14.639486513625858,1.0475977462567236
1842,4,"[131, 109]",13.87589329075037,14.869330056977875,0.9934367662275054
1851,5,"[19, 95]",13.90319834787053,15.003451508579086,1.1002531607085562
1864,1,"[117, 54]",13.989683604206176,15.056940834123873,1.067257229917697
1869,2,"[100, 29]",14.005075612327479,15.040457813642973,1.0353822013154943
1872,2,"[13, 52]",14.03535923191559,15.067408765386224,1.0320495334706337
1916,5,"[105, 64]",14.062265711119165,15.144085093046108,1.0818193819269428
1917,3,"[7, 79]",14.201415730231222,15.28807141917601,1.0866556889447878
947,2,"[24, 0]",14.408340771222345,15.545841400055885,1.1375006288335392
948,1,"[22, 23]",14.499549213779344,15.576627064869644,1.0770778510902996
949,3,"[99, 136]",14.506381724163692,15.57315576796142,1.0667740437977287
950,4,"[41, 44]",14.586493188309426,15.701384424098894,1.114891235789468
1037,4,"[104, 20]",14.586493188309426,15.727178357352031,1.1406851690426052
1038,1,"[3, 121]",14.594936195649975,15.776072574296833,1.1811363786468583
1039,5,"[119, 134]",14.599362235612867,15.809695353278572,1.210333117665705
1105,3,"[115, 39]",14.639486513625858,15.782320439275074,1.1428339256492155
1812,4,"[131, 109]",14.869330056977875,15.953079276073483,1.0837492190956084
1813,5,"[19, 95]",15.003451508579086,16.203727705576917,1.2002761969978302
1856,1,"[117, 54]",15.056940834123873,16.221221469608793,1.1642806354849196
1814,2,"[100, 13]",15.067408765386224,16.169382681735105,1.1019739163488804
1857,2,"[52, 29]",15.067408765386224,16.222037744864522,1.1546289794782982
1865,5,"[105, 64]",15.144085093046108,16.324251712828048,1.1801666197819394
1866,3,"[7, 79]",15.28807141917601,16.421973076205443,1.1339016570294334
1870,2,"[24, 0]",15.545841400055885,16.683342028889424,1.1375006288335392
899,3,"[99, 136]",15.57315576796142,16.72882756043023,1.1556717924688087
900,1,"[22, 23]",15.576627064869644,16.743461314385748,1.1668342495161035
901,4,"[41, 44]",15.701384424098894,16.90918317057541,1.2077987464765165
902,4,"[104, 20]",15.727178357352031,16.962920529384114,1.235742172032083
903,1,"[3, 121]",15.776072574296833,17.055636886718137,1.2795643124213036
904,3,"[115, 39]",15.782320439275074,17.020390430786435,1.2380699915113613
905,5,"[119, 134]",15.809695353278572,17.1208894638866,1.3111941106080263
906,4,"[131, 109]",15.953079276073483,17.127140840376384,1.1740615643029013
907,2,"[100, 13]",16.169382681735105,17.363187666553667,1.1938049848185628
908,5,"[19, 95]",16.203727705576917,17.504026819627295,1.3002991140503788
909,1,"[117, 54]",16.221221469608793,17.482525395000053,1.2613039253912603
1052,2,"[52, 29]",16.222037744864522,17.472885710380947,1.2508479655164244
1053,5,"[105, 64]",16.324251712828048,17.60276545322597,1.2785137403979228
1054,3,"[7, 79]",16.421973076205443,17.65036644411816,1.228393367912716
1055,2,"[24, 0]",16.683342028889424,17.915634282625316,1.232292253735892
1782,3,"[99, 136]",16.72882756043023,17.884499352899038,1.1556717924688087
1841,1,"[22, 23]",16.743461314385748,17.91029556390185,1.1668342495161035
1892,4,"[41, 44]",16.90918317057541,18.116981917051927,1.2077987464765165
509,4,"[104, 20]",16.962920529384114,18.29371981772256,1.3307992883384472
910,3,"[115, 39]",17.020390430786435,18.353696601690288,1.3333061709038532
935,1,"[3, 121]",17.055636886718137,18.433629250249236,1.3779923635310993
936,5,"[119, 134]",17.1208894638866,18.532944687672728,1.4120552237861297
937,4,"[131, 109]",17.127140840376384,18.39151485754739,1.2643740171710043
938,2,"[100, 13]",17.363187666553667,18.648823829313184,1.2856361627595163
1036,2,"[52, 29]",17.472885710380947,18.819952776637574,1.3470670662566278
1056,1,"[117, 54]",17.482525395000053,18.840852725958538,1.3583273309584847
1057,5,"[19, 95]",17.504026819627295,18.904348969966946,1.400322150339651
1059,5,"[105, 64]",17.60276545322597,18.97962643147889,1.376860978252921
1084,3,"[7, 79]",17.65036644411816,18.973251635557162,1.3228851914390027
1085,3,"[99, 136]",17.884499352899038,19.129069000013406,1.2445696471143677
1086,1,"[22, 23]",17.91029556390185,19.166886318841822,1.256590754939971
1087,2,"[24, 0]",17.915634282625316,19.242718274264092,1.3270839916387764
1092,4,"[41, 44]",18.116981917051927,19.41768828496998,1.3007063679180533
1936,3,[115],18.353696601690288,19.211355285723002,0.8576586840327138
1093,4,"[131, 109]",18.39151485754739,19.655888874718393,1.2643740171710043
1094,4,"[104, 20]",18.39151485754739,19.722314145885836,1.3307992883384472
1095,1,"[3, 121]",18.433629250249236,19.811621613780336,1.3779923635310993
1783,5,"[119, 134]",18.532944687672728,19.944999911458858,1.4120552237861297
1786,2,"[100, 13]",18.648823829313184,19.9344599920727,1.2856361627595163
1256,2,"[103, 48]",18.819952776637574,20.496214868824865,1.6762620921872902
1261,1,"[5, 45]",18.840852725958538,20.479788632646713,1.6389359066881752
1465,5,"[18, 82]",18.904348969966946,20.583588326917425,1.6792393569504789
1136,3,"[72, 6]",18.973251635557162,20.754340546052834,1.7810889104956722
1137,5,"[86, 105]",18.97962643147889,20.818115326210894,1.8384888947320022
1139,1,"[22, 55]",19.166886318841822,20.905585215335385,1.7386988964935632
1138,3,"[115, 116]",19.211355285723002,20.99225672207219,1.7809014363491897
1140,3,"[53, 80]",19.211355285723002,21.087822050437026,1.8764667647140243
1141,2,"[24, 0]",19.242718274264092,21.043760842416752,1.8010425681526598
1142,4,"[41, 44]",19.41768828496998,21.182932649341232,1.7652443643712523
1143,4,"[30, 77]",19.655888874718393,21.505453179109097,1.8495643043907037
1235,4,"[20, 12]",19.722314145885836,21.57349651148115,1.8511823655953137
1240,1,"[3, 91]",19.811621613780336,21.66564044565173,1.854018831871393
1264,2,"[100, 60]",19.9344599920727,21.72754394167999,1.79308394960729
2269,5,"[19, 95]",19.944999911458858,21.845437124008154,1.9004372125492957
1120,1,"[5, 45]",20.479788632646713,22.30082869781071,1.8210400651639986
1121,2,"[103, 48]",20.496214868824865,22.358728477277687,1.8625136084528222
1122,5,"[18, 82]",20.583588326917425,22.44941000763606,1.8658216807186356
1123,3,"[72, 6]",20.754340546052834,22.629171001679563,1.8748304556267286
1132,5,"[86, 105]",20.818115326210894,22.75336681863405,1.9352514924231556
1133,1,"[22, 55]",20.905585215335385,22.735794603031554,1.8302093876961685
1134,3,"[115, 116]",20.99225672207219,22.86688983648962,1.8746331144174277
1135,2,"[24, 0]",21.043760842416752,22.939595148472296,1.8958343060555443
1164,3,"[53, 80]",21.087822050437026,23.063050248606054,1.9752281981690274
1165,4,"[41, 44]",21.182932649341232,23.04108463515402,1.858151985812789
1190,4,"[30, 77]",21.505453179109097,23.45236299763507,1.946909818525974
1191,4,"[20, 12]",21.57349651148115,23.52210955234914,1.9486130408679898
1219,1,"[3, 91]",21.66564044565173,23.617239240532005,1.951598794880276
1220,2,"[100, 60]",21.72754394167999,23.615000754424756,1.887456812744766
1221,5,"[19, 95]",21.845437124008154,23.84589737284672,2.000460248838568
1224,1,"[5, 45]",22.30082869781071,24.12186876297471,1.8210400651639986
1230,2,"[103, 48]",22.358728477277687,24.22124208573051,1.8625136084528222
1239,5,"[18, 82]",22.44941000763606,24.315231688354697,1.8658216807186356
1247,3,"[72, 6]",22.629171001679563,24.50400145730629,1.8748304556267286
2134,1,"[22, 55]",22.735794603031554,24.566003990727722,1.8302093876961685
2135,5,"[86, 105]",22.75336681863405,24.688618311057205,1.9352514924231556
2137,3,"[115, 116]",22.86688983648962,24.741522950907047,1.8746331144174277
2138,2,"[24, 0]",22.939595148472296,24.83542945452784,1.8958343060555443
2143,4,"[41, 44]",23.04108463515402,24.89923662096681,1.858151985812789
2146,3,"[53, 80]",23.063050248606054,25.03827844677508,1.9752281981690274
1933,4,[30],23.45236299763507,24.536245670910702,1.0838826732756317
1168,4,"[20, 77]",23.52210955234914,25.561338777529212,2.0392292251800725
1169,2,"[100, 60]",23.615000754424756,25.596830317805804,1.9818295633810479
1271,1,"[3, 91]",23.617239240532005,25.666417882096813,2.049178641564808
332,5,"[19, 95]",23.84589737284672,26.646541673526027,2.8006443006793056
2270,1,"[5, 45]",24.12186876297471,26.03396074456295,1.9120919815882402
2276,2,"[103, 48]",24.22124208573051,26.1768812857944,1.9556392000638922
2277,5,"[18, 82]",24.315231688354697,26.274344364139953,1.9591126757852564
1255,3,"[72, 6]",24.50400145730629,26.566315003195133,2.0623135458888413
1258,4,"[30, 12]",24.536245670910702,26.782692175175043,2.246446504264341
1259,1,"[22, 55]",24.566003990727722,26.670744742942723,2.104740752215001
2250,5,"[86, 105]",24.688618311057205,26.91415748120384,2.225539170146636
1926,3,[115],24.741522950907047,26.010507755539518,1.2689848046324705
2235,2,"[31, 2]",24.83542945452784,25.738804093102857,0.9033746385750163
2236,4,"[109, 44]",24.89923662096681,25.816984548132048,0.9177479271652373
2237,3,"[7, 138]",25.03827844677508,25.983393792370634,0.9451153455955534
2241,4,"[104, 63]",25.561338777529212,26.5107246844113,0.9493859068820889
2243,2,"[100, 13]",25.596830317805804,26.606973056213732,1.0101427384079287
1787,1,"[23, 117]",25.666417882096813,26.979257177811746,1.3128392957149337
1889,2,"[52, 24]",25.738804093102857,27.06279570205039,1.3239916089475336
1890,4,"[131, 109]",25.816984548132048,27.081358565303052,1.2643740171710043
1918,3,"[99, 136]",25.983393792370634,27.227963439485002,1.2445696471143677
931,3,"[115, 7]",26.010507755539518,27.409619315247838,1.3991115597083201
932,1,"[54, 3]",26.03396074456295,27.495263479104885,1.4613027345419347
933,2,"[0, 29]",26.1768812857944,27.623597357981154,1.446716072186753
934,5,"[64, 119]",26.274344364139953,27.77466669258846,1.500322328448508
1076,4,"[41, 44]",26.5107246844113,27.90433867377089,1.39361398935959
1077,3,"[79, 39]",26.566315003195133,28.013904561848495,1.4475895586533625
1078,2,"[100, 13]",26.606973056213732,27.9844403969142,1.3774673407004663
1079,5,"[19, 95]",26.646541673526027,28.146886860154954,1.5003451866289268
1873,1,"[22, 121]",26.670744742942723,28.07536606836655,1.4046213254238253
1874,4,"[104, 20]",26.782692175175043,28.20854857981986,1.425856404644815
1883,5,"[105, 134]",26.91415748120384,28.40153989817897,1.4873824169751302
1884,1,"[23, 117]",26.979257177811746,28.385870732889376,1.4066135550776302
911,2,"[52, 24]",27.06279570205039,28.57592901773495,1.5131333156845592
912,4,"[131, 109]",27.081358565303052,28.52635748821026,1.4449989229072067
913,3,"[99, 136]",27.227963439485002,28.65032879589048,1.4223653564054786
914,3,"[115, 7]",27.409619315247838,28.90200500117499,1.4923856859271538
1013,1,"[54, 3]",27.495263479104885,29.053986419176397,1.5587229400715117
1871,2,"[0, 29]",27.623597357981154,29.166761191308623,1.543163833327469
491,5,"[64, 119]",27.77466669258846,29.4750320458574,1.7003653532689391
492,4,"[41, 44]",27.90433867377089,29.483767906013558,1.579429232242667
502,2,"[100, 13]",27.9844403969142,29.54557009349657,1.5611296965823698
895,3,"[79, 39]",28.013904561848495,29.65450610767327,1.6406015458247758
896,1,"[22, 121]",28.07536606836655,29.66727028183193,1.59190421346538
897,5,"[19, 95]",28.146886860154954,29.847278119362425,1.7003912592074713
898,4,"[104, 20]",28.20854857981986,29.824519217077402,1.6159706372575435
1096,1,"[23, 117]",28.385870732889376,29.9800328066924,1.594162073803023
1097,5,"[105, 134]",28.40153989817897,30.0872400180334,1.6857001198544275
1098,4,"[131, 109]",28.52635748821026,30.06166886398557,1.5353113757753114
1099,2,"[52, 24]",28.57592901773495,30.183633186788022,1.607704169053072
1100,3,"[99, 136]",28.65032879589048,30.161592006941518,1.5112632110510376
1101,3,"[115, 7]",28.90200500117499,30.48766481332098,1.5856598121459875
1102,1,"[54, 3]",29.053986419176397,30.710129564777485,1.6561431456010887
1103,2,"[0, 29]",29.166761191308623,30.80637278577681,1.6396115944681853
1108,5,"[64, 119]",29.4750320458574,31.17539739912634,1.7003653532689391
951,4,"[41, 44]",29.483767906013558,31.15610453818878,1.6723366321752238
952,2,"[100, 13]",29.54557009349657,31.198530749077353,1.6529606555807845
953,3,"[79, 39]",29.65450610767327,31.39161341699559,1.7371073093223188
954,1,"[22, 121]",29.66727028183193,31.35281571605954,1.6855454342276097
1060,4,"[104, 20]",29.824519217077402,31.535546744007537,1.7110275269301347
1061,5,"[19, 95]",29.847278119362425,31.647692176385725,1.8004140570232998
1062,1,"[23, 117]",29.9800328066924,31.667968916282913,1.6879361095905132
1063,4,"[131, 109]",30.06166886398557,31.687292477307366,1.625623613321796
1106,5,"[105, 134]",30.0872400180334,31.872098752914408,1.7848587348810092
503,3,"[99, 136]",30.161592006941518,31.85065082130919,1.689058814367673
512,2,"[52, 24]",30.183633186788022,31.9804789498409,1.796845763052879
513,3,"[115, 7]",30.48766481332098,32.25987276671324,1.7722079533922575
514,1,"[54, 3]",30.710129564777485,32.56111300530382,1.8509834405263312
919,2,"[0, 29]",30.80637278577681,32.63887978755176,1.8325070017749496
920,4,"[41, 44]",31.15610453818878,32.921348902560034,1.7652443643712523
921,5,"[64, 119]",31.17539739912634,33.0758056579808,1.900408258854462
922,2,"[100, 13]",31.198530749077353,32.94332269207036,1.7447919429930074
1044,1,"[22, 121]",31.35281571605954,33.1320027059372,1.7791869898776582
1045,3,"[79, 39]",31.39161341699559,33.2252268349477,1.8336134179521082
1047,5,"[19, 95]",31.647692176385725,33.54812938893502,1.900437212549292
1068,1,"[23, 117]",31.667968916282913,33.44967939702372,1.7817104807408093
1046,4,"[131, 109]",31.687292477307366,33.403228651158074,1.7159361738507073
1069,4,"[104, 20]",31.687292477307366,33.493377233860755,1.806084756553389
1070,3,"[99, 136]",31.85065082130919,33.539709635676864,1.689058814367673
1071,5,"[105, 134]",31.872098752914408,33.7561164574416,1.8840177045271922
1088,2,"[52, 24]",31.9804789498409,33.77732471289378,1.796845763052879
1089,3,"[115, 7]",32.25987276671324,34.0320807201055,1.772207953392261
1090,1,"[54, 3]",32.56111300530382,34.41209644583015,1.8509834405263348
1091,2,"[0, 29]",32.63887978755176,34.47138678932671,1.8325070017749496
1064,4,"[41, 44]",32.921348902560034,34.77950088837282,1.858151985812789
1065,2,"[100, 13]",32.94332269207036,34.77994581300432,1.8366231209339574
1066,5,"[64, 119]",33.0758056579808,35.07623542924548,2.0004297712646775
1067,1,"[22, 121]",33.1320027059372,35.00483113983563,1.8728284338984338
1914,3,"[79, 39]",33.2252268349477,35.203599185756325,1.9783723508086268
1233,4,"[30, 77]",33.403228651158074,35.739520526225135,2.3362918750670616
1276,1,"[5, 45]",33.44967939702372,35.63492756205448,2.1852481650307567
2267,4,"[20, 12]",33.493377233860755,35.83171297581946,2.3383357419587014
2162,3,"[72, 6]",33.539709635676864,35.88324770521027,2.343538069533409
696,5,"[18, 82]",33.54812938893502,36.06698870238983,2.5188593134548114
1248,5,"[86, 105]",33.7561164574416,36.36870601835285,2.6125895609112533
1223,2,"[103, 24]",33.77732471289378,36.34134182211607,2.5640171092222914
2244,3,"[115, 7]",34.0320807201055,35.711014436087524,1.6789337159820263
2246,1,"[23, 117]",34.41209644583015,36.10003255542067,1.6879361095905168
2247,2,"[31, 2]",34.47138678932671,36.09746098799483,1.626074198668121
2238,4,"[109, 44]",34.77950088837282,36.6149967427033,1.8354958543304747
1026,2,"[100, 13]",34.77994581300432,36.708400002407956,1.928454189403638
1027,1,"[22, 54]",35.00483113983563,36.95213506387479,1.9473039240391614
1028,5,"[64, 19]",35.07623542924548,37.17494941690926,2.0987139876637784
1029,3,"[99, 136]",35.203599185756325,37.07045360344063,1.8668544176843085
1058,1,"[3, 121]",35.63492756205448,37.70191604868345,2.066988486628972
1843,3,"[115, 7]",35.711014436087524,37.669770530726055,1.958756094638531
1885,4,"[131, 41]",35.739520526225135,37.65911382793994,1.919593301714805
1886,4,"[104, 20]",35.83171297581946,37.82791185166869,1.996198875849231
1887,3,"[79, 39]",35.88324770521027,37.90987299528972,2.026625290079444
1888,5,"[95, 119]",36.06698870238983,38.1692119763235,2.1022232739336744
923,2,"[52, 0]",36.09746098799483,38.179675805117924,2.082214817123095
924,1,"[23, 117]",36.10003255542067,38.16306581424956,2.063033258828895
925,2,"[24, 29]",36.34134182211607,38.46147197564705,2.1201301535309796
926,5,"[105, 134]",36.36870601835285,38.55020027719899,2.1814942588461363
1104,4,"[109, 44]",36.6149967427033,38.63404222622845,2.0190454835251543
2289,2,"[100, 13]",36.708400002407956,38.8205165476935,2.112116545285545
2311,1,"[22, 54]",36.95213506387479,39.08489655712783,2.132761493253035
515,3,"[99, 136]",37.07045360344063,39.20400169103609,2.1335480875954573
1072,5,"[64, 19]",37.17494941690926,39.57347989275865,2.398530475849391
1073,4,"[131, 41]",37.65911382793994,39.85293493098818,2.1938211030482364
1074,3,"[115, 7]",37.669770530726055,39.90834911521248,2.238578584486426
1075,1,"[3, 121]",37.70191604868345,40.06418880597717,2.3622727572937166
500,4,"[104, 20]",37.82791185166869,40.204339192743376,2.376427341074688
505,3,"[79, 39]",37.90987299528972,40.32252225971199,2.412649264422271
506,1,"[23, 117]",38.16306581424956,40.50742173937895,2.344355925129385
508,5,"[95, 119]",38.1692119763235,40.671858844659305,2.502646868335802
1048,2,"[52, 0]",38.179675805117924,40.54582895510918,2.3661531499912556
1049,2,"[24, 29]",38.46147197564705,40.870710734258864,2.4092387586118136
1050,5,"[105, 134]",38.55020027719899,41.02917097215754,2.478970694958548
1051,4,"[109, 44]",38.63404222622845,40.92841204414155,2.2943698179131005
1080,2,"[100, 13]",38.8205165476935,41.116295448860946,2.295778901167445
1081,1,"[22, 54]",39.08489655712783,41.40311561959473,2.318219062466902
1082,3,"[99, 136]",39.20400169103609,41.42644752730263,2.2224458362665374
1083,5,"[64, 19]",39.57347989275865,42.07194903915485,2.4984691463962037
1107,4,"[131, 41]",39.85293493098818,42.138165155856534,2.285230224868357
1943,3,"[115, 7]",39.90834911521248,42.240201714726346,2.3318525995138657
1947,1,"[3, 121]",40.06418880597717,42.52488949704533,2.460700691068162
1948,4,"[104, 20]",40.204339192743376,42.580766533818064,2.376427341074688
697,3,"[72, 6]",40.32252225971199,43.04102650976963,2.7185042500576415
704,1,"[5, 45]",40.50742173937895,43.147929920700705,2.6405081813217564
705,2,"[103, 0]",40.54582895510918,43.203465461596146,2.6576365064869663
707,5,"[18, 82]",40.671858844659305,43.37730037067064,2.7054415260113345
1245,2,"[24, 48]",40.870710734258864,43.66571102518995,2.7950002909310854
2136,4,"[44, 30]",40.92841204414155,43.66520571530217,2.736793671160619
2144,5,"[86, 105]",41.02917097215754,43.8352857284511,2.80611475629356
2145,2,"[100, 60]",41.116295448860946,43.85310791734181,2.7368124684808635
2147,1,"[22, 55]",41.40311561959473,44.056919319025354,2.6538036994306253
2148,3,"[116, 53]",41.42644752730263,44.24077834174763,2.8143308144450003
2149,5,"[19, 95]",42.07194903915485,44.97261649536015,2.900667456205298
2201,4,"[41, 77]",42.138165155856534,44.91601487909678,2.7778497232402444
2202,3,"[115, 80]",42.240201714726346,45.004801956221954,2.7646002414956072
2266,1,"[3, 91]",42.52488949704533,45.45228768936575,2.9273981923204175
2271,4,"[20, 12]",42.580766533818064,45.60111665424634,3.020350120428276
2273,3,"[72, 6]",43.04102650976963,45.947013626592174,2.905987116822544
2274,1,"[5, 45]",43.147929920700705,45.970541934870944,2.8226120141702395
2275,2,"[103, 0]",43.203465461596146,46.04438706357071,2.8409216019745642
1243,5,"[18, 82]",43.37730037067064,46.362615104305114,2.9853147336344747
1720,4,"[109, 44]",43.66520571530217,45.77602590402059,2.110820188718421
2234,2,"[31, 2]",43.66571102518995,45.74347265083623,2.077761625646282
2239,5,"[86, 105]",43.8352857284511,46.06082489859774,2.2255391701466394
2245,2,"[100, 13]",43.85310791734181,45.96522446262735,2.112116545285538
2248,1,"[23, 117]",44.056919319025354,46.213726725429346,2.156807406403992
2233,3,"[7, 138]",44.24077834174763,46.50905526131018,2.2682769195625525
2240,4,"[104, 63]",44.91601487909678,47.194541146154286,2.278526267057508
2242,5,"[42, 101]",44.97261649536015,47.31180990186116,2.3391934065010105
2221,3,"[115, 116]",45.004801956221954,48.19167834012106,3.1868763838991043
2222,1,"[22, 55]",45.45228768936575,48.56364373572042,3.111356046354672
1024,4,"[131, 41]",45.60111665424634,47.97775600093482,2.376639346688478
2254,4,"[44, 20]",45.77602590402059,49.07117929026252,3.295153386241928
2272,3,"[72, 6]",45.947013626592174,49.22796692393895,3.2809532973467768
494,2,"[13, 52]",45.96522446262735,48.59225953705682,2.6270350744294717
963,2,"[24, 0]",46.04438706357071,48.698555046848256,2.6541679832775458
2150,2,"[103, 100]",46.04438706357071,49.17841462175178,3.1340275581810673
964,5,"[105, 64]",46.06082489859774,48.81454685510358,2.753721956505842
499,1,"[23, 117]",46.213726725429346,48.839405316859214,2.6256785914298675
965,1,"[54, 3]",46.213726725429346,48.94149178345406,2.7277650580247155
966,5,"[19, 95]",46.362615104305114,49.163259404984416,2.800644300679302
1945,3,"[99, 136]",46.50905526131018,48.998194555538916,2.4891392942287354
498,4,"[109, 104]",47.194541146154286,49.881076833928105,2.6865356877738193
2299,5,"[119, 134]",47.31180990186116,50.236781582847314,2.924971680986154
2310,4,"[131, 41]",47.97775600093482,50.62862314895673,2.6508671480219093
507,3,[115],48.19167834012106,49.32938877547419,1.137710435353135
1015,1,"[22, 121]",48.56364373572042,51.37288638656807,2.8092426508476507
1030,2,"[13, 52]",48.59225953705682,51.406940021879265,2.8146804848224463
1031,2,"[24, 0]",48.698555046848256,51.54230650593157,2.8437514590833146
1032,5,"[105, 64]",48.81454685510358,51.76496328731941,2.9504164322158317
1033,1,"[23, 117]",48.839405316859214,51.652632427014474,2.8132271101552604
2295,1,"[54, 3]",48.94149178345406,51.86409725253793,2.9226054690838694
2313,3,"[99, 136]",48.998194555538916,51.66512955905876,2.6669350035198462
2314,4,"[44, 20]",49.07117929026252,51.89559647846988,2.824417188207363
2315,5,"[19, 95]",49.163259404984416,52.16394977824227,3.0006903732578536
501,2,"[100, 29]",49.17841462175178,52.09630976335928,2.9178951416075023
486,3,"[79, 39]",49.32938877547419,52.514085758493955,3.1846969830197622
2307,3,"[115, 7]",49.32938877547419,52.22088590991827,2.89149713444408
2294,4,"[109, 104]",49.881076833928105,52.93816902358416,3.0570921896560534
2302,5,"[119, 134]",50.236781582847314,53.565197476074324,3.3284158932270103
2300,4,"[131, 41]",50.62862314895673,53.73653634195231,3.107913192995582
2301,1,"[22, 121]",51.37288638656807,54.55669481349883,3.18380842693076
2304,2,"[13, 52]",51.406940021879265,54.59691132748765,3.1899713056083883
1006,2,"[24, 0]",51.54230650593157,54.86001654152877,3.3177100355972016
1922,1,"[23, 117]",51.652632427014474,54.93473072219561,3.282098295181136
1940,3,"[99, 136]",51.66512955905876,54.77655372983192,3.111424170773155
2308,5,"[105, 64]",51.76496328731941,55.20711579157122,3.4421525042518084
927,1,"[54, 3]",51.86409725253793,55.37122349026363,3.5071262377257
928,4,"[44, 20]",51.89559647846988,55.28489679006841,3.389300311598525
929,2,"[100, 29]",52.09630976335928,55.48483294367837,3.3885231803190905
930,5,"[19, 95]",52.16394977824227,55.76477789228887,3.6008281140465996
2303,3,"[115, 7]",52.22088590991827,55.57875334188233,3.35786743196406
2309,3,"[79, 39]",52.514085758493955,55.98830037713859,3.4742146186446377
489,4,"[109, 104]",52.93816902358416,56.36581771512245,3.4276486915382947
2278,5,"[18, 82]",53.565197476074324,57.296840837511596,3.7316433614372713
2279,4,"[41, 30]",53.73653634195231,57.51114086489047,3.774604522938162
15,1,"[5, 22]",54.55669481349883,55.061208491309955,0.5045136778111257
18,2,"[103, 48]",54.59691132748765,55.12772769923584,0.5308163717481875
702,3,"[72, 6]",54.77655372983192,58.61995607446783,3.843402344635912
708,1,"[5, 22]",55.061208491309955,58.69016648581481,3.6289579945048516
709,1,"[45, 55]",55.061208491309955,58.92459984557128,3.8633913542613243
703,2,"[103, 24]",55.12772769923584,58.882181300062264,3.754453600826423
710,2,"[0, 48]",55.12772769923584,59.08248596268601,3.9547582634501666
331,5,"[86, 105]",55.20711579157122,59.85171955794675,4.644603766375532
29,4,"[44, 20]",55.28489679006841,56.25461333108386,0.9697165410154511
20,1,"[3, 91]",55.37122349026363,56.38605482637758,1.01483133611395
24,2,"[100, 60]",55.48483294367837,56.48518500043252,1.0003520567541528
6,3,"[115, 116]",55.57875334188233,56.60042842052615,1.021675078643817
8,5,"[19, 95]",55.76477789228887,56.85502876129217,1.0902508690032988
25,3,"[53, 80]",55.98830037713859,57.1536849622559,1.1653845851173088
10,4,"[44, 20]",56.25461333108386,57.4596979711166,1.2050846400327373
12,4,"[77, 12]",56.36581771512245,57.635534868668174,1.2697171535457201
1528,1,"[23, 117]",56.38605482637758,59.76192704555861,3.3758722191810264
1576,2,"[31, 100]",56.48518500043252,59.709670210813854,3.2244852103813315
955,3,"[99, 136]",56.60042842052615,59.978546049261496,3.378117628735346
956,5,"[64, 19]",56.85502876129217,60.65270181615988,3.7976730548677153
957,3,"[115, 7]",57.1536849622559,60.69810086904042,3.544415906784515
958,5,"[95, 119]",57.296840837511596,61.100864029647816,3.8040231921362206
2160,4,"[44, 41]",57.51114086489047,61.87779785434334,4.366656989452871
2232,4,"[109, 104]",57.51114086489047,61.21670720892665,3.7055663440361784
493,4,"[131, 20]",57.635534868668174,61.43250084350167,3.7969659748334976
14,3,"[72, 6]",58.61995607446783,60.55103139012403,1.9310753156562015
2,1,"[5, 22]",58.69016648581481,60.194856463180386,1.5046899773655795
17,2,"[103, 24]",58.882181300062264,60.768565295859936,1.8863839957976722
915,1,"[54, 3]",58.92459984557128,63.30850804919708,4.383908203625801
916,2,"[13, 52]",59.08248596268601,63.30450668991968,4.222020727233669
917,2,"[100, 0]",59.709670210813854,63.8775641661084,4.167893955294545
918,1,"[23, 117]",59.76192704555861,63.9817677107915,4.219840665232894
335,0,[],59.85171955794675,59.85171955794675,0.0
336,5,"[18, 82]",59.85171955794675,61.53095891489723,1.6792393569504753
1196,3,"[116, 53]",59.978546049261496,64.92788619176775,4.949340142506259
1197,1,"[5, 22]",60.194856463180386,64.70892618425005,4.51406972106966
1198,3,"[72, 6]",60.55103139012403,65.3318489625733,4.780817572449273
337,5,"[86, 105]",60.65270181615988,62.394427997850755,1.741726181690872
1199,3,"[115, 80]",60.69810086904042,65.55998380156093,4.8618829325205155
572,2,"[103, 24]",60.768565295859936,65.6218836527706,4.85331835691067
338,5,"[19, 95]",61.100864029647816,63.10132427848638,2.0004602488385643
573,4,"[30, 77]",61.21670720892665,66.37601841369226,5.159311204765615
516,0,[],61.43250084350167,61.43250084350167,0.0
574,4,"[20, 12]",61.43250084350167,66.59632558763607,5.163824744134402
339,5,"[18, 82]",61.53095891489723,64.14310922341866,2.6121503085214357
575,4,"[41, 44]",61.87779785434334,66.80190079395442,4.924102939611075
341,5,"[86, 105]",62.394427997850755,65.10378004110318,2.709352043252423
531,5,"[64, 19]",63.10132427848638,63.80089562756369,0.6995713490773099
2211,1,"[45, 55]",63.30850804919708,68.39687735815258,5.0883693089554995
529,5,"[64, 19]",63.80089562756369,64.80028328612217,0.9993876585584758
2208,2,"[100, 0]",63.8775641661084,68.87903700079104,5.0014728346826445
2214,2,"[48, 60]",63.8775641661084,69.1890185536936,5.311454387585201
530,5,"[95, 119]",64.14310922341866,65.14416797075299,1.0010587473343264
2181,1,"[5, 22]",64.70892618425005,69.57704068035646,4.868114496106415
2205,1,"[3, 91]",64.70892618425005,70.07582287017081,5.366896685920764
526,5,"[64, 19]",64.80028328612217,66.19942598427679,1.3991426981546198
1653,3,"[7, 138]",64.92788619176775,69.27541669137408,4.3475304996063215
540,5,"[105, 134]",65.10378004110318,66.49200360663866,1.3882235655354833
541,5,"[95, 119]",65.14416797075299,66.54565019315393,1.4014822224009436
2291,3,"[99, 136]",65.3318489625733,69.6878428864353,4.355993923862002
2293,3,"[115, 79]",65.55998380156093,70.13217014406807,4.572186342507138
1530,2,"[103, 31]",65.6218836527706,69.70000490866178,4.078121255891176
536,5,"[64, 19]",66.19942598427679,67.99832360289125,1.7988976186144612
488,4,"[131, 109]",66.37601841369226,71.07226467090388,4.696246257211612
537,5,"[105, 134]",66.49200360663866,68.27686234151967,1.7848587348810128
525,5,"[95, 119]",66.54565019315393,68.44766178922204,1.9020115960681068
1148,4,"[20, 30]",66.59632558763607,67.64841203722459,1.052086449588515
943,4,"[41, 44]",66.80190079395442,71.72600373356549,4.924102939611075
944,4,"[104, 20]",67.64841203722459,72.68643818160994,5.038026144385356
535,5,"[64, 19]",67.99832360289125,69.8971601303251,1.8988365274338577
528,5,"[105, 134]",68.27686234151967,70.26003889748651,1.9831765559668355
1537,1,"[23, 45]",68.39687735815258,72.6459142866508,4.249036928498214
523,5,"[95, 119]",68.44766178922204,70.54988506315571,2.1022232739336744
945,2,"[100, 13]",68.87903700079104,73.74608844642006,4.867051445629016
946,2,"[52, 24]",69.1890185536936,74.20127276758984,5.012254213896242
1150,3,"[72, 6]",69.27541669137408,70.3065734643185,1.0311567729444278
3,1,"[5, 22]",69.57704068035646,72.14386477180521,2.5668240914487512
1151,3,"[116, 53]",69.6878428864353,70.75534766615365,1.0675047797183481
695,2,"[103, 0]",69.70000490866178,75.29020556486711,5.590200656205326
532,5,"[64, 19]",69.8971601303251,71.99587411798888,2.0987139876637713
698,1,"[55, 3]",70.07582287017081,75.93648256711387,5.86065969694306
538,5,"[105, 134]",70.26003889748651,72.34237418668647,2.0823352891999605
699,3,"[115, 72]",70.3065734643185,75.92919431582526,5.622620851506753
701,3,"[6, 80]",70.3065734643185,76.22409983898976,5.9175263746712545
539,5,"[95, 119]",70.54988506315571,72.65210833708939,2.1022232739336744
2204,3,"[116, 53]",70.75534766615365,76.77219247269055,6.016844806536895
2207,4,"[30, 77]",71.07226467090388,77.10768492266261,6.035420251758737
2210,4,"[41, 44]",71.72600373356549,77.48627471237795,5.760270978812457
518,5,"[64, 19]",71.99587411798888,74.39440459383826,2.398530475849384
2213,1,"[5, 22]",72.14386477180521,77.63155730768531,5.4876925358801
524,5,"[105, 134]",72.34237418668647,74.72218614841191,2.379811961725437
28,1,"[45, 91]",72.6459142866508,76.2815608402484,3.63564655359761
527,5,"[95, 119]",72.65210833708939,75.15475520542519,2.502646868335802
1257,4,"[20, 12]",72.68643818160994,74.3427593128063,1.65632113119635
1540,2,"[31, 100]",73.74608844642006,78.85152366538524,5.105435218965184
1541,2,"[2, 13]",74.20127276758984,79.48169883830691,5.28042607071707
1896,4,"[131, 109]",74.3427593128063,74.794321469486,0.45156215667969946
533,5,"[64, 19]",74.39440459383826,76.99281241078128,2.5984078169430234
534,5,"[105, 134]",74.72218614841191,77.30031557660357,2.5781294281916587
1171,4,"[20, 12]",74.794321469486,76.84036506948027,2.0460435999942774
522,5,"[95, 119]",75.15475520542519,77.95771965022709,2.8029644448019013
1542,2,"[103, 24]",75.29020556486711,80.50981173715634,5.219606172289232
700,3,"[115, 72]",75.92919431582526,76.66658723689993,0.7373929210746724
1568,1,"[23, 117]",75.93648256711387,81.28161389754871,5.345131330434839
1170,3,"[6, 80]",76.22409983898976,78.26128098927681,2.0371811502870543
1577,1,"[45, 54]",76.2815608402484,81.72627618742463,5.444715347176228
1868,3,"[99, 136]",76.66658723689993,77.73336128069766,1.0667740437977358
1844,3,"[115, 7]",76.77219247269055,77.51838531565413,0.7461928429635805
1839,4,"[131, 109]",76.84036506948027,78.01442663378317,1.174061564302903
517,5,"[64, 19]",76.99281241078128,79.99097538645673,2.9981629756754415
1949,4,"[104, 20]",77.10768492266261,77.91567024129138,0.8079853186287664
340,5,"[18, 82]",77.30031557660357,81.77828778826691,4.477972211663342
1251,4,"[41, 44]",77.48627471237795,79.71605718395689,2.229782471578943
1845,3,"[115, 7]",77.51838531565413,78.26457815861771,0.7461928429635805
1592,1,"[5, 3]",77.63155730768531,82.91977339530912,5.288216087623809
1252,3,"[72, 116]",77.73336128069766,79.98420833306383,2.2508470523661686
1969,4,"[104, 20]",77.91567024129138,78.20084153355204,0.28517129226065663
521,5,"[105, 95]",77.95771965022709,81.99330027294536,4.035580622718271
1970,4,"[131, 109]",78.01442663378317,78.28536393855707,0.270937304773895
1833,3,"[99, 136]",78.26128098927681,79.50585063639117,1.2445696471143606
1834,3,"[115, 7]",78.26457815861771,79.5704155921072,1.3058374334894864
1967,4,"[131, 109]",78.28536393855707,79.54973795572808,1.2643740171710078
1973,4,"[104, 20]",78.28536393855707,78.57053523081773,0.28517129226065663
1950,4,"[104, 20]",78.57053523081773,79.37852054944649,0.8079853186287664
1602,2,"[31, 100]",78.85152366538524,83.95695888435043,5.105435218965184
1951,4,"[104, 20]",79.37852054944649,80.18650586807526,0.8079853186287664
1609,2,"[2, 13]",79.48169883830691,84.76212490902398,5.28042607071707
1894,3,"[99, 136]",79.50585063639117,79.95033980364448,0.4444891672533089
1952,4,"[131, 109]",79.54973795572808,80.31739364361573,0.7676556878876539
1895,3,"[115, 7]",79.5704155921072,80.03678611200996,0.46637051990276746
1953,4,"[41, 44]",79.71605718395689,80.50577180007822,0.78971461612133
1014,3,"[99, 136]",79.95033980364448,81.01711384744222,1.0667740437977358
23,3,"[72, 6]",79.98420833306383,80.95912013423018,0.9749118011663427
1149,5,"[86, 19]",79.99097538645673,81.07230675148818,1.0813313650314598
16,3,"[115, 116]",80.03678611200996,81.3021634865891,1.2653773745791312
1954,4,"[104, 20]",80.18650586807526,80.99449118670402,0.8079853186287664
1955,4,"[131, 109]",80.31739364361573,81.08504933150338,0.7676556878876539
1956,4,"[41, 44]",80.50577180007822,81.29548641619955,0.78971461612133
1616,2,"[103, 24]",80.50981173715634,85.72941790944557,5.219606172289232
7,3,"[72, 6]",80.95912013423018,82.22463071412794,1.2655105798977644
1957,4,"[104, 20]",80.99449118670402,81.80247650533279,0.8079853186287664
1019,3,"[99, 136]",81.01711384744222,82.17278563991103,1.1556717924688087
1958,5,"[64, 19]",81.07230675148818,81.92178628509015,0.8494795336019649
1959,4,"[131, 109]",81.08504933150338,81.85270501939104,0.7676556878876539
1617,1,"[23, 117]",81.28161389754871,86.62674522798355,5.345131330434839
1960,4,"[41, 44]",81.29548641619955,82.08520103232088,0.78971461612133
973,3,"[115, 7]",81.3021634865891,82.32817865261347,1.0260151660243793
1533,1,"[45, 54]",81.72627618742463,88.03068355138689,6.304407363962255
1961,5,"[119, 134]",81.77828778826691,82.63560706992713,0.8573192816602244
1962,4,"[131, 109]",81.85270501939104,82.62036070727869,0.7676556878876539
1963,4,"[104, 20]",81.85270501939104,82.6606903380198,0.8079853186287664
1964,5,"[64, 19]",81.92178628509015,82.77126581869211,0.8494795336019649
1972,5,"[105, 95]",81.99330027294536,84.15873387512184,2.1654336021764777
1965,4,"[41, 44]",82.08520103232088,83.0607307805708,0.9755297482499117
975,3,"[99, 136]",82.17278563991103,83.1506618290632,0.9778761891521697
1016,3,"[79, 39]",82.22463071412794,83.5757142791956,1.351083565067654
1017,3,"[115, 7]",82.32817865261347,83.91383846475946,1.585659812145991
1966,4,"[131, 109]",82.62036070727869,83.56864119324175,0.9482804859630534
1968,5,"[119, 134]",82.63560706992713,84.90498157537348,2.2693745054463506
11,4,"[20, 30]",82.6606903380198,83.9518873391504,1.2911970011305982
9,5,"[18, 82]",82.77126581869211,84.03069547541952,1.2594296567274057
1574,1,"[5, 3]",82.91977339530912,89.13574672233283,6.215973327023704
13,4,"[41, 44]",83.0607307805708,84.31498339314533,1.2542526125745326
1250,3,"[72, 6]",83.1506618290632,86.1503906027654,2.999728773702202
1971,4,"[131, 109]",83.56864119324175,86.27801413331996,2.709372940078211
1205,3,"[116, 53]",83.5757142791956,86.58413668246403,3.0084224032684403
1203,3,"[115, 80]",83.91383846475946,86.86910060377595,2.955262139016483
1211,4,"[20, 30]",83.9518873391504,86.91685808705876,2.964970747908353
1603,2,"[31, 100]",83.95695888435043,89.95808452257958,6.001125638229155
974,5,"[64, 19]",84.03069547541952,85.1300219236611,1.0993264482415839
976,5,"[105, 95]",84.15873387512184,85.24145067621008,1.0827168010882389
1207,4,"[41, 44]",84.31498339314533,87.19511888255155,2.8801354894062285
1201,2,"[0, 48]",84.76212490902398,87.75230796383043,2.990183054806451
1209,5,"[18, 82]",84.90498157537348,87.79700509151806,2.892023516144576
1213,5,"[86, 19]",85.1300219236611,88.17741015622323,3.0473882325621275
1215,5,"[105, 95]",85.24145067621008,88.29274331927292,3.051292643062837
1217,2,"[103, 24]",85.72941790944557,88.56815109852656,2.8387331890809833
1018,3,"[99, 136]",86.1503906027654,87.66165381381643,1.5112632110510305
2159,4,"[77, 12]",86.27801413331996,89.1547172182226,2.876703084902644
19,3,"[72, 6]",86.58413668246403,87.8496472623618,1.2655105798977644
1570,1,"[23, 117]",86.62674522798355,93.00339352319564,6.376648295212092
1837,3,"[115, 7]",86.86910060377595,89.85387197563026,2.9847713718543076
1835,4,"[131, 109]",86.91685808705876,89.80685593287318,2.8899978458144204
1836,4,"[41, 44]",87.19511888255155,90.16816210415381,2.9730432216022535
2292,3,"[99, 136]",87.66165381381643,89.17291702486746,1.5112632110510305
21,2,"[0, 48]",87.75230796383043,90.18303747121477,2.430729507384342
1838,5,"[64, 119]",87.79700509151806,90.59760672359465,2.8006016320765923
2305,3,"[79, 39]",87.8496472623618,94.99108871691065,7.141441454548854
1629,1,"[45, 54]",88.03068355138689,95.00374046417436,6.97305691278747
1007,5,"[105, 19]",88.29274331927292,90.45761747887447,2.1648741596015526
2161,5,"[18, 82]",88.29274331927292,90.99818484528424,2.7054415260113274
1277,0,[],88.56815109852656,88.56815109852656,0.0
1565,2,"[103, 2]",88.56815109852656,95.52214634928055,6.953995250753991
1566,1,"[5, 3]",89.13574672233283,96.27947728875644,7.1437305664236135
1975,4,"[104, 20]",89.1547172182226,91.95890152601748,2.804184307794884
1840,3,"[99, 136]",89.17291702486746,92.1065454863495,2.9336284614820443
1976,4,"[131, 109]",89.80685593287318,92.47107270034775,2.6642167674745707
2095,3,"[11, 115]",89.85387197563026,90.49090618862257,0.6370342129923188
1581,2,"[31, 100]",89.95808452257958,96.8549005800727,6.896816057493112
1880,4,"[41, 44]",90.16816210415381,91.19014571850174,1.0219836143479313
22,2,"[24, 0]",90.18303747121477,90.78022527310225,0.5971878018874719
1282,5,"[86, 105]",90.45761747887447,91.42524322508605,0.9676257462115814
959,3,"[115, 7]",90.49090618862257,93.66222581291456,3.171319624291982
1278,5,"[19, 95]",90.59760672359465,91.69785988430321,1.1002531607085615
1582,2,"[13, 24]",90.78022527310225,98.01558768332781,7.235362410225562
1279,5,"[18, 82]",90.99818484528424,92.02438679192181,1.0262019466375705
1977,4,"[41, 44]",91.19014571850174,93.93091994187739,2.7407742233756522
1280,5,"[86, 105]",91.42524322508605,92.48963156898878,1.0643883439027348
1281,5,"[19, 95]",91.69785988430321,92.79811304501177,1.1002531607085615
1978,4,"[104, 20]",91.95890152601748,94.76308583381237,2.804184307794884
1283,5,"[18, 82]",92.02438679192181,93.05058873855938,1.0262019466375705
2098,3,"[99, 11]",92.1065454863495,92.73219016671645,0.6256446803669462
1981,4,"[131, 109]",92.47107270034775,95.13528946782232,2.6642167674745707
1290,5,"[86, 105]",92.48963156898878,93.74754499292385,1.2579134239350651
961,3,"[99, 136]",92.73219016671645,95.75471658881852,3.022526422102075
1287,5,"[19, 95]",92.79811304501177,94.39848126792997,1.600368222918192
1583,1,"[23, 117]",93.00339352319564,100.22400959373398,7.220616070538341
1288,5,"[18, 82]",93.05058873855938,94.54324610537662,1.492657366817241
997,3,"[115, 7]",93.66222581291456,95.15461149884172,1.492385685927161
1289,5,"[86, 105]",93.74754499292385,95.29574620993237,1.5482012170085255
993,4,"[41, 44]",93.93091994187739,95.78907192769017,1.858151985812782
1284,5,"[19, 95]",94.54324610537662,96.34366016239993,1.8004140570233034
1291,5,"[18, 82]",94.54324610537662,96.03590347219387,1.492657366817241
1001,4,"[104, 20]",94.76308583381237,96.66422770667212,1.9011418728597533
981,3,"[79, 39]",94.99108871691065,97.01771400699009,2.026625290079437
1584,1,"[45, 54]",95.00374046417436,102.35888231288345,7.355141848709096
985,4,"[131, 109]",95.13528946782232,97.03185043974842,1.8965609719261067
989,3,"[115, 7]",95.15461149884172,97.11336759348025,1.958756094638531
1285,5,"[86, 105]",95.29574620993237,97.03747239162324,1.741726181690865
1628,2,"[103, 2]",95.52214634928055,102.47614160003454,6.953995250753991
999,3,"[99, 136]",95.75471658881852,97.177081945224,1.4223653564054786
995,4,"[41, 44]",95.78907192769017,97.64722391350296,1.858151985812782
1286,5,"[18, 82]",96.03590347219387,97.71514282914434,1.6792393569504753
1554,1,"[5, 3]",96.27947728875644,103.97986255273129,7.700385263974852
1008,5,"[64, 19]",96.34366016239993,97.04323151147723,0.6995713490773028
1003,4,"[104, 20]",96.66422770667212,98.56536957953188,1.9011418728597533
1608,2,"[31, 100]",96.8549005800727,104.28913123080297,7.434230650730271
987,4,"[131, 109]",97.03185043974842,98.92841141167453,1.8965609719261067
991,5,"[105, 95]",97.03747239162324,99.10447705503064,2.0670046634074026
977,5,"[64, 19]",97.04323151147723,99.84151690778646,2.7982853963092253
979,3,"[115, 7]",97.11336759348025,99.72504246045922,2.611674866978973
983,3,"[99, 136]",97.177081945224,99.04393636290831,1.8668544176843085
2076,3,"[11, 72]",97.177081945224,97.99658089666735,0.8194989514433502
1982,4,"[41, 44]",97.64722391350296,100.38799813687861,2.7407742233756522
1979,5,"[119, 134]",97.71514282914434,101.04355872237134,3.328415893227003
2077,3,"[11, 72]",97.99658089666735,98.8160798481107,0.8194989514433502
2061,2,"[52, 0]",98.01558768332781,98.9620489433243,0.9464612599964966
1980,4,"[104, 20]",98.56536957953188,101.7022536244237,3.136884044891829
2071,3,"[11, 72]",98.8160798481107,99.7266343230284,0.9105544749177028
2058,4,"[63, 77]",98.92841141167453,99.99521887276231,1.0668074610877767
2059,2,"[52, 0]",98.9620489433243,100.00315635188585,1.041107408561544
2060,3,"[99, 79]",99.04393636290831,100.05153808371401,1.0076017208056953
962,5,"[105, 95]",99.10447705503064,102.25419863686255,3.149721581831912
1392,3,"[136, 72]",99.7266343230284,100.17942097539137,0.4527866523629598
2066,3,"[11, 115]",99.7266343230284,100.72768812504715,1.0010538020187454
960,5,"[64, 19]",99.84151690778646,103.23943504219433,3.397918134407874
343,4,"[131, 109]",99.99521887276231,107.85240022673183,7.857181353969523
2379,2,"[13, 0]",100.00315635188585,100.56739686804846,0.564240516162613
2394,3,"[7, 138]",100.05153808371401,100.61860731360464,0.5670692298906346
2343,3,"[136, 72]",100.17942097539137,100.76804360187265,0.5886226264812819
2345,1,"[22, 23]",100.22400959373398,100.80742671849204,0.5834171247580571
2337,4,"[41, 30]",100.38799813687861,101.0485539171436,0.6605557802649855
2353,2,"[13, 0]",100.56739686804846,101.22567743287,0.6582805648215384
2383,3,"[7, 138]",100.61860731360464,101.28018804425487,0.661580730650229
2078,3,"[11, 115]",100.76804360187265,101.86010231470878,1.0920587128361348
2297,3,"[99, 136]",100.76804360187265,108.59105311509002,7.823009513217372
2079,1,"[22, 117]",100.80742671849204,101.91737593547663,1.1099492169845888
1942,5,"[119, 134]",101.04355872237134,103.56508595064507,2.521527228273726
2089,4,"[44, 63]",101.0485539171436,102.17692587735465,1.1283719602110551
2090,2,"[52, 0]",101.22567743287,102.36143098999659,1.1357535571265913
2107,3,"[72, 7]",101.28018804425487,102.40011467929119,1.1199266350363217
2062,4,"[104, 77]",101.7022536244237,102.87277568786116,1.1705220634374598
1986,3,"[11, 115]",101.86010231470878,103.04316582987603,1.1830635151672482
1988,1,"[22, 117]",101.91737593547663,103.11982082865698,1.2024448931803562
1990,4,"[44, 63]",102.17692587735465,103.39932874083856,1.2224028634839073
1000,5,"[105, 95]",102.25419863686255,103.8290594277785,1.5748607909159489
1991,1,"[129, 132]",102.35888231288345,103.6826382768702,1.3237559639867413
1993,3,"[72, 7]",102.40011467929119,103.61336844120162,1.2132537619104227
1992,2,"[103, 2]",102.47614160003454,103.65019273228393,1.1740511322493887
1994,2,"[52, 0]",102.47614160003454,103.70654119289921,1.2303995928646714
1995,4,"[104, 77]",102.87277568786116,104.13036129007668,1.2575856022155136
1996,3,"[11, 115]",103.04316582987603,104.22622934504328,1.1830635151672482
2005,1,"[22, 117]",103.11982082865698,104.32226572183734,1.2024448931803562
998,5,"[64, 19]",103.23943504219433,104.83845531971517,1.599020277520836
2006,4,"[44, 63]",103.39932874083856,104.62173160432246,1.2224028634839073
984,5,"[119, 134]",103.56508595064507,105.48144662008595,1.916360669440877
2007,3,"[72, 7]",103.61336844120162,104.82662220311204,1.2132537619104227
2009,2,"[103, 2]",103.65019273228393,104.82424386453332,1.1740511322493887
2010,1,"[129, 132]",103.6826382768702,105.00639424085693,1.3237559639867413
2011,2,"[52, 0]",103.70654119289921,104.93694078576388,1.2303995928646714
996,5,"[105, 95]",103.8290594277785,105.79763538708937,1.9685759593108685
2012,1,"[3, 113]",103.97986255273129,105.27655381107081,1.2966912583395214
2021,4,"[104, 77]",104.13036129007668,105.38794689229219,1.2575856022155136
2022,3,"[11, 115]",104.22622934504328,105.40929286021053,1.1830635151672482
2023,2,"[48, 60]",104.28913123080297,105.56781462499669,1.2786833941937203
2024,1,"[22, 117]",104.32226572183734,105.5247106150177,1.2024448931803562
2025,4,"[44, 63]",104.62173160432246,105.84413446780637,1.2224028634839073
2027,2,"[103, 2]",104.82424386453332,105.9982949967827,1.1740511322493887
2028,3,"[72, 7]",104.82662220311204,106.03987596502246,1.2132537619104227
1004,5,"[64, 19]",104.83845531971517,106.83723063683213,1.9987753171169658
2032,2,"[52, 0]",104.93694078576388,106.16734037862855,1.2303995928646714
2088,1,"[129, 132]",105.00639424085693,106.33015020484368,1.3237559639867413
2014,1,"[3, 113]",105.27655381107081,106.67299057826088,1.3964367671900675
2015,4,"[104, 77]",105.38794689229219,106.74226987513657,1.35432298284438
2019,3,"[11, 115]",105.40929286021053,106.68336128619517,1.2740684259846375
994,5,"[119, 134]",105.48144662008595,107.49866840270494,2.0172217826189893
2020,1,"[22, 117]",105.5247106150177,106.81965129465736,1.2949406796396659
2026,2,"[48, 60]",105.56781462499669,106.94485830734098,1.3770436823442935
1002,5,"[105, 95]",105.79763538708937,107.76621134640024,1.9685759593108685
2063,4,"[44, 63]",105.84413446780637,107.16056834665682,1.3164338788504466
2093,2,"[103, 2]",105.9982949967827,107.26265777943432,1.2643627826516166
2094,3,"[72, 7]",106.03987596502246,107.34645696506169,1.3065810000392304
2122,2,"[52, 0]",106.16734037862855,107.49238612005826,1.3250457414297045
2123,1,"[129, 132]",106.33015020484368,107.7557335786881,1.4255833738444181
1711,3,"[11, 115]",106.68336128619517,108.0484346229972,1.3650733368020411
2055,4,"[104, 77]",106.74226987513657,108.19333023860982,1.4510603634732462
2096,1,"[117, 3]",106.81965129465736,108.27709696057383,1.4574456659164667
2151,1,"[5, 22]",106.81965129465736,115.22821269702298,8.40856140236562
988,5,"[64, 19]",106.83723063683213,108.9359446244959,2.0987139876637713
2097,2,"[48, 60]",106.94485830734098,108.42026227783585,1.4754039704948667
2099,4,"[44, 63]",107.16056834665682,108.5710332408738,1.410464894216986
485,2,"[100, 13]",107.26265777943432,115.43563031728236,8.17297253784804
2359,3,"[72, 7]",107.34645696506169,108.04641108414572,0.6999541190840262
2360,2,"[103, 31]",107.49238612005826,108.1572972081733,0.6649110881150477
992,5,"[119, 134]",107.49866840270494,109.61675117826624,2.118082775561305
1389,1,"[23, 45]",107.7557335786881,108.49469654910637,0.738962970418271
982,5,"[105, 95]",107.76621134640024,109.83321600980764,2.0670046634074026
2338,4,"[131, 109]",107.85240022673183,108.57489968818544,0.7224994614536087
2377,3,"[11, 72]",108.0484346229972,108.77687821378603,0.728443590788828
2381,3,"[7, 138]",108.0484346229972,108.80452691074031,0.7560922877431011
2392,2,"[103, 31]",108.1572972081733,108.86653571273118,0.7092385045578737
2372,4,"[41, 30]",108.19333023860982,109.04261617752651,0.8492859389166938
2374,1,"[55, 117]",108.27709696057383,109.13831083770579,0.8612138771319593
2387,2,"[0, 62]",108.42026227783585,109.30744549367162,0.8871832158357762
2389,1,"[23, 45]",108.49469654910637,109.32602980135924,0.8313332522528754
1296,4,"[12, 66]",108.57489968818544,109.58644779105,1.011548102864566
2334,4,"[131, 109]",108.57489968818544,109.4328677751108,0.8579680869253536
2298,3,"[99, 136]",108.59105311509002,111.34688586728095,2.7558327521909263
1348,3,"[11, 72]",108.77687821378603,109.68743268870374,0.9105544749177028
2340,3,"[7, 138]",108.80452691074031,109.74964225633586,0.9451153455955534
2363,2,"[103, 31]",108.86653571273118,109.75308383021792,0.8865481174867398
986,5,"[64, 19]",108.9359446244959,111.03465861215967,2.0987139876637713
2364,4,"[41, 30]",109.04261617752651,109.98626730826105,0.943651130734537
2382,1,"[55, 117]",109.13831083770579,110.09521523435276,0.9569043966469764
2100,2,"[2, 52]",109.30744549367162,110.70585230639863,1.3984068127270035
2101,1,"[3, 129]",109.32602980135924,110.81982696662187,1.4937971652626345
2102,4,"[44, 104]",109.4328677751108,110.83987575578749,1.4070079806766955
2103,4,"[63, 77]",109.58644779105,111.04118520645729,1.4547374154072799
990,5,"[119, 134]",109.61675117826624,111.73483395382755,2.118082775561305
2106,3,"[11, 115]",109.68743268870374,111.05250602550578,1.3650733368020411
2065,3,"[72, 7]",109.74964225633586,111.24287773263272,1.49323547629686
2068,2,"[103, 0]",109.75308383021792,111.21936601432363,1.466282184105708
980,5,"[105, 95]",109.83321600980764,112.58922230590836,2.756006296100722
2131,4,"[12, 57]",109.98626730826105,111.60178404720217,1.6155167389411247
2132,1,"[117, 132]",110.09521523435276,111.68393601084564,1.5887207764928775
425,2,"[2, 52, 48]",110.70585230639863,112.50201169549673,1.7961593890981078
479,1,"[3, 129]",110.81982696662187,112.5127971347394,1.692970168117526
483,4,"[44, 104]",110.83987575578749,112.43448484528199,1.5946090894944973
978,5,"[64, 19]",111.03465861215967,113.8329440084689,2.7982853963092253
1676,4,"[63, 77]",111.04118520645729,112.68988765683041,1.648702450373122
1741,3,"[11, 115]",111.05250602550578,112.5995891839426,1.5470831584368199
1742,2,"[103, 0]",111.21936601432363,112.77729085541968,1.5579248410960531
1763,3,"[99, 72]",111.34688586728095,112.88547674596649,1.5385908786855396
2052,3,"[7, 79]",111.34688586728095,112.95324652929881,1.6063606620178632
2053,4,"[12, 57]",111.60178404720217,113.31827060489562,1.7164865576934432
426,1,"[117, 132]",111.68393601084564,113.47124669205064,1.7873106812049997
1944,5,"[119, 134]",111.73483395382755,114.55894440139981,2.8241104475722665
427,4,"[44, 104]",112.43448484528199,114.12289426554749,1.6884094202655007
430,2,"[2, 52]",112.50201169549673,114.1800997151796,1.6780880196828605
440,1,"[3, 129]",112.5127971347394,114.30535356685171,1.7925564321123062
441,5,"[18, 82]",112.58922230590836,114.26846166285884,1.6792393569504753
464,3,"[11, 115]",112.5995891839426,114.23767703622424,1.638087852281643
465,4,"[63, 77]",112.68988765683041,114.43557239346215,1.7456847366317447
466,2,"[103, 0]",112.77729085541968,114.42685813501299,1.6495672795933132
467,3,"[99, 72]",112.88547674596649,114.51457277371505,1.6290960277485595
470,3,"[7, 79]",112.95324652929881,114.65409878955695,1.700852260258145
471,4,"[12, 57]",113.31827060489562,115.13572674061064,1.8174561357150196
474,1,"[117, 132]",113.47124669205064,115.25855737325564,1.7873106812049997
475,5,"[42, 101]",113.8329440084689,115.58733883096667,1.7543948224977726
967,4,"[44, 104]",114.12289426554749,115.81130368581299,1.6884094202655007
970,2,"[2, 52]",114.1800997151796,115.85818773486245,1.6780880196828605
1294,3,"[11, 115]",114.23767703622424,115.87576488850588,1.638087852281643
1332,5,"[18, 82]",114.26846166285884,115.94770101980932,1.6792393569504753
1360,1,"[3, 129]",114.30535356685171,116.09790999896401,1.7925564321123062
1362,2,"[103, 0]",114.42685813501299,116.0764254146063,1.6495672795933132
1364,4,"[63, 77]",114.43557239346215,116.1812571300939,1.7456847366317447
1366,3,"[99, 72]",114.51457277371505,116.1436688014636,1.6290960277485595
1946,5,"[105, 64]",114.55894440139981,117.16514567698168,2.606201275581867
1397,3,"[7, 79]",114.65409878955695,116.3549510498151,1.700852260258145
1435,4,"[12, 57]",115.13572674061064,116.95318287632566,1.8174561357150196
1484,1,"[22, 117]",115.25855737325564,116.92348097820545,1.6649236049498057
1531,1,"[132, 113]",115.25855737325564,117.09444264133337,1.8358852680777318
1534,2,"[48, 60]",115.43563031728236,117.2061149177198,1.7704846004374417
1666,5,"[42, 101]",115.58733883096667,117.34173365346444,1.7543948224977726
968,4,[131],115.81130368581299,116.92236912903115,1.1110654432181661
1538,2,"[2, 52]",115.85818773486245,117.53627575454531,1.6780880196828605
971,3,[136],115.87576488850588,116.97427252230442,1.0985076337985333
972,5,[19],115.94770101980932,117.18266087330542,1.2349598534961075
1563,2,"[103, 0]",116.0764254146063,117.72599269419962,1.6495672795933132
1596,1,"[3, 129]",116.09790999896401,117.89046643107632,1.7925564321123062
1673,3,"[99, 11]",116.1436688014636,117.75246928635387,1.608800484890267
1674,4,"[44, 104]",116.1812571300939,117.8696665503594,1.6884094202655007
1675,3,"[115, 72]",116.3549510498151,118.01408494367796,1.6591338938628581
1700,4,"[63, 77]",116.92236912903115,118.6680538656629,1.7456847366317447
1701,1,"[22, 117]",116.92348097820545,118.58840458315525,1.6649236049498057
1723,4,"[12, 57]",116.95318287632566,118.77063901204068,1.8174561357150196
1797,3,"[7, 79]",116.97427252230442,118.67512478256256,1.700852260258145
1803,1,"[132, 113]",117.09444264133337,118.9303279094111,1.8358852680777318
969,5,[105],117.16514567698168,118.3613662286105,1.1962205516288265
1805,5,"[18, 82]",117.18266087330542,118.8619002302559,1.6792393569504753
1808,2,"[48, 60]",117.2061149177198,118.97659951815724,1.7704846004374417
1919,5,"[42, 101]",117.34173365346444,119.09612847596222,1.7543948224977726
1920,2,"[2, 52]",117.53627575454531,119.21436377422818,1.6780880196828605
1928,2,"[103, 0]",117.72599269419962,119.37555997379293,1.6495672795933132
2002,3,"[99, 11]",117.75246928635387,119.36126977124414,1.608800484890267
2031,4,"[44, 104]",117.8696665503594,119.5580759706249,1.6884094202655007
2035,1,"[3, 129]",117.89046643107632,119.68302286318863,1.7925564321123062
2140,3,"[115, 72]",118.01408494367796,119.67321883754082,1.6591338938628581
1109,0,[],118.3613662286105,118.3613662286105,0.0
1114,5,"[105, 64]",118.3613662286105,119.24649107620795,0.8851248475974387
2157,1,"[22, 117]",118.58840458315525,120.25332818810506,1.6649236049498057
2182,4,"[63, 77]",118.6680538656629,120.41373860229464,1.7456847366317447
2218,3,"[7, 79]",118.67512478256256,120.37597704282071,1.700852260258145
2223,4,"[12, 57]",118.77063901204068,120.5880951477557,1.8174561357150196
1110,5,"[19, 95]",118.8619002302559,119.96215339096446,1.1002531607085615
2255,1,"[132, 113]",118.9303279094111,120.76621317748884,1.8358852680777318
2260,2,"[48, 60]",118.97659951815724,120.74708411859469,1.7704846004374417
1111,5,"[119, 134]",119.09612847596222,120.20560048044982,1.1094720044875999
2262,2,"[2, 52]",119.21436377422818,120.89245179391104,1.6780880196828605
1112,5,"[105, 64]",119.24649107620795,120.3283104581349,1.0818193819269482
2264,3,"[99, 11]",119.36126977124414,120.9700702561344,1.608800484890267
1716,2,"[103, 0]",119.37555997379293,121.1167700196231,1.7412100458301722
1717,4,"[44, 104]",119.5580759706249,121.34028605711825,1.7822100864933503
2141,3,"[115, 72]",119.67321883754082,124.00540200849181,4.332183170950998
1718,1,"[3, 129]",119.68302286318863,121.5751659154447,1.892143052256074
1113,5,"[19, 95]",119.96215339096446,121.06240655167302,1.1002531607085615
1997,5,"[18, 82]",120.20560048044982,121.9781310548902,1.7725305744403812
2158,1,"[5, 22]",120.25332818810506,122.02355164123466,1.7702234531296028
2000,5,"[42, 101]",120.3283104581349,122.18017180812403,1.8518613499891359
2219,3,"[6, 116]",120.37597704282071,123.61797742589881,3.242000383078107
2220,4,"[41, 20]",120.41373860229464,123.61450528586354,3.200766683568901
2224,4,"[30, 77]",120.5880951477557,123.89784193208574,3.309746784330045
1297,2,"[31, 100]",120.74708411859469,121.73234360113997,0.9852594825452883
2256,1,"[45, 55]",120.76621317748884,122.36810723583851,1.6018940583496715
2265,3,"[53, 80]",120.9700702561344,126.40194780109924,5.431877544964834
1298,5,"[86, 105]",121.06240655167302,122.12679489557576,1.0643883439027348
1319,2,"[13, 0]",121.1167700196231,122.15121094723715,1.0344409276140425
2263,2,"[103, 24]",121.1167700196231,126.15323228422305,5.0364622645999475
1320,4,"[131, 109]",121.34028605711825,122.33372282334575,0.9934367662275037
1357,1,"[23, 117]",121.5751659154447,122.60668254485915,1.0315166294144547
2354,2,"[31, 100]",121.73234360113997,122.71760308368525,0.9852594825452741
2378,5,"[18, 82]",121.9781310548902,123.00433300152777,1.0262019466375705
2393,1,"[22, 91]",122.02355164123466,123.04516007826263,1.0216084370279646
1433,5,"[86, 105]",122.12679489557576,123.28794583716964,1.1611509415938883
1434,2,"[13, 0]",122.15121094723715,123.27969197956237,1.128481032325226
1438,5,"[42, 101]",122.18017180812403,123.34976851137453,1.1695967032505052
1442,4,"[131, 109]",122.33372282334575,123.41747204244136,1.0837492190956084
1443,1,"[45, 55]",122.36810723583851,123.49885599612414,1.130748760285627
1451,1,"[23, 117]",122.60668254485915,123.7319734336363,1.125290888777144
1455,2,"[31, 100]",122.71760308368525,123.79243162951185,1.0748285458266054
2257,5,"[18, 82]",123.00433300152777,125.80306552260572,2.7987325210779517
1463,1,"[22, 91]",123.04516007826263,124.15964202969565,1.1144819514330209
1464,2,"[13, 0]",123.27969197956237,124.4081730118876,1.128481032325226
1468,5,"[86, 105]",123.28794583716964,124.44909677876353,1.1611509415938883
1471,5,"[42, 101]",123.34976851137453,124.51936521462504,1.1695967032505052
1474,4,"[131, 109]",123.41747204244136,124.50122126153697,1.0837492190956084
1475,1,"[45, 55]",123.49885599612414,124.62960475640976,1.130748760285627
1478,4,"[41, 12]",123.61450528586354,124.76774910410187,1.1532438182383231
2350,3,"[136, 11]",123.61797742589881,124.6911196195622,1.0731421936633865
2357,1,"[23, 117]",123.7319734336363,124.85726432241344,1.125290888777144
2358,2,"[31, 100]",123.79243162951185,124.86726017533846,1.0748285458266054
2225,4,"[44, 20]",123.89784193208574,126.25152292225854,2.353680990172805
2142,3,"[115, 72]",124.00540200849181,125.84888428370849,1.8434822752166724
2369,1,"[22, 91]",124.15964202969565,125.27412398112867,1.1144819514330209
2373,2,"[13, 0]",124.4081730118876,125.53665404421282,1.128481032325226
2226,5,"[86, 105]",124.44909677876353,127.73902440816288,3.289927629399344
2380,4,"[131, 109]",124.50122126153697,125.58497048063258,1.0837492190956084
2384,5,"[42, 101]",124.51936521462504,125.68896191787555,1.1695967032505052
2388,1,"[45, 55]",124.62960475640976,125.76035351669539,1.130748760285627
2356,3,"[136, 11]",124.6911196195622,125.80897602687527,1.1178564073130701
1385,4,"[41, 30]",124.76774910410187,125.99449552905998,1.2267464249581082
1387,1,"[23, 117]",124.85726432241344,126.07632935876568,1.2190650363522337
1444,2,"[31, 100]",124.86726017533846,126.03165767767176,1.1643975023333013
1446,1,"[22, 91]",125.27412398112867,126.48147933625292,1.2073553551242497
1447,2,"[13, 0]",125.53665404421282,126.75917506914473,1.2225210249319076
1448,4,"[131, 109]",125.58497048063258,126.75903204493548,1.174061564302903
1449,5,"[42, 101]",125.68896191787555,126.95602491623943,1.2670629983638833
1472,1,"[45, 55]",125.76035351669539,126.98533124672998,1.2249777300345954
2258,5,"[18, 82]",125.80306552260572,129.34812667148648,3.5450611488807624
1473,3,"[136, 11]",125.80897602687527,126.97154664783803,1.1625706209627538
2344,3,"[72, 7]",125.84888428370849,127.06213804561891,1.2132537619104227
2371,4,"[41, 30]",125.99449552905998,127.22124195401808,1.2267464249581082
2375,2,"[31, 100]",126.03165767767176,127.19605518000506,1.1643975023333013
2376,1,"[23, 117]",126.07632935876568,127.29539439511791,1.2190650363522337
2390,2,"[103, 62]",126.15323228422305,127.38951617744262,1.2362838932195643
2391,4,"[12, 66]",126.25152292225854,127.5665354077481,1.3150124854895608
1356,3,"[138, 6]",126.40194780109924,127.73105803918995,1.3291102380907063
1375,1,"[22, 91]",126.48147933625292,127.78170820578222,1.300228869529306
1450,4,"[131, 109]",126.75903204493548,128.0234060621065,1.2643740171710078
1453,2,"[13, 0]",126.75917506914473,128.0757361987878,1.3165611296430768
1462,5,"[42, 101]",126.95602491623943,128.3205543259057,1.3645294096662752
1469,3,"[136, 11]",126.97154664783803,128.22354580270724,1.2519991548692104
1477,1,"[45, 55]",126.98533124672998,128.30453805884335,1.3192068121133644
1507,3,"[72, 7]",127.06213804561891,128.36871904565814,1.3065810000392304
2332,2,"[31, 100]",127.19605518000506,128.4500217456197,1.2539665656146326
2333,4,"[41, 30]",127.22124195401808,128.54235351454804,1.3211115605299568
2367,1,"[23, 117]",127.29539439511791,128.60823369083283,1.312839295714923
2352,2,"[103, 62]",127.38951617744262,128.76844830811308,1.3789321306704636
2362,4,"[12, 66]",127.5665354077481,129.0332802051361,1.4667447973879888
2016,3,"[99, 115]",127.73105803918995,129.44971049926622,1.718652460076271
2029,5,"[19, 119]",127.73902440816288,129.6405362467837,1.9015118386208343
2080,1,"[22, 3]",127.78170820578222,129.54597837839643,1.7642701726142036
2081,4,"[44, 104]",128.0234060621065,129.80561614859985,1.7822100864933645
2082,2,"[2, 52]",128.0757361987878,129.8470514726816,1.771315273893805
2083,3,"[11, 79]",128.22354580270724,129.97465588009678,1.7511100773895407
2084,1,"[129, 132]",128.30453805884335,130.23925836058848,1.9347203017451307
2085,5,"[42, 101]",128.3205543259057,130.17241567589485,1.85186134998915
2108,3,"[72, 7]",128.36871904565814,130.14193612508672,1.7732170794285764
2109,2,"[0, 48]",128.4500217456197,130.2827146190455,1.832692873425799
2110,4,"[63, 77]",128.54235351454804,130.38502088427484,1.8426673697267972
2111,1,"[117, 113]",128.60823369083283,130.495495255861,1.8872615650281546
2112,2,"[103, 60]",128.76844830811308,130.54225924237218,1.773810934259103
478,4,"[12, 57]",129.0332802051361,131.05267609872115,2.019395893585056
2259,5,"[18, 82]",129.34812667148648,131.49382155982826,2.1456948883417795
1708,3,"[99, 115]",129.44971049926622,131.25881837467938,1.8091078754131615
2037,1,"[22, 3]",129.54597837839643,131.40310489918895,1.8571265207925194
519,5,"[19, 119]",129.6405362467837,131.44196837053002,1.8014321237463093
2018,4,"[44, 104]",129.80561614859985,131.77542723209206,1.9698110834922034
2105,2,"[2, 52]",129.8470514726816,131.8048209215911,1.9577694489094881
2115,3,"[11, 79]",129.97465588009678,131.91009327044603,1.93543739034925
2116,3,"[72, 7]",130.14193612508672,132.1018075695182,1.959871444431485
2117,5,"[42, 101]",130.17241567589485,132.21920973229976,2.046794056404906
2118,1,"[129, 132]",130.23925836058848,132.37763336066126,2.1383750000727844
2119,2,"[0, 48]",130.2827146190455,132.30832246520822,2.0256078461627283
1761,4,"[63, 77]",130.38502088427484,132.5186358064504,2.1336149221755534
1762,1,"[117, 113]",130.495495255861,132.68074556383678,2.1852503079757923
1764,2,"[103, 60]",130.54225924237218,132.59614565759344,2.053886415221257
1765,4,"[12, 57]",131.05267609872115,133.27401162981087,2.2213355310897214
1766,3,"[99, 115]",131.25881837467938,133.24883708076635,1.9900187060869712
2051,1,"[22, 3]",131.40310489918895,133.44594411633807,2.0428392171491225
520,5,"[105, 64]",131.44196837053002,132.52378775245697,1.0818193819269482
346,5,"[19, 95]",131.49382155982826,140.895984347812,9.402162787983741
1985,4,"[44, 104]",131.77542723209206,133.93283942440206,2.157412192310005
2013,2,"[2, 52]",131.8048209215911,133.9490446566517,2.144223735060592
2064,3,"[11, 79]",131.91009327044603,134.02985808362266,2.11976481317663
2001,3,"[72, 7]",132.1018075695182,134.34166083959084,2.2398532700726435
2261,5,"[18, 82]",132.21920973229976,137.35021935427602,5.131009621976261
1529,2,"[31, 100]",132.30832246520822,140.54867415159728,8.240351686389062
2365,1,"[23, 45]",132.37763336066126,133.71700376863183,1.3393704079705628
2156,4,"[41, 20]",132.5186358064504,136.94322474183699,4.424588935386595
1330,5,"[86, 105]",132.52378775245697,133.97522637177434,1.451438619317372
1331,2,"[103, 13]",132.59614565759344,133.95920183238204,1.3630561747885963
1386,1,"[55, 117]",132.68074556383678,134.11610215880725,1.4353565949704716
1393,3,"[136, 138]",133.24883708076635,134.62391667717685,1.375079596410501
1394,4,"[131, 109]",133.27401162981087,134.62869809984997,1.3546864700390984
1400,1,"[22, 91]",133.44594411633807,134.83904650027245,1.3931023839343766
1441,1,"[23, 45]",133.71700376863183,135.1025593175197,1.3855555488878792
1445,4,"[30, 12]",133.93283942440206,135.39791326190496,1.4650738375028993
1454,2,"[103, 13]",133.95920183238204,135.32225800717063,1.3630561747885963
1470,2,"[0, 62]",133.95920183238204,135.4378406625386,1.4786388301565694
1502,5,"[86, 105]",133.97522637177434,135.4266649910917,1.451438619317372
1508,3,"[11, 6]",134.02985808362266,135.41784492081786,1.3879868371952
590,1,"[55, 117]",134.11610215880725,135.5993039279813,1.4832017691740589
591,3,"[72, 7]",134.34166083959084,135.78823264119595,1.4465718016051028
1325,3,"[136, 138]",134.62391667717685,136.09066826853768,1.4667515913608327
1326,4,"[131, 109]",134.62869809984997,136.0736970227572,1.4449989229072173
1337,1,"[22, 91]",134.83904650027245,136.32502239861188,1.4859758983394329
1376,1,"[23, 45]",135.1025593175197,136.58048525835625,1.477925940836542
1377,2,"[103, 13]",135.32225800717063,136.776184615277,1.4539266081063715
1390,4,"[30, 12]",135.39791326190496,136.96065871186144,1.5627454499564806
1439,3,"[11, 6]",135.41784492081786,136.89836423588753,1.480519315069671
1499,5,"[86, 105]",135.4266649910917,136.97486620810022,1.5482012170085113
1505,2,"[0, 62]",135.4378406625386,137.01505543820795,1.577214775669347
395,1,"[55, 117]",135.5993039279813,137.22604144790992,1.6267375199286107
396,3,"[72, 7]",135.78823264119595,137.37479535562161,1.5865627144256678
1437,4,"[131, 109]",136.0736970227572,137.6090083985325,1.5353113757753079
1519,3,"[136, 138]",136.09066826853768,137.64909185484888,1.5584235863111928
2385,1,"[22, 91]",136.32502239861188,137.95030851320197,1.6252861145900965
585,1,"[23, 45]",136.58048525835625,138.243151762862,1.6626665045057507
1322,2,"[103, 13]",136.776184615277,138.41185187336694,1.6356672580899385
1323,3,"[11, 6]",136.89836423588753,138.56394828609157,1.6655840502040462
1371,4,"[41, 30]",136.96065871186144,138.65923058969483,1.6985718778333876
1372,4,"[12, 66]",136.96065871186144,138.78144512819736,1.8207864163359204
1373,5,"[86, 105]",136.97486620810022,138.7165923897911,1.741726181690865
1374,2,"[0, 62]",137.01505543820795,138.7894218698795,1.7743664316715524
1430,1,"[55, 117]",137.22604144790992,138.94846920217384,1.7224277542639186
1476,5,"[18, 82]",137.35021935427602,139.0294587112265,1.6792393569504895
1481,3,"[72, 7]",137.37479535562161,139.05468508566668,1.679889730045062
1482,4,"[131, 109]",137.6090083985325,139.2346320118543,1.6256236133218067
1520,3,"[136, 138]",137.64909185484888,139.29918721754737,1.6500953626984938
1546,1,"[5, 54]",137.95030851320197,146.56660817956066,8.616299666358685
1547,1,"[23, 45]",138.243151762862,146.83359634214926,8.590444579287265
1567,2,"[103, 2]",138.41185187336694,146.81083353055655,8.398981657189609
1314,3,"[11, 6]",138.56394828609157,140.32206492447736,1.7581166383857862
576,4,"[41, 44]",138.65923058969483,143.5833335293059,4.9241029396110605
1334,4,"[30, 12]",138.78144512819736,140.637205299081,1.8557601708836273
1599,2,"[13, 24]",138.7894218698795,147.52823660519513,8.738814735315628
1600,1,"[117, 3]",138.94846920217384,147.98463251617972,9.036163314005876
577,5,"[18, 82]",139.0294587112265,143.97388634306952,4.944427631843013
1335,5,"[86, 105]",139.0294587112265,140.8679476059585,1.838488894731995
1336,3,"[72, 7]",139.05468508566668,140.82790216509525,1.7732170794285764
1350,4,"[131, 109]",139.2346320118543,140.950568185705,1.7159361738507073
1351,3,"[136, 138]",139.29918721754737,141.04095468447773,1.7417674669303551
1709,3,"[99, 11]",140.32206492447736,142.55651024955455,2.234445325077189
1722,2,"[52, 0]",140.54867415159728,142.91482730158853,2.3661531499912485
1725,4,"[104, 63]",140.637205299081,143.01067006628622,2.3734647672052347
1745,3,"[115, 72]",140.82790216509525,143.13225500911608,2.3043528440208263
2003,5,"[42, 101]",140.8679476059585,143.3046073075729,2.4366597016143885
2008,5,"[19, 119]",140.895984347812,143.39797364055104,2.50198929273904
2030,4,"[77, 12]",140.950568185705,143.43048455665445,2.4799163709494394
2036,3,"[7, 79]",141.04095468447773,143.40324970941987,2.362295024942142
481,3,"[99, 11]",142.55651024955455,144.8803333023975,2.323823052842954
1739,2,"[52, 0]",142.91482730158853,145.37562648731787,2.4607991857293428
2004,4,"[104, 63]",143.01067006628622,145.47907333363915,2.468403267352926
1743,3,"[115, 72]",143.13225500911608,145.57486911168226,2.442614102566182
2017,5,"[42, 101]",143.3046073075729,145.93619983179204,2.631592524219144
2215,5,"[19, 119]",143.39797364055104,146.2002016006971,2.8022279601460696
2355,3,"[136, 7]",143.40324970941987,145.144007801274,1.7407580918541328
2034,4,[77],143.43048455665445,144.7453266717365,1.3148421150820582
378,4,"[131, 109]",143.5833335293059,145.3895821560247,1.8062486267187978
578,5,"[18, 82]",143.97388634306952,148.91831397491254,4.944427631843013
380,4,"[41, 30]",144.7453266717365,146.63262893320558,1.887302261469074
397,3,"[11, 138]",144.8803333023975,146.72398255208017,1.8436492496826702
398,3,"[136, 7]",145.144007801274,146.97638476306113,1.8323769617871335
1558,2,"[31, 100]",145.37562648731787,154.0638233833389,8.688196896021026
1310,4,"[131, 109]",145.3895821560247,147.19583078274349,1.8062486267187978
1318,4,"[12, 66]",145.47907333363915,147.50216953936828,2.023096205729132
1321,3,"[72, 6]",145.57486911168226,147.44969956730898,1.8748304556267215
1328,5,"[86, 105]",145.93619983179204,147.8714513242152,1.9352514924231627
2216,5,"[19, 95]",146.2002016006971,150.5011913264788,4.300989725781676
1329,1,"[22, 55]",146.56660817956066,148.39681756725682,1.8302093876961578
1349,4,"[41, 30]",146.63262893320558,148.51993119467465,1.887302261469074
1353,3,"[11, 138]",146.72398255208017,148.56763180176284,1.8436492496826702
1354,2,"[103, 0]",146.81083353055655,148.64368623337705,1.832852702820503
1355,1,"[23, 45]",146.83359634214926,148.68100374066643,1.8474073985171628
1381,3,"[136, 7]",146.97638476306113,148.80876172484827,1.8323769617871335
1382,4,"[131, 109]",147.19583078274349,149.00207940946228,1.8062486267187978
1388,3,"[72, 6]",147.44969956730898,149.3245300229357,1.8748304556267215
1395,4,"[12, 66]",147.50216953936828,149.5252657450974,2.023096205729132
1431,2,"[13, 62]",147.52823660519513,149.4818966356894,1.9536600304942624
2217,5,"[86, 105]",147.8714513242152,152.03224221748494,4.160790893269734
1440,1,"[117, 91]",147.98463251617972,149.9282693173725,1.9436368011927811
1461,1,"[22, 55]",148.39681756725682,150.22702695495298,1.8302093876961578
1487,4,"[41, 30]",148.51993119467465,150.40723345614373,1.887302261469074
1513,3,"[11, 138]",148.56763180176284,150.4112810514455,1.8436492496826702
1514,2,"[103, 0]",148.64368623337705,150.47653893619756,1.832852702820503
376,1,"[23, 45]",148.68100374066643,150.6207814210182,1.9397776803517672
377,3,"[136, 7]",148.80876172484827,150.73275744735022,1.9239957225019566
580,5,"[18, 82]",148.91831397491254,154.23590558702202,5.3175916121094815
1293,4,"[131, 109]",149.00207940946228,150.8986403813884,1.8965609719261067
1352,3,"[72, 6]",149.3245300229357,151.2931019119449,1.9685718890091835
1458,2,"[13, 62]",149.4818966356894,151.53323957455058,2.0513429388611826
1429,4,"[12, 66]",149.5252657450974,151.75067161963383,2.2254058745364205
1452,1,"[22, 55]",150.22702695495298,152.24025732505436,2.0132303701013825
1460,1,"[117, 91]",150.22702695495298,152.36502748260494,2.1380005276519682
1506,4,"[41, 30]",150.40723345614373,152.4832659887565,2.0760325326127713
1515,3,"[11, 138]",150.4112810514455,152.43929527005247,2.0280142186069554
1315,2,"[103, 0]",150.47653893619756,152.58431950074254,2.1077805645449814
1316,5,"[42, 101]",150.5011913264788,152.74291820548842,2.241726879009633
1344,1,"[23, 45]",150.6207814210182,152.7452998852673,2.1245184642490926
1345,3,"[136, 7]",150.73275744735022,152.83999090971815,2.1072334623679296
1346,4,"[131, 109]",150.8986403813884,152.9758262590507,2.077185877662316
1347,3,"[72, 6]",151.2931019119449,153.44915689121618,2.156054979271289
1378,2,"[13, 62]",151.53323957455058,153.77994856304008,2.2467089884895017
1399,4,"[12, 66]",151.75067161963383,154.07723220798798,2.326560588354141
2335,5,"[86, 105]",152.03224221748494,154.25778138763158,2.2255391701466465
1579,1,"[5, 54]",152.24025732505436,161.3197988994585,9.079541574404146
382,3,"[11, 138]",152.43929527005247,154.6516744575837,2.2123791875312406
1324,4,"[41, 30]",152.4832659887565,154.74802879251297,2.2647628037564687
1585,2,"[103, 2]",152.58431950074254,161.43485930228343,8.85053980154089
1488,5,"[42, 101]",152.74291820548842,155.08211161198943,2.3391934065010105
1580,1,"[23, 45]",152.7452998852673,161.79759631418383,9.052296428916549
1586,1,"[117, 3]",152.7452998852673,162.2672784212453,9.521978535978008
1738,3,"[99, 115]",152.83999090971815,155.5536527228379,2.7136618131197565
1999,4,"[44, 104]",152.9758262590507,155.7898422204041,2.814015961353391
2057,3,"[72, 7]",153.44915689121618,156.24897336755225,2.799816476336076
1587,2,"[31, 100]",154.0638233833389,162.8415896629651,8.777766279626206
1588,2,"[13, 24]",154.0638233833389,163.27246685822925,9.208643474890351
2072,4,"[63, 77]",154.07723220798798,156.98670703880254,2.9094748308145597
1710,5,"[18, 82]",154.23590558702202,157.1279291031666,2.892023516144576
480,5,"[19, 119]",154.25778138763158,157.4102879919261,3.15250660429453
2163,3,"[6, 116]",154.6516744575837,160.7542633337287,6.102588876144978
477,4,"[12, 57]",154.74802879251297,157.97906227039522,3.2310334778822494
1730,5,"[42, 101]",155.08211161198943,158.20103607653147,3.118924464542033
1731,3,"[99, 11]",155.5536527228379,158.41374278155538,2.860090058717475
1732,4,"[44, 104]",155.7898422204041,158.7914592905753,3.001617070171193
2048,3,"[115, 72]",156.24897336755225,159.19854505185097,2.949571684298718
2049,4,"[63, 77]",156.98670703880254,160.09014690458292,3.1034398657803877
2069,5,"[18, 82]",157.1279291031666,160.11324383680108,2.985314733634482
2070,5,"[19, 119]",157.4102879919261,160.61283433435375,3.202546342427638
1744,4,"[12, 57]",157.97906227039522,161.26058059747092,3.281518327075702
1984,5,"[42, 101]",158.20103607653147,161.41742683618688,3.216390759655411
2067,3,"[99, 11]",158.41374278155538,161.36321056803862,2.9494677864832397
375,4,"[131, 109]",158.7914592905753,161.0492700739738,2.2578107833984973
379,3,"[136, 72]",159.19854505185097,161.46247831366574,2.2639332618147705
381,4,"[41, 30]",160.09014690458292,162.44927473141928,2.3591278268363567
345,5,"[105, 64]",160.11324383680108,170.4397013495565,10.326457512755411
1313,5,"[18, 82]",160.61283433435375,162.94511143525204,2.3322771008982954
2164,3,"[115, 6]",160.7542633337287,165.9070999465042,5.152836612775502
1338,4,"[131, 109]",161.0492700739738,163.30708085737228,2.2578107833984973
2312,4,"[44, 104]",161.26058059747092,166.2320089747722,4.971428377301294
344,1,"[22, 54]",161.3197988994585,171.14904807805033,9.829249178591823
2341,3,"[11, 7]",161.36321056803862,163.66642917643853,2.3032186083999022
2361,5,"[86, 42]",161.41742683618688,163.89243732196377,2.4750104857768918
1543,2,"[103, 2]",161.43485930228343,166.5826219756323,5.147762673348865
1432,3,"[136, 72]",161.46247831366574,163.8169688195909,2.354490505925156
1591,1,"[5, 23]",161.79759631418383,166.99910442814308,5.20150811395925
1572,1,"[45, 117]",162.2672784212453,172.08051097735162,9.813232556106328
1480,4,"[41, 30]",162.44927473141928,164.9027675813355,2.4534928499162163
1544,2,"[31, 100]",162.8415896629651,167.9470248819303,5.105435218965198
2366,5,"[18, 82]",162.94511143525204,165.37067953121695,2.4255680959649055
1545,2,"[13, 24]",163.27246685822925,168.62851431015585,5.3560474519265995
428,4,[63],163.30708085737228,164.9345678166157,1.627486959243413
429,3,[99],163.66642917643853,165.1857252806312,1.5192961041926765
431,3,[11],163.8169688195909,165.35450244457041,1.5375336249795168
432,5,[42],163.89243732196377,165.55894020696965,1.6665028850058832
1749,4,[63],164.9345678166157,166.5620547758591,1.627486959243413
1767,4,[77],164.9345678166157,166.6250789794833,1.6905111628676082
1768,3,[99],165.1857252806312,166.70502138482388,1.5192961041926765
1776,3,[11],165.35450244457041,166.89203606954993,1.5375336249795168
579,5,"[18, 82]",165.37067953121695,171.52789098861913,6.157211457402184
1369,5,"[86, 42]",165.55894020696965,168.27659878412481,2.717658577155163
2165,3,"[115, 72]",165.9070999465042,170.97667620335002,5.069576256845835
1479,4,"[131, 109]",166.2320089747722,168.76075700911423,2.5287480343420157
374,4,"[41, 30]",166.5620547758591,169.29864314498286,2.7365883691237514
1456,2,"[103, 0]",166.5826219756323,169.24025848211926,2.6576365064869663
2368,4,"[12, 66]",166.6250789794833,169.60914593116814,2.984066951684838
1327,3,"[136, 7]",166.70502138482388,169.45358682750458,2.7485654426807002
1358,3,"[11, 138]",166.89203606954993,169.65750994407392,2.765473874523991
1359,1,"[23, 55]",166.99910442814308,169.7819543907363,2.782849962593218
1370,2,"[31, 100]",167.9470248819303,170.63409613972217,2.687071257791871
1489,5,"[86, 42]",168.27659878412481,171.18837588066407,2.9117770965392538
1504,2,"[13, 62]",168.62851431015585,171.55900435589723,2.9304900457413794
2395,4,[131],168.76075700911423,170.1282222405333,1.367465231419061
1532,2,"[103, 2]",169.24025848211926,175.20082590142832,5.960567419309058
383,0,[],169.29864314498286,169.29864314498286,0.0
391,4,"[109, 41]",169.29864314498286,170.30809224101526,1.009449096032398
1706,3,"[99, 7]",169.45358682750458,172.84151515912617,3.3879283316215947
456,4,"[44, 104]",169.60914593116814,173.17356610415484,3.5644201729867007
457,3,"[11, 79]",169.65750994407392,173.15973009885298,3.502220154779053
458,1,"[3, 129]",169.7819543907363,173.56624049524845,3.784286104512148
459,4,"[63, 77]",170.1282222405333,173.81355697998688,3.6853347394535945
460,4,"[12, 57]",170.30809224101526,174.1449443906807,3.8368521496654466
461,5,"[101, 19]",170.4397013495565,174.191081200968,3.7513798514115138
462,2,"[52, 0]",170.63409613972217,174.2306488825781,3.59655274285592
2166,3,"[115, 72]",170.97667620335002,174.01842191350548,3.0417457101554533
463,1,"[22, 132]",171.14904807805033,174.75150977674548,3.6024616986951514
468,5,"[42, 119]",171.18837588066407,174.94242978289475,3.7540539022306803
469,5,"[18, 82]",171.52789098861913,175.0729521374999,3.5450611488807624
472,2,"[48, 60]",171.55900435589723,175.2966943675824,3.7376900116851743
473,1,"[117, 113]",172.08051097735162,175.8550341074079,3.7745231300562807
1649,3,"[99, 7]",172.84151515912617,176.32100925703804,3.479494097911868
1650,3,"[11, 79]",173.15973009885298,176.66195025363203,3.502220154779053
1658,4,"[44, 104]",173.17356610415484,176.73798627714154,3.5644201729867007
1659,1,"[3, 129]",173.56624049524845,177.3505265997606,3.784286104512148
1667,4,"[63, 77]",173.81355697998688,177.49889171944048,3.6853347394535945
2167,3,"[115, 72]",174.01842191350548,179.733216790869,5.714794877363516
1668,4,"[12, 57]",174.1449443906807,177.98179654034615,3.8368521496654466
1669,5,"[101, 19]",174.191081200968,177.9424610523795,3.7513798514115138
1688,2,"[52, 0]",174.2306488825781,177.82720162543401,3.59655274285592
1689,1,"[22, 132]",174.75150977674548,178.35397147544063,3.6024616986951514
1690,5,"[18, 82]",175.0729521374999,178.61801328638066,3.5450611488807624
1691,5,"[42, 119]",175.0729521374999,178.82700603973058,3.7540539022306803
1702,2,"[103, 2]",175.20082590142832,178.6326677554341,3.431841854005796
1703,2,"[48, 60]",175.2966943675824,179.03438437926758,3.7376900116851743
1704,1,"[117, 113]",175.8550341074079,179.62955723746418,3.7745231300562807
1705,3,"[99, 7]",176.32100925703804,179.8005033549499,3.479494097911868
1712,3,"[11, 79]",176.66195025363203,180.16417040841108,3.502220154779053
1714,4,"[44, 104]",176.73798627714154,180.30240645012825,3.5644201729867007
1789,1,"[3, 129]",177.3505265997606,181.13481270427275,3.784286104512148
1791,4,"[63, 77]",177.49889171944048,181.18422645889407,3.6853347394535945
1792,2,"[52, 0]",177.82720162543401,181.42375436828993,3.59655274285592
1794,5,"[101, 19]",177.9424610523795,181.69384090379103,3.7513798514115138
1796,4,"[12, 57]",177.98179654034615,181.8186486900116,3.8368521496654466
2153,1,"[22, 132]",178.35397147544063,181.95643317413578,3.6024616986951514
1987,5,"[18, 82]",178.61801328638066,182.2563658751746,3.6383525887939356
1989,2,"[103, 2]",178.6326677554341,182.1548215828217,3.522153827387598
2033,5,"[42, 119]",178.82700603973058,182.77864177587568,3.951635736145107
2087,2,"[48, 60]",179.03438437926758,183.0671551381499,4.032770758882322
2091,1,"[117, 113]",179.62955723746418,183.70206899205806,4.072511754593876
2168,3,"[115, 72]",179.733216790869,183.32800753520578,3.594790744336791
2092,3,"[99, 7]",179.8005033549499,183.5546943151136,3.7541909601636974
2074,3,"[11, 79]",180.16417040841108,184.03504518910958,3.8708747806985
2183,4,"[41, 44]",180.30240645012825,186.24849289333275,5.946086443204507
1790,1,"[23, 54]",181.13481270427275,182.54501863820946,1.4102059339367088
2268,4,"[20, 30]",181.18422645889407,187.9749660314757,6.790739572581629
1539,2,"[31, 100]",181.42375436828993,187.4248800065191,6.001125638229155
1795,5,"[105, 64]",181.69384090379103,182.87400752357297,1.180166619781943
1798,4,"[131, 109]",181.8186486900116,182.9023979091072,1.0837492190956084
2154,1,"[5, 22]",181.95643317413578,188.4177489468805,6.461315772744712
1307,2,"[103, 13]",182.1548215828217,184.9718042573907,2.816982674568976
1308,5,"[18, 82]",182.2563658751746,185.14838939131917,2.892023516144576
1311,1,"[23, 45]",182.54501863820946,185.4085000178198,2.8634813796103344
1312,5,"[86, 42]",182.77864177587568,185.78747801640333,3.0088362405276428
1810,5,"[105, 64]",182.87400752357297,184.74260457386185,1.8685970502888836
1317,4,"[131, 109]",182.9023979091072,185.7020831943927,2.7996852852855056
1339,2,"[0, 62]",183.0671551381499,186.12300862646416,3.0558534883142556
2169,3,"[115, 72]",183.32800753520578,188.21323574033812,4.885228205132336
1340,3,"[136, 7]",183.5546943151136,186.39487851850913,2.8401842033955234
1341,1,"[55, 117]",183.70206899205806,186.66847253040618,2.9664035383481178
1342,3,"[11, 138]",184.03504518910958,186.89270143820565,2.857656249096067
1811,5,"[105, 64]",184.74260457386185,186.02111831425978,1.2785137403979263
1343,2,"[103, 13]",184.9718042573907,187.78878693195966,2.816982674568976
1881,5,"[19, 95]",185.14838939131917,187.64896470236738,2.500575311048209
1368,1,"[23, 45]",185.4085000178198,188.27198139743012,2.8634813796103344
1379,4,"[131, 109]",185.7020831943927,188.50176847967822,2.7996852852855056
1380,5,"[18, 82]",185.78747801640333,188.6795015325479,2.892023516144576
1383,5,"[86, 105]",186.02111831425978,189.0207580352357,2.999639720975921
1384,2,"[0, 62]",186.12300862646416,189.1788621147784,3.0558534883142556
2184,4,"[41, 44]",186.24849289333275,191.35841085431792,5.109917960985172
1391,3,"[136, 7]",186.39487851850913,189.23506272190465,2.8401842033955234
1396,1,"[55, 117]",186.66847253040618,189.6348760687543,2.9664035383481178
2152,3,"[6, 116]",186.89270143820565,198.5257611281396,11.633059689933958
1428,2,"[31, 100]",187.4248800065191,190.29108939087362,2.8662093843545335
1882,5,"[64, 19]",187.64896470236738,188.94816861083888,1.2992039084714975
1483,2,"[103, 13]",187.78878693195966,190.87838101480793,3.089594082848265
1309,4,"[30, 12]",187.9749660314757,191.3934716523158,3.418505620840108
2173,3,"[115, 72]",188.21323574033812,191.43932972196728,3.2260939816291625
26,1,"[23, 54]",188.4177489468805,196.22088862731397,7.803139680433475
2075,1,"[22, 3]",188.4177489468805,192.31771446343538,3.899965516554886
2170,4,"[20, 77]",188.50176847967822,192.28890896541077,3.78714048573255
2172,5,"[18, 82]",188.6795015325479,193.15747374421125,4.477972211663342
2113,5,"[42, 101]",188.94816861083888,193.2366897786314,4.28852116779251
2114,5,"[19, 119]",189.0207580352357,193.42425928589975,4.40350125066405
1551,2,"[2, 24]",189.1788621147784,199.7294885609097,10.550626446131275
1486,3,"[136, 11]",189.23506272190465,192.7227750112213,3.4877122893166472
1555,1,"[5, 45]",189.6348760687543,199.9237526105988,10.288876541844502
1556,2,"[31, 100]",190.29108939087362,200.41239129939578,10.121301908522156
1560,2,"[103, 13]",190.87838101480793,201.14673770487022,10.26835669006229
2185,4,"[41, 44]",191.35841085431792,196.4683288153031,5.109917960985172
1516,4,"[131, 109]",191.3934716523158,195.00596890575343,3.612497253437624
2176,3,"[115, 72]",191.43932972196728,194.11237910893553,2.673049386968245
2174,4,"[20, 30]",192.28890896541077,195.63645668699988,3.347547721589109
1611,1,"[117, 3]",192.31771446343538,203.29713866532987,10.979424201894489
2086,3,"[99, 11]",192.7227750112213,197.10228793360994,4.379512922388642
2171,5,"[18, 82]",193.15747374421125,198.2884833661875,5.131009621976261
1793,5,"[105, 64]",193.2366897786314,199.43256447386707,6.195874695235688
389,5,[42],193.42425928589975,195.09076217090563,1.6665028850058832
2179,3,"[115, 72]",194.11237910893553,196.41673195295635,2.3043528440208263
552,4,"[104, 63]",195.00596890575343,199.8478369403116,4.841868034558161
30,5,"[42, 101]",195.09076217090563,196.8451569934034,1.7543948224977726
2177,4,"[20, 30]",195.63645668699988,198.02756220242068,2.3911055154208043
1626,1,"[23, 54]",196.22088862731397,203.45994557553885,7.239056948224885
1427,3,"[136, 72]",196.41673195295635,200.58236906833332,4.165637115376967
2186,4,"[41, 44]",196.4683288153031,199.5342795475924,3.065950732289309
1921,5,"[19, 95]",196.8451569934034,203.0465835740242,6.20142658062079
1457,3,"[11, 7]",197.10228793360994,201.34021008520497,4.237922151595029
2180,4,"[20, 30]",198.02756220242068,200.4186677178415,2.3911055154208043
2175,5,"[18, 82]",198.2884833661875,200.15430504690613,1.865821680718625
1648,3,"[99, 115]",198.5257611281396,203.5912630930315,5.065501964891894
1799,5,"[105, 64]",199.43256447386707,201.39950876201095,1.9669442881438783
2187,4,"[41, 44]",199.5342795475924,205.29455052640486,5.760270978812457
1612,2,"[2, 24]",199.7294885609097,206.07853817463356,6.349049613723878
1750,4,"[104, 63]",199.8478369403116,200.84469209726754,0.9968551569559452
1552,1,"[5, 45]",199.9237526105988,211.1231491850253,11.199396574426515
2178,5,"[18, 82]",200.15430504690613,202.48658214780443,2.3322771008982954
1557,2,"[31, 100]",200.41239129939578,211.4293836271819,11.016992327786113
444,3,"[72, 79]",200.58236906833332,201.4226366766801,0.8402676083467782
1772,4,"[77, 12]",200.84469209726754,201.93585532413562,1.0911632268680762
1998,4,"[104, 63]",200.84469209726754,206.16125308526674,5.316560987999196
1559,2,"[103, 13]",201.14673770487022,212.32379851145825,11.177060806588031
1647,3,"[11, 7]",201.34021008520497,206.6836774324144,5.34346734720944
1800,5,"[105, 64]",201.39950876201095,202.1862864889924,0.7867777269814553
1459,3,"[136, 72]",201.4226366766801,205.95050320030964,4.527866523629541
388,4,"[131, 109]",201.93585532413562,205.36772767183703,3.4318723477014146
1801,5,"[105, 64]",202.1862864889924,204.1532307771363,1.9669442881438783
1804,5,"[119, 134]",202.48658214780443,205.10897036902048,2.622388221216056
1925,5,[19],203.0465835740242,204.61403265369086,1.567449079666659
1598,1,"[23, 117]",203.45994557553885,214.9941769060356,11.534231330496738
1601,1,"[54, 3]",203.45994557553885,215.44262818459697,11.982682609058116
2125,3,"[99, 115]",203.5912630930315,204.8576385842545,1.2663754912229876
1802,5,"[105, 64]",204.1532307771363,204.94000850411774,0.7867777269814553
1807,5,"[19, 95]",204.61403265369086,208.41490707878944,3.800874425098584
2038,3,"[99, 115]",204.8576385842545,210.284962210494,5.427323626239513
1929,5,"[105, 64]",204.94000850411774,208.18546653265955,3.2454580285418047
1806,5,"[119, 134]",205.10897036902048,206.92446980504747,1.8154994360269825
2188,4,"[41, 44]",205.29455052640486,208.91794720885238,3.6233966824475203
1773,4,"[77, 12]",205.36772767183703,206.4588908987051,1.0911632268680762
2039,3,"[72, 79]",205.95050320030964,211.55228777534288,5.601784575033236
1613,2,"[2, 24]",206.07853817463356,212.42758778835744,6.349049613723878
1751,4,"[104, 63]",206.16125308526674,208.0600248990309,1.8987718137641707
2040,4,"[77, 12]",206.4588908987051,212.41069018898375,5.951799290278643
2041,3,"[11, 7]",206.6836774324144,212.2114020925742,5.527724660159777
445,5,"[18, 82]",206.92446980504747,207.7640894835227,0.8396196784752306
2124,5,"[18, 82]",207.7640894835227,209.07016463778342,1.306075154260725
2042,4,"[104, 63]",208.0600248990309,213.75634034032345,5.6963154412925405
1930,5,"[105, 64]",208.18546653265955,208.52968177722278,0.34421524456323027
1809,5,"[105, 64]",208.52968177722278,213.25034825635055,4.720666479127772
1931,5,"[19, 95]",208.52968177722278,209.1298198757217,0.6001380984989169
2189,4,"[41, 44]",208.91794720885238,213.84205014846344,4.9241029396110605
1932,5,"[119, 134]",209.07016463778342,209.9779143557969,0.9077497180134912
1938,5,"[19, 95]",209.1298198757217,214.78112017408003,5.651300298358336
1935,5,"[119, 134]",209.9779143557969,215.67656598788417,5.698651632087262
2043,3,"[99, 115]",210.284962210494,215.7122858367335,5.427323626239513
1619,1,"[5, 45]",211.1231491850253,222.32254575945183,11.199396574426515
1620,2,"[31, 100]",211.4293836271819,222.446375954968,11.016992327786113
2044,3,"[72, 79]",211.55228777534288,217.1540723503761,5.601784575033236
2045,3,"[11, 7]",212.2114020925742,217.73912675273397,5.527724660159777
1621,2,"[103, 13]",212.32379851145825,223.50085931804628,11.177060806588031
2104,4,"[77, 12]",212.41069018898375,218.3624894792624,5.951799290278643
1622,2,"[2, 24]",212.42758778835744,223.9118979750237,11.48431018666625
1897,0,[],213.25034825635055,213.25034825635055,0.0
1898,5,"[105, 64]",213.25034825635055,213.938778745477,0.6884304891264605
2046,4,"[44, 104]",213.84205014846344,219.56388251376015,5.721832365296706
2190,4,"[41, 20]",213.84205014846344,217.51351802615503,3.6714678776915832
1899,5,"[105, 64]",213.938778745477,214.62720923460347,0.6884304891264605
1906,5,"[105, 64]",214.62720923460347,215.31563972372993,0.6884304891264605
1907,5,"[19, 95]",214.78112017408003,215.48128124924986,0.7001610751698308
4,1,"[22, 23]",214.9941769060356,216.87906298494653,1.884886078910938
1908,5,"[105, 64]",215.31563972372993,216.0040702128564,0.6884304891264605
1605,1,"[117, 54]",215.44262818459697,223.4955691117633,8.052940927166333
1912,5,"[19, 95]",215.48128124924986,216.1814423244197,0.7001610751698308
1909,5,"[119, 134]",215.67656598788417,216.78603799237177,1.1094720044875999
2047,3,"[99, 115]",215.7122858367335,221.2300647704787,5.517778933745177
1910,5,"[105, 64]",216.0040702128564,217.08588959478334,1.0818193819269482
1900,5,"[19, 95]",216.1814423244197,217.38171852141753,1.2002761969978337
1903,5,"[119, 134]",216.78603799237177,217.99637111003747,1.210333117665698
442,1,"[22, 3]",216.87906298494653,218.55047669868907,1.6714137137425382
1904,5,"[105, 64]",217.08588959478334,218.26605621456528,1.180166619781943
2073,3,"[72, 79]",217.1540723503761,222.94258289983452,5.788510549458408
1911,5,"[19, 95]",217.38171852141753,218.6820176354679,1.3002991140503752
2193,4,"[41, 20]",217.51351802615503,220.80842481387984,3.2949067877248126
586,3,"[136, 11]",217.73912675273397,218.35618348743864,0.6170567347046756
1901,5,"[119, 134]",217.99637111003747,220.4170373453689,2.4206662353314243
1902,5,"[105, 64]",218.26605621456528,220.62638945412917,2.360333239563886
588,3,"[136, 11]",218.35618348743864,218.97324022214332,0.6170567347046756
2194,4,"[30, 77]",218.3624894792624,221.76958166168285,3.407092182420456
2054,1,"[22, 3]",218.55047669868907,224.40042541629487,5.849948717605798
1905,5,"[19, 95]",218.6820176354679,221.08257002946357,2.4005523939956674
589,3,"[136, 11]",218.97324022214332,219.95695388190023,0.9837136597569156
2191,4,"[44, 12]",219.56388251376015,224.84998698291295,5.286104469152804
2056,3,"[11, 7]",219.95695388190023,225.76106495078963,5.804111068889398
443,5,"[18, 82]",220.62638945412917,222.30562881107966,1.6792393569504895
1939,5,"[105, 64]",220.62638945412917,224.06854195838096,3.442152504251794
2196,4,"[41, 20]",220.80842481387984,223.53849052777377,2.7300657138939357
387,5,"[86, 42]",221.08257002946357,225.1590577794927,4.076487750029145
1485,3,"[136, 138]",221.2300647704787,222.78848835678988,1.5584235863111928
2197,4,"[30, 77]",221.76958166168285,224.20321893484032,2.4336372731574727
1333,5,"[18, 82]",222.30562881107966,223.70499507161864,1.399366260538983
583,1,"[23, 45]",222.32254575945183,223.2462494587104,0.9237036992585672
1589,2,"[31, 100]",222.446375954968,229.34319201246112,6.896816057493112
1299,3,"[136, 138]",222.78848835678988,223.79688008268056,1.0083917258906752
584,3,"[72, 6]",222.94258289983452,223.8799981276479,0.9374152278133749
582,1,"[23, 45]",223.2462494587104,224.35469394186632,1.108444483155921
1606,1,"[5, 117]",223.4955691117633,228.7632687818916,5.267699670128309
1590,2,"[103, 13]",223.50085931804628,230.49788084197286,6.997021523926577
2199,4,"[41, 20]",223.53849052777377,225.89199537614866,2.3535048483748824
1436,5,"[18, 82]",223.70499507161864,225.10436133215762,1.399366260538983
1501,3,"[136, 138]",223.79688008268056,224.9886156891904,1.1917356065098375
1729,3,"[99, 115]",223.8799981276479,225.82478917998205,1.9447910523341534
1604,2,"[2, 24]",223.9118979750237,231.66147319955004,7.749575224526353
1941,5,"[105, 64]",224.06854195838096,224.90449330428993,0.8359513459089669
2200,4,"[30, 77]",224.20321893484032,226.6368562079978,2.4336372731574727
587,1,"[22, 23]",224.40042541629487,225.3877467619613,0.9873213456664303
1549,1,"[45, 54]",224.40042541629487,238.0599750844474,13.659549668152522
2195,4,"[44, 12]",224.84998698291295,227.63720579467028,2.7872188117573273
1510,3,"[136, 72]",224.9886156891904,226.2564182942161,1.2678026050257074
1300,5,"[105, 101]",225.10436133215762,226.17320094944705,1.0688396172894272
2192,5,"[18, 82]",225.10436133215762,229.58233354382097,4.477972211663342
1492,5,"[86, 42]",225.1590577794927,226.32376866438986,1.164710884897147
592,0,[],225.3877467619613,225.3877467619613,0.0
1553,1,"[23, 3]",225.3877467619613,238.85046118176618,13.462714419804882
620,3,"[11, 7]",225.76106495078963,226.3138374387708,0.5527724879811728
629,3,"[138, 6]",225.82478917998205,226.4893442990274,0.6645551190453602
635,4,"[131, 109]",225.89199537614866,226.52418238473416,0.6321870085855039
644,5,"[105, 101]",226.17320094944705,226.85337158866935,0.6801706392222968
645,3,"[136, 72]",226.2564182942161,226.89031959672897,0.6339013025128679
642,3,"[11, 7]",226.3138374387708,227.14299606091654,0.8291586221457408
643,5,"[86, 42]",226.32376866438986,227.1973017123591,0.8735330479692323
651,3,"[138, 6]",226.4893442990274,227.34377224455827,0.8544279455308583
652,4,"[131, 109]",226.52418238473416,227.33699419139506,0.8128118066609034
648,4,"[41, 30]",226.6368562079978,227.58050733873233,0.943651130734537
593,5,"[105, 101]",226.85337158866935,227.87362751854468,1.0202559298753329
594,3,"[136, 72]",226.89031959672897,227.84117152351007,0.9508519267810982
595,3,"[11, 7]",227.14299606091654,228.1103478325141,0.9673517715975493
596,5,"[86, 42]",227.1973017123591,228.21642364986639,1.0191219375072933
603,4,"[131, 109]",227.33699419139506,228.2852746773581,0.9482804859630392
604,3,"[138, 6]",227.34377224455827,228.34060489483304,0.9968326502747686
626,4,"[41, 30]",227.58050733873233,228.71288874061057,1.1323814018782343
2198,4,"[44, 20]",227.63720579467028,229.99088678484307,2.3536809901727906
627,3,"[136, 72]",227.84117152351007,228.92785953236225,1.0866880088521782
628,5,"[105, 101]",227.87362751854468,229.03963439482996,1.1660068762852802
630,3,"[11, 7]",228.1103478325141,229.21589280847647,1.105544975962374
632,5,"[86, 42]",228.21642364986639,229.38113453476353,1.164710884897147
633,4,"[131, 109]",228.2852746773581,229.3690238964537,1.0837492190956084
634,3,"[138, 6]",228.34060489483304,229.47984230643826,1.1392374116052224
636,4,"[41, 30]",228.71288874061057,229.8452701424888,1.1323814018782343
1618,1,"[5, 117]",228.7632687818916,241.9787264675438,13.215457685652183
653,3,"[136, 72]",228.92785953236225,230.1051047853248,1.1772452529625639
618,5,"[105, 101]",229.03963439482996,230.3513921016928,1.311757706862835
654,3,"[11, 7]",229.21589280847647,230.45963087897763,1.2437380705011662
1625,2,"[31, 100]",229.34319201246112,237.13569848921819,7.792506476757069
631,4,"[131, 109]",229.3690238964537,230.63339791362472,1.2643740171710078
637,5,"[86, 42]",229.38113453476353,230.73996382334113,1.3588292885775957
639,3,"[138, 6]",229.47984230643826,230.80895254452895,1.329110238090692
641,5,"[18, 82]",229.58233354382097,230.8884086980817,1.306075154260725
624,4,"[41, 30]",229.8452701424888,231.21356432705068,1.3682941845618757
601,4,"[12, 66]",229.99088678484307,231.50820893913993,1.5173221542968633
2227,0,[],229.99088678484307,229.99088678484307,0.0
602,3,"[136, 72]",230.1051047853248,231.46346474241366,1.358359957088851
2229,5,"[105, 19]",230.3513921016928,232.31945947685568,1.9680673751628888
606,3,"[11, 7]",230.45963087897763,231.93369081031878,1.474059931341145
1594,2,"[103, 13]",230.49788084197286,238.49447724072084,7.9965963987479824
608,4,"[131, 109]",230.63339791362472,232.07839683653194,1.4449989229072173
2230,5,"[86, 95]",230.73996382334113,232.70652835356023,1.9665645302191024
609,3,"[138, 6]",230.80895254452895,232.3279357222782,1.5189831777492486
2228,5,"[18, 82]",230.8884086980817,233.59385022409302,2.7054415260113274
622,4,"[41, 30]",231.21356432705068,232.959318828916,1.7457545018653207
623,3,"[136, 72]",231.46346474241366,233.1387752697944,1.6753105273807307
655,4,"[44, 104]",231.50820893913993,233.19661835940545,1.6884094202655149
1607,2,"[2, 24]",231.66147319955004,239.4110484240764,7.749575224526353
638,3,"[11, 7]",231.93369081031878,233.73020147862715,1.7965106683083718
640,4,"[131, 109]",232.07839683653194,233.8394893983079,1.7610925617759676
614,5,"[105, 42]",232.31945947685568,234.311182595971,1.9917231191153064
616,3,"[138, 6]",232.3279357222782,234.2741328444996,1.946197122221406
611,5,"[86, 101]",232.70652835356023,234.7449819779853,2.038453624425074
617,4,"[41, 30]",232.959318828916,234.94098611346496,1.981667284548962
597,3,"[136, 72]",233.1387752697944,235.1310365833725,1.9922613135780978
598,4,"[12, 66]",233.19661835940545,235.42202423394187,2.2254058745364205
599,5,"[18, 82]",233.59385022409302,235.64625411736816,2.052403893275141
600,3,"[11, 7]",233.73020147862715,235.75703389794947,2.026832419322318
605,4,"[131, 109]",233.8394893983079,235.8263629307629,1.9868735324550073
607,3,"[138, 6]",234.2741328444996,236.36273472805146,2.08860188355186
613,5,"[105, 42]",234.311182595971,236.49722021657968,2.186037620608687
615,5,"[86, 101]",234.7449819779853,236.92903953191117,2.184057553925868
619,4,"[41, 30]",234.94098611346496,237.20574891722143,2.2647628037564687
621,3,"[136, 72]",235.1310365833725,237.44024846724244,2.309211883869949
649,5,"[18, 82]",235.64625411736816,239.051378773649,3.405124656280833
650,3,"[11, 7]",235.75703389794947,239.11973315407417,3.3626992561246993
625,4,"[131, 109]",235.8263629307629,238.80667312178463,2.980310191021715
1496,4,"[12, 66]",235.8263629307629,237.24253025065613,1.4161673198932192
1775,3,"[99, 115]",236.36273472805146,238.44320874164413,2.0804740135926636
1301,5,"[105, 42]",236.49722021657968,237.37163518374885,0.874414967169173
1774,5,"[101, 19]",236.92903953191117,239.1996115286575,2.2705719967463267
1495,2,"[31, 100]",237.13569848921819,238.56880318139545,1.4331046921772668
1770,4,"[44, 104]",237.20574891722143,239.45696177575928,2.251212858537855
1771,4,"[63, 77]",237.24253025065613,239.5701102077975,2.3275799571413813
1302,5,"[86, 105]",237.37163518374885,238.24249827459428,0.8708630908454325
1677,3,"[72, 79]",237.44024846724244,239.12078368393597,1.680535216693528
5,1,"[22, 129]",238.0599750844474,241.65816994227524,3.598194857827849
1303,5,"[86, 105]",238.24249827459428,239.11336136543972,0.8708630908454325
1746,3,"[99, 115]",238.44320874164413,240.7045935859106,2.2613848442664732
1491,2,"[100, 13]",238.56880318139545,240.22176383697624,1.6529606555807845
1593,2,"[103, 31]",238.56880318139545,246.81370084311774,8.244897661722291
1678,4,"[12, 57]",238.80667312178463,240.62412925749965,1.8174561357150196
1494,1,"[23, 45]",238.85046118176618,240.51312768627193,1.6626665045057507
1503,5,"[18, 82]",239.051378773649,240.35745392790972,1.306075154260725
1726,5,"[42, 119]",239.11336136543972,241.5831337005304,2.4697723350906813
448,3,"[7, 79]",239.12078368393597,242.71147207679084,3.5906883928548723
482,3,"[11, 72]",239.12078368393597,241.5792808096324,2.458497125696425
656,5,"[86, 105]",239.1996115286575,241.28000697529237,2.080395446634867
1610,2,"[2, 24]",239.4110484240764,245.6667293075747,6.255680883498314
1500,4,"[131, 109]",239.45696177575928,241.0825853890811,1.6256236133218067
1490,4,"[41, 30]",239.5701102077975,241.4574124692666,1.887302261469074
1509,2,"[100, 13]",240.22176383697624,241.50739999973575,1.2856361627595163
1466,5,"[18, 82]",240.35745392790972,241.7568201884487,1.399366260538983
446,1,"[3, 132]",240.51312768627193,244.3021336783202,3.78900599204826
1679,4,"[44, 104]",240.62412925749965,242.31253867776516,1.6884094202655149
1754,3,"[99, 115]",240.7045935859106,242.83029525325608,2.1257016673454814
1769,4,"[63, 77]",241.0825853890811,243.70111278305907,2.6185273939779847
449,5,"[101, 19]",241.28000697529237,245.03138682670388,3.7513798514115138
1692,4,"[12, 57]",241.4574124692666,244.2845666721395,2.8271542028729186
1693,2,"[52, 0]",241.50739999973575,244.15749148259516,2.650091482859409
1734,3,"[11, 72]",241.5792808096324,244.31094423438552,2.7316634247531226
433,1,"[22, 129]",241.65816994227524,248.85455965793093,7.196389715655698
447,5,"[42, 119]",241.7568201884487,245.51087409067938,3.7540539022306803
1727,5,"[18, 82]",241.7568201884487,244.089097289347,2.3322771008982954
1511,1,"[23, 45]",241.9787264675438,244.01087464995828,2.0321481824144882
1735,4,"[44, 104]",242.31253867776516,245.12655463911855,2.814015961353391
1295,3,"[136, 7]",242.71147207679084,245.18518101889075,2.473708942099904
1655,3,"[99, 115]",242.83029525325608,244.54894771333235,1.718652460076271
1512,4,"[131, 109]",243.70111278305907,245.68798631551408,1.9868735324550073
348,1,"[23, 117]",244.01087464995828,259.9524949408381,15.941620290879825
1728,5,"[18, 82]",244.089097289347,246.4213743902453,2.3322771008982954
1697,2,"[52, 0]",244.15749148259516,245.00930653761313,0.8518150550179655
1696,4,"[63, 77]",244.2845666721395,245.15740904045538,0.8728423683158724
1548,1,"[5, 45]",244.3021336783202,252.7699701550007,8.467836476680503
1737,3,"[11, 72]",244.31094423438552,246.13205318422092,1.8211089498354056
450,3,"[99, 115]",244.54894771333235,246.17714465024048,1.6281969369081253
1597,2,"[100, 13]",245.00930653761313,254.00876000534353,8.999453467730405
1467,5,"[86, 105]",245.03138682670388,246.48282544602125,1.451438619317372
1493,4,"[41, 30]",245.12655463911855,247.20258717173132,2.0760325326127713
2306,3,"[136, 7]",245.18518101889075,253.6141148683625,8.428933849471747
451,5,"[42, 101]",245.51087409067938,247.26526891317715,1.7543948224977726
393,2,"[0, 62]",245.6667293075747,252.56704384830536,6.900314540730648
1398,4,"[131, 109]",245.68798631551408,248.3973592555923,2.709372940078225
1654,4,"[44, 104]",245.68798631551408,247.47019640200745,1.7822100864933645
394,3,"[11, 72]",246.13205318422092,252.50593450864488,6.373881324423962
454,3,"[99, 115]",246.17714465024048,247.8053415871486,1.6281969369081253
1740,5,"[18, 82]",246.4213743902453,248.89358820616678,2.472213815921492
1304,5,"[86, 105]",246.48282544602125,248.7083646161679,2.2255391701466465
1595,2,"[103, 31]",246.81370084311774,252.75357306118326,5.939872218065517
1724,4,"[63, 77]",247.20258717173132,250.11206200254588,2.9094748308145597
455,5,"[42, 101]",247.26526891317715,249.01966373567492,1.7543948224977726
2370,4,"[41, 30]",247.47019640200745,254.07575431714923,6.605557915141787
2386,3,"[138, 6]",247.8053415871486,254.4508928907752,6.645551303626604
1660,4,"[44, 104]",248.3973592555923,251.86797876235116,3.470619506758851
1497,5,"[86, 105]",248.7083646161679,250.45009079785876,1.741726181690865
1614,1,"[54, 3]",248.85455965793093,265.2211495415436,16.366589883612647
1305,5,"[18, 82]",248.89358820616678,250.94599209944192,2.052403893275141
1306,5,"[42, 101]",249.01966373567492,251.16392431957118,2.144260583896255
1752,4,"[63, 77]",250.11206200254588,252.53662436155804,2.4245623590121568
1755,5,"[19, 119]",250.45009079785876,253.25231875800483,2.8022279601460696
1757,5,"[18, 82]",250.94599209944192,253.7447246205199,2.798732521077966
2316,5,"[105, 64]",251.16392431957118,260.21186785745067,9.04794353787949
1662,4,"[44, 104]",251.86797876235116,253.55638818261667,1.6884094202655149
452,3,"[99, 11]",252.50593450864488,255.90229136014355,3.396356851498666
1747,4,"[63, 77]",252.53662436155804,254.9611867205702,2.4245623590121568
399,0,[],252.56704384830536,252.56704384830536,0.0
1615,2,"[103, 31]",252.75357306118326,267.64758075857793,14.89400769739467
1661,2,"[2, 52]",252.75357306118326,256.29620360897087,3.54263054778761
1550,1,"[5, 45]",252.7699701550007,261.2378066316812,8.467836476680532
406,5,"[86, 42]",253.25231875800483,255.77585881577593,2.5235400577711005
1664,4,"[44, 104]",253.55638818261667,254.40059289274942,0.8442047101327432
400,3,"[136, 72]",253.6141148683625,256.8741784631081,3.2600635947455885
401,5,"[18, 82]",253.7447246205199,257.10320333442087,3.358478713900979
1719,2,"[0, 48]",254.00876000534353,262.59347899431634,8.58471898897281
404,4,"[131, 109]",254.07575431714923,257.32700154379285,3.2512472266436134
411,4,"[41, 30]",254.40059289274942,257.7977366484162,3.3971437556668036
413,3,"[7, 138]",254.4508928907752,257.85330781945294,3.4024149286777288
414,4,"[12, 66]",254.9611867205702,258.60275955324204,3.641572832671841
415,5,"[86, 42]",255.77585881577593,259.2699910076529,3.4941321918769574
407,3,"[11, 6]",255.90229136014355,259.41852463691515,3.516233276771601
1663,2,"[2, 52]",256.29620360897087,257.88106470784896,1.5848610988780933
409,3,"[136, 72]",256.8741784631081,260.3153569778854,3.4411785147773344
1756,5,"[18, 82]",257.10320333442087,259.3421894402525,2.238986105831657
1753,4,"[44, 104]",257.32700154379285,259.6720148449207,2.3450133011278353
1778,4,"[63, 77]",257.7977366484162,260.2222990074284,2.4245623590121568
402,3,"[7, 138]",257.85330781945294,261.63376920183515,3.7804613823822137
1665,2,"[2, 52]",257.88106470784896,258.7201087176904,0.839044009841416
1748,4,"[12, 57]",258.60275955324204,261.2784592085345,2.675699655292476
347,2,[100],258.7201087176904,271.69894705285947,12.978838335169087
405,5,"[18, 82]",259.3421894402525,263.0738328016898,3.73164336143725
410,5,"[86, 42]",259.3421894402525,263.22455890230486,3.8823694620523383
403,3,"[11, 6]",259.41852463691515,263.30488760457,3.8863629676548612
408,4,"[131, 109]",259.6720148449207,263.4651367887729,3.7931219438522135
1361,1,"[22, 23]",259.9524949408381,264.7095887653206,4.757093824482467
1777,5,"[101, 19]",260.21186785745067,262.8773220429216,2.665454185470935
1670,4,"[44, 104]",260.2222990074284,263.6929185141872,3.470619506758851
1713,3,"[99, 115]",260.3153569778854,263.3908404523528,3.075483474467376
417,1,[117],261.2378066316812,268.40834066166633,7.170534029985106
1715,4,"[63, 77]",261.2784592085345,264.57586410928076,3.297404900746244
2290,3,"[136, 7]",261.63376920183515,272.44479345112836,10.811024249293212
1561,2,"[2, 13]",262.59347899431634,273.06169260886327,10.468213614546926
1671,5,"[101, 19]",263.0738328016898,265.83800741665783,2.7641746149680557
1758,5,"[18, 82]",263.0738328016898,266.2457297478808,3.171896946190998
1694,5,"[42, 119]",263.22455890230486,265.99070387049926,2.7661449681943964
412,3,"[11, 72]",263.30488760457,269.4966582076849,6.19177060311489
1367,3,"[138, 6]",263.3908404523528,268.42247233474694,5.0316318823941515
384,4,"[131, 109]",263.4651367887729,269.2451324804017,5.779995691628812
385,4,"[41, 30]",263.6929185141872,269.73228584088184,6.039367326694617
1517,4,"[12, 66]",264.57586410928076,267.6105084178745,3.0346443085937267
418,1,[22],264.7095887653206,271.2737031616002,6.564114396279649
1623,1,"[5, 23]",265.2211495415436,270.3329761419669,5.111826600423342
1672,5,"[101, 19]",265.83800741665783,267.6149766774984,1.7769692608405876
1698,5,"[42, 119]",265.99070387049926,266.8798218286944,0.8891179581951292
1759,5,"[18, 82]",266.2457297478808,267.738387114698,1.492657366817241
1760,5,"[42, 119]",266.8798218286944,268.460476146706,1.580654318011625
1518,4,"[12, 66]",267.6105084178745,270.6451527264682,3.0346443085937267
1624,2,"[103, 31]",267.64758075857793,273.5874529766434,5.939872218065489
1695,5,"[101, 19]",267.738387114698,270.50256172966607,2.7641746149680557
2252,5,"[18, 82]",267.738387114698,278.0004063586505,10.262019243952466
419,1,[117],268.40834066166633,275.57887469165144,7.170534029985106
1363,3,"[138, 6]",268.42247233474694,273.4541042171411,5.0316318823941515
1733,5,"[42, 119]",268.460476146706,271.42420294881487,2.9637268021088516
386,4,"[131, 109]",269.2451324804017,275.92825205474674,6.683119574345028
1651,3,"[99, 11]",269.4966582076849,274.68057153233866,5.1839133246537585
1652,4,"[44, 104]",269.73228584088184,275.1727168784087,5.440431037526878
420,1,[3],270.3329761419669,277.56224610396396,7.2292699619970335
1699,5,"[101, 19]",270.50256172966607,271.39104636008636,0.8884846304202938
421,4,[63],270.6451527264682,277.6975974740054,7.0524447475372085
422,1,[22],271.2737031616002,277.8378175578799,6.564114396279649
1498,5,"[86, 105]",271.39104636008636,274.2939235987211,2.902877238634744
1736,5,"[42, 101]",271.42420294881487,273.8608626504293,2.436659701614417
349,0,[],271.69894705285947,271.69894705285947,0.0
423,2,[52],271.69894705285947,278.78561233802236,7.086665285162894
424,3,[115],272.44479345112836,279.35857258763986,6.913779136511494
1562,2,"[100, 2]",273.06169260886327,282.4615276026747,9.399834993811453
1365,3,"[136, 72]",273.4541042171411,278.2536429049128,4.799538687771701
1627,2,"[103, 31]",273.5874529766434,278.6407770772222,5.053324100578777
359,5,"[64, 19]",273.8608626504293,280.75663758979186,6.895774939362582
1521,0,[],274.2939235987211,274.2939235987211,0.0
1526,5,"[86, 105]",274.2939235987211,276.6162254819089,2.3223018831877766
1656,3,"[99, 11]",274.68057153233866,276.2893720172289,1.6088004848902528
1657,4,"[44, 104]",275.1727168784087,276.8611262986742,1.6884094202654865
2296,1,"[23, 117]",275.57887469165144,288.4259449825003,12.847070290848876
1683,3,"[99, 11]",276.2893720172289,283.26084202813104,6.971470010902124
360,5,"[105, 95]",276.6162254819089,284.29367238030443,7.677446898395544
1681,4,"[77, 12]",276.8611262986742,284.59846603824553,7.7373397395713255
2050,4,"[44, 104]",276.8611262986742,288.58619280431327,11.725066505639063
1685,4,"[63, 57]",277.6975974740054,285.39437959719015,7.696782123184732
434,1,"[22, 3]",277.8378175578799,284.89489824833674,7.057080690456871
435,1,"[129, 132]",277.8378175578799,285.57669876486034,7.738881206980466
2280,0,[],278.0004063586505,278.0004063586505,0.0
2281,5,"[18, 82]",278.0004063586505,279.39977261918943,1.3993662605389545
1687,3,"[72, 7]",278.2536429049128,285.533166366413,7.279523461500219
1564,2,"[103, 31]",278.6407770772222,291.3184153263782,12.677638249156018
1401,2,"[13, 0]",278.78561233802236,285.462458090949,6.676845752926624
27,3,"[136, 115]",279.35857258763986,324.70274032679157,45.344167739151715
2282,5,"[18, 82]",279.39977261918943,280.7991388797284,1.3993662605389545
2283,5,"[18, 82]",280.7991388797284,282.19850514026734,1.3993662605389545
2284,5,"[86, 19]",280.7991388797284,282.273681618266,1.4745427385375933
2285,5,"[18, 82]",282.19850514026734,283.5978714008063,1.3993662605389545
2287,5,"[86, 19]",282.273681618266,283.7482243568036,1.4745427385375933
1535,2,"[100, 2]",282.4615276026747,304.2727944576429,21.811266854968153
543,3,"[99, 11]",283.26084202813104,309.1804077990265,25.919565770895474
2286,5,"[18, 82]",283.5978714008063,285.65027529408144,2.052403893275141
361,5,"[64, 19]",283.7482243568036,291.543448760723,7.795224403919406
362,5,"[105, 95]",284.29367238030443,292.2664053909895,7.97273301068509
437,1,"[22, 3]",284.89489824833674,288.7020075274067,3.807109279069948
1721,4,"[63, 77]",285.39437959719015,296.9352960561291,11.540916458938966
1402,0,[],285.462458090949,285.462458090949,0.0
1536,2,"[13, 24]",285.462458090949,307.9202714841707,22.457813393221727
545,3,"[72, 7]",285.533166366413,312.5980589709952,27.064892604582212
438,1,"[129, 132]",285.57669876486034,289.75162147653595,4.174922711675606
1403,5,"[18, 82]",285.65027529408144,286.95635044834216,1.306075154260725
1404,5,"[18, 82]",286.95635044834216,288.2624256026029,1.306075154260725
1405,5,"[18, 82]",288.2624256026029,289.5685007568636,1.306075154260725
2317,0,[],288.4259449825003,288.4259449825003,0.0
544,4,"[44, 104]",288.58619280431327,315.78834709739596,27.202154293082685
546,4,"[12, 57]",288.58619280431327,317.8674332612965,29.281240456983255
436,1,"[22, 117]",288.7020075274067,295.73168553409727,7.029678006690574
547,1,"[3, 113]",288.7020075274067,317.6281981975255,28.926190670118785
2329,5,"[119, 134]",289.5685007568636,291.6865835324249,2.1180827755612768
439,1,"[129, 132]",289.75162147653595,293.92654418821155,4.174922711675606
1569,2,"[103, 31]",291.3184153263782,300.4498611055873,9.13144577920906
2321,5,"[64, 19]",291.543448760723,293.74210165720615,2.1986528964831678
2323,5,"[119, 134]",291.6865835324249,295.51930487130664,3.832721338881754
2325,5,"[105, 95]",292.2664053909895,297.5815605749979,5.315155184008404
2319,5,"[64, 19]",293.74210165720615,299.3386724498246,5.596570792618479
2327,5,"[119, 134]",295.51930487130664,301.2683867593935,5.749081888086835
548,1,"[22, 117]",295.73168553409727,322.55545721201065,26.823771677913385
549,1,"[129, 132]",295.73168553409727,325.2616273523379,29.529941818240616
550,4,"[63, 77]",296.9352960561291,325.06021942066997,28.124923364540848
1779,0,[],296.9352960561291,296.9352960561291,0.0
2322,5,"[105, 95]",297.5815605749979,305.554293585683,7.97273301068509
2320,5,"[64, 19]",299.3386724498246,307.6335902064781,8.29491775665349
1571,2,"[103, 31]",300.4498611055873,309.58130688479633,9.13144577920906
2318,5,"[119, 134]",301.2683867593935,309.9424408094096,8.674054050016139
551,2,"[2, 52]",304.2727944576429,331.30865950369827,27.03586504605539
2326,5,"[105, 95]",305.554293585683,314.01917058619586,8.464877000512843
2328,5,"[64, 19]",307.6335902064781,316.2283244513172,8.59473424483906
2336,3,"[11, 138]",309.1804077990265,354.5802705724619,45.399862773435416
1573,2,"[31, 100]",309.58130688479633,316.11984711626263,6.5385402314663
2121,2,"[103, 0]",309.58130688479633,342.2060835966458,32.62477671184945
2330,5,"[119, 134]",309.9424408094096,313.47257892899285,3.5301381195832278
2346,3,"[72, 7]",312.5980589709952,358.70170503872316,46.10364606772794
1406,5,"[18, 82]",313.47257892899285,314.77865408325357,1.306075154260725
1780,5,"[42, 101]",314.01917058619586,316.5532965829236,2.5341259967277665
1407,5,"[18, 82]",314.77865408325357,316.0847292375143,1.306075154260725
2348,4,"[131, 109]",315.78834709739596,360.40268955540887,44.61434245801291
1408,5,"[18, 82]",316.0847292375143,317.390804391775,1.306075154260725
1575,2,"[31, 100]",316.11984711626263,322.65838734772893,6.5385402314663
1409,5,"[86, 105]",316.2283244513172,317.5830004729434,1.3546760216262328
1410,5,"[42, 101]",316.5532965829236,317.9178259925899,1.364529409666261
1411,5,"[18, 82]",317.390804391775,318.69687954603575,1.306075154260725
1412,5,"[86, 105]",317.5830004729434,318.93767649456964,1.3546760216262328
2347,1,"[23, 45]",317.6281981975255,363.7210141999885,46.092816002462996
2349,4,"[41, 30]",317.8674332612965,364.9556261248474,47.08819286355089
1413,5,"[42, 101]",317.9178259925899,319.28235540225614,1.364529409666261
1414,5,"[18, 82]",318.69687954603575,320.00295470029647,1.306075154260725
1415,5,"[86, 105]",318.93767649456964,320.2923525161959,1.3546760216262328
1416,5,"[42, 101]",319.28235540225614,320.6468848119224,1.364529409666261
1417,5,"[18, 82]",320.00295470029647,321.3090298545572,1.306075154260725
1418,5,"[86, 105]",320.2923525161959,321.6470285378221,1.3546760216262328
1419,5,"[42, 101]",320.6468848119224,322.01141422158867,1.364529409666261
1420,5,"[18, 82]",321.3090298545572,322.6151050088179,1.306075154260725
1421,5,"[86, 105]",321.6470285378221,323.00170455944834,1.3546760216262328
1423,5,"[42, 101]",322.01141422158867,323.3759436312549,1.364529409666261
2351,1,"[22, 55]",322.55545721201065,368.951265888278,46.395808676267336
1422,5,"[18, 82]",322.6151050088179,324.0144712693569,1.3993662605389545
1578,2,"[31, 100]",322.65838734772893,327.7638225666941,5.1054352189651695
1424,5,"[86, 105]",323.00170455944834,326.2916321888477,3.289927629399358
2324,5,"[64, 19]",323.3759436312549,333.969453193211,10.593509561956068
1425,5,"[18, 82]",324.0144712693569,327.5595324182376,3.545061148880734
31,0,[],324.70274032679157,324.70274032679157,0.0
2339,3,"[136, 6]",324.70274032679157,371.7239846922761,47.021244365484506
2342,4,"[12, 66]",325.06021942066997,377.559567502841,52.499348082171025
91,5,[86],326.2916321888477,326.6681438315281,0.3765116426803843
92,5,[86],326.6681438315281,327.04465547420847,0.3765116426803843
95,5,[86],327.04465547420847,327.42116711688885,0.3765116426803843
96,5,[86],327.42116711688885,327.79767875956924,0.3765116426803843
100,5,[18],327.5595324182376,328.01043987349095,0.4509074552533434
1630,0,[],327.7638225666941,327.7638225666941,0.0
1642,2,"[31, 100]",327.7638225666941,330.5404627809927,2.7766402142985953
98,5,[82],327.79767875956924,328.2685353090436,0.4708565494743766
99,5,"[18, 86]",328.01043987349095,329.2242873435476,1.2138474700566348
46,5,[82],328.2685353090436,328.8904213407631,0.6218860317194981
34,5,"[105, 95, 119]",328.8904213407631,329.41147397467546,0.5210526339123476
35,5,"[134, 16, 89]",329.2242873435476,329.76768630668886,0.5433989631412715
32,5,"[105, 95, 119]",329.41147397467546,330.1409476497299,0.7294736750544644
33,5,"[134, 16, 89]",329.76768630668886,330.74580434965367,0.9781180429648089
97,5,[18],330.1409476497299,331.18422369580315,1.043276046073231
1631,2,[31],330.5404627809927,335.34246877524896,4.8020059942562625
118,5,"[82, 86]",330.74580434965367,332.932298680927,2.186494331273309
38,5,[105],331.18422369580315,331.6443085402285,0.4600848444253529
553,0,[],331.30865950369827,331.30865950369827,0.0
1643,2,"[100, 2]",331.30865950369827,340.98227626826696,9.673616764568692
39,5,[105],331.6443085402285,332.10439338465386,0.4600848444253529
67,5,[105],332.10439338465386,332.5644782290792,0.4600848444253529
68,5,[105],332.5644782290792,333.02456307350457,0.4600848444253529
69,5,[95],332.932298680927,333.4075327881937,0.475234107266715
70,5,[105],333.02456307350457,333.4846479179299,0.4600848444253529
36,5,"[95, 119, 134, 16, 89]",333.4075327881937,334.0021762501717,0.5946434619780234
37,5,"[105, 61, 34, 56, 9]",333.4846479179299,334.0952515383424,0.6106036204124621
65,5,[64],333.969453193211,334.5387740379548,0.5693208447437996
66,5,[19],334.0021762501717,334.5721577645719,0.5699815144001832
101,5,[18],334.0952515383424,335.5629110965121,1.4676595581697143
102,5,"[82, 86, 105, 95, 119]",334.5387740379548,336.27667081197785,1.7378967740230564
107,5,[64],334.5721577645719,335.1414786093157,0.5693208447437996
108,5,[64],335.1414786093157,335.7107994540595,0.5693208447437996
1632,2,"[31, 13, 24]",335.34246877524896,355.1272641501423,19.78479537489335
120,5,[18],335.5629110965121,337.1543490560804,1.5914379595682817
121,5,[19],335.7107994540595,337.4207437707698,1.7099443167102777
63,5,[105],336.27667081197785,337.0588150694395,0.7821442574616526
64,5,[105],337.0588150694395,337.84095932690116,0.7821442574616526
71,5,[64],337.1543490560804,337.96088691004127,0.8065378539608901
104,5,[19],337.4207437707698,338.37071292368836,0.9499691529185839
106,5,[105],337.84095932690116,338.76112901575186,0.9201696888507058
113,5,[18],337.96088691004127,339.7291514735121,1.7682645634708365
114,5,[82],338.37071292368836,340.1475301874316,1.7768172637432258
115,5,[86],338.76112901575186,340.5977711911886,1.8366421754367366
116,5,[18],339.7291514735121,341.49741603698294,1.7682645634708365
117,5,[82],340.1475301874316,341.9243474511748,1.7768172637432258
119,5,[86],340.5977711911886,342.43441336662534,1.8366421754367366
122,5,"[18, 105]",341.49741603698294,343.58577441188567,2.0883583749027252
40,5,[64],341.9243474511748,342.96810231435273,1.0437548631779237
1644,2,"[103, 100, 2, 29, 48]",342.2060835966458,384.9752238575458,42.76914026090003
1645,2,"[60, 120]",342.2060835966458,382.58784876732364,40.38176517067785
140,5,"[86, 42, 101, 19, 95]",342.43441336662534,344.49833445862856,2.063921092003227
42,5,[64],342.96810231435273,344.2965175433456,1.328415228992867
44,5,[105],343.58577441188567,344.87401195433813,1.288237542452464
90,5,[18],344.2965175433456,346.383069635492,2.0865520921464054
93,5,[82],344.49833445862856,346.5949787366478,2.096644278019255
94,5,[86],344.87401195433813,347.04124962501777,2.16723767067964
41,5,[105],346.383069635492,347.76332416876807,1.3802545332760587
43,5,[64],346.5949787366478,348.0182807919503,1.4233020553024858
109,5,[19],347.04124962501777,348.46620335439565,1.4249537293778758
45,5,[105],347.76332416876807,349.2355956928678,1.4722715240997104
103,5,[64],348.0182807919503,349.5364696735624,1.5181888816121045
125,5,[18],348.46620335439565,350.0576413139639,1.5914379595682817
126,5,[86],349.2355956928678,350.88857349749946,1.6529778046316892
127,5,[105],349.5364696735624,351.19277495992384,1.6563052863614303
128,5,[18],350.0576413139639,351.6490792735322,1.5914379595682817
131,5,[86],350.88857349749946,352.54155130213115,1.6529778046316892
132,5,[105],351.19277495992384,352.84908024628527,1.6563052863614303
133,5,[18],351.6490792735322,353.2405172331005,1.5914379595682817
134,5,[86],352.54155130213115,354.19452910676284,1.6529778046316892
135,5,[105],352.84908024628527,354.5053855326467,1.6563052863614303
136,5,[18],353.2405172331005,354.8319551926688,1.5914379595682817
137,5,[86],354.19452910676284,355.84750691139453,1.6529778046316892
138,5,[105],354.5053855326467,356.16169081900813,1.6563052863614303
647,3,"[11, 138]",354.5802705724619,400.16449897416203,45.5842284017001
139,5,[18],354.8319551926688,356.42339315223705,1.5914379595682817
1637,2,"[31, 13, 24]",355.1272641501423,359.6855257299064,4.558261579764064
141,5,[86],355.84750691139453,357.5004847160262,1.6529778046316892
142,5,[105],356.16169081900813,357.81799610536956,1.6563052863614303
143,5,[18],356.42339315223705,358.01483111180534,1.5914379595682817
144,5,[86],357.5004847160262,359.1534625206579,1.6529778046316892
145,5,[105],357.81799610536956,359.474301391731,1.6563052863614303
123,5,[18],358.01483111180534,359.959922173782,1.9450910619766546
646,3,"[72, 7]",358.70170503872316,405.5053052255351,46.803600186811934
124,5,[86],359.1534625206579,361.1737689574273,2.020306436769374
129,5,[105],359.474301391731,361.4986747510797,2.024373359348715
1638,2,"[31, 13, 24]",359.6855257299064,366.28045782984225,6.594932099935875
130,5,[18],359.959922173782,361.90501323575864,1.9450910619766546
564,4,"[44, 104]",360.40268955540887,366.6873250235211,6.284635468112242
146,5,[86],361.1737689574273,363.19407539419666,2.020306436769374
147,5,[105],361.4986747510797,363.5230481104284,2.024373359348715
148,5,[18],361.90501323575864,363.8501042977353,1.9450910619766546
149,5,[86],363.19407539419666,365.21438183096603,2.020306436769374
57,5,"[101, 64]",363.8501042977353,369.9672725337608,6.11716823602552
61,5,"[18, 105, 42]",363.8501042977353,368.48662777747796,4.636523479742664
554,4,"[63, 77]",364.9556261248474,373.5870677529718,8.631441628124378
55,5,[86],365.21438183096603,369.0713302242273,3.856948393261291
1636,2,"[31, 13, 24]",366.28045782984225,374.18467732853344,7.904219498691191
566,4,"[44, 104]",366.6873250235211,378.5999924143401,11.912667390818967
56,5,[18],368.48662777747796,372.19998319213187,3.713355414653904
58,5,[86],369.0713302242273,373.846599705207,4.775269480979659
59,5,[105],369.9672725337608,375.2122395847015,5.244967050940659
610,3,"[136, 6]",371.7239846922761,418.4231671346564,46.699182442380334
60,5,[18],372.19998319213187,377.2395370293889,5.039553837257017
567,4,"[63, 77]",373.5870677529718,385.90384435177407,12.316776598802278
47,5,"[82, 86]",373.846599705207,374.60711949970613,0.760519794499146
1641,2,"[31, 13, 24]",374.18467732853344,382.9132636865595,8.728586358026064
158,5,"[82, 86]",374.60711949970613,375.74789921978646,1.1407797200803316
159,5,"[105, 42]",375.2122395847015,376.37812636202096,1.1658867773194856
160,5,"[82, 86]",375.74789921978646,376.8886789398668,1.1407797200803316
161,5,"[105, 42]",376.37812636202096,377.54401313934045,1.1658867773194856
162,5,"[82, 86]",376.8886789398668,378.0294586599471,1.1407797200803316
163,5,"[18, 101]",377.2395370293889,378.38218279760974,1.1426457682208593
105,5,[105],377.54401313934045,383.1570481535756,5.613035014235152
2396,0,[],377.559567502841,377.559567502841,0.0
2401,5,"[82, 86]",378.0294586599471,379.29382284025894,1.2643641803118157
2397,5,"[18, 19]",378.38218279760974,379.8668547395369,1.4846719419271608
568,4,"[44, 104]",378.5999924143401,390.51265980515905,11.912667390818967
569,4,"[12, 57]",378.5999924143401,391.4231561460206,12.823163731680495
2399,5,"[64, 95]",379.29382284025894,380.09354281144437,0.799719971185425
2398,5,"[19, 119]",379.8668547395369,381.01776979033605,1.1509150507991421
83,5,"[18, 82]",380.09354281144437,381.5862001782616,1.492657366817241
2400,5,"[86, 19]",381.01776979033605,382.1285919820136,1.1108221916775278
111,5,"[18, 82]",381.5862001782616,383.26543953521207,1.6792393569504611
53,5,[86],382.1285919820136,382.58775252587276,0.45916054385918414
86,5,[42],382.58775252587276,383.3839706579993,0.7962181321265689
1633,2,"[31, 13, 24, 60, 120]",382.9132636865595,397.7923415360898,14.87907784953029
88,5,[101],383.1570481535756,384.083074524618,0.9260263710423828
89,5,[18],383.26543953521207,384.1495718169475,0.8841322817354467
112,5,[82],383.3839706579993,384.27237928987097,0.8884086318716413
48,5,[86],384.083074524618,384.8177314057399,0.7346568811219072
49,5,[18],384.1495718169475,384.85687765287554,0.7073058359280253
50,5,[82],384.27237928987097,384.9831062059589,0.7107269160879355
51,5,[86],384.8177314057399,385.5523882868618,0.7346568811219072
54,5,[18],384.85687765287554,385.56418348880356,0.7073058359280253
1634,2,"[103, 100, 2]",384.9752238575458,397.0082342737091,12.033010416163279
1635,2,"[29, 48, 78]",384.9752238575458,398.24422152715107,13.268997669605255
72,5,[82],384.9831062059589,386.00477611143,1.0216699054710716
73,5,[18],385.56418348880356,386.58093559171994,1.0167521029163709
74,5,[42],385.56418348880356,386.62889374197965,1.064710253176088
570,4,"[63, 77]",385.90384435177407,398.22062095057635,12.316776598802278
75,5,[82],386.00477611143,387.02644601690105,1.0216699054710716
52,5,[18],386.58093559171994,387.4650678734554,0.8841322817354467
150,5,"[86, 105]",386.62889374197965,388.95119562516743,2.3223018831877766
151,5,"[82, 42]",387.02644601690105,389.31714704785804,2.2907010309569955
152,5,"[18, 101]",387.4650678734554,389.75035940989704,2.2852915364416617
153,5,"[86, 105]",388.95119562516743,391.2734975083552,2.3223018831877766
154,5,"[82, 42]",389.31714704785804,391.60784807881504,2.2907010309569955
155,5,"[18, 101]",389.75035940989704,392.0356509463387,2.2852915364416617
555,4,"[44, 104]",390.51265980515905,406.6463520325597,16.133692227400672
156,5,"[86, 105]",391.2734975083552,393.595799391543,2.3223018831877766
556,4,"[12, 57]",391.4231561460206,408.78996160119044,17.366805455169867
157,5,"[82, 42]",391.60784807881504,393.89854910977203,2.2907010309569955
76,5,[18],392.0356509463387,393.3618493689418,1.3261984226031132
77,5,[18],393.3618493689418,394.77646104079787,1.4146116718560506
78,5,[101],393.595799391543,395.07744160728896,1.4816422157459783
79,5,[82],393.89854910977203,395.32000294194796,1.4214538321759278
80,5,[18],394.77646104079787,396.1910727126539,1.4146116718560506
81,5,[42],395.07744160728896,396.5587776644926,1.4813360572036345
82,5,[82],395.32000294194796,396.7414567741239,1.4214538321759278
62,5,"[18, 86]",396.1910727126539,402.16547854375466,5.974405831100739
110,5,[42],396.5587776644926,398.68819817084477,2.129420506352176
84,5,"[82, 101]",396.7414567741239,397.64828430967094,0.9068275355470519
1639,2,"[103, 100, 2]",397.0082342737091,411.37174857236266,14.36351429865357
85,5,[82],397.64828430967094,398.4922724993583,0.8439881896873658
1640,2,"[31, 13, 24]",397.7923415360898,426.74215147701335,28.949809940923558
612,4,"[131, 109]",398.22062095057635,444.0541798535661,45.83355890298975
351,5,"[105, 64]",398.4922724993583,407.6385636268098,9.14629112745149
350,5,"[19, 95]",398.68819817084477,408.3904301869331,9.702232016088317
1525,5,"[18, 82]",402.16547854375466,407.2031971706643,5.037718626909623
565,4,"[44, 104]",406.6463520325597,434.7865134351967,28.140161402636977
87,5,"[18, 82]",407.2031971706643,410.18851190429876,2.985314733634482
365,5,"[105, 64]",407.6385636268098,410.19559110760565,2.5570274807958526
370,5,"[19, 95]",408.3904301869331,410.99102841503384,2.6005982281007505
557,4,"[63, 77]",408.78996160119044,450.0075217043969,41.21756010320644
164,0,[],410.18851190429876,410.18851190429876,0.0
190,5,"[18, 82]",410.18851190429876,410.58966357232595,0.4011516680271825
192,0,[],410.18851190429876,410.18851190429876,0.0
181,5,"[86, 105]",410.19559110760565,410.81487157133904,0.6192804637333893
208,5,"[18, 82]",410.58966357232595,411.2427011494563,0.6530375771303625
165,5,"[86, 105]",410.81487157133904,411.6857346621845,0.8708630908454325
170,5,"[19, 95]",410.99102841503384,411.98125624774787,0.9902278327140266
171,5,"[18, 82]",411.2427011494563,412.166282890309,0.9235817408526827
191,5,"[86, 105]",411.6857346621845,412.6727129048643,0.986978242679811
178,5,"[19, 95]",411.98125624774787,413.17153015304046,1.1902739052925995
179,5,"[18, 82]",412.166282890309,413.2764468437182,1.1101639534091987
180,5,"[86, 105]",412.6727129048643,413.82418759822406,1.1514746933597735
167,5,"[18, 82]",413.2764468437182,414.4705726926873,1.1941258489691222
222,5,"[19, 95]",413.2764468437182,414.67676899405785,1.4003221503396617
215,5,"[105, 64]",413.82418759822406,414.41427090811504,0.5900833098909857
216,5,"[105, 64]",414.41427090811504,415.00435421800603,0.5900833098909857
196,5,"[119, 134]",414.4705726926873,415.1766003045804,0.7060276118930915
197,5,"[19, 95]",414.67676899405785,415.3769300692277,0.7001610751698308
198,5,"[105, 64]",415.00435421800603,415.6927847071325,0.6884304891264605
199,5,"[119, 134]",415.1766003045804,415.8826279164735,0.7060276118930915
212,5,"[19, 95]",415.3769300692277,416.0770911443975,0.7001610751698308
213,5,"[105, 64]",415.6927847071325,416.38121519625895,0.6884304891264605
223,5,"[18, 82]",415.8826279164735,417.1887030707342,1.306075154260725
207,5,"[19, 95]",416.0770911443975,417.0773212688168,1.0002301244192608
175,5,"[86, 105]",416.38121519625895,418.07456025212923,1.6933450558702816
188,5,"[18, 82]",417.1887030707342,418.89592994862795,1.7072268778937314
193,5,"[64, 19]",417.1887030707342,418.2880295189758,1.0993264482415839
194,5,"[105, 95]",418.07456025212923,419.15727705321746,1.0827168010882247
195,5,"[64, 19]",418.2880295189758,419.3873559672174,1.0993264482415839
201,5,"[119, 134]",418.89592994862795,420.207124059236,1.311194110608028
202,5,"[105, 95]",419.15727705321746,420.436851379835,1.279574326617535
203,5,"[64, 19]",419.3873559672174,420.6865598756889,1.2992039084714975
204,5,"[119, 134]",420.207124059236,421.518318169844,1.311194110608028
205,5,"[105, 95]",420.436851379835,421.7164257064525,1.279574326617535
189,5,"[18, 82]",420.6865598756889,422.5150651583809,1.8285052826919923
206,5,"[64, 19]",421.518318169844,423.11733844736483,1.5990202775208218
218,5,"[86, 105]",421.7164257064525,424.0387275896403,2.3223018831877766
219,5,"[18, 82]",422.5150651583809,424.75405126421253,2.238986105831657
220,5,"[19, 95]",423.11733844736483,425.5178908413605,2.4005523939956674
221,5,"[86, 105]",424.0387275896403,426.3610294728281,2.3223018831877766
200,5,"[64, 119]",424.75405126421253,426.55443789142186,1.8003866272093205
209,5,"[18, 82]",425.5178908413605,428.0367501548153,2.5188593134548114
224,5,"[86, 105]",426.3610294728281,429.1671442291216,2.806114756293539
182,5,"[19, 95]",426.55443789142186,427.5146587894018,0.9602208979799229
183,5,"[19, 95]",427.5146587894018,428.4748796873817,0.9602208979799229
168,5,"[18, 82]",428.0367501548153,428.87636983329054,0.8396196784752306
217,5,"[19, 95]",428.4748796873817,429.47510981180096,1.0002301244192608
214,5,"[18, 82]",428.87636983329054,429.8092806736499,0.9329108403593409
173,5,"[86, 105]",429.1671442291216,430.8604892849919,1.6933450558702816
184,5,"[19, 95]",429.47510981180096,431.88566449750186,2.4105546857009017
185,5,"[18, 82]",429.8092806736499,432.7199623888078,2.9106817151579207
176,5,"[86, 105]",430.8604892849919,431.6829711923417,0.8224819073498111
169,5,"[86, 105]",431.6829711923417,435.9018195750162,4.21884838267448
186,5,"[19, 95]",431.88566449750186,435.0063823712228,3.1207178737209347
166,5,"[18, 82]",432.7199623888078,436.78745377733145,4.067491388523649
558,4,"[44, 104]",434.7865134351967,474.65173955436956,39.86522611917286
371,5,"[64, 19]",435.0063823712228,437.6047901881658,2.598407816942995
174,5,"[86, 105]",435.9018195750162,436.9178265623984,1.016006987382184
172,5,"[18, 82]",436.78745377733145,437.7670101152241,0.9795563378926317
177,5,"[86, 105]",436.9178265623984,437.7403084697482,0.8224819073498111
367,5,"[19, 95]",437.7403084697482,441.34113658379476,3.6008281140465783
369,5,"[105, 64]",437.7403084697482,441.182460974,3.442152504251794
187,5,"[18, 82]",437.7670101152241,445.54748666617166,7.780476550947583
364,5,"[105, 64]",441.182460974,445.4113913810918,4.228930407091809
366,5,"[19, 95]",441.34113658379476,446.2422642888386,4.901127705043848
559,4,"[12, 57]",444.0541798535661,486.9663425922485,42.91216273868241
657,0,[],444.0541798535661,444.0541798535661,0.0
658,5,"[18, 82]",445.54748666617166,447.7864727720033,2.238986105831657
659,5,"[86, 105]",445.54748666617166,447.86978854935944,2.3223018831877766
660,5,"[42, 101]",446.2422642888386,448.5814576953396,2.3391934065010105
661,5,"[18, 82]",447.7864727720033,450.025458877835,2.238986105831657
662,5,"[86, 105]",447.86978854935944,450.1920904325472,2.3223018831877766
663,5,"[42, 101]",448.5814576953396,450.92065110184063,2.3391934065010105
560,4,"[63, 77]",450.0075217043969,491.2250818076033,41.21756010320644
368,5,"[105, 64]",450.1920904325472,455.50284010432694,5.310749671779718
372,5,"[19, 95]",450.1920904325472,455.6933561168533,5.501265684306077
664,0,[],450.92065110184063,450.92065110184063,0.0
665,5,"[18, 82]",450.92065110184063,453.1596372076723,2.238986105831657
666,5,"[18, 82]",453.1596372076723,455.39862331350395,2.238986105831657
667,5,"[18, 82]",455.39862331350395,457.6376094193356,2.238986105831657
668,5,"[86, 105]",455.50284010432694,457.8251419875147,2.3223018831877766
669,5,"[42, 101]",455.6933561168533,458.0325495233543,2.3391934065010105
671,5,"[18, 82]",457.6376094193356,459.87659552516726,2.238986105831657
672,5,"[86, 105]",457.8251419875147,460.1474438707025,2.3223018831877766
210,5,"[18, 82]",459.87659552516726,473.6836752507307,13.807079725563426
211,5,"[86, 105]",460.1474438707025,474.468304176394,14.320860305691497
363,5,"[64, 19]",460.1474438707025,466.54352498078583,6.396081110083344
1524,5,"[42, 101]",466.54352498078583,472.3915082646604,5.847983283874555
352,5,"[64, 19]",472.3915082646604,483.2848333617117,10.893325097051331
453,5,"[18, 82]",473.6836752507307,477.2287363996114,3.545061148880734
670,5,"[86, 105]",474.468304176394,480.9997779633221,6.531473786928132
561,4,"[44, 104]",474.65173955436956,514.5169656735425,39.86522611917292
353,5,"[95, 119]",477.2287363996114,490.2425001149576,13.013763715346158
673,0,[],480.9997779633221,480.9997779633221,0.0
686,5,"[18, 82]",480.9997779633221,481.55952448978,0.5597465264579
682,5,"[18, 82]",481.55952448978,482.4457897770002,0.8862652872201693
684,5,"[18, 82]",482.4457897770002,483.33205506422036,0.8862652872201693
676,5,"[18, 82]",483.33205506422036,484.3582570108579,1.0262019466375705
677,5,"[86, 105]",483.33205506422036,484.3964434081231,1.064388343902749
678,5,"[18, 82]",484.3582570108579,485.66433216511865,1.306075154260725
693,5,"[86, 105]",484.3964434081231,485.75111942974934,1.3546760216262328
691,5,"[18, 82]",485.66433216511865,487.1569895319359,1.492657366817241
687,5,"[86, 105]",485.75111942974934,487.396083244449,1.644963814699679
562,4,"[12, 57]",486.9663425922485,529.8785053309309,42.91216273868241
679,5,"[18, 82]",487.1569895319359,488.9295201063763,1.7725305744403954
680,5,"[86, 105]",487.396083244449,489.234572139181,1.838488894731995
685,5,"[18, 82]",488.9295201063763,490.88863278216155,1.9591126757852635
674,5,"[86, 105]",489.234572139181,491.3149675858159,2.0803954466348955
675,5,"[42, 101]",490.2425001149576,492.33802755129716,2.09552743633958
683,5,"[18, 82]",490.88863278216155,493.26755538059314,2.3789225984315863
563,4,"[63, 77]",491.2250818076033,532.4426419108098,41.217560103206495
681,5,"[86, 105]",491.3149675858159,493.87917590555656,2.5642083197406578
226,5,"[18, 42]",493.26755538059314,510.50072242654943,17.233167045956293
390,5,"[82, 101]",493.26755538059314,499.09034269613863,5.822787315545497
1522,5,"[86, 105]",493.87917590555656,502.58780762146074,8.708631715904176
1523,5,"[82, 101]",499.09034269613863,507.6813405091241,8.59099781298545
354,5,"[105, 64]",502.58780762146074,518.520057105756,15.932249484295255
225,5,"[86, 101]",507.6813405091241,542.8204005617555,35.13906005263141
355,5,"[19, 95]",510.50072242654943,531.7056018273532,21.204879400803804
356,5,"[105, 64]",518.520057105756,544.5820689236625,26.062011817906523
357,5,"[19, 95]",531.7056018273532,559.9120920990921,28.206490271738858
227,0,[],542.8204005617555,542.8204005617555,0.0
228,5,"[119, 134]",542.8204005617555,543.728150279769,0.9077497180135197
240,0,[],542.8204005617555,542.8204005617555,0.0
229,5,"[119, 134]",543.728150279769,544.6358999977825,0.9077497180135197
230,5,"[105, 64]",544.5820689236625,545.46719377126,0.8851248475974671
231,5,"[119, 134]",544.6358999977825,545.543649715796,0.9077497180135197
236,5,"[105, 64]",545.46719377126,546.3523186188575,0.8851248475974671
237,5,"[119, 134]",545.543649715796,546.4513994338096,0.9077497180135197
238,5,"[105, 64]",546.3523186188575,547.2374434664549,0.8851248475974671
239,5,"[119, 134]",546.4513994338096,547.3591491518231,0.9077497180135197
246,5,"[105, 64]",547.2374434664549,548.4176100862369,1.1801666197819713
249,5,"[119, 134]",547.3591491518231,549.0737877151436,1.7146385633204773
241,5,[18],548.4176100862369,549.9206350073458,1.5030249211089313
281,5,"[86, 105]",549.0737877151436,550.8155138968344,1.741726181690865
282,5,"[18, 42]",549.9206350073458,551.634430430156,1.7137954228102217
283,5,"[86, 105]",550.8155138968344,552.5572400785253,1.741726181690865
284,5,"[18, 42]",551.634430430156,553.3482258529663,1.7137954228102217
285,5,"[86, 105]",552.5572400785253,554.2989662602162,1.741726181690865
286,5,"[18, 42]",553.3482258529663,555.0620212757765,1.7137954228102217
287,5,"[86, 105]",554.2989662602162,556.040692441907,1.741726181690865
260,5,[64],555.0620212757765,555.7736723034277,0.7116510276512145
250,5,"[64, 119]",555.7736723034277,558.1741881243332,2.4005158209055253
251,5,"[105, 134]",556.040692441907,558.7179808397449,2.677288397837856
262,5,[64],558.1741881243332,559.9770373717603,1.8028492474270479
263,5,[105],558.7179808397449,560.4663032266227,1.7483223868778168
244,5,[19],559.9120920990921,562.0970211055068,2.184929006414677
245,5,[64],559.9770373717603,562.1594338113119,2.182396439551667
278,5,[105],560.4663032266227,563.5948802564693,3.1285770298466105
279,5,[19],562.0970211055068,565.3269163160261,3.2298952105193166
259,5,"[64, 95]",562.1594338113119,564.7585235836011,2.599089772289176
243,5,"[18, 82]",563.5948802564693,571.7112043896567,8.11632413318739
261,5,[105],564.7585235836011,566.2768035482662,1.518279964665112
271,5,"[42, 101]",565.3269163160261,566.204113727275,0.8771974112488579
272,5,"[42, 101]",566.204113727275,567.0813111385238,0.8771974112488579
280,5,"[19, 119]",566.2768035482662,567.4777584565027,1.2009549082364401
232,5,"[105, 64]",567.0813111385238,571.1135468354275,4.03223569690374
233,5,"[19, 95]",567.4777584565027,571.5787018712324,4.100943414729727
234,5,"[105, 64]",571.1135468354275,575.1457825323313,4.03223569690374
235,5,"[19, 95]",571.5787018712324,575.6796452859621,4.100943414729727
256,5,[18],571.7112043896567,577.5464773647931,5.835272975136377
257,5,[86],575.1457825323313,581.2067016236946,6.060919091363303
258,5,[105],575.6796452859621,581.7527651446227,6.0731198586605615
247,5,[64],577.5464773647931,584.3783265968074,6.831849232014292
248,5,[19],581.2067016236946,588.0464788905356,6.839777266840997
277,5,"[18, 82]",581.7527651446227,585.2978262935035,3.545061148880791
242,5,[86],584.3783265968074,593.1023769301319,8.724050333324499
252,5,[18],585.2978262935035,587.3313304993362,2.0335042058327417
265,5,[18],587.3313304993362,590.6910331277721,3.3597026284359117
266,5,[82],588.0464788905356,591.4224316492852,3.375952758749577
267,5,[18],590.6910331277721,594.050735756208,3.3597026284359117
268,5,[82],591.4224316492852,594.7983844080347,3.375952758749577
269,5,[42],593.1023769301319,596.6205499694184,3.51817303928658
270,5,[18],594.050735756208,597.410438384644,3.3597026284359117
264,5,[82],594.7983844080347,598.2631783688724,3.46479396083771
255,5,[86],596.6205499694184,599.9265055786818,3.3059556092633784
253,5,[18],597.410438384644,600.6817276584302,3.2712892737862376
288,5,[82],598.2631783688724,601.8168128963589,3.5536345274864516
289,5,[86],599.9265055786818,603.5997899295553,3.673284350873473
273,5,"[18, 42]",600.6817276584302,604.2997405077523,3.618012849322099
274,5,"[82, 101]",601.8168128963589,605.4441230385471,3.6273101421882075
254,5,[86],603.5997899295553,606.630249475237,3.0304595456816514
275,5,"[18, 42]",604.2997405077523,605.1566382191575,0.8568977114051677
358,5,"[105, 64]",605.1566382191575,641.7418027289635,36.58516450980608
276,5,"[18, 82]",605.4441230385471,606.2837427170224,0.8396196784752874
688,5,"[18, 82]",606.2837427170224,653.1625124450782,46.87876972805577
290,0,[],606.630249475237,606.630249475237,0.0
291,0,[],606.630249475237,606.630249475237,0.0
292,5,"[86, 19]",606.630249475237,607.6132779675953,0.9830284923583577
295,5,"[86, 19]",607.6132779675953,608.5963064599537,0.9830284923583577
294,5,"[86, 19]",608.5963064599537,609.7759406976581,1.1796342377044766
300,5,"[86, 19]",609.7759406976581,611.5453918198427,1.7694511221845914
301,5,"[86, 19]",611.5453918198427,613.3148429420273,1.7694511221845914
293,5,"[86, 19]",613.3148429420273,615.379202682231,2.064359740203713
296,5,"[86, 19]",615.379202682231,617.6401681677809,2.260965485549832
297,5,"[86, 19]",617.6401681677809,619.9011336533307,2.260965485549832
298,5,"[86, 19]",619.9011336533307,622.1620991388805,2.260965485549832
299,5,"[86, 19]",622.1620991388805,624.4230646244304,2.260965485549832
302,0,[],624.4230646244304,624.4230646244304,0.0
304,5,"[86, 19]",624.4230646244304,629.9280240878885,5.504959463458135
303,5,"[86, 19]",629.9280240878885,639.6600057872411,9.73198169935256
305,5,"[86, 19]",639.6600057872411,654.1105234999227,14.45051771268163
306,5,"[105, 95]",641.7418027289635,656.2108349034703,14.469032174506765
307,5,"[18, 82]",653.1625124450782,666.8763007307284,13.713788285650253
308,5,"[86, 19]",654.1105234999227,668.5610412126043,14.45051771268163
689,5,"[105, 42]",656.2108349034703,705.032341763731,48.82150686026068
692,5,"[18, 82]",666.8763007307284,713.7550704587841,46.87876972805566
309,0,[],668.5610412126043,668.5610412126043,0.0
315,5,"[86, 19]",668.5610412126043,669.5440697049627,0.9830284923583577
313,5,"[86, 19]",669.5440697049627,674.3609094112677,4.816839706305018
312,5,"[86, 19]",674.3609094112677,679.9641716302127,5.603262218945019
314,5,"[86, 19]",679.9641716302127,685.7640398288762,5.799868198663489
310,5,"[86, 19]",685.7640398288762,711.5193870786575,25.755347249781266
311,5,"[105, 95]",705.032341763731,730.8206875816555,25.78834581792455
690,5,"[18, 82]",713.7550704587841,761.6600406877261,47.904970228942034
2120,5,"[42, 101]",713.7550704587841,748.453103122554,34.698032663769936
2126,5,"[42, 101]",748.453103122554,749.8176325322203,1.364529409666261
2127,5,"[19, 119]",748.453103122554,749.8542171026271,1.4011139800730916
2128,5,"[42, 101]",749.8176325322203,751.1821619418865,1.364529409666261
2129,5,"[19, 119]",749.8542171026271,751.2553310827002,1.4011139800730916
2130,5,"[42, 101]",751.1821619418865,752.5466913515528,1.364529409666261
711,0,[],761.6600406877261,761.6600406877261,0.0
712,5,"[19, 95]",761.6600406877261,763.2003950411761,1.5403543534499704
713,5,"[18, 82]",761.6600406877261,762.7142299328837,1.054189245157545
714,5,"[86, 105]",761.6600406877261,762.9469829717135,1.2869422839874005
715,0,[],763.2003950411761,763.2003950411761,0.0
716,0,[],763.2003950411761,763.2003950411761,0.0
759,5,"[18, 82]",763.2003950411761,764.0400147196514,0.8396196784752874
813,5,"[86, 105]",763.2003950411761,764.0712581320215,0.8708630908454325
853,5,"[19, 95]",763.2003950411761,764.1006020696877,0.9002070285116588
855,5,"[18, 82]",764.0400147196514,764.8796343981267,0.8396196784752874
737,5,"[86, 105]",764.0712581320215,765.038883878233,0.9676257462115245
782,5,"[19, 95]",764.1006020696877,765.100832194107,1.0002301244193177
832,5,"[18, 82]",764.8796343981267,765.812545238486,0.9329108403593409
726,5,"[86, 105]",765.038883878233,766.1032722221357,1.0643883439026922
736,5,"[19, 95]",765.100832194107,766.2010853548156,1.1002531607085757
756,5,"[18, 82]",765.812545238486,766.8387471851236,1.0262019466375705
776,5,"[86, 105]",766.1032722221357,767.1676605660384,1.0643883439026922
790,5,"[19, 95]",766.2010853548156,767.3013385155242,1.1002531607085757
808,5,"[18, 82]",766.8387471851236,767.8649491317611,1.0262019466375705
825,5,"[86, 105]",767.1676605660384,768.2320489099411,1.0643883439026922
738,5,"[19, 95]",767.3013385155242,768.501614712522,1.2002761969978337
717,5,[18],767.8649491317611,768.3954285218817,0.530479390120604
739,5,"[82, 86]",768.2320489099411,769.3728286300214,1.1407797200803316
757,5,"[18, 105]",768.3954285218817,769.534533110585,1.139104588703276
773,5,"[19, 95]",768.501614712522,769.7018909095199,1.2002761969978337
783,5,"[82, 86]",769.3728286300214,770.5136083501018,1.1407797200803316
784,5,"[18, 105]",769.534533110585,770.6736376992883,1.139104588703276
786,5,"[19, 95]",769.7018909095199,770.9021671065177,1.2002761969978337
789,5,"[82, 86]",770.5136083501018,771.6543880701821,1.1407797200803316
793,5,"[18, 105]",770.6736376992883,771.8127422879916,1.139104588703276
797,5,"[19, 95]",770.9021671065177,772.1024433035155,1.2002761969978337
801,5,"[82, 86]",771.6543880701821,772.7951677902624,1.1407797200803316
803,5,"[18, 105]",771.8127422879916,772.9518468766948,1.139104588703276
804,5,"[19, 95]",772.1024433035155,773.3027195005134,1.2002761969978337
805,5,"[82, 86]",772.7951677902624,773.9359475103428,1.1407797200803316
810,5,"[18, 105]",772.9518468766948,774.0909514653981,1.139104588703276
821,5,"[19, 95]",773.3027195005134,774.5029956975112,1.2002761969978337
826,5,"[82, 86]",773.9359475103428,775.0767272304231,1.1407797200803316
833,5,"[18, 105]",774.0909514653981,775.2300560541014,1.139104588703276
835,5,"[19, 95]",774.5029956975112,775.703271894509,1.2002761969978337
841,5,"[82, 86]",775.0767272304231,776.2175069505034,1.1407797200803316
843,5,"[18, 105]",775.2300560541014,776.3691606428047,1.139104588703276
859,5,"[19, 95]",775.703271894509,776.9035480915069,1.2002761969978337
866,5,"[82, 86]",776.2175069505034,777.3582866705838,1.1407797200803316
761,5,"[18, 105]",776.3691606428047,777.6031905196,1.2340298767953755
772,5,"[19, 95]",776.9035480915069,778.2038472055573,1.3002991140504037
774,5,"[82, 86]",777.3582866705838,778.5941312728988,1.235844602315069
814,5,"[18, 105]",777.6031905196,778.8372203963954,1.2340298767953755
819,5,"[19, 95]",778.2038472055573,779.5041463196077,1.3002991140504037
820,5,"[82, 86]",778.5941312728988,779.8299758752139,1.235844602315069
822,5,"[18, 105]",778.8372203963954,780.0712502731908,1.2340298767953755
829,5,"[19, 95]",779.5041463196077,780.8044454336581,1.3002991140504037
837,5,"[82, 86]",779.8299758752139,781.065820477529,1.235844602315069
838,5,"[18, 105]",780.0712502731908,781.3052801499862,1.2340298767953755
839,5,"[19, 95]",780.8044454336581,782.1047445477085,1.3002991140504037
760,5,"[82, 86]",781.065820477529,782.3967300754051,1.3309095978761434
827,5,"[18, 105]",781.3052801499862,782.6342354280334,1.3289552780472604
828,5,"[19, 95]",782.1047445477085,783.5050666980482,1.4003221503396617
854,5,"[82, 86]",782.3967300754051,783.7276396732813,1.3309095978761434
775,5,"[18, 105]",782.6342354280334,784.0581161073326,1.4238806792991454
794,5,"[19, 95]",783.5050666980482,785.0054118846771,1.5003451866289197
807,5,"[82, 86]",783.7276396732813,785.1536142667185,1.4259745934372177
834,5,"[18, 105]",784.0581161073326,785.4819967866317,1.4238806792991454
719,5,"[19, 95]",785.1536142667185,786.7539824896367,1.6003682229181777
858,5,"[82, 86]",785.1536142667185,786.5795888601557,1.4259745934372177
729,5,"[18, 105]",785.4819967866317,787.0008028671829,1.518806080551144
740,5,"[82, 86]",786.5795888601557,788.100628449154,1.521039588998292
788,5,"[19, 95]",786.7539824896367,788.3543507125548,1.6003682229181777
815,5,"[18, 105]",787.0008028671829,788.519608947734,1.518806080551144
845,5,"[82, 86]",788.100628449154,789.6216680381523,1.521039588998292
846,5,"[18, 105]",788.519608947734,790.0384150282852,1.518806080551144
861,5,"[19, 95]",788.519608947734,790.1199771706522,1.6003682229181777
862,5,"[82, 86]",789.6216680381523,791.1427076271506,1.521039588998292
758,5,"[18, 105]",790.0384150282852,791.6521465100882,1.613731481803029
755,5,"[19, 95]",790.1199771706522,791.9203912276755,1.8004140570233176
781,5,"[82, 86]",791.1427076271506,792.8538769806185,1.7111693534678807
817,5,"[18, 105]",791.6521465100882,793.3608031668234,1.7086566567352293
856,5,"[19, 95]",791.9203912276755,793.7208052846988,1.8004140570233176
857,5,"[82, 86]",792.8538769806185,794.5650463340863,1.7111693534678807
865,5,"[18, 105]",793.3608031668234,795.0694598235586,1.7086566567352293
806,5,"[19, 95]",793.7208052846988,795.7212655335373,2.0004602488385217
868,5,"[82, 86]",794.5650463340863,796.4663457920027,1.901299457916366
824,5,"[18, 105]",795.0694598235586,797.0628926840496,1.9934328604909979
844,5,"[19, 95]",795.7212655335373,797.8217486994284,2.1004831658910916
867,5,"[82, 86]",796.4663457920027,798.5577752410412,2.0914294490385146
728,5,"[18, 105]",797.0628926840496,799.2461763470444,2.183283662994768
798,5,"[19, 95]",797.8217486994284,800.122277937898,2.3005292384696077
816,5,"[82, 86]",798.5577752410412,800.7442695723145,2.186494331273252
830,5,"[18, 105]",799.2461763470444,801.524385524451,2.278209177406552
831,5,"[19, 95]",800.122277937898,802.5228303318937,2.4005523939956674
860,5,"[82, 86]",800.7442695723145,803.311023885832,2.5667543135175492
764,5,"[18, 105]",801.524385524451,804.1822960805455,2.657910556094521
780,5,"[19, 95]",802.5228303318937,805.423497788099,2.9006674562052694
718,5,"[82, 86]",803.311023885832,804.0715436803312,0.760519794499146
727,5,"[82, 86]",804.0715436803312,805.0221934092893,0.950649728958183
741,5,"[18, 105]",804.1822960805455,807.4097590441515,3.227462963606058
791,5,"[82, 86]",805.0221934092893,806.0679081338086,1.0457147245192573
840,5,"[19, 95]",805.423497788099,806.5237509488076,1.1002531607085757
792,5,"[82, 86]",806.0679081338086,807.4938827272458,1.4259745934372177
802,5,"[19, 95]",806.5237509488076,807.7240271458054,1.2002761969978337
823,5,"[18, 105]",807.4097590441515,808.5488636328548,1.139104588703276
787,5,"[82, 86]",807.4938827272458,808.7297273295609,1.235844602315069
847,5,"[19, 95]",807.7240271458054,808.9243033428032,1.2002761969978337
848,5,"[18, 105]",808.5488636328548,809.6879682215581,1.139104588703276
850,5,"[82, 86]",808.7297273295609,809.8705070496412,1.1407797200803316
851,5,"[19, 95]",808.9243033428032,810.1245795398011,1.2002761969978337
777,5,"[18, 105]",809.6879682215581,811.0169234996054,1.3289552780472604
778,5,"[82, 86]",809.8705070496412,811.2014166475174,1.3309095978761434
779,5,"[19, 95]",810.1245795398011,811.5249016901407,1.4003221503396617
720,5,"[18, 105]",811.0169234996054,812.2509533764007,1.2340298767953755
849,5,"[82, 86]",811.2014166475174,812.4372612498324,1.235844602315069
799,5,"[19, 95]",811.5249016901407,812.6251548508493,1.1002531607085757
721,5,"[18, 105]",812.2509533764007,812.8205056707524,0.569552294351638
818,5,"[82, 86]",812.4372612498324,813.6731058521475,1.235844602315069
800,5,"[19, 95]",812.6251548508493,813.8254310478471,1.2002761969978337
722,5,"[18, 105]",812.8205056707524,814.1494609487996,1.3289552780472604
730,5,"[82, 86]",813.6731058521475,815.0990804455847,1.4259745934372177
768,5,"[19, 95]",813.8254310478471,815.325776234476,1.5003451866289197
723,5,"[18, 105]",814.1494609487996,814.8139385878233,0.6644776390236302
724,5,"[18, 105]",814.8139385878233,815.7631923740227,0.9492537861993924
731,5,"[82, 86]",815.0990804455847,815.6694703056248,0.5703898600401089
752,5,"[82, 86]",815.6694703056248,819.6621989859271,3.9927286803023208
725,5,"[19, 95]",815.7631923740227,816.5633764854817,0.8001841114590889
732,5,"[18, 105]",815.7631923740227,817.2819984545738,1.518806080551144
852,5,"[19, 95]",816.5633764854817,818.5638367343203,2.0004602488385217
733,5,"[18, 105]",817.2819984545738,817.9464760935974,0.6644776390236302
734,5,"[18, 105]",817.9464760935974,819.1805059703928,1.2340298767953755
742,5,"[19, 95]",818.5638367343203,820.0641819209492,1.5003451866289197
735,5,"[18, 105]",819.1805059703928,819.9399090106683,0.7594030402755152
762,5,"[82, 86]",819.6621989859271,821.9437584260878,2.281559440160663
753,5,"[18, 105]",819.9399090106683,821.7434911818153,1.8035821711470135
767,5,"[19, 95]",820.0641819209492,822.3647111594188,2.3005292384696077
842,5,"[18, 105]",821.7434911818153,826.6796106889966,4.9361195071812745
763,5,"[82, 86]",821.9437584260878,824.1302527573611,2.186494331273252
769,5,"[19, 95]",822.3647111594188,825.2653786156241,2.9006674562052694
795,5,"[82, 86]",824.1302527573611,827.3624619264799,3.232209169118846
754,5,"[19, 95]",825.2653786156241,829.4663449474062,4.200966331782183
743,5,"[18, 105]",826.6796106889966,831.8055812250016,5.125970536004957
796,5,"[82, 86]",827.3624619264799,831.4502559423221,4.087794015842178
765,5,"[19, 95]",829.4663449474062,834.0674034243456,4.601058476939329
770,5,"[82, 42]",831.4502559423221,833.1682814879791,1.7180255456570421
744,5,"[18, 86]",831.8055812250016,834.5557045512573,2.750123326255789
771,5,"[82, 105]",833.1682814879791,834.500507136685,1.332225648705844
766,5,"[19, 95]",834.0674034243456,835.767794683553,1.7003912592074357
863,5,"[82, 42]",834.500507136685,836.218532682342,1.7180255456570421
745,5,"[18, 86]",834.5557045512573,835.8833502286973,1.3276456774399321
750,5,"[18, 101]",835.8833502286973,838.5495235365304,2.6661733078331054
785,5,"[82, 86]",836.218532682342,848.6720444943383,12.453511811996236
864,5,"[105, 19]",836.218532682342,843.0083652204987,6.789832538156702
751,5,"[18, 95]",838.5495235365304,842.2139273013679,3.664403764837516
836,5,"[18, 95]",842.2139273013679,858.4144486766452,16.200521375277276
746,5,"[105, 19]",843.0083652204987,859.638534165246,16.63016894474731
809,5,"[82, 86]",848.6720444943383,864.8330898866274,16.16104539228911
811,5,"[18, 95]",858.4144486766452,893.5155813885597,35.10113271191449
747,5,"[105, 19]",859.638534165246,860.9177779121795,1.2792437469335027
748,5,"[105, 19]",860.9177779121795,862.492231835771,1.5744539235914772
749,5,"[105, 19]",862.492231835771,864.6571059953726,2.1648741596015952
812,5,"[18, 82]",893.5155813885597,921.9693637989051,28.45378241034541
869,0,[],921.9693637989051,921.9693637989051,0.0
870,5,"[19, 95]",921.9693637989051,922.9695939233244,1.0002301244193177
872,5,"[86, 105]",921.9693637989051,922.7434644074093,0.7741006085042272
888,5,"[18, 82]",921.9693637989051,922.6224013760354,0.6530375771303625
878,5,"[18, 82]",922.6224013760354,923.5553122163948,0.9329108403593409
871,5,"[86, 105]",922.7434644074093,923.9046153490032,1.16115094159386
873,5,"[19, 95]",922.9695939233244,924.1698701203222,1.2002761969978337
874,5,"[18, 82]",923.5553122163948,924.6748052693106,1.1194930529158
875,5,"[86, 105]",923.9046153490032,925.065766290597,1.16115094159386
876,5,"[19, 95]",924.1698701203222,925.3701463173201,1.2002761969978337
877,5,"[18, 82]",924.6748052693106,925.7942983222264,1.1194930529158
879,5,"[86, 105]",925.065766290597,926.2269172321909,1.16115094159386
880,5,"[19, 95]",925.3701463173201,926.5704225143179,1.2002761969978337
881,5,"[18, 82]",925.7942983222264,926.9137913751422,1.1194930529158
882,5,"[86, 105]",926.2269172321909,927.3880681737847,1.16115094159386
883,5,"[19, 95]",926.5704225143179,927.7706987113157,1.2002761969978337
885,5,"[18, 82]",926.9137913751422,928.033284428058,1.1194930529158
884,5,"[86, 105]",927.3880681737847,928.6459815977198,1.2579134239350651
889,5,"[19, 95]",927.7706987113157,929.4710899705232,1.7003912592074357
887,5,"[18, 82]",928.033284428058,929.8991061087767,1.8658216807186818
886,5,"[86, 105]",928.6459815977198,933.5808728111189,4.934891213399055
