TaskID,StationID,Team,Start,End,Duration
0,0,[],0.0,0.0,0.0
1,0,[],0.0,0.0,0.0
316,0,[],0.0,0.0,0.0
317,2,"[82, 45]",0.0,0.936707515282192,0.936707515282192
342,0,[],0.0,0.0,0.0
373,0,[],0.0,0.0,0.0
392,0,[],0.0,0.0,0.0
416,0,[],0.0,0.0,0.0
476,0,[],0.0,0.0,0.0
484,0,[],0.0,0.0,0.0
490,0,[],0.0,0.0,0.0
542,0,[],0.0,0.0,0.0
571,0,[],0.0,0.0,0.0
581,0,[],0.0,0.0,0.0
694,0,[],0.0,0.0,0.0
890,0,[],0.0,0.0,0.0
1115,0,[],0.0,0.0,0.0
1144,3,"[55, 24]",0.0,0.9467622517329638,0.9467622517329638
1145,4,"[0, 6]",0.0,0.9508702526451087,0.9508702526451087
1154,5,"[116, 20]",0.0,0.9540570204143985,0.9540570204143985
1155,1,"[30, 158]",0.0,0.9618771659233613,0.9618771659233613
1156,2,"[86, 105]",0.0,0.9676257462115774,0.9676257462115774
1157,3,"[3, 91]",0.0,0.975799397440138,0.975799397440138
1172,4,"[48, 155]",0.0,0.9828978106166439,0.9828978106166439
1173,5,"[60, 53]",0.0,0.986856818364043,0.986856818364043
1249,1,"[18, 150]",0.0,0.8377973840808461,0.8377973840808461
1292,0,[],0.0,0.0,0.0
1426,0,[],0.0,0.0,0.0
1527,0,[],0.0,0.0,0.0
1646,0,[],0.0,0.0,0.0
1707,0,[],0.0,0.0,0.0
1781,0,[],0.0,0.0,0.0
1913,0,[],0.0,0.0,0.0
1983,0,[],0.0,0.0,0.0
2133,0,[],0.0,0.0,0.0
2231,0,[],0.0,0.0,0.0
2249,0,[],0.0,0.0,0.0
2288,0,[],0.0,0.0,0.0
2331,0,[],0.0,0.0,0.0
2425,0,[],0.0,0.0,0.0
2447,0,[],0.0,0.0,0.0
2464,0,[],0.0,0.0,0.0
2483,0,[],0.0,0.0,0.0
2496,0,[],0.0,0.0,0.0
2519,0,[],0.0,0.0,0.0
2532,0,[],0.0,0.0,0.0
2547,0,[],0.0,0.0,0.0
2552,0,[],0.0,0.0,0.0
2557,1,"[5, 22]",0.0,0.531067057041589,0.531067057041589
2558,2,"[103, 142]",0.0,0.534601887279584,0.534601887279584
2560,3,"[100, 151]",0.0,0.6346898457657175,0.6346898457657175
2562,0,[],0.0,0.0,0.0
2568,4,"[115, 72]",0.0,0.6452187853378237,0.6452187853378237
2571,5,"[41, 44]",0.0,0.650353183959027,0.650353183959027
2645,0,[],0.0,0.0,0.0
2659,0,[],0.0,0.0,0.0
2676,0,[],0.0,0.0,0.0
2689,0,[],0.0,0.0,0.0
2718,0,[],0.0,0.0,0.0
2755,0,[],0.0,0.0,0.0
2792,0,[],0.0,0.0,0.0
2816,0,[],0.0,0.0,0.0
1178,1,"[5, 22]",0.531067057041589,1.4161787836063904,0.8851117265648014
1179,2,"[103, 142]",0.534601887279584,1.425604997340275,0.8910031100606909
1180,3,"[100, 151]",0.6346898457657175,1.5413896408720338,0.9066997951063163
1181,4,"[115, 72]",0.6452187853378237,1.5669599229461584,0.9217411376083346
1192,5,"[41, 44]",0.650353183959027,1.6723367983069584,1.0219836143479313
1193,1,"[18, 150]",0.8377973840808461,1.861772013944218,1.0239746298633718
1194,2,"[82, 45]",0.936707515282192,1.9670858044254507,1.0303782891432587
1195,3,"[55, 24]",0.9467622517329638,1.988200751211795,1.041438499478831
1218,4,"[0, 6]",0.9508702526451087,1.9968275532252417,1.045957300580133
1222,5,"[116, 20]",0.9540570204143985,2.003519765616729,1.0494627452023304
1231,1,"[30, 158]",0.9618771659233613,2.0199420713719975,1.0580649054486364
1234,2,"[86, 105]",0.9676257462115774,2.0320140901143082,1.0643883439027308
1236,3,"[3, 91]",0.975799397440138,2.0491787578891607,1.0733793604490227
1238,4,"[48, 155]",0.9828978106166439,2.064085425729062,1.0811876151124182
1241,5,"[60, 53]",0.986856818364043,2.0723993420929903,1.085542523728947
1242,1,"[5, 22]",1.4161787836063904,2.38980170393038,0.9736229203239897
1246,2,"[103, 142]",1.425604997340275,2.4057084396502044,0.9801034423099295
1253,3,"[100, 151]",1.5413896408720338,2.538759437106389,0.9973697962343553
1263,4,"[115, 72]",1.5669599229461584,2.580875196291348,1.0139152733451895
1265,5,"[41, 44]",1.6723367983069584,2.69432041265489,1.0219836143479317
1266,1,"[18, 150]",1.861772013944218,2.8857466438075896,1.0239746298633716
1273,2,"[82, 45]",1.9670858044254507,2.997464093568709,1.0303782891432585
2139,3,"[55, 24]",1.988200751211795,3.029639250690626,1.041438499478831
2155,4,"[0, 6]",1.9968275532252417,3.042784853805375,1.0459573005801333
2251,5,"[116, 20]",2.003519765616729,3.1102258774523426,1.1067061118356136
2758,1,"[30, 158]",2.0199420713719975,3.1357195517369822,1.1157774803649847
2804,2,"[86, 105]",2.0320140901143082,3.154459923421744,1.1224458333074359
319,3,"[3, 91]",2.0491787578891607,3.2201380813470672,1.1709593234579065
1152,4,"[48, 155]",2.064085425729062,3.2435628453372547,1.1794774196081925
1153,5,"[60, 53]",2.0723993420929903,3.2566275711868418,1.1842282290938515
1267,1,"[5, 22]",2.38980170393038,3.451935818013558,1.062134114083178
1274,2,"[103, 142]",2.4057084396502044,3.4749122142093727,1.0692037745591683
318,3,"[100, 151]",2.538759437106389,3.717469127509785,1.1787096904033958
321,4,"[115, 72]",2.580875196291348,3.7791386312301407,1.1982634349387928
322,5,"[41, 44]",2.69432041265489,3.9021191591314066,1.2077987464765165
1116,1,"[18, 150]",2.8857466438075896,4.095898408483228,1.2101517646756381
1117,2,"[82, 45]",2.997464093568709,4.215183818769864,1.217719725201155
1118,3,"[55, 24]",3.029639250690626,4.260430132798337,1.2307908821077111
1119,4,"[0, 6]",3.042784853805375,4.278916136902989,1.236131283097614
1174,5,"[116, 20]",3.1102258774523426,4.350499958498077,1.240274081045734
1175,1,"[30, 158]",3.1357195517369822,4.386159821571474,1.2504402698344919
1176,2,"[86, 105]",3.154459923421744,4.412373347356803,1.2579134239350593
1177,3,"[3, 91]",3.2201380813470672,4.488677251489506,1.2685391701424384
1182,4,"[48, 155]",3.2435628453372547,4.521329952270672,1.277767106933417
1183,5,"[60, 53]",3.2566275711868418,4.539541388003098,1.2829138168162562
1184,1,"[5, 22]",3.451935818013558,4.6025810203423845,1.1506452023288265
1185,2,"[103, 142]",3.4749122142093727,4.633216214801932,1.1583040005925591
1226,3,"[100, 151]",3.717469127509785,4.896178817913181,1.1787096904033958
1227,4,"[115, 72]",3.7791386312301407,4.977402066168933,1.1982634349387924
1228,5,"[41, 44]",3.9021191591314066,5.109917905607923,1.2077987464765165
1229,1,"[18, 150]",4.095898408483228,5.306050173158866,1.2101517646756381
1237,2,"[82, 45]",4.215183818769864,5.432903543971019,1.217719725201155
1272,3,"[55, 24]",4.260430132798337,5.491221014906047,1.2307908821077103
706,4,"[0, 6]",4.278916136902989,5.6101344679356275,1.3312183310326384
1162,5,"[116, 20]",4.350499958498077,5.686179764331743,1.3356798058336663
1163,1,"[30, 158]",4.386159821571474,5.732787830931241,1.3466280093597671
1225,2,"[86, 105]",4.412373347356803,5.767049368983017,1.3546760216262133
1260,3,"[3, 91]",4.488677251489506,5.854796384640828,1.3661191331513223
1270,4,"[48, 155]",4.521329952270672,5.897386863699864,1.3760569114291918
1275,5,"[60, 53]",4.539541388003098,5.921140910184258,1.3815995221811601
1934,1,"[5, 22]",4.6025810203423845,5.841737416430399,1.2391563960880143
1937,2,"[103, 142]",4.633216214801932,5.88062054764373,1.247404332841798
1128,3,"[100, 151]",4.896178817913181,6.2562285105726545,1.3600496926594738
1129,4,"[115, 72]",4.977402066168933,6.360013772581436,1.3826117064125025
1130,5,"[41, 44]",5.109917905607923,6.503531894967514,1.393613989359591
1131,1,"[18, 150]",5.306050173158866,6.70237918361703,1.3963290104581638
1158,2,"[82, 45]",5.432903543971019,6.837964816894306,1.4050612729232874
1159,3,"[55, 24]",5.491221014906047,6.911364392505493,1.4201433775994454
1160,4,"[0, 6]",5.6101344679356275,7.03643984690329,1.4263053789676627
1161,5,"[116, 20]",5.686179764331743,7.117265294953341,1.4310855306215977
1166,1,"[5, 22]",5.841737416430399,7.169405006277601,1.3276675898472021
1244,1,"[30, 158]",5.841737416430399,7.28455316531544,1.4428157488850415
1262,3,"[3, 91]",5.854796384640828,7.318495480801035,1.463699096160207
1167,2,"[103, 142]",5.88062054764373,7.217125212734766,1.3365046650910362
1269,2,"[86, 105]",5.88062054764373,7.332059166961096,1.4514386193173658
1924,4,"[48, 155]",5.897386863699864,7.3913915170898745,1.4940046533900109
320,5,"[60, 53]",5.921140910184258,7.500111843095227,1.578970932910969
1124,3,"[100, 151]",6.2562285105726545,7.7069482043601685,1.450719693787514
1125,4,"[115, 72]",6.360013772581436,7.834799614730793,1.4747858421493572
1126,5,"[41, 44]",6.503531894967514,7.990053505768643,1.4865216108011285
1127,1,"[18, 150]",6.70237918361703,8.191796816966455,1.4894176333494258
1146,2,"[82, 45]",6.837964816894306,8.336696863678661,1.4987320467843546
1147,3,"[55, 24]",6.911364392505493,8.426184017850806,1.5148196253453134
1186,4,"[0, 6]",7.03643984690329,8.557832273805978,1.521392426902688
1187,5,"[116, 20]",7.117265294953341,8.64375655036287,1.5264912554095291
1188,1,"[5, 22]",7.169405006277601,8.58558378988399,1.41617878360639
1189,2,"[103, 142]",7.217125212734766,8.64273021007504,1.4256049973402742
1200,1,"[30, 158]",7.28455316531544,8.919744393251031,1.6351912279355911
1202,3,"[3, 91]",7.318495480801035,8.977354502979011,1.6588590221779764
1204,2,"[86, 105]",7.332059166961096,8.977022981660769,1.6449638146996728
1206,4,"[48, 155]",7.3913915170898745,9.062317842006388,1.6709263249165138
323,0,[],7.500111843095227,7.500111843095227,0.0
329,5,"[60, 53]",7.500111843095227,8.783025659911482,1.2829138168162553
1208,3,"[100, 151]",7.7069482043601685,9.248337899275722,1.5413896949155532
1210,4,"[115, 72]",7.834799614730793,9.401759592617005,1.5669599778862118
334,5,"[41, 44]",7.990053505768643,9.19785225224516,1.2077987464765165
1212,1,"[18, 150]",8.191796816966455,9.774303073207145,1.5825062562406895
1214,2,"[82, 45]",8.336696863678661,9.929099684324083,1.5924028206454217
1216,3,"[55, 24]",8.426184017850806,10.035679890941987,1.6094958730911806
1232,4,"[0, 6]",8.557832273805978,10.17431174864369,1.6164794748377123
1254,1,"[5, 22]",8.58558378988399,10.09027376724957,1.5046899773655795
1268,2,"[103, 142]",8.64273021007504,10.157435539664554,1.514705329589514
324,5,"[116, 20]",8.64375655036287,10.361059141615803,1.717302591252933
325,5,"[60, 53]",8.783025659911482,10.55936788590976,1.7763422259982775
2253,1,"[30, 158]",8.919744393251031,10.554935621186623,1.6351912279355911
1927,2,"[86, 105]",8.977022981660769,10.631663044594559,1.6546400629337903
1936,3,[3],8.977354502979011,9.885647335580757,0.9082928326017452
1816,4,"[99, 136]",9.062317842006388,9.32901135295582,0.26669351094943217
326,5,"[41, 44]",9.19785225224516,10.870188995174873,1.6723367429297138
1817,3,"[131, 100]",9.248337899275722,9.518997551327812,0.27065965205209075
1827,4,"[99, 136]",9.32901135295582,9.595704863905253,0.26669351094943217
1828,4,"[109, 23]",9.401759592617005,9.674192779999991,0.27243318738298683
1829,3,"[131, 100]",9.518997551327812,9.789657203379903,0.27065965205209075
1830,4,"[99, 136]",9.595704863905253,9.862398374854685,0.26669351094943217
1831,4,"[109, 23]",9.674192779999991,9.946625967382978,0.27243318738298683
1974,1,"[150, 13]",9.774303073207145,10.053809617213325,0.27950654400618014
1823,3,"[131, 100]",9.789657203379903,10.150536730486817,0.3608795271069134
1826,4,"[99, 136]",9.862398374854685,10.217989713956054,0.35559133910136964
511,3,"[151, 52]",9.885647335580757,10.348701975484076,0.4630546399033193
1680,2,"[7, 79]",9.929099684324083,10.401558689312512,0.47245900498842985
1682,4,"[109, 23]",9.946625967382978,10.40068126164542,0.4540552942624423
1684,3,"[104, 24]",10.035679890941987,10.509229522362839,0.4735496314208518
1686,1,"[22, 150]",10.09027376724957,10.544229867002484,0.4539560997529133
1822,1,"[13, 159]",10.09027376724957,10.560920593096471,0.47064682584690054
1867,3,"[131, 100]",10.150536730486817,10.601636132648554,0.45109940216173783
1854,2,"[117, 54]",10.157435539664554,10.739575857407015,0.5821403177424607
1877,4,"[115, 0]",10.17431174864369,10.735159882271436,0.5608481336277453
1878,4,"[99, 136]",10.217989713956054,10.751376735854919,0.5333870218988643
2209,3,"[151, 52]",10.348701975484076,10.904367565448226,0.5556655899641498
327,5,"[116, 20]",10.361059141615803,12.078361732868736,1.717302591252933
2212,4,"[109, 23]",10.40068126164542,10.945547636411394,0.5448663747659737
2679,2,"[7, 79]",10.401558689312512,10.96850951782723,0.5669508285147167
2680,3,"[104, 24]",10.509229522362839,11.077489102648467,0.5682595802856287
2741,1,"[22, 150]",10.544229867002484,11.088977208352294,0.5447473413498098
328,5,"[60, 53]",10.55936788590976,12.335710111908037,1.7763422259982775
891,1,"[30, 29]",10.560920593096471,11.239686008746837,0.678765415650366
1923,1,"[13, 159]",10.560920593096471,11.172761444255253,0.6118408511587816
892,3,"[131, 100]",10.601636132648554,11.23317528491994,0.6315391522713849
893,2,"[105, 39]",10.631663044594559,11.315608243335113,0.6839451987405543
1010,2,"[117, 54]",10.739575857407015,11.418739522886257,0.6791636654792423
894,4,"[99, 136]",10.751376735854919,11.373661559412103,0.6222848235571838
1011,4,"[115, 0]",10.751376735854919,11.405699521277118,0.6543227854221989
330,5,"[41, 44]",10.870188995174873,12.542525738104587,1.6723367429297138
1012,3,"[151, 52]",10.904367565448226,11.552644050272791,0.6482764848245655
1815,4,"[109, 23]",10.945547636411394,11.581225037553292,0.6356774011418977
1818,2,"[7, 79]",10.96850951782723,11.62995211354673,0.6614425957195014
1819,3,"[104, 24]",11.077489102648467,11.740458575347358,0.6629694726988902
1820,1,"[22, 150]",11.088977208352294,11.724515737183214,0.6355385288309208
1821,1,"[13, 159]",11.172761444255253,11.83166698921982,0.6589055449645667
1825,3,"[131, 100]",11.23317528491994,11.864714437191324,0.6315391522713849
1858,1,"[30, 29]",11.239686008746837,11.918451424397203,0.678765415650366
1915,2,"[105, 39]",11.315608243335113,11.999553442075667,0.6839451987405543
2203,4,"[99, 136]",11.373661559412103,11.995946382969287,0.6222848235571838
2206,4,"[115, 0]",11.405699521277118,12.060022306699317,0.6543227854221989
2677,2,"[117, 54]",11.418739522886257,12.0979031883655,0.6791636654792423
2678,3,"[151, 52]",11.552644050272791,12.200920535097357,0.6482764848245655
2722,4,"[109, 23]",11.581225037553292,12.21690243869519,0.6356774011418977
497,2,"[7, 79]",11.62995211354673,12.385886532792519,0.7559344192457882
1788,1,"[22, 150]",11.724515737183214,12.450845507611032,0.7263297704278173
1846,3,"[104, 24]",11.740458575347358,12.498137996911025,0.7576794215636671
1847,1,"[13, 159]",11.83166698921982,12.584701921795956,0.7530349325761367
1848,3,"[131, 100]",11.864714437191324,12.586473491405153,0.7217590542138286
1849,1,"[30, 29]",11.918451424397203,12.694183352767563,0.7757319283703605
1850,4,"[99, 136]",11.995946382969287,12.707129061172026,0.7111826782027393
1852,2,"[105, 39]",11.999553442075667,12.781205122738125,0.781651680662458
1853,4,"[115, 0]",12.060022306699317,12.807819799631224,0.7477974929319071
333,5,"[116, 20]",12.078361732868736,13.795664324121669,1.717302591252933
1855,2,"[117, 54]",12.0979031883655,12.874090259411966,0.7761870710464667
1859,3,"[151, 52]",12.200920535097357,12.94180796998275,0.7408874348853942
1860,4,"[109, 23]",12.21690243869519,12.943390920340619,0.7264884816454291
1862,5,"[60, 80]",12.335710111908037,13.12527512569773,0.7895650137896926
1863,2,"[7, 79]",12.385886532792519,13.141820952038307,0.7559344192457882
1876,1,"[22, 150]",12.450845507611032,13.177175278038849,0.7263297704278173
1879,3,"[104, 24]",12.498137996911025,13.255817418474692,0.7576794215636671
1891,5,"[41, 44]",12.542525738104587,13.28578654350515,0.7432608054005634
1893,1,"[13, 159]",12.584701921795956,13.337736854372093,0.7530349325761367
510,3,"[131, 100]",12.586473491405153,13.398452393786185,0.811978902381032
1005,1,"[30, 29]",12.694183352767563,13.566881736061386,0.8726983832938231
1009,4,"[99, 136]",12.707129061172026,13.507209541033085,0.8000804798610588
1034,2,"[105, 39]",12.781205122738125,13.660563227084898,0.8793581043467729
1035,4,"[115, 0]",12.807819799631224,13.649091944357586,0.8412721447263625
1784,2,"[117, 54]",12.874090259411966,13.747300678195215,0.8732104187832483
1785,3,"[151, 52]",12.94180796998275,13.77530629972856,0.8334983297458098
1875,4,"[109, 23]",12.943390920340619,13.760690428361972,0.8172995080213532
2747,5,"[60, 80]",13.12527512569773,14.0628835538361,0.9376084281383701
496,2,"[7, 79]",13.141820952038307,14.086738962015168,0.9449180099768615
504,1,"[22, 150]",13.177175278038849,14.085087477544675,0.9079121995058266
1025,3,"[104, 24]",13.255817418474692,14.202916681316397,0.9470992628417054
1824,5,"[41, 44]",13.28578654350515,14.214862536411545,0.9290759929063945
1861,1,"[13, 159]",13.337736854372093,14.279030506065894,0.9412936516938011
2721,3,"[131, 100]",13.398452393786185,14.30065119810966,0.9021988043234757
2735,4,"[99, 136]",13.507209541033085,14.3961878755397,0.888978334506616
487,1,"[30, 29]",13.566881736061386,14.633513144795199,1.0666314087338122
495,4,"[115, 0]",13.649091944357586,14.677313504103367,1.0282215597457807
939,2,"[105, 39]",13.660563227084898,14.735334295275475,1.0747710681905769
940,2,"[117, 54]",13.747300678195215,14.814557908112912,1.067257229917697
941,4,"[109, 23]",13.760690428361972,14.759612097390388,0.998921669028416
942,3,"[151, 52]",13.77530629972856,14.79402652959603,1.0187202298674691
1020,5,"[20, 157]",13.795664324121669,14.864323802218562,1.0686594780968939
1021,5,"[60, 80]",14.0628835538361,15.148535455150324,1.0856519013142236
1022,1,"[22, 150]",14.085087477544675,15.083790918647399,0.9987034411027231
1023,2,"[7, 79]",14.086738962015168,15.126148795518317,1.0394098335031483
1041,5,"[41, 44]",14.214862536411545,15.236846150759476,1.0219836143479313
1042,1,"[13, 159]",14.279030506065894,15.314453545371265,1.0354230393053712
1040,3,"[131, 100]",14.30065119810966,15.29306990437558,0.9924187062659193
1043,3,"[104, 24]",14.30065119810966,15.342460409816141,1.0418092117064806
1832,4,"[99, 136]",14.3961878755397,15.374064064691872,0.9778761891521714
1842,1,"[30, 29]",14.633513144795199,15.700144553529011,1.0666314087338122
1851,4,"[115, 0]",14.677313504103367,15.705535063849148,1.0282215597457807
1864,2,"[105, 39]",14.735334295275475,15.810105363466052,1.0747710681905769
1869,4,"[109, 23]",14.759612097390388,15.758533766418804,0.998921669028416
1872,3,"[151, 52]",14.79402652959603,15.812746759463499,1.0187202298674691
1916,2,"[117, 54]",14.814557908112912,15.881815138030609,1.067257229917697
2497,5,"[20, 157]",14.864323802218562,15.932983280315456,1.0686594780968939
2738,1,"[22, 150]",15.083790918647399,16.08249435975012,0.9987034411027231
1917,2,"[7, 79]",15.126148795518317,16.212804484463106,1.0866556889447896
947,5,"[41, 44]",15.236846150759476,16.351737386548944,1.114891235789468
948,5,"[60, 80]",15.236846150759476,16.421193700857604,1.1843475500981278
949,3,"[131, 100]",15.29306990437558,16.37570851258394,1.0826386082083612
950,1,"[13, 159]",15.314453545371265,16.444005972288206,1.1295524269169412
1037,3,"[104, 24]",15.342460409816141,16.4789795703874,1.1365191605712575
1038,4,"[99, 136]",15.374064064691872,16.4408381084896,1.0667740437977287
1039,1,"[30, 29]",15.700144553529011,16.863742474982818,1.1635979214538068
1105,4,"[115, 0]",15.705535063849148,16.827231331104635,1.121696267255487
1812,4,"[109, 23]",15.758533766418804,16.84826651595075,1.0897327495319473
1813,2,"[105, 39]",15.810105363466052,16.982582913578533,1.1724775501124807
1814,3,"[151, 52]",15.812746759463499,16.9240779393918,1.1113311799283014
1856,2,"[117, 54]",15.881815138030609,17.046095773515532,1.164280635484923
1857,5,"[20, 157]",15.932983280315456,17.098793641114405,1.1658103607989485
1865,1,"[22, 150]",16.08249435975012,17.17198904244974,1.0894946826996197
1866,2,"[7, 79]",16.212804484463106,17.34670614149254,1.1339016570294334
1870,5,"[41, 44]",16.351737386548944,17.466628622338412,1.114891235789468
2533,3,"[131, 100]",16.37570851258394,17.458347120792304,1.082638608208363
2534,5,"[60, 80]",16.421193700857604,17.60554125095573,1.1843475500981278
2535,4,"[99, 136]",16.4408381084896,17.50761215228733,1.0667740437977287
2536,1,"[13, 159]",16.444005972288206,17.573558399205147,1.1295524269169412
2537,3,"[104, 24]",16.4789795703874,17.615498730958656,1.1365191605712575
2538,4,"[109, 23]",16.84826651595075,17.9379992654827,1.0897327495319473
2539,4,"[115, 0]",16.84826651595075,17.969962783206242,1.1216962672554907
2540,1,"[30, 29]",16.863742474982818,18.027340396436625,1.1635979214538068
2774,3,"[151, 52]",16.9240779393918,18.0354091193201,1.1113311799282997
2744,2,"[105, 39]",16.982582913578533,18.203913646414378,1.2213307328358454
1256,2,"[103, 142]",17.046095773515532,18.649901329138437,1.6038055556229054
1261,5,"[116, 20]",17.098793641114405,18.81609623236734,1.7173025912529347
1465,1,"[5, 22]",17.17198904244974,18.765190108060967,1.5932010656112254
1136,2,"[82, 45]",17.34670614149254,19.126450398195857,1.7797442567033173
1137,3,"[100, 55]",17.458347120792304,19.21602957501392,1.7576824542216158
1138,5,"[41, 44]",17.466628622338412,19.231872986709664,1.7652443643712523
1139,4,"[72, 6]",17.50761215228733,19.288701062783,1.7810889104956722
1140,1,"[18, 150]",17.573558399205147,19.342241790258104,1.7686833910529565
1141,5,"[60, 53]",17.60554125095573,19.480569182318913,1.8750279313631815
1142,3,"[24, 3]",17.615498730958656,19.441732048301738,1.8262333173430818
1143,4,"[115, 0]",17.969962783206242,19.745981780168677,1.776018996962435
1235,4,"[48, 155]",17.969962783206242,19.837468599943755,1.8675058167375127
1240,1,"[30, 158]",18.027340396436625,19.85490698875807,1.8275665923214461
2541,0,[],18.027340396436625,18.027340396436625,0.0
1264,3,"[151, 91]",18.0354091193201,19.823524199516374,1.788115080196274
2269,2,"[86, 105]",18.203913646414378,20.04240254114638,1.8384888947320022
1120,2,"[103, 142]",18.649901329138437,20.43190754925982,1.7820062201213815
1121,1,"[5, 22]",18.765190108060967,20.53541356119057,1.7702234531296028
1122,5,"[116, 20]",18.81609623236734,20.724210273196135,1.9081140408287958
1123,2,"[82, 45]",19.126450398195857,20.99986542876024,1.8734150305643844
1132,3,"[100, 55]",19.21602957501392,21.066221655306155,1.850192080292235
1133,5,"[41, 44]",19.231872986709664,21.090024972522453,1.858151985812789
1134,4,"[72, 6]",19.288701062783,21.16353151840973,1.8748304556267286
1135,1,"[18, 150]",19.342241790258104,21.204013804202322,1.8617720139442184
1164,3,"[24, 3]",19.441732048301738,21.3640829327852,1.922350884483464
1165,5,"[60, 53]",19.480569182318913,21.454282819047,1.9737136367280854
1190,4,"[115, 0]",19.745981780168677,21.615475484640818,1.8694937044721414
1191,3,"[151, 91]",19.823524199516374,21.705750623341807,1.8822264238254327
1219,4,"[48, 155]",19.837468599943755,21.80326422117704,1.965795621233287
1220,1,"[30, 158]",19.85490698875807,21.778661320604794,1.9237543318467232
1221,2,"[86, 105]",20.04240254114638,21.977654033569536,1.9352514924231556
1224,2,"[103, 142]",20.43190754925982,22.2139137693812,1.7820062201213815
1230,1,"[5, 22]",20.53541356119057,22.305637014320173,1.7702234531296028
1239,5,"[116, 20]",20.724210273196135,22.63232431402493,1.9081140408287958
1247,2,"[82, 45]",20.99986542876024,22.873280459324626,1.8734150305643844
2134,3,"[100, 55]",21.066221655306155,22.91641373559839,1.850192080292235
2135,5,"[41, 44]",21.090024972522453,22.948176958335242,1.858151985812789
2137,4,"[72, 6]",21.16353151840973,23.03836197403646,1.8748304556267286
2138,1,"[18, 150]",21.204013804202322,23.06578581814654,1.8617720139442184
2143,3,"[24, 3]",21.3640829327852,23.286433817268666,1.922350884483464
2146,5,"[60, 53]",21.454282819047,23.427996455775084,1.9737136367280854
1933,4,[115],21.615475484640818,22.656918202202665,1.0414427175618464
1168,3,"[151, 91]",21.705750623341807,23.68208827860696,1.976337655265155
1169,1,"[30, 158]",21.778661320604794,23.798603277312097,2.019941956707303
1271,4,"[0, 48]",21.80326422117704,23.82887206733978,2.025607846162739
2270,2,"[103, 142]",22.2139137693812,24.085020215535973,1.8711064461547728
2276,2,"[86, 105]",22.2139137693812,24.24592774414553,2.032013974764329
2277,1,"[5, 22]",22.305637014320173,24.164371555695425,1.8587345413752523
332,5,"[116, 20]",22.63232431402493,25.303683925692262,2.671359611667331
1255,4,"[115, 155]",22.656918202202665,24.751194308891147,2.0942761066884827
1258,2,"[82, 45]",22.873280459324626,25.027707699807973,2.154427240483347
1259,3,"[100, 55]",22.91641373559839,25.044134583822444,2.1277208482240546
2250,5,"[41, 44]",22.948176958335242,25.085051697718153,2.136874739382911
2235,4,"[31, 109]",23.03836197403646,23.934964590663668,0.8966026166272094
2236,1,"[2, 18]",23.06578581814654,23.991383047816818,0.9255972296702772
2237,3,"[138, 104]",23.286433817268666,24.23279199753909,0.9463581802704226
2241,5,"[63, 42]",23.427996455775084,24.391016345357336,0.9630198895822524
2243,3,"[24, 101]",23.68208827860696,24.73892983158419,1.0568415529772288
899,1,"[150, 13]",23.798603277312097,25.00979820878395,1.2111949314718515
900,4,"[99, 136]",23.82887206733978,24.98454385980859,1.1556717924688087
901,4,"[109, 23]",23.934964590663668,25.11550831244393,1.1805437217802606
902,1,"[159, 30]",23.991383047816818,25.232376452848772,1.2409934050319542
903,2,"[7, 79]",24.085020215535973,25.31341358344869,1.228393367912716
904,1,"[22, 29]",24.164371555695425,25.374561017525608,1.2101894618301827
905,3,"[131, 151]",24.23279199753909,25.408152737078396,1.1753607395393075
906,2,"[117, 105]",24.24592774414553,25.5045113625305,1.2585836183849715
2545,5,"[60, 80]",24.391016345357336,25.180581359147027,0.7895650137896908
907,3,"[52, 104]",24.73892983158419,25.96826942941757,1.2293395978333805
908,4,"[115, 0]",24.751194308891147,25.966365172225835,1.2151708633346878
909,4,"[99, 136]",24.98454385980859,26.140215652277398,1.1556717924688087
1052,1,"[150, 13]",25.00979820878395,26.2209931402558,1.2111949314718515
1053,2,"[54, 39]",25.027707699807973,26.30066235451188,1.2729546547039057
1054,3,"[100, 24]",25.044134583822444,26.247255402991915,1.2031208191694702
1055,5,"[41, 44]",25.085051697718153,26.29285044419467,1.2077987464765165
1782,4,"[109, 23]",25.11550831244393,26.29605203422419,1.1805437217802606
1841,5,"[60, 80]",25.180581359147027,26.4636244403747,1.2830430812276745
2719,5,"[20, 157]",25.303683925692262,26.566645053380412,1.2629611276881505
509,2,"[7, 79]",25.31341358344869,26.636298774887692,1.3228851914390027
910,1,"[30, 29]",25.374561017525608,26.73209184882634,1.357530831300732
1892,1,"[22, 159]",25.374561017525608,26.566701304731545,1.1921402872059375
935,3,"[131, 151]",25.408152737078396,26.673925866069943,1.2657731289915475
936,2,"[117, 105]",25.5045113625305,26.85990913204003,1.3553977695095298
937,4,"[115, 0]",25.966365172225835,27.275010743070233,1.3086455708443978
938,3,"[52, 104]",25.96826942941757,27.292173637714235,1.323904208296664
1036,4,"[99, 136]",26.140215652277398,27.384785299391766,1.2445696471143677
1056,1,"[150, 13]",26.2209931402558,27.525356938240698,1.304363797984898
1057,3,"[100, 24]",26.247255402991915,27.542924002941852,1.2956685999499378
1059,5,"[41, 44]",26.29285044419467,27.593556812112723,1.3007063679180533
1084,4,"[109, 23]",26.29605203422419,27.567406836507985,1.2713548022837955
1085,2,"[54, 39]",26.30066235451188,27.671536624976678,1.3708742704647996
1086,5,"[60, 80]",26.4636244403747,27.84536317038628,1.3817387300115769
1087,5,"[20, 157]",26.566645053380412,27.92675706377062,1.360112010390207
1092,1,"[22, 159]",26.566701304731545,27.8505447161807,1.2838434114491548
1093,2,"[7, 79]",26.636298774887692,27.959183966326695,1.3228851914390027
1094,3,"[131, 151]",26.673925866069943,27.93969899506149,1.2657731289915475
1095,1,"[30, 29]",26.73209184882634,28.08962268012707,1.357530831300732
1783,2,"[117, 105]",26.85990913204003,28.21530690154956,1.3553977695095298
1786,4,"[115, 0]",27.275010743070233,28.58365631391463,1.3086455708443978
1787,3,"[52, 104]",27.292173637714235,28.6160778460109,1.323904208296664
1889,4,"[99, 136]",27.384785299391766,28.629354946506133,1.2445696471143677
1890,1,"[150, 13]",27.525356938240698,28.829720736225596,1.304363797984898
1918,3,"[100, 24]",27.542924002941852,28.83859260289179,1.2956685999499378
931,4,"[109, 23]",27.567406836507985,28.92957271929531,1.3621658827873269
2542,5,"[41, 44]",27.593556812112723,28.615540426460655,1.0219836143479313
932,2,"[54, 39]",27.671536624976678,29.140330511202375,1.468793886225697
2543,5,"[60, 80]",27.84536317038628,28.9310150717005,1.0856519013142218
933,1,"[22, 159]",27.8505447161807,29.22609125187307,1.3755465356923686
2544,5,"[20, 157]",27.92675706377062,28.995416541867513,1.0686594780968939
934,3,"[131, 151]",27.93969899506149,29.29588451350528,1.3561855184437874
1076,2,"[7, 79]",27.959183966326695,29.376560981291984,1.4173770149652896
1077,1,"[30, 29]",28.08962268012707,29.544120024147798,1.4544973440207265
1078,2,"[117, 105]",28.21530690154956,29.66751882218365,1.4522119206340882
2546,5,"[41, 44]",28.615540426460655,29.637524040808586,1.0219836143479313
1873,3,"[52, 104]",28.6160778460109,30.034546664770847,1.4184688187599477
1079,4,"[99, 136]",28.629354946506133,29.962822448266056,1.3334675017599231
1874,4,"[115, 0]",28.629354946506133,30.03147522486024,1.4021202783541078
1883,1,"[150, 13]",28.829720736225596,30.22725340072354,1.3975326644979447
1884,3,"[100, 24]",28.83859260289179,30.226808983622192,1.3882163807304018
2498,4,"[109, 23]",28.92957271929531,30.29173860208264,1.3621658827873269
2499,5,"[20, 60]",28.995416541867513,30.450267803176445,1.4548512613089315
2500,5,"[80, 157]",28.995416541867513,30.478348186592875,1.4829316447253618
2501,2,"[54, 39]",29.140330511202375,30.609124397428072,1.468793886225697
2502,1,"[22, 159]",29.22609125187307,30.601637787565437,1.3755465356923686
2503,3,"[131, 151]",29.29588451350528,30.652070031949066,1.3561855184437874
2504,2,"[7, 79]",29.376560981291984,30.793937996257274,1.4173770149652896
2505,1,"[30, 29]",29.544120024147798,30.998617368168524,1.4544973440207265
2506,5,"[41, 44]",29.637524040808586,31.031138030168176,1.39361398935959
2508,2,"[117, 105]",29.66751882218365,31.119730742817737,1.4522119206340882
2509,4,"[99, 136]",29.962822448266056,31.29628995002598,1.3334675017599231
2510,4,"[115, 0]",30.03147522486024,31.43359550321435,1.4021202783541078
2748,3,"[52, 104]",30.034546664770847,31.453015483530795,1.4184688187599477
911,3,"[100, 24]",30.226808983622192,31.70757314513306,1.4807641615108693
912,1,"[150, 13]",30.22725340072354,31.717954931734532,1.4907015310109912
913,4,"[109, 23]",30.29173860208264,31.744715565373497,1.4529769632908582
914,5,"[20, 60]",30.450267803176445,32.00210917169687,1.551841368520428
1013,5,"[80, 157]",30.478348186592875,32.06014196453716,1.5817937779442843
1871,1,"[22, 159]",30.601637787565437,32.06888744750102,1.4672496599355824
2736,2,"[54, 39]",30.609124397428072,32.17583789941467,1.5667135019865945
491,3,"[131, 151]",30.652070031949066,32.18908032929733,1.5370102973482673
492,2,"[7, 79]",30.793937996257274,32.40029865827514,1.6063606620178668
502,1,"[30, 29]",30.998617368168524,32.64704773762924,1.648430369460712
895,5,"[41, 44]",31.031138030168176,32.61056726241084,1.5794292322426635
896,2,"[117, 105]",31.119730742817737,32.765570965700945,1.6458402228832085
897,4,"[99, 136]",31.29628995002598,32.80755316107702,1.5112632110510376
898,4,"[115, 0]",31.43359550321435,33.02266519658787,1.5890696933735242
1096,3,"[52, 104]",31.453015483530795,33.06061352321731,1.6075980396865184
1097,3,"[100, 24]",31.70757314513306,33.280885087424394,1.5733119422913333
1098,1,"[150, 13]",31.717954931734532,33.30182532925857,1.5838703975240378
1099,4,"[109, 23]",31.744715565373497,33.28850360916789,1.5437880437943932
1100,5,"[20, 60]",32.00210917169687,33.650940647428804,1.6488314757319316
1101,5,"[80, 157]",32.06014196453716,33.740797875700366,1.680655911163207
1102,1,"[22, 159]",32.06888744750102,33.62784023167982,1.5589527841787998
1103,2,"[54, 39]",32.17583789941467,33.84047101716216,1.664633117747492
1108,3,"[131, 151]",32.18908032929733,33.7260906266456,1.5370102973482673
2737,2,"[7, 79]",32.40029865827514,34.006659320293004,1.6063606620178632
951,5,"[41, 44]",32.61056726241084,34.282904005340555,1.6723367429297156
952,1,"[30, 29]",32.64704773762924,34.39244450421688,1.7453967665876462
953,2,"[117, 105]",32.765570965700945,34.50822522429728,1.7426542585963318
954,4,"[99, 136]",32.80755316107702,34.407714120799135,1.6001609597221176
1060,4,"[115, 0]",33.02266519658787,34.7052094860406,1.6825442894527285
1061,3,"[52, 104]",33.06061352321731,34.76277606063734,1.7021625374200298
1062,3,"[100, 24]",33.280885087424394,34.94674470017067,1.6658596127462744
1063,4,"[109, 23]",33.28850360916789,34.923102625210596,1.6345990160427064
1106,1,"[150, 13]",33.30182532925857,34.97886448222974,1.6770391529711688
1926,1,[5],33.62784023167982,34.846072819970246,1.2182325882904266
1233,5,"[116, 20]",33.650940647428804,35.940677587409326,2.2897369399805214
1276,3,"[151, 55]",33.7260906266456,35.95117863926382,2.2250880126182224
2267,5,"[60, 53]",33.740797875700366,36.10925433388807,2.3684564581877012
2162,2,"[103, 142]",33.84047101716216,36.06797879231389,2.2275077751517287
2450,2,"[82, 45]",34.006659320293004,36.44209877069531,2.4354394504023062
2451,5,"[41, 44]",34.282904005340555,36.69850149829359,2.415597492953033
2452,1,"[22, 18]",34.39244450421688,36.752470911980616,2.3600264077637334
2453,4,"[72, 6]",34.407714120799135,36.844993623715,2.437279502915864
2454,2,"[86, 105]",34.50822522429728,37.02405207216739,2.515826847870116
2469,4,"[115, 0]",34.7052094860406,37.13555121270998,2.4303417266693756
1248,1,"[5, 30]",34.846072819970246,37.33026362008416,2.4841908001139146
1223,4,"[48, 155]",34.923102625210596,37.67521644806898,2.7521138228583837
696,3,"[100, 24]",34.94674470017067,37.4455342296156,2.4987895294449345
2244,3,"[138, 104]",34.94674470017067,36.650189379531554,1.703444679360885
2246,1,"[2, 150]",34.97886448222974,36.64533194586617,1.6664674636364296
2247,5,"[63, 116]",35.940677587409326,37.655831461328795,1.7151538739194692
2238,3,"[101, 3]",35.95117863926382,37.90155277188492,1.9503741326211
503,2,"[7, 79]",36.06797879231389,37.863322988741324,1.7953441964274361
512,5,"[20, 60]",36.10925433388807,37.95206590842181,1.8428115745337408
513,2,"[117, 54]",36.44209877069531,38.285543013829034,1.8434442431337246
919,3,"[131, 151]",36.650189379531554,38.36802434800436,1.7178349684728076
920,5,"[41, 44]",36.69850149829359,38.46374586266484,1.7652443643712488
514,1,"[22, 150]",36.752470911980616,38.47750406939537,1.7250331574147566
921,1,"[13, 159]",36.752470911980616,38.54092882775665,1.7884579157760356
922,4,"[99, 136]",36.844993623715,38.534052438082675,1.6890588143676766
1044,2,"[105, 39]",37.02405207216739,38.88047476278284,1.856422690615446
1045,4,"[109, 23]",37.13555121270998,38.86096130925621,1.7254100965462342
1046,1,"[30, 29]",37.33026362008416,39.1726268993918,1.8423632793076408
1047,3,"[100, 52]",37.4455342296156,39.2013047459712,1.7557705163555966
1068,5,"[80, 157]",37.655831461328795,39.534211521077026,1.8783800597482312
1069,4,"[115, 0]",37.67521644806898,39.451235445031415,1.776018996962435
1070,2,"[7, 79]",37.863322988741324,39.65866718516876,1.7953441964274361
1071,3,"[104, 24]",37.90155277188492,39.701041348703555,1.7994885768186322
1088,5,"[20, 60]",37.95206590842181,39.79487748295555,1.8428115745337408
1089,2,"[117, 54]",38.285543013829034,40.12898725696276,1.8434442431337246
1090,3,"[131, 151]",38.36802434800436,40.08585931647717,1.7178349684728076
1091,5,"[41, 44]",38.46374586266484,40.228990227036086,1.7652443643712488
2742,1,"[22, 150]",38.47750406939537,40.24793300995593,1.7704289405605564
1064,4,"[99, 136]",38.534052438082675,40.3120091070959,1.7779566690132285
1065,1,"[13, 159]",38.54092882775665,40.423516131144254,1.8825873033876022
1066,4,"[109, 23]",38.86096130925621,40.67718248630598,1.8162211770497692
1067,2,"[105, 39]",38.88047476278284,40.83460393532019,1.9541291725373497
2776,1,"[30, 29]",39.1726268993918,41.11195669141944,1.9393297920276353
2777,3,"[100, 52]",39.2013047459712,41.04948426006342,1.848179514092223
2801,4,"[115, 0]",39.451235445031415,41.320729149503556,1.8694937044721414
1914,5,"[80, 157]",39.534211521077026,41.56088472172723,2.026673200650201
2754,2,"[7, 79]",39.65866718516876,41.595749060564124,1.9370818753953642
1026,3,"[104, 24]",39.701041348703555,41.68994971034871,1.9889083616451586
1027,5,"[20, 60]",39.79487748295555,41.8316691562911,2.03679167333555
1028,3,"[131, 151]",40.08585931647717,41.98451895607452,1.8986596395973478
1029,2,"[117, 54]",40.12898725696276,42.16647819557004,2.0374909386072844
1058,5,"[41, 44]",40.228990227036086,42.18004972353592,1.9510594964998376
1843,1,"[22, 150]",40.24793300995593,42.15454854233291,1.906615532376982
1885,4,"[99, 136]",40.3120091070959,42.17886352478021,1.8668544176843085
1886,1,"[13, 159]",40.423516131144254,42.40023270993248,1.9767165787882277
1887,4,"[109, 23]",40.67718248630598,42.58421463560406,1.9070321492980824
1888,2,"[105, 39]",40.83460393532019,42.886439473304264,2.0518355379840756
923,3,"[100, 52]",41.04948426006342,43.0824817696289,2.032997509565476
924,1,"[30, 29]",41.11195669141944,43.24521950888706,2.1332628174676245
925,4,"[115, 0]",41.320729149503556,43.37717226899512,2.0564431194915613
926,5,"[80, 157]",41.56088472172723,43.73585118113222,2.174966459404992
1104,2,"[7, 79]",41.595749060564124,43.67456872757042,2.078819667006293
2289,3,"[104, 24]",41.68994971034871,43.86827796972342,2.178328259374709
2311,5,"[20, 60]",41.8316691562911,44.06244104404965,2.23077188775855
515,3,"[131, 151]",41.98451895607452,44.15441587180853,2.1698969157340144
1072,1,"[22, 150]",42.15454854233291,44.33353790773215,2.1789893653992394
697,2,"[103, 142]",42.16647819557004,44.750387299718724,2.583909104148681
704,4,"[72, 6]",42.17886352478021,44.89736777483785,2.7185042500576415
705,5,"[41, 44]",42.18004972353592,44.874370191568055,2.6943204680321315
707,1,"[5, 18]",42.40023270993248,45.03033638100649,2.6301036710740107
1245,4,"[48, 155]",42.58421463560406,45.43461838012877,2.850403744524705
2136,2,"[82, 45]",42.886439473304264,45.60289135695401,2.7164518836497464
2144,3,"[100, 55]",43.0824817696289,45.76526037427667,2.6827786046477726
2145,1,"[30, 158]",43.24521950888706,46.03466338179656,2.7894438729095015
2147,4,"[115, 0]",43.37717226899512,46.08793822962413,2.7107659606290113
2148,2,"[86, 105]",43.67456872757042,46.48068348386397,2.806114756293553
2149,5,"[116, 53]",43.73585118113222,46.55018199557722,2.8143308144450003
2201,3,"[24, 3]",43.86827796972342,46.65568684388928,2.7874088741658554
2202,5,"[20, 60]",44.06244104404965,46.8751535750772,2.8127125310275503
2266,3,"[151, 91]",44.15441587180853,46.97775550754668,2.823339635738151
2271,1,"[22, 150]",44.33353790773215,47.148065639614956,2.814527731882805
2273,2,"[103, 142]",44.750387299718724,47.51249685593419,2.7621095562154636
2274,5,"[41, 44]",44.874370191568055,47.75450568097428,2.8801354894062285
2275,4,"[72, 6]",44.89736777483785,47.8033548916604,2.905987116822544
1243,1,"[5, 18]",45.03033638100649,47.93251968999827,2.9021833089917806
1720,4,"[31, 109]",45.43461838012877,47.496804355618,2.0621859754892355
2234,2,"[45, 7]",45.60289135695401,47.76809147970685,2.165200122752836
2239,3,"[100, 138]",45.76526037427667,47.892231198147456,2.126970823870785
2245,1,"[2, 13]",46.03466338179656,48.16536164798207,2.1306982661855045
2248,4,"[23, 115]",46.08793822962413,48.193298225064645,2.1053599954405158
2233,2,"[86, 117]",46.48068348386397,48.80188743683106,2.321203952967089
2240,5,"[63, 116]",46.55018199557722,48.837053978923386,2.286871983346167
2242,3,"[104, 24]",46.65568684388928,48.92872516503179,2.273038321142515
1073,5,"[20, 60]",46.8751535750772,49.202915685668444,2.3277621105912445
1074,3,"[131, 151]",46.97775550754668,49.1476524232807,2.1698969157340144
1075,1,"[22, 150]",47.148065639614956,49.327055005014195,2.1789893653992394
2773,4,"[99, 136]",47.496804355618,49.63035244321346,2.1335480875954573
2791,2,"[79, 105]",47.51249685593419,49.808818498352835,2.296321642418647
500,5,"[41, 44]",47.75450568097428,50.07719566324027,2.3226899822659846
505,2,"[7, 54]",47.76809147970685,50.164256909722,2.3961654300151523
506,4,"[109, 0]",47.8033548916604,50.121290109644534,2.317935217984136
508,3,"[100, 52]",47.892231198147456,50.20245559076274,2.3102243926152823
1048,1,"[159, 30]",47.93251968999827,50.31904555644313,2.386525866444856
1049,1,"[13, 29]",48.16536164798207,50.55518138076934,2.3898197327872737
1050,4,"[23, 115]",48.193298225064645,50.48173305016133,2.2884348250966866
1051,2,"[117, 39]",48.80188743683106,51.243382809470155,2.441495372639096
1080,5,"[80, 157]",48.837053978923386,51.308606720132325,2.4715527412089386
1081,3,"[131, 151]",49.1476524232807,51.40796162068701,2.2603091974063148
1082,3,"[104, 24]",49.1476524232807,51.515400580384956,2.367748157104259
1083,5,"[20, 60]",49.202915685668444,51.627667787849994,2.42475210218155
1107,1,"[22, 150]",49.327055005014195,51.59683550377876,2.269780498764568
1943,4,"[99, 136]",49.63035244321346,51.85279827948,2.2224458362665374
1947,2,"[79, 105]",49.808818498352835,52.20082011415599,2.392001615803153
1948,5,"[41, 44]",50.07719566324027,52.39988564550625,2.3226899822659846
2725,4,"[109, 0]",50.121290109644534,52.43922532762867,2.317935217984136
1024,2,"[7, 54]",50.164256909722,52.6562688655313,2.4920119558093035
2652,3,"[100, 52]",50.20245559076274,52.60508887095456,2.4026332801918215
2739,1,"[159, 30]",50.31904555644313,52.80103236650704,2.4819868100639084
2757,4,"[23, 115]",50.48173305016133,52.95324270491418,2.4715096547528503
2743,1,"[13, 29]",50.55518138076934,53.18398308683534,2.6288017060659996
2745,2,"[117, 39]",51.243382809470155,53.92902771937316,2.6856449099030044
494,5,"[80, 157]",51.308606720132325,54.07674574314521,2.7681390230128855
499,3,"[131, 151]",51.40796162068701,53.939507878670106,2.531546257983095
963,3,"[104, 24]",51.515400580384956,54.167278471180516,2.6518778907955607
964,1,"[22, 150]",51.59683550377876,54.138989619102446,2.542154115323683
965,5,"[20, 60]",51.627667787849994,54.34339009604486,2.715722308194863
966,4,"[99, 136]",51.85279827948,54.341937573708734,2.4891392942287354
1945,2,"[79, 105]",52.20082011415599,54.87986187823171,2.67904176407572
507,5,[41],52.39988564550625,53.54720971687929,1.1473240713730348
498,4,"[109, 0]",52.43922532762867,55.12803026891248,2.688804941283813
2299,3,"[100, 52]",52.60508887095456,55.28494925451635,2.6798603835617882
2310,2,"[7, 54]",52.6562688655313,55.43582085575534,2.7795519902240358
2221,1,"[5, 18]",52.80103236650704,55.88460217285384,3.0835698063468016
2222,4,"[115, 72]",52.95324270491418,56.0871626606866,3.13391995577242
2150,1,"[30, 158]",53.18398308683534,56.5505531675671,3.366570080731762
2254,5,"[41, 44]",53.54720971687929,56.79897569205167,3.2517659751723826
2272,2,"[103, 142]",53.92902771937316,57.047538604585576,3.118510885212416
2770,3,"[138, 101]",53.939507878670106,56.67551466363942,2.7360067849693124
2786,5,"[63, 116]",54.07674574314521,56.792406024586015,2.7156602814408046
1015,1,"[22, 150]",54.138989619102446,56.86272621761992,2.723736598517476
1030,3,"[131, 151]",54.167278471180516,56.87964950806809,2.712371036887575
1031,4,"[99, 136]",54.341937573708734,57.00887257722858,2.6669350035198462
1032,5,"[20, 60]",54.34339009604486,57.25309261866272,2.909702522617863
1033,2,"[79, 117]",54.87986187823171,57.74892193274223,2.86906005451052
2295,4,"[109, 23]",55.12803026891248,57.852362034487136,2.7243317655746537
2313,3,"[100, 52]",55.28494925451635,58.05721852565468,2.7722692711383345
2314,2,"[7, 105]",55.43582085575534,58.305092934994825,2.8692720792394866
2315,1,"[13, 159]",55.88460217285384,58.708483127935246,2.823880955081407
501,4,"[115, 0]",56.0871626606866,58.984877813474014,2.8977151527874128
486,5,"[80, 157]",56.79897569205167,60.06142526330634,3.2624495712546704
2553,5,"[41, 44]",56.79897569205167,60.329464420794174,3.5304887287425046
2294,1,"[30, 29]",56.86272621761992,60.0626203282283,3.1998941106083763
2307,1,"[22, 150]",56.86272621761992,59.67725394950273,2.814527731882805
2302,3,"[104, 24]",56.87964950806809,60.005077030284504,3.1254275222164125
2434,3,"[131, 151]",56.87964950806809,59.772845323860146,2.8931958157920548
2431,4,"[99, 136]",57.00887257722858,59.94250103871062,2.933628461482037
2300,2,"[54, 39]",57.047538604585576,60.37680484008056,3.329266235494984
2301,5,"[20, 60]",57.25309261866272,60.55075557012658,3.297662951463863
2304,2,"[79, 117]",57.74892193274223,61.000523419059114,3.2516014863168863
2720,4,"[109, 23]",57.852362034487136,60.939938122075915,3.087576087588779
1006,3,"[100, 52]",58.05721852565468,61.29153267531608,3.234314149661394
1922,2,"[7, 105]",58.305092934994825,61.6525770274409,3.3474840924460736
1940,1,"[13, 159]",58.708483127935246,62.00301090886355,3.2945277809283056
2308,4,"[115, 0]",58.984877813474014,62.25649179630027,3.2716139828262527
2433,1,"[22, 150]",59.67725394950273,62.85494664777312,3.1776926982703912
15,3,"[151, 55]",59.772845323860146,60.301303699226644,0.5284583753664975
18,4,"[72, 6]",59.94250103871062,60.47682771185932,0.5343266731487049
2278,3,"[24, 3]",60.005077030284504,63.84977879925143,3.844701768966928
2279,5,"[116, 53]",60.06142526330634,63.94326074178197,3.8818354784756295
702,1,"[5, 18]",60.0626203282283,63.78104255097341,3.7184222227451116
703,3,"[151, 55]",60.301303699226644,64.10249548131993,3.801191782093291
331,5,"[41, 44]",60.329464420794174,64.78902936395205,4.459564943157879
708,2,"[103, 142]",60.37680484008056,64.02991750635671,3.653112666276151
709,4,"[72, 6]",60.47682771185932,64.32023005649523,3.843402344635912
710,5,"[20, 60]",60.55075557012658,64.52734892520738,3.9765933550807944
20,4,"[48, 155]",60.939938122075915,61.96215180762265,1.0222136855467312
29,2,"[82, 45]",61.000523419059114,61.96533213300035,0.9648087139412382
24,3,"[100, 91]",61.29153267531608,62.28690208536989,0.9953694100538115
6,2,"[86, 105]",61.6525770274409,62.70728912310951,1.054712095668613
8,4,"[48, 155]",61.96215180762265,63.033510454002545,1.071358646379899
25,2,"[82, 45]",61.96533213300035,63.070646951901075,1.1053148189007231
10,1,"[30, 158]",62.00301090886355,63.23421365372593,1.2312027448623795
12,4,"[115, 0]",62.25649179630027,63.45296774041912,1.196475944118852
2555,3,"[100, 91]",62.28690208536989,66.41862447742805,4.131722392058165
2556,2,"[86, 105]",62.70728912310951,66.96484249872043,4.257553375610918
1528,1,"[2, 150]",62.85494664777312,66.18788157504598,3.3329349272728592
2693,4,"[31, 109]",63.033510454002545,66.26127978835382,3.2277693343512723
1576,2,"[45, 7]",63.070646951901075,66.45965582017115,3.389008868270075
2766,1,"[13, 159]",63.23421365372593,66.62287071005485,3.388657056328924
927,4,"[99, 136]",63.45296774041912,66.65328965986336,3.2003219194442423
928,1,"[22, 30]",63.78104255097341,67.09615057751822,3.315108026544806
929,3,"[131, 52]",63.84977879925143,67.16686919180505,3.3170903925536166
930,5,"[80, 157]",63.94326074178197,67.50229659484059,3.5590358530586172
2303,2,"[79, 117]",64.02991750635671,67.47278948056437,3.4428719742076623
2309,3,"[151, 104]",64.10249548131993,67.44129069110251,3.3387952097825746
2753,4,"[23, 115]",64.32023005649523,67.6155761173376,3.2953460608423626
489,5,"[20, 60]",64.52734892520738,68.11598208268455,3.588633157477176
335,0,[],64.78902936395205,64.78902936395205,0.0
336,5,"[41, 44]",64.78902936395205,66.46136610688177,1.6723367429297156
955,1,"[150, 29]",66.18788157504598,69.81807984993253,3.6301982748865527
956,4,"[109, 0]",66.26127978835382,69.7845412754786,3.5232614871247847
957,3,"[100, 24]",66.41862447742805,69.93543926448153,3.5168147870534767
958,2,"[7, 54]",66.45965582017115,70.10182722809095,3.642171407919804
337,5,"[41, 44]",66.46136610688177,68.13370284981148,1.6723367429297156
2756,1,"[13, 159]",66.62287071005485,70.19978654160693,3.5769158315520713
493,4,"[99, 136]",66.65328965986336,70.2981007465609,3.644811086697544
2232,2,"[103, 45]",66.96484249872043,70.6109886137817,3.6461461150612706
2160,1,"[5, 22]",67.09615057751822,71.25617552355112,4.160024946032905
2448,3,"[151, 55]",67.44129069110251,71.79875436582904,4.357463674726532
2554,3,"[3, 91]",67.44129069110251,72.12512798493414,4.68383729383163
2548,2,"[86, 117]",67.47278948056437,71.53489605237044,4.062106571806069
338,5,"[116, 53]",67.50229659484059,69.4432143340784,1.9409177392378183
2549,4,"[31, 23]",67.6155761173376,71.38739910118217,3.7718229838445723
339,5,"[41, 44]",68.13370284981148,70.73511558564759,2.6014127358361065
341,5,"[20, 60]",68.13370284981148,70.84942515800634,2.715722308194856
340,5,"[116, 53]",69.4432143340784,74.10141709334951,4.658202759271106
14,4,"[115, 72]",69.7845412754786,71.68332796620932,1.8987866907307165
2,1,"[18, 150]",69.81807984993253,71.40058610617322,1.5825062562406913
17,3,"[100, 24]",69.93543926448153,71.84192304106169,1.9064837765801599
1196,2,"[142, 82]",70.10182722809095,74.76852046759649,4.666693239505534
1197,1,"[30, 158]",70.19978654160693,75.10535999608432,4.905573454477391
516,0,[],70.2981007465609,70.2981007465609,0.0
1198,4,"[0, 6]",70.2981007465609,75.1475389443689,4.849438197807999
1199,2,"[103, 45]",70.6109886137817,75.25982482355391,4.648836209772213
531,5,"[41, 44]",70.73511558564759,71.38546876960662,0.6503531839590266
529,5,"[20, 60]",70.84942515800634,71.81932599887897,0.9699008408726257
572,1,"[5, 22]",71.25617552355112,75.94726784316623,4.691092319615109
530,5,"[41, 44]",71.38546876960662,72.31454476251301,0.929075992906391
574,1,"[18, 150]",71.40058610617322,76.33428212067781,4.933696014504591
575,2,"[86, 105]",71.53489605237044,76.66331269185177,5.12841663948133
573,4,"[115, 72]",71.68332796620932,76.56855617134167,4.88522820513235
2208,4,"[48, 155]",71.68332796620932,76.99097623727563,5.307648271066313
526,5,"[20, 60]",71.81932599887897,73.1771871529764,1.357861154097435
2211,3,"[151, 100]",71.84192304106169,76.73810202110543,4.896178980043743
2214,3,"[55, 24]",71.84192304106169,76.95443929070998,5.112516249648294
2181,3,"[3, 91]",72.12512798493414,77.4920246708549,5.366896685920764
540,5,"[41, 44]",72.31454476251301,73.61525113043106,1.3007063679180533
541,5,"[20, 60]",73.1771871529764,74.53504830707384,1.357861154097435
536,5,"[41, 44]",73.61525113043106,75.28758787336078,1.6723367429297156
537,5,"[80, 157]",74.10141709334951,75.88093501987882,1.7795179265293086
525,5,"[20, 60]",74.53504830707384,76.37785988160758,1.8428115745337408
2205,2,"[142, 82]",74.76852046759649,79.8012289572508,5.032708489654311
915,1,"[13, 159]",75.10535999608432,79.34118142870642,4.235821432622103
1653,4,"[31, 109]",75.1475389443689,79.27191089534738,4.124371950978471
1530,2,"[103, 45]",75.25982482355391,79.45289276894347,4.193067945389558
535,5,"[41, 44]",75.28758787336078,77.05283223773203,1.7652443643712559
528,5,"[80, 157]",75.88093501987882,77.85817721284597,1.9772421929671538
1537,1,"[5, 2]",75.94726784316623,80.09701274257012,4.149744899403885
2698,1,"[18, 150]",76.33428212067781,80.6163576639733,4.282075543295491
523,5,"[20, 60]",76.37785988160758,78.41465155494313,2.036791673335557
2702,4,"[23, 115]",76.56855617134167,80.7792761622227,4.2107199908810315
2767,2,"[7, 86]",76.66331269185177,81.05849493024786,4.395182238396089
916,3,"[131, 100]",76.73810202110543,80.79799664056108,4.059894619455648
917,3,"[151, 52]",76.95443929070998,81.12193104983986,4.167491759129874
918,4,"[99, 136]",76.99097623727563,80.9913787425554,4.000402505279766
532,5,"[41, 44]",77.05283223773203,79.00389173423187,1.9510594964998376
2435,3,"[104, 24]",77.4920246708549,81.75397135364257,4.261946682787666
538,5,"[80, 157]",77.85817721284597,79.93428142117922,2.0761042083332484
539,5,"[20, 60]",78.41465155494313,80.45144322827869,2.036791673335557
518,5,"[41, 44]",79.00389173423187,81.23367420581081,2.229782471578943
2660,4,"[109, 0]",79.27191089534738,83.53691160801597,4.265000712668595
2430,1,"[22, 13]",79.34118142870642,83.70181574371192,4.360634315005498
2291,2,"[79, 117]",79.45289276894347,84.13902428251562,4.68613151357215
2293,2,"[105, 54]",79.8012289572508,84.55763063254352,4.756401675292722
524,5,"[80, 157]",79.93428142117922,82.30697214702205,2.37269072584283
2449,1,"[5, 30]",80.09701274257012,85.34141527470157,5.24440253213146
527,5,"[20, 60]",80.45144322827869,82.87619533046025,2.4247521021815572
3,1,"[18, 150]",80.6163576639733,83.31592717296863,2.6995695089953244
1150,4,"[115, 72]",80.7792761622227,81.79319143556789,1.0139152733451908
1149,3,"[100, 55]",80.79799664056108,81.81560230677782,1.0176056662167383
1151,4,"[6, 48]",80.9913787425554,82.05490956169436,1.0635308191389612
1148,2,"[103, 142]",81.05849493024786,82.03859837255779,0.9801034423099253
488,3,"[131, 151]",81.12193104983986,85.82337400799709,4.70144295815723
533,5,"[41, 44]",81.23367420581081,83.64927169876385,2.41559749295304
2775,4,"[99, 136]",81.79319143556789,86.41587860544313,4.622687169875235
943,3,"[104, 24]",81.81560230677782,86.8352285804837,5.019626273705882
2646,3,"[100, 52]",81.81560230677782,86.62086886716146,4.805266560383643
944,2,"[7, 39]",82.03859837255779,87.15138430954985,5.1127859369920685
945,4,"[23, 115]",82.05490956169436,86.90639156549305,4.851482003798694
534,5,"[80, 157]",82.30697214702205,84.87738690359708,2.5704147565750333
522,5,"[20, 60]",82.87619533046025,85.5919176386551,2.715722308194856
1896,4,"[109, 0]",83.53691160801597,84.0004986516128,0.46358704359683145
517,5,"[41, 44]",83.64927169876385,86.43649967748304,2.787227978719187
695,1,"[18, 158]",83.70181574371192,89.4817303394466,5.779914595734681
946,1,"[22, 150]",83.70181574371192,88.51375057426331,4.811934830551394
698,4,"[72, 0]",84.0004986516128,89.70570813992316,5.705209488310359
699,2,"[103, 142]",84.13902428251562,89.57414316891315,5.435118886397532
701,2,"[82, 45]",84.55763063254352,90.2715463864335,5.713915753889978
521,5,"[80, 157]",84.87738690359708,88.93073330489749,4.053346401300402
2204,1,"[5, 30]",85.34141527470157,91.04585313206294,5.70443785736137
2455,0,[],85.34141527470157,85.34141527470157,0.0
2458,5,"[116, 20]",85.5919176386551,87.78624874011524,2.1943311014601363
2207,3,"[151, 55]",85.82337400799709,91.57151763534935,5.748143627352263
2210,4,"[6, 48]",86.41587860544313,92.4103247262526,5.994446120809471
2459,5,"[41, 44]",86.43649967748304,88.57337441686596,2.136874739382918
2213,3,"[100, 3]",86.62086886716146,92.44175299841288,5.820884131251418
1257,3,"[24, 91]",86.8352285804837,88.46953956441338,1.63431098392968
2715,4,[31],86.90639156549305,89.93923747774515,3.0328459122520997
2817,2,"[86, 105]",87.15138430954985,93.4409516599251,6.2895673503752505
2460,5,"[116, 20]",87.78624874011524,89.98057984157538,2.1943311014601363
1171,3,"[24, 91]",88.46953956441338,90.48839416095797,2.0188545965445854
28,1,"[22, 150]",88.51375057426331,91.96381688909283,3.450066314829513
2461,5,"[41, 44]",88.57337441686596,90.71024915624886,2.136874739382904
2462,5,"[60, 53]",88.93073330489749,91.20050394007778,2.2697706351802935
1540,1,"[2, 18]",89.4817303394466,94.75763437202352,5.275904032576918
700,2,"[103, 142]",89.57414316891315,90.2869456675833,0.7128024986701433
2723,4,"[99, 136]",89.70570813992316,90.32799296348034,0.6222848235571803
2654,4,"[109, 23]",89.93923747774515,95.02465668688033,5.085419209135182
2456,5,"[116, 20]",89.98057984157538,93.12896796344991,3.1483881218745324
1541,2,"[103, 45]",90.2869456675833,95.48270370768381,5.195758040100515
1542,2,"[7, 117]",90.2869456675833,95.73601486162838,5.44906919404508
2724,4,"[99, 136]",90.32799296348034,91.39476700727808,1.0667740437977358
2746,3,"[131, 52]",90.48839416095797,90.94910117212831,0.4607070111703422
2457,5,"[41, 44]",90.71024915624886,93.77619988853817,3.065950732289309
1251,3,"[24, 91]",90.94910117212831,93.2563637646415,2.3072625925131973
1568,1,"[5, 13]",91.04585313206294,96.21970832649218,5.173855194429237
1170,5,"[60, 53]",91.20050394007778,93.27290316452827,2.0723992244504927
1252,4,"[115, 72]",91.39476700727808,93.60694582544217,2.212178818164091
1868,3,"[131, 151]",91.57151763534935,92.65646609321635,1.0849484578670001
1577,1,"[150, 159]",91.96381688909283,97.32580506536152,5.361988176268696
1839,4,"[99, 136]",92.4103247262526,93.5659965187214,1.1556717924688087
1844,3,"[100, 52]",92.44175299841288,93.18102481506578,0.7392718166529022
2699,3,"[138, 104]",92.65646609321635,98.52388663038947,5.867420537173118
2463,5,"[116, 20]",93.12896796344991,94.27383643344017,1.1448684699902572
1845,3,"[131, 100]",93.18102481506578,93.90278386927962,0.7217590542138339
23,3,"[151, 55]",93.2563637646415,94.22056849642853,0.9642047317870208
1949,5,"[60, 80]",93.27290316452827,94.11181600270992,0.838912838181642
1592,2,"[86, 105]",93.4409516599251,98.95641822877113,5.515466568846023
1833,4,"[99, 136]",93.5659965187214,94.81056616583577,1.2445696471143606
1834,4,"[115, 0]",93.60694582544217,94.91559139628657,1.308645570844405
1950,5,"[41, 44]",93.77619988853817,94.5659145046595,0.78971461612133
16,3,"[100, 24]",93.90278386927962,95.15217863400208,1.2493947647224672
1969,5,"[60, 80]",94.11181600270992,94.40790289023445,0.29608688752453816
7,3,"[151, 55]",94.22056849642853,95.47218047589595,1.2516119794674267
1970,5,"[20, 157]",94.27383643344017,94.5652890236399,0.29145259019973935
1967,5,"[60, 80]",94.40790289023445,95.78964162024603,1.3817387300115769
1951,5,"[20, 157]",94.5659145046595,95.39169683390769,0.8257823292481845
1973,5,"[41, 44]",94.5659145046595,94.84463731360687,0.27872280894736434
1602,1,"[2, 18]",94.75763437202352,100.03353840460044,5.275904032576918
1894,4,"[99, 136]",94.81056616583577,95.25505533308908,0.4444891672533089
1952,5,"[41, 44]",94.84463731360687,95.6343519297282,0.78971461612133
1895,4,"[115, 0]",94.91559139628657,95.3829648224046,0.46737342611803
9,4,"[72, 6]",95.02465668688033,96.2901672667781,1.2655105798977644
11,3,"[100, 24]",95.15217863400208,96.40157339872455,1.2493947647224672
13,4,"[115, 0]",95.3829648224046,96.6448730952094,1.2619082728048028
2740,4,"[99, 136]",95.3829648224046,96.58308559518343,1.2001207727788312
1014,5,"[20, 157]",95.39169683390769,96.55750719470663,1.1658103607989432
2729,3,"[101, 3]",95.47218047589595,101.9084150205445,6.436234544648542
1609,2,"[103, 45]",95.48270370768381,100.67846174778433,5.195758040100515
1953,5,"[41, 44]",95.6343519297282,96.42406654584953,0.78971461612133
1616,2,"[7, 117]",95.73601486162838,101.18508405567346,5.44906919404508
1954,5,"[60, 80]",95.78964162024603,96.62855445842767,0.838912838181642
1617,1,"[5, 13]",96.21970832649218,101.39356352092142,5.173855194429237
2731,4,"[31, 109]",96.2901672667781,102.207744451011,5.917577184232897
2750,3,"[100, 24]",96.40157339872455,102.5097253856779,6.108151986953345
1955,5,"[41, 44]",96.42406654584953,97.21378116197086,0.78971461612133
1956,5,"[20, 157]",96.55750719470663,97.38328952395482,0.8257823292481845
1957,5,"[60, 80]",96.62855445842767,97.46746729660931,0.838912838181642
2751,4,"[23, 115]",96.6448730952094,102.68634094616779,6.041467850958384
2803,4,"[48, 155]",96.6448730952094,103.13199855154282,6.487125456333416
1958,5,"[41, 44]",97.21378116197086,98.00349577809219,0.78971461612133
1533,1,"[150, 159]",97.32580506536152,103.5344230717149,6.208618006353376
1959,5,"[20, 157]",97.38328952395482,98.209071853203,0.8257823292481845
1960,5,"[60, 80]",97.46746729660931,98.30638013479096,0.838912838181642
1961,5,"[41, 44]",98.00349577809219,98.79321039421352,0.78971461612133
1962,5,"[20, 157]",98.209071853203,99.03485418245118,0.8257823292481845
1963,5,"[60, 80]",98.30638013479096,99.1452929729726,0.838912838181642
2704,3,[138],98.52388663038947,102.65651112479563,4.1326244944061585
1964,5,"[41, 44]",98.79321039421352,99.58292501033485,0.78971461612133
1574,2,"[86, 105]",98.95641822877113,105.43951054382873,6.483092315057604
1972,5,"[20, 157]",99.03485418245118,101.17217313864496,2.1373189561937807
1965,5,"[60, 80]",99.1452929729726,100.18159699106769,1.0363040180950946
1966,5,"[41, 44]",99.58292501033485,100.55845475858476,0.9755297482499117
1019,1,"[22, 30]",100.03353840460044,101.23066073532212,1.1971223307216832
1968,5,"[60, 80]",100.18159699106769,102.40224855926091,2.220651568193219
976,5,"[41, 44]",100.55845475858476,101.58043837293269,1.0219836143479313
973,2,"[79, 54]",100.67846174778433,101.73319061312897,1.054728865344643
975,5,"[20, 157]",101.17217313864496,102.24083261674186,1.0686594780968903
1016,2,"[7, 117]",101.18508405567346,102.5234519498876,1.3383678942141444
1250,1,"[22, 18]",101.39356352092142,104.29821155722435,2.9046480363029303
1603,1,"[5, 2]",101.39356352092142,107.4377571319919,6.044193611070483
974,5,"[41, 44]",101.58043837293269,102.60242198728062,1.0219836143479313
1205,2,"[103, 142]",101.73319061312897,104.49530016934443,2.7621095562154636
1203,3,"[151, 55]",101.9084150205445,104.78248683422062,2.8740718136761245
1207,4,"[72, 0]",102.207744451011,105.10711316349891,2.899368712487913
1209,5,"[116, 20]",102.24083261674186,105.19840928904053,2.9575766722986714
1217,3,"[100, 24]",102.5097253856779,105.37870581759364,2.8689804319157446
1201,2,"[82, 45]",102.5234519498876,105.42724515793101,2.9037932080434103
1211,5,"[60, 53]",102.60242198728062,105.66167803009516,3.059256042814539
1215,5,"[41, 44]",102.60242198728062,105.48255747668685,2.8801354894062285
1213,3,"[3, 91]",102.65651112479563,105.68148916380058,3.0249780390049494
2159,4,"[115, 6]",102.68634094616779,105.40329124952447,2.7169503033566826
19,4,"[48, 155]",103.13199855154282,104.4589106193094,1.3269120677665853
1570,1,"[150, 13]",103.5344230717149,109.86990466181105,6.335481590096151
1017,1,"[22, 159]",104.29821155722435,105.85716434140315,1.5589527841787998
1018,4,"[99, 136]",104.4589106193094,105.97017383036044,1.5112632110510305
2507,2,"[7, 79]",104.49530016934443,111.10972623918245,6.614426069838018
1837,3,"[131, 151]",104.78248683422062,107.67568265001267,2.8931958157920548
2778,4,"[109, 23]",105.10711316349891,106.92333434054868,1.8162211770497692
1971,5,"[20, 80]",105.19840928904053,108.11030622688733,2.911896937846805
2655,3,"[100, 52]",105.37870581759364,111.93974300449297,6.561037186899327
2779,4,"[115, 0]",105.40329124952447,107.27278495399662,1.8694937044721485
2292,2,"[54, 39]",105.43951054382873,107.10414366157622,1.664633117747485
2657,2,"[117, 105]",105.43951054382873,112.31331354250094,6.873802998672204
2780,5,"[41, 44]",105.48255747668685,107.34070946249963,1.858151985812782
2783,5,"[60, 157]",105.66167803009516,107.63740257265968,1.975724542564521
1277,0,[],105.68148916380058,105.68148916380058,0.0
1838,3,"[104, 24]",105.68148916380058,108.33336705459614,2.6518778907955607
2305,1,"[22, 159]",105.85716434140315,112.64319400494038,6.786029663537235
2784,4,"[99, 136]",105.97017383036044,107.74813049937367,1.7779566690132356
2785,4,"[109, 23]",106.92333434054868,108.73955551759845,1.8162211770497692
2161,2,"[103, 142]",107.10414366157622,109.6880527657249,2.583909104148688
2788,4,"[115, 0]",107.27278495399662,109.14227865846877,1.8694937044721485
1282,5,"[41, 44]",107.34070946249963,108.26978545540602,0.929075992906391
2760,1,"[30, 29]",107.4377571319919,110.05585239746644,2.618095265474537
1278,5,"[116, 60]",107.63740257265968,108.70420863422179,1.0668060615621044
1007,3,"[131, 151]",107.67568265001267,109.66475478684221,1.9890721368295345
2789,4,"[99, 136]",107.74813049937367,109.52608716838691,1.7779566690132356
1279,5,"[20, 53]",108.11030622688733,109.17789600436355,1.0675897774762149
1280,5,"[41, 44]",108.26978545540602,109.29176906975395,1.0219836143479313
2701,3,"[138, 104]",108.33336705459614,115.24178240233246,6.908415347736323
1281,5,"[116, 60]",108.70420863422179,109.77101469578389,1.0668060615621044
1835,4,"[109, 23]",108.73955551759845,111.64550944418016,2.9059539265817165
1836,4,"[115, 0]",109.14227865846877,112.1334686301964,2.9911899717276356
1283,5,"[20, 53]",109.17789600436355,110.24548578183976,1.0675897774762149
1290,5,"[41, 44]",109.29176906975395,110.49956781623047,1.207798746476513
2781,4,"[99, 136]",109.52608716838691,111.65963525598237,2.1335480875954573
1008,3,"[131, 151]",109.66475478684221,110.29764135133799,0.6328865644957773
1629,2,"[103, 45]",109.6880527657249,116.34227003422801,6.654217268503103
1287,5,"[116, 60]",109.77101469578389,111.32273259300041,1.5517178972165198
1840,1,"[150, 13]",109.86990466181105,112.94447647928015,3.0745718174691063
1565,1,"[5, 2]",110.05585239746644,117.00216448363183,6.946312086165392
1288,5,"[20, 53]",110.24548578183976,111.79834362946907,1.552857847629312
2429,3,"[131, 151]",110.29764135133799,117.44021893248565,7.142577581147663
1289,5,"[41, 44]",110.49956781623047,111.9860894270316,1.4865216108011339
1566,2,"[7, 86]",111.10972623918245,118.46687908678422,7.357152847601768
2511,0,[],111.10972623918245,111.10972623918245,0.0
1291,5,"[116, 60]",111.32273259300041,112.87445049021693,1.5517178972165198
21,4,"[72, 6]",111.64550944418016,114.00779580039007,2.362286356209907
2726,4,"[99, 136]",111.65963525598237,113.88208109224891,2.2224458362665445
1284,5,"[20, 53]",111.79834362946907,113.54530863574148,1.7469650062724043
2095,3,"[11, 52]",111.93974300449297,112.58454712794973,0.6448041234567654
1285,5,"[41, 44]",111.9860894270316,113.65842616996132,1.6723367429297156
1880,4,"[109, 23]",112.1334686301964,113.13239029922482,0.9989216690284195
1581,2,"[117, 105]",112.31331354250094,119.76800121709763,7.454687674596698
2098,3,"[11, 52]",112.58454712794973,113.2293512514065,0.6448041234567654
1582,1,"[18, 159]",112.64319400494038,119.88484818612967,7.24165418118929
1286,5,"[116, 60]",112.87445049021693,114.62013305232801,1.7456825621110852
1583,1,"[150, 13]",112.94447647928015,120.11847731266414,7.174000833383985
2752,4,"[109, 23]",113.13239029922482,114.8123949096469,1.680004610422074
2814,3,"[11, 52]",113.2293512514065,113.96627027317341,0.7369190217669086
2512,5,"[20, 80]",113.54530863574148,115.2924467521662,1.747138116424722
2513,5,"[41, 44]",113.65842616996132,115.33076291289103,1.6723367429297156
2727,4,"[99, 136]",113.88208109224891,116.72681180505987,2.844730712810957
2076,3,"[11, 52]",113.96627027317341,114.79530413834571,0.8290338651723062
22,4,"[115, 72]",114.00779580039007,114.58849271268812,0.5806969122980519
962,4,"[115, 0]",114.58849271268812,117.57968268441576,2.9911899717276356
2515,5,"[60, 157]",114.62013305232801,116.39828509353114,1.7781520412031284
2077,3,"[11, 52]",114.79530413834571,115.62433800351802,0.8290338651723062
2061,4,"[72, 48]",114.8123949096469,115.76312726525263,0.9507323556057372
2749,3,"[100, 104]",115.24178240233246,118.66582830810165,3.4240459057691908
2516,5,"[41, 44]",115.33076291289103,117.00309965582075,1.6723367429297156
2517,5,"[20, 80]",115.33076291289103,117.07790102931575,1.747138116424722
959,3,"[52, 24]",115.62433800351802,118.83974634162416,3.215408338106144
2790,4,"[109, 23]",115.76312726525263,118.85070335284142,3.0875760875887863
1584,2,"[103, 45]",116.34227003422801,123.36110113185916,7.01883109763115
2514,5,"[60, 157]",116.39828509353114,119.06551327309819,2.667228179567047
2696,4,"[31, 48]",116.72681180505987,124.36536998813212,7.638558183072249
1628,1,"[5, 2]",117.00216448363183,123.94847656979722,6.946312086165392
2518,5,"[41, 44]",117.00309965582075,119.60451239165685,2.6014127358361065
2787,5,"[20, 80]",117.07790102931575,119.01916565454695,1.9412646252311987
2071,3,"[11, 138]",117.44021893248565,118.36204355732698,0.9218246248413351
1000,4,"[99, 136]",117.57968268441576,119.00204804082124,1.4223653564054786
2058,3,"[11, 138]",118.36204355732698,119.37605066663046,1.0140071093034777
2059,2,"[142, 82]",118.46687908678422,119.47342080653128,1.0065417197470623
2060,3,"[104, 101]",118.66582830810165,119.72259898513757,1.0567706770359138
997,3,"[131, 100]",118.83974634162416,120.28326445005182,1.4435181084276536
984,4,"[109, 23]",118.85070335284142,120.57611344938766,1.7254100965462413
996,4,"[99, 136]",119.00204804082124,120.78000470983447,1.7779566690132356
993,5,"[20, 80]",119.01916565454695,120.96043027977815,1.9412646252311987
1001,5,"[60, 157]",119.06551327309819,121.04123781566271,1.975724542564521
981,3,"[151, 52]",119.37605066663046,121.32088006590374,1.9448293992732744
960,2,"[7, 79]",119.47342080653128,122.686142130567,3.2127213240357264
1004,5,"[41, 44]",119.60451239165685,121.46266437746964,1.858151985812782
985,3,"[104, 24]",119.72259898513757,121.71150734678272,1.9889083616451586
2066,2,"[142, 82]",119.76800121709763,120.7745429368447,1.0065417197470623
1392,1,"[22, 18]",119.88484818612967,120.33869943503909,0.45385124890941597
2078,1,"[158, 77]",120.11847731266414,121.29047469273728,1.1719973800731367
989,3,"[131, 100]",120.28326445005182,122.17788185309074,1.8946174030389216
2079,1,"[22, 18]",120.33869943503909,121.42794247570433,1.089243040665238
988,4,"[109, 23]",120.57611344938766,122.48314559868575,1.9070321492980895
2089,2,"[142, 82]",120.7745429368447,121.87258846912896,1.0980455322842602
992,4,"[99, 136]",120.78000470983447,122.64685912751878,1.8668544176843085
977,5,"[20, 80]",120.96043027977815,123.67820070881848,2.7177704290403284
980,5,"[60, 157]",121.04123781566271,123.8072521281481,2.7660143124853818
2107,3,"[11, 52]",121.32088006590374,122.42625862600649,1.10537856010275
2062,1,"[158, 77]",121.42794247570433,122.60970649090912,1.1817640152047915
2090,1,"[22, 18]",121.42794247570433,122.51718551636957,1.089243040665238
1975,5,"[41, 44]",121.46266437746964,124.20343860084529,2.7407742233756522
1986,3,"[138, 104]",121.71150734678272,122.9417729360084,1.2302655892256809
1988,2,"[142, 82]",121.87258846912896,123.06213770486939,1.1895492357404294
1990,3,"[101, 3]",122.17788185309074,123.44562499279391,1.267743139703171
1991,3,"[11, 52]",122.42625862600649,123.62375197460989,1.1974933486034018
1992,4,"[115, 72]",122.48314559868575,123.68140903362455,1.198263434938795
1993,1,"[22, 18]",122.51718551636957,123.69719872025144,1.1800132038818703
1994,1,"[158, 77]",122.60970649090912,123.87937022229879,1.2696637313896701
1995,4,"[99, 0]",122.64685912751878,123.83972515137812,1.192866023859338
998,2,"[7, 79]",122.686142130567,124.19801096905859,1.51186883849158
994,3,"[131, 100]",122.9417729360084,124.74617054465536,1.8043976086469513
1002,2,"[117, 105]",123.06213770486939,124.99842026571484,1.9362825608454557
982,2,"[54, 39]",123.36110113185916,125.41741247919174,2.0563113473325814
986,3,"[151, 104]",123.44562499279391,125.39325549498047,1.9476305021865556
990,3,"[52, 24]",123.62375197460989,125.60973933166258,1.985987357052693
978,5,"[20, 80]",123.67820070881848,126.39597113785881,2.7177704290403284
1996,4,"[115, 72]",123.68140903362455,124.87967246856334,1.198263434938795
2005,1,"[22, 18]",123.69719872025144,124.8772119241333,1.1800132038818703
1976,5,"[60, 157]",123.8072521281481,126.72144587553571,2.914193747387614
2006,4,"[99, 0]",123.83972515137812,125.03259117523746,1.192866023859338
2007,1,"[2, 158]",123.94847656979722,125.17343255616744,1.2249559863702189
2009,1,"[77, 12]",123.94847656979722,125.23803303539027,1.2895564655930514
2010,2,"[103, 142]",124.19801096905859,125.35631496965115,1.1583040005925653
1977,5,"[41, 44]",124.20343860084529,126.94421282422094,2.7407742233756522
2011,4,"[48, 155]",124.36536998813212,125.64313709506553,1.2777671069334104
2012,3,"[11, 138]",124.74617054465536,125.94454251299307,1.1983719683377103
2021,1,"[22, 18]",124.8772119241333,126.05722512801518,1.1800132038818703
2022,4,"[115, 72]",124.87967246856334,126.07793590350214,1.198263434938795
2023,2,"[82, 7]",124.99842026571484,126.22020625485862,1.2217859891437826
2024,4,"[99, 0]",125.03259117523746,126.2254571990968,1.192866023859338
2025,1,"[2, 158]",125.17343255616744,126.39838854253766,1.2249559863702189
2027,1,"[77, 12]",125.23803303539027,126.52758950098332,1.2895564655930514
2028,2,"[103, 142]",125.35631496965115,126.51461897024372,1.1583040005925653
2032,3,"[104, 101]",125.39325549498047,126.64216622223464,1.2489107272541702
2088,2,"[79, 117]",125.41741247919174,126.66067179054382,1.2432593113520767
2014,3,"[52, 3]",125.60973933166258,126.95328930692145,1.3435499752588669
2015,4,"[48, 155]",125.64313709506553,127.01919400649471,1.3760569114291883
2019,3,"[11, 138]",125.94454251299307,127.23509696579292,1.290554452799853
2020,1,"[22, 18]",126.05722512801518,127.32800860332024,1.2707834753050662
2026,4,"[115, 72]",126.07793590350214,127.36837347417779,1.2904375706756497
2063,2,"[82, 7]",126.22020625485862,127.53597580748358,1.3157695526249569
2093,4,"[99, 0]",126.2254571990968,127.51008217311113,1.284624974014335
1978,5,"[20, 80]",126.39597113785881,129.25933650635818,2.863365368499373
2094,1,"[2, 158]",126.39838854253766,127.71757193839662,1.319183395858957
2122,2,"[103, 142]",126.51461897024372,127.76202330308551,1.2474043328417963
2123,1,"[77, 12]",126.52758950098332,127.91634264506469,1.3887531440813632
2379,3,"[131, 100]",126.64216622223464,127.18348552633881,0.541319304104178
2394,2,"[45, 86]",126.66067179054382,127.23201685700244,0.571345066458619
1981,5,"[41, 44]",126.94421282422094,129.6849870475966,2.7407742233756522
1982,5,"[60, 157]",126.94421282422094,129.85840657160855,2.914193747387614
2343,3,"[151, 55]",126.95328930692145,127.55591726428834,0.6026279573668916
2345,4,"[31, 136]",127.01919400649471,127.59648268427695,0.577288677782235
2151,3,"[100, 24]",127.18348552633881,135.97552260429802,8.792037077959208
2337,3,"[11, 131]",127.23509696579292,127.86467365707571,0.6295766912827929
1608,1,"[5, 18]",127.32800860332024,134.85554662183222,7.527538018511976
2353,4,"[109, 23]",127.36837347417779,128.00405087531968,0.6356774011418906
2383,4,"[72, 0]",127.51008217311113,128.16477834298695,0.6546961698758196
2359,2,"[82, 7]",127.53597580748358,128.24085236553663,0.7048765580530443
2360,3,"[151, 138]",127.55591726428834,128.25101159630026,0.6950943320119194
1389,4,"[31, 136]",127.59648268427695,128.30699186281151,0.710509178534565
2338,1,"[22, 150]",127.71757193839662,128.44390170882443,0.7263297704278102
1554,2,"[103, 45]",127.76202330308551,135.32777666569945,7.565753362613933
2377,2,"[142, 86]",127.76202330308551,128.50590813711105,0.7438848340255362
2381,3,"[11, 131]",127.86467365707571,128.58418989865953,0.7195162415838183
2392,1,"[13, 30]",127.91634264506469,128.67260818664,0.7562655415753028
2372,4,"[109, 23]",128.00405087531968,128.82135038334104,0.8172995080213639
2374,4,"[72, 0]",128.16477834298695,129.00653055343486,0.8417522104479076
2387,2,"[82, 7]",128.24085236553663,129.08670421279288,0.845851847256256
2389,3,"[151, 138]",128.25101159630026,129.08512477261812,0.8341131763178566
2651,4,"[99, 136]",128.30699186281151,135.95220587868673,7.6452140158752115
1711,1,"[22, 2]",128.44390170882443,129.79822252518585,1.3543208163614224
2055,2,"[142, 79]",128.50590813711105,129.88569086095742,1.3797827238463753
2096,3,"[11, 52]",128.58418989865953,129.9659130438832,1.381723145223674
2097,1,"[158, 77]",128.67260818664,130.13760485351767,1.4649966668776813
2099,4,"[115, 48]",128.82135038334104,130.2466221588008,1.4252717754597484
2100,4,"[72, 0]",129.00653055343486,130.40945094134608,1.402920387911223
2101,3,"[138, 104]",129.08512477261812,130.50466204302376,1.419537270405641
2102,2,"[82, 7]",129.08670421279288,130.496457328899,1.409753116106117
1979,5,"[20, 80]",129.25933650635818,132.4624230917063,3.2030865853481316
1980,5,"[41, 44]",129.6849870475966,132.7509377798859,3.065950732289309
2103,1,"[22, 2]",129.79822252518585,131.15254334154727,1.3543208163614224
961,5,"[60, 157]",129.85840657160855,133.21713838817814,3.3587318165695876
2106,2,"[142, 79]",129.88569086095742,131.2654735848038,1.3797827238463753
2065,3,"[11, 52]",129.9659130438832,131.43975108741702,1.4738380435338172
2068,1,"[158, 77]",130.13760485351767,131.70026798813936,1.5626631346216868
2131,4,"[115, 48]",130.2466221588008,131.7669120752786,1.5202899164778216
2132,4,"[72, 0]",130.40945094134608,131.90589937741686,1.4964484360707786
2520,2,"[82, 7]",130.496457328899,132.00019400848626,1.5037366795872629
2521,3,"[138, 104]",130.50466204302376,132.01883515401937,1.514173110995614
2522,1,"[22, 2]",131.15254334154727,132.59715223385913,1.4446088923118623
2523,2,"[142, 79]",131.2654735848038,132.73724184550434,1.471768260700543
2524,3,"[11, 52]",131.43975108741702,132.91358913095084,1.4738380435338172
425,1,"[158, 77, 12]",131.70026798813936,133.5624446370763,1.862176648936952
479,4,"[115, 48]",131.7669120752786,133.3822201327745,1.615308057495895
483,4,"[72, 0]",131.90589937741686,133.49587586164722,1.5899764842303625
1676,2,"[82, 7]",132.00019400848626,133.5979142515547,1.5977202430684372
1741,3,"[138, 104]",132.01883515401937,133.62764410560496,1.608808951585587
1742,5,"[63, 116]",132.4624230917063,134.08229072764482,1.6198676359385047
1763,1,"[22, 2]",132.59715223385913,134.13204920212146,1.5348969682623306
2052,2,"[142, 79]",132.73724184550434,134.30099564305903,1.563753797554682
2053,5,"[44, 42]",132.7509377798859,134.36816839850005,1.617230618614144
2525,0,[],132.91358913095084,132.91358913095084,0.0
2813,3,"[11, 52]",132.91358913095084,134.4795420727948,1.5659529418439604
999,5,"[41, 20]",133.21713838817814,134.72338151358284,1.5062431254046942
2334,4,"[31, 109]",133.3822201327745,134.23399260788202,0.8517724751075093
1296,4,"[23, 72]",133.49587586164722,134.41176131109708,0.9158854494498598
1348,1,"[150, 13]",133.5624446370763,134.49413308007493,0.9316884429986203
2340,2,"[82, 7]",133.5979142515547,134.5377496622921,0.9398354107374018
2363,3,"[131, 151]",133.62764410560496,134.53176778456748,0.9041236789625202
995,5,"[60, 80]",134.08229072764482,136.05620323270546,1.973912505060639
343,1,"[22, 159]",134.13204920212146,142.11021893422742,7.978169732105954
2364,4,"[31, 109]",134.23399260788202,135.13059522450922,0.8966026166272059
2382,2,"[142, 86]",134.30099564305903,135.23085167173502,0.9298560286759994
1003,5,"[44, 157]",134.36816839850005,136.2849427043672,1.9167743058671647
2297,4,"[23, 115]",134.41176131109708,142.46705207003112,8.055290758934035
1297,1,"[150, 13]",134.49413308007493,135.5189903895866,1.024857309511674
1298,3,"[11, 131]",134.53176778456748,135.52110262344627,0.9893348388787899
2561,3,"[151, 55]",134.53176778456748,139.63092761086182,5.09915982629434
1319,2,"[82, 7]",134.5377496622921,135.57156863651068,1.0338189742185762
983,5,"[41, 20]",134.72338151358284,136.70032549643864,1.9769439828558006
1320,1,"[18, 30]",134.85554662183222,135.89450303948254,1.0389564176503256
2782,4,"[109, 0]",135.13059522450922,138.7465744740422,3.615979249532984
485,2,"[79, 117]",135.23085167173502,143.7423961352964,8.511544463561364
1357,2,"[103, 142]",135.32777666569945,136.30788010800939,0.9801034423099395
2354,1,"[150, 13]",135.5189903895866,136.54384769909828,1.024857309511674
2378,3,"[11, 131]",135.52110262344627,136.51043746232506,0.9893348388787899
2393,2,"[82, 45]",135.57156863651068,136.60194692565395,1.0303782891432718
426,1,"[2, 18]",135.89450303948254,137.56057800875314,1.6660749692705963
427,4,"[99, 72]",135.95220587868673,137.58130201432607,1.6290961356393439
430,3,"[52, 138]",135.97552260429802,137.67646747918334,1.700944874885323
987,5,"[60, 80]",136.05620323270546,138.12881126889565,2.0726080361901893
991,5,"[44, 157]",136.2849427043672,138.2975556341288,2.0126129297615876
440,2,"[103, 142]",136.30788010800939,137.91168566363228,1.6038055556228983
441,3,"[11, 104]",136.51043746232506,138.1708804682749,1.660443005949844
464,1,"[158, 77]",136.54384769909828,138.30184365278052,1.75799595368224
465,2,"[82, 7]",136.60194692565395,138.29365062016643,1.6917036945124835
979,5,"[41, 20]",136.70032549643864,139.33625088172894,2.6359253852903066
466,1,"[2, 18]",137.56057800875314,139.22665297802374,1.6660749692705963
467,4,"[99, 72]",137.58130201432607,139.2103981499654,1.6290961356393439
470,3,"[52, 138]",137.67646747918334,139.37741235406867,1.700944874885323
471,2,"[103, 142]",137.91168566363228,139.51549121925518,1.6038055556228983
474,3,"[11, 104]",138.1708804682749,139.83132347422475,1.660443005949844
475,2,"[82, 7]",138.29365062016643,139.98535431467891,1.6917036945124835
967,5,"[63, 116]",138.2975556341288,140.01270950804826,1.715153873919462
1942,5,"[44, 60]",138.2975556341288,140.68961188322373,2.392056249094935
970,1,"[158, 77]",138.30184365278052,140.05983960646276,1.75799595368224
1294,4,"[0, 48]",138.7465744740422,140.48280980360636,1.7362353295641526
1332,4,"[99, 72]",139.2103981499654,140.83949428560476,1.6290961356393439
1360,1,"[2, 18]",139.22665297802374,140.89272794729433,1.6660749692705963
1362,5,"[42, 157]",139.33625088172894,141.10383220828638,1.7675813265574334
1364,3,"[52, 138]",139.37741235406867,141.078357228954,1.700944874885323
1366,2,"[103, 142]",139.51549121925518,141.11929677487808,1.6038055556228983
1397,3,"[11, 104]",139.83132347422475,141.4917664801746,1.660443005949844
1435,3,"[101, 3]",139.83132347422475,141.5866601470832,1.7553366728584479
1484,2,"[82, 7]",139.98535431467891,141.6770580091914,1.6917036945124835
969,5,[41],140.01270950804826,141.1600335794213,1.147324071373049
1531,1,"[158, 77]",140.05983960646276,141.817835560145,1.75799595368224
972,4,[136],140.48280980360636,141.5813174374049,1.0985076337985333
1944,5,"[44, 20]",140.68961188322373,143.32573454732437,2.6361226641006397
1666,4,"[99, 72]",140.83949428560476,142.4685904212441,1.6290961356393439
1534,1,"[2, 18]",140.89272794729433,142.55880291656493,1.6660749692705963
1673,3,"[52, 138]",141.078357228954,142.7793021038393,1.700944874885323
1538,2,"[103, 142]",141.11929677487808,142.72310233050098,1.6038055556228983
968,5,[41],141.1600335794213,142.30735765079436,1.147324071373049
971,5,[60],141.1600335794213,142.377990509963,1.2179569305417033
1674,3,"[11, 104]",141.4917664801746,143.15220948612443,1.660443005949844
1675,4,"[0, 48]",141.5813174374049,143.31755276696904,1.7362353295641526
1700,3,"[101, 3]",141.5866601470832,143.34199681994164,1.7553366728584479
1563,2,"[82, 7]",141.6770580091914,143.36876170370388,1.6917036945124835
1596,1,"[158, 77]",141.817835560145,143.57583151382724,1.75799595368224
1701,1,"[22, 12]",142.11021893422742,143.79756017802143,1.687341243794009
1723,5,"[63, 116]",142.30735765079436,144.02251152471382,1.715153873919462
1109,0,[],142.377990509963,142.377990509963,0.0
1114,5,"[41, 60]",142.377990509963,143.23906524124956,0.8610747312865499
1797,4,"[99, 115]",142.4685904212441,144.09678746598345,1.628197044739352
1803,4,"[72, 155]",142.4685904212441,144.18308476596115,1.7144943447170533
1805,1,"[2, 18]",142.55880291656493,144.22487788583553,1.6660749692705963
1808,2,"[103, 142]",142.72310233050098,144.32690788612388,1.6038055556228983
1919,3,"[52, 138]",142.7793021038393,144.48024697872464,1.700944874885323
1920,3,"[11, 104]",143.15220948612443,144.81265249207428,1.660443005949844
1110,5,"[41, 60]",143.23906524124956,144.29148996351242,1.052424722262856
1928,4,"[0, 48]",143.31755276696904,145.0537880965332,1.7362353295641526
1111,5,"[44, 20]",143.32573454732437,144.36135420544684,1.0356196581224708
2002,3,"[101, 3]",143.34199681994164,145.0973334928001,1.7553366728584479
2031,2,"[82, 7]",143.36876170370388,145.06046539821637,1.6917036945124835
2140,2,"[79, 117]",143.7423961352964,145.46383212240022,1.7214359871038312
2035,1,"[22, 158]",143.79756017802143,145.46028306609762,1.662722888076189
2157,1,"[77, 12]",143.79756017802143,145.58309991780436,1.7855397397829336
1112,5,"[80, 157]",144.02251152471382,145.1099947544163,1.0874832297024852
2182,4,"[99, 115]",144.09678746598345,145.7249845107228,1.628197044739352
2218,4,"[72, 155]",144.18308476596115,145.8975791106782,1.7144943447170533
2223,1,"[2, 18]",144.22487788583553,145.89095285510612,1.6660749692705963
1113,5,"[41, 60]",144.29148996351242,145.34391468577527,1.052424722262856
2255,2,"[103, 142]",144.32690788612388,145.93071344174678,1.6038055556228983
1946,5,"[44, 20]",144.36135420544684,146.85625614481583,2.4949019393689866
2260,3,"[52, 138]",144.48024697872464,146.18119185360996,1.700944874885323
2262,3,"[11, 104]",144.81265249207428,146.47309549802412,1.660443005949844
2264,4,"[0, 48]",145.0537880965332,146.79002342609735,1.7362353295641526
1716,2,"[82, 7]",145.06046539821637,146.84615265621002,1.7856872579936578
1717,3,"[101, 3]",145.0973334928001,146.95018889553987,1.8528554027397774
1718,5,"[63, 116]",145.1099947544163,146.9204349799069,1.810440225490595
1997,5,"[42, 60]",145.34391468577527,147.20657405597518,1.862659370199907
2000,1,"[22, 158]",145.46028306609762,147.21537947242643,1.7550964063288177
2141,2,"[45, 86]",145.46383212240022,149.93936811685856,4.47553599445834
2158,1,"[5, 150]",145.58309991780436,147.39738315072336,1.8142832329189957
2016,4,"[99, 115]",145.7249845107228,147.44363697079908,1.718652460076271
2224,1,"[18, 30]",145.89095285510612,149.10227271195149,3.211319856845364
2219,4,"[72, 6]",145.8975791106782,149.08479097464252,3.1872118639643077
2256,2,"[103, 142]",145.93071344174678,147.44541877133628,1.5147053295895034
2029,3,"[52, 138]",146.18119185360996,147.97663369102204,1.7954418374120849
2263,3,"[100, 151]",146.47309549802412,151.45994437110886,4.986848873084739
2220,4,"[0, 48]",146.79002342609735,150.06957922747503,3.2795558013776827
1433,2,"[82, 7]",146.84615265621002,147.97395519390975,1.127802537699722
2265,5,"[41, 44]",146.85625614481583,151.966174105801,5.109917960985172
2298,5,"[20, 80]",146.9204349799069,149.92939505644856,3.008960076541655
1434,3,"[11, 131]",146.95018889553987,148.02946328471967,1.0792743891798011
1438,5,"[116, 42]",147.20657405597518,148.36356964210168,1.1569955861264987
1442,1,"[22, 13]",147.21537947242643,148.30553805117782,1.0901585787513852
1443,1,"[150, 158]",147.39738315072336,148.53468980343902,1.1373066527156652
1451,4,"[31, 136]",147.44363697079908,148.50940076506944,1.0657637942703673
1455,2,"[103, 142]",147.44541877133628,148.51462254589543,1.0692037745591563
1463,2,"[82, 7]",147.97395519390975,149.10175773160947,1.127802537699722
1464,3,"[11, 131]",148.02946328471967,149.10873767389947,1.0792743891798011
1468,3,"[138, 55]",148.02946328471967,149.16468936535105,1.1352260806313836
1471,1,"[22, 13]",148.30553805117782,149.3956966299292,1.0901585787513852
2257,5,"[116, 60]",148.36356964210168,151.27304065602814,2.9094710139264635
1474,4,"[31, 136]",148.50940076506944,149.5751645593398,1.0657637942703673
1475,2,"[103, 142]",148.51462254589543,149.5838263204546,1.0692037745591563
1478,1,"[150, 158]",148.53468980343902,149.6719964561547,1.1373066527156652
2350,4,"[109, 23]",149.08479097464252,150.17452372417446,1.0897327495319473
2357,2,"[82, 7]",149.10175773160947,150.2295602693092,1.127802537699722
2225,1,"[5, 18]",149.10227271195149,151.36960338831545,2.2673306763639687
2226,3,"[24, 3]",149.10873767389947,152.3767342691862,3.267996595286718
2358,3,"[11, 131]",149.16468936535105,150.24396375453085,1.0792743891798011
2369,1,"[22, 13]",149.3956966299292,150.4858552086806,1.0901585787513852
2373,4,"[31, 136]",149.5751645593398,150.64092835361018,1.0657637942703673
2380,2,"[103, 142]",149.5838263204546,150.65303009501375,1.0692037745591563
2384,1,"[150, 30]",149.6719964561547,150.80567594191106,1.1336794857563746
2388,5,"[42, 53]",149.92939505644856,151.10659043738605,1.1771953809374907
2142,2,"[45, 86]",149.93936811685856,151.84385159604327,1.9044834791847052
2356,4,"[72, 0]",150.06957922747503,151.2386795507344,1.1691003232593573
1385,4,"[109, 23]",150.17452372417446,151.35506744595472,1.1805437217802535
1387,2,"[82, 7]",150.2295602693092,151.451346258453,1.2217859891437968
1444,3,"[11, 131]",150.24396375453085,151.41317758679543,1.1692138322645746
1446,1,"[22, 13]",150.4858552086806,151.66686024541332,1.1810050367327278
1447,4,"[31, 136]",150.64092835361018,151.79550570917465,1.15457735556447
1448,2,"[103, 142]",150.65303009501375,151.8113340956063,1.1583040005925511
1449,1,"[150, 30]",150.80567594191106,152.03382862429635,1.2281526823852857
1472,5,"[42, 53]",151.10659043738605,152.38188533594843,1.2752948985623789
1473,4,"[72, 0]",151.2386795507344,152.45454384232647,1.2158642915920836
2258,5,"[116, 20]",151.27304065602814,154.89845728810988,3.6254166320817376
2344,4,"[109, 23]",151.35506744595472,152.53561116773497,1.1805437217802535
2371,1,"[18, 158]",151.36960338831545,152.6013884401711,1.2317850518556384
2375,3,"[11, 131]",151.41317758679543,152.58239141906,1.1692138322645746
2376,2,"[82, 7]",151.451346258453,152.67313224759678,1.2217859891437968
2390,3,"[100, 151]",151.45994437110886,152.63865406151226,1.1787096904033945
2391,1,"[22, 13]",151.66686024541332,152.84786528214605,1.1810050367327278
2597,4,"[31, 136]",151.79550570917465,152.95008306473912,1.15457735556447
2080,2,"[103, 142]",151.8113340956063,153.50423998347844,1.6929058878721435
2081,2,"[79, 117]",151.84385159604327,153.66092294109868,1.8170713450554103
2082,5,"[44, 63]",151.966174105801,153.75276294939044,1.786588843589442
2083,1,"[2, 77]",152.03382862429635,153.84525398925362,1.8114253649572731
2084,3,"[52, 138]",152.3767342691862,154.17217610659827,1.7954418374120849
2085,5,"[42, 60]",152.38188533594843,154.24454470614833,1.862659370199907
2108,4,"[99, 115]",152.45454384232647,154.17319630240274,1.718652460076271
2109,4,"[72, 0]",152.53561116773497,154.31264363679037,1.7770324690553991
2110,3,"[11, 104]",152.58239141906,154.3350812831108,1.752689864050808
2111,1,"[18, 158]",152.6013884401711,154.40168971325014,1.800301273079043
2112,3,"[101, 3]",152.63865406151226,154.49150946425203,1.8528554027397774
478,2,"[82, 7]",152.67313224759678,154.5528030690716,1.8796708214748037
1708,1,"[22, 12]",152.84786528214605,154.72268893602748,1.8748236538814353
2037,4,"[48, 155]",152.95008306473912,154.91587868597242,1.9657956212332977
2018,2,"[103, 142]",153.50423998347844,155.37534642963323,1.8711064461547835
2105,2,"[79, 117]",153.66092294109868,155.6692648880511,2.008341946952413
519,5,"[44, 63]",153.75276294939044,155.44532077761335,1.6925578282229026
2115,1,"[2, 77]",153.84525398925362,155.84735564261842,2.0021016533648037
2117,4,"[99, 115]",154.17319630240274,156.0727594853216,1.899563182918854
2118,5,"[42, 60]",154.24454470614833,156.30327341607818,2.058728709929852
2119,4,"[72, 0]",154.31264363679037,156.2767320906708,1.9640884538804357
1761,3,"[138, 104]",154.3350812831108,156.4170693248316,2.081988041720791
2116,3,"[11, 52]",154.3350812831108,156.2694935985764,1.934412315465579
1762,1,"[18, 158]",154.40168971325014,156.48624915341787,2.0845594401677374
1764,3,"[101, 3]",154.49150946425203,156.6369210566358,2.145411592383766
1765,2,"[82, 7]",154.5528030690716,156.62044101750874,2.0676379484371523
1766,1,"[22, 12]",154.72268893602748,156.78499499999634,2.0623060639688617
2259,5,"[41, 116]",154.89845728810988,157.0635144905887,2.165057202478806
2051,4,"[48, 155]",154.91587868597242,157.07825391619724,2.162375230224825
2795,2,"[103, 142]",155.37534642963323,157.33555331425308,1.9602068846198506
520,5,"[44, 20]",155.44532077761335,156.48094043573582,1.0356196581224708
1985,2,"[79, 117]",155.6692648880511,157.86887755090666,2.1996126628555714
2762,1,"[150, 13]",155.84735564261842,159.48094088129764,3.633585238679217
1356,4,"[31, 136]",156.0727594853216,157.3161505080543,1.243391022732709
1375,3,"[11, 131]",156.2694935985764,157.52864698114197,1.2591533825655858
1450,4,"[109, 23]",156.2767320906708,157.5480868929546,1.2713548022837813
1453,5,"[42, 53]",156.30327341607818,157.67666794920933,1.3733945331311475
1462,3,"[100, 151]",156.4170693248316,157.68644901636304,1.2693796915314408
1469,5,"[121, 95]",156.48094043573582,157.8764405561838,1.3955001204479913
1477,1,"[18, 30]",156.48624915341787,157.80855727015745,1.3223081167395776
1507,2,"[82, 45]",156.62044101750874,157.93183151657095,1.3113904990622132
2332,3,"[138, 55]",156.6369210566358,157.96135140885602,1.3244303522202188
2333,1,"[22, 158]",156.78499499999634,158.0782239251798,1.2932289251834561
2367,5,"[41, 116]",157.0635144905887,158.38137540132428,1.3178609107355896
2352,4,"[72, 0]",157.07825391619724,158.43441033577574,1.3561564195784968
2362,4,"[31, 136]",157.3161505080543,158.60394841730817,1.287797909253868
2365,2,"[103, 142]",157.33555331425308,158.62750786632742,1.291954552074344
1330,3,"[11, 131]",157.52864698114197,158.8777399140086,1.3490929328666255
1331,4,"[109, 23]",157.5480868929546,158.91025277574192,1.3621658827873375
1386,5,"[42, 53]",157.67666794920933,159.14816211690925,1.471494167699916
1393,3,"[100, 151]",157.68644901636304,159.04649870902253,1.3600496926594872
1394,1,"[18, 30]",157.80855727015745,159.2253159907914,1.4167587206339363
1400,2,"[7, 86]",157.86887755090666,159.30208918009706,1.4332116291903958
1441,5,"[121, 95]",157.8764405561838,159.37161928212655,1.4951787259427363
1445,2,"[82, 45]",157.93183151657095,159.33689278949424,1.405061272923291
1454,3,"[138, 55]",157.96135140885602,159.38038395325793,1.4190325444019152
1470,1,"[22, 158]",158.0782239251798,159.46382636861588,1.3856024434360847
1502,5,"[41, 116]",158.38137540132428,159.79336925830137,1.411993856977091
1508,4,"[72, 0]",158.43441033577574,159.83733072368696,1.402920387911223
590,4,"[31, 136]",158.60394841730817,159.98055988785615,1.3766114705479708
591,2,"[103, 142]",158.62750786632742,160.00856264443516,1.381054778107739
2156,4,"[115, 6]",158.91025277574192,163.31358570250907,4.403332926767149
1325,3,"[11, 151]",159.04649870902253,160.49268797935713,1.4461892703345995
2653,3,"[131, 100]",159.04649870902253,167.25650817252767,8.210009463505145
2261,5,"[44, 20]",159.14816211690925,164.32626029528942,5.178098178380168
1326,1,"[18, 30]",159.2253159907914,160.73652531531968,1.511209324528295
1337,2,"[7, 86]",159.30208918009706,160.83084827401376,1.5287590939167046
1376,2,"[82, 45]",159.33689278949424,160.8356248362786,1.4987320467843688
1377,5,"[42, 53]",159.37161928212655,160.94121308439523,1.5695938022686846
1390,3,"[138, 55]",159.38038395325793,160.89401868984157,1.51363473658364
1439,1,"[22, 150]",159.48094088129764,160.9336004221533,1.4526595408556489
1499,1,"[13, 158]",159.48094088129764,160.99831433190923,1.5173734506115863
1505,5,"[41, 116]",159.79336925830137,161.29949606151996,1.5061268032185922
395,4,"[109, 23]",159.83733072368696,161.38111876748135,1.5437880437943932
396,4,"[31, 136]",159.98055988785615,161.4903919120935,1.5098320242373404
1437,2,"[103, 142]",160.00856264443516,161.52326797402466,1.5147053295895034
1519,3,"[11, 151]",160.49268797935713,162.02926409929066,1.5365761199335282
2385,2,"[7, 86]",160.8356248362786,162.50770507033408,1.6720802340554712
2485,2,"[82, 45]",160.8356248362786,162.42802765692403,1.5924028206454182
2013,3,"[52, 138]",160.89401868984157,163.0674482647116,2.1734295748700276
1529,1,"[5, 2]",160.9336004221533,169.23309022096106,8.29948979880777
2759,1,"[22, 150]",160.9336004221533,165.0192053199295,4.085604897776221
2064,5,"[63, 42]",160.94121308439523,163.15615878451405,2.214945700118818
2001,1,"[18, 158]",160.99831433190923,163.27237921680276,2.2740648848935336
585,5,"[41, 116]",161.29949606151996,162.9938886450064,1.694392583486433
1709,4,"[99, 72]",161.38111876748135,163.64375234914198,2.262633581660623
1722,4,"[0, 48]",161.4903919120935,163.90182993370277,2.4114380216092854
1725,2,"[103, 142]",161.52326797402466,163.7507757491764,2.227507775151736
1745,3,"[11, 104]",162.02926409929066,164.33543500198033,2.306170902689672
2003,2,"[82, 79]",162.42802765692403,164.77852534931276,2.3504976923887284
2008,2,"[7, 117]",162.50770507033408,164.8976477792741,2.3899427089400263
2030,5,"[116, 60]",162.9938886450064,165.41844782327846,2.4245591782720624
2036,3,"[52, 138]",163.0674482647116,165.42987176463515,2.362423499923551
346,5,"[41, 80]",163.15615878451405,172.15629641894395,9.000137634429905
2650,1,"[13, 159]",163.27237921680276,172.21466890789387,8.942289691091105
481,4,"[115, 155]",163.31358570250907,165.78863913871115,2.4750534362020744
1322,4,"[31, 136]",163.64375234914198,165.24239793467342,1.5986455855314432
1546,2,"[103, 45]",163.7507757491764,172.22806564055566,8.477289891379257
1323,4,"[109, 23]",163.90182993370277,165.53642894974547,1.6345990160426993
1371,5,"[42, 53]",164.32626029528942,166.09205324975179,1.7657929544623698
1372,3,"[11, 151]",164.33543500198033,165.9623978637633,1.626962861782971
1547,2,"[7, 86]",164.8976477792741,173.78356006249686,8.885912283222751
1567,2,"[117, 105]",164.8976477792741,173.90136187186374,9.003714092589632
1599,1,"[18, 150]",165.0192053199295,173.67644536232254,8.657240042393028
1373,4,"[31, 136]",165.24239793467342,166.84104352020486,1.5986455855314432
1374,5,"[116, 121]",165.41844782327846,167.17011990490295,1.7516720816244913
1430,3,"[138, 55]",165.42987176463515,167.13271077280763,1.7028390081724751
1476,4,"[109, 23]",165.53642894974547,167.17102796578817,1.6345990160426993
1481,4,"[72, 0]",165.78863913871115,167.47214355960696,1.6835044208958152
1482,3,"[11, 151]",165.9623978637633,167.58936072554627,1.626962861782971
1520,5,"[42, 53]",166.09205324975179,167.85784620421416,1.7657929544623698
2595,4,"[31, 136]",166.84104352020486,168.4396891057363,1.5986455855314432
1314,5,"[116, 121]",167.17011990490295,169.01910712795296,1.8489872230500168
1334,4,"[109, 23]",167.17102796578817,168.8964380623344,1.7254100965462271
1335,3,"[138, 55]",167.25650817252767,169.05394937288187,1.7974412003542
2596,3,"[131, 100]",167.25650817252767,168.88046597728973,1.6239578047620569
1336,4,"[72, 0]",167.47214355960696,169.24917602866236,1.7770324690553991
1350,3,"[11, 151]",167.58936072554627,169.3067104369282,1.717349711381928
1351,5,"[42, 53]",167.85784620421416,169.7217387932453,1.8638925890311384
2355,4,"[31, 136]",168.4396891057363,170.12714835843596,1.6874592526996537
2563,3,"[131, 100]",168.88046597728973,170.59464368399424,1.714177706704504
2564,4,"[109, 23]",168.8964380623344,170.62184815888062,1.7254100965462271
2567,5,"[116, 121]",169.01910712795296,170.86809435100298,1.8489872230500168
2573,3,"[138, 55]",169.05394937288187,170.85139057323607,1.7974412003542
1600,1,"[5, 2]",169.23309022096106,177.6227922114092,8.389701990448145
2574,4,"[72, 0]",169.24917602866236,171.02620849771776,1.7770324690553991
2575,3,"[11, 151]",169.3067104369282,171.02406014831013,1.717349711381928
2576,5,"[42, 53]",169.7217387932453,171.58563138227643,1.8638925890311384
378,4,"[31, 136]",170.12714835843596,171.90342127830385,1.7762729198678926
380,3,"[131, 100]",170.59464368399424,172.3990412926412,1.8043976086469513
397,4,"[109, 23]",170.62184815888062,172.43806933593038,1.816221177049755
1310,5,"[116, 121]",170.86809435100298,172.8143967154785,1.946302364475514
398,3,"[11, 151]",171.02406014831013,172.83179670929098,1.8077365609808567
1318,3,"[138, 55]",171.02406014831013,172.91610354084602,1.8920433925358964
1321,4,"[72, 0]",171.02620849771776,172.89676901493272,1.8705605172149546
1328,5,"[42, 53]",171.58563138227643,173.54762360587634,1.961992223599907
577,4,"[115, 6]",171.90342127830385,176.86888219294673,4.965460914642875
576,5,"[41, 44]",172.15629641894395,177.080399358555,4.9241029396110605
1739,1,"[22, 158]",172.21466890789387,174.61637972175552,2.401710813861655
2004,2,"[103, 142]",172.22806564055566,174.5446736417408,2.3166080011851307
2809,3,"[52, 104]",172.3990412926412,174.85772048830793,2.458679195666747
1743,4,"[99, 48]",172.43806933593038,174.90908234061666,2.4710130046862844
2017,5,"[63, 116]",172.8143967154785,175.38712763994786,2.5727309244693686
2215,3,"[11, 101]",172.83179670929098,175.45099423360588,2.619197524314899
2034,4,[72],172.89676901493272,174.1233745279024,1.2266055129696838
1329,3,"[131, 100]",172.91610354084602,174.72050114949297,1.8043976086469513
2818,5,"[20, 60]",173.54762360587634,183.92556241821947,10.377938812343132
1349,1,"[18, 150]",173.67644536232254,175.53821737626674,1.8617720139442042
1353,2,"[82, 45]",173.78356006249686,175.65697509306125,1.873415030564388
1354,2,"[7, 86]",173.90136187186374,175.8123107107843,1.9109488389205467
1355,4,"[31, 136]",174.1233745279024,175.8996474477703,1.7762729198678926
1381,2,"[103, 142]",174.5446736417408,176.32667986186217,1.7820062201213887
1382,1,"[22, 13]",174.61637972175552,176.4333106141428,1.8169308923872904
1388,3,"[131, 100]",174.72050114949297,176.52489875813993,1.8043976086469513
1395,3,"[151, 138]",174.85772048830793,176.71130537367304,1.853584885365109
1431,4,"[109, 23]",174.90908234061666,176.72530351766642,1.816221177049755
1440,5,"[116, 42]",175.38712763994786,177.3154535402006,1.9283259002527302
2216,3,"[55, 24]",175.45099423360588,179.5220720966382,4.071077863032315
1461,1,"[18, 150]",175.53821737626674,177.39998939021095,1.8617720139442042
1487,2,"[82, 45]",175.65697509306125,177.53039012362564,1.873415030564388
1513,2,"[7, 86]",175.8123107107843,177.72325954970484,1.9109488389205467
2217,4,"[72, 0]",175.8996474477703,179.92135273817303,4.0217052904027355
1514,2,"[103, 142]",176.32667986186217,178.10868608198356,1.7820062201213887
376,1,"[22, 13]",176.4333106141428,178.34108796451144,1.907777350368633
377,3,"[11, 131]",176.52489875813993,178.4136287783802,1.8887300202402741
1293,3,"[100, 151]",176.71130537367304,178.61537485692668,1.904069483253636
1352,4,"[31, 136]",176.72530351766642,178.5903899988284,1.8650864811619954
578,4,"[115, 6]",176.86888219294673,181.8343431075896,4.965460914642875
1458,5,"[41, 53]",177.080399358555,179.09087187651033,2.0104725179553213
2427,5,"[44, 80]",177.3154535402006,186.69929055384887,9.383837013648275
2428,1,"[150, 159]",177.39998939021095,186.6188467425809,9.218857352369952
2432,2,"[79, 117]",177.53039012362564,186.90265315076994,9.3722630271443
1429,2,"[82, 45]",177.72325954970484,179.78401612799135,2.060756578286515
1452,2,"[103, 142]",178.10868608198356,180.0688929666034,1.9602068846198506
1460,1,"[18, 30]",178.34108796451144,180.4190007998121,2.0779128353006513
2656,1,"[22, 13]",178.34108796451144,187.24404951048515,8.90296154597371
1506,3,"[11, 131]",178.4136287783802,180.39229845613778,1.9786696777575798
1515,4,"[31, 136]",178.5903899988284,180.54429025303273,1.9539002542043136
1738,3,"[52, 138]",178.61537485692668,181.45028305683496,2.834908199908284
1999,5,"[63, 116]",179.09087187651033,181.9494617421029,2.8585898655925632
2057,3,"[104, 101]",179.5220720966382,182.40417388063193,2.8821017839937326
2072,2,"[82, 7]",179.78401612799135,182.60352236020358,2.819506232212234
2794,4,"[99, 72]",179.92135273817303,182.63651303616578,2.715160297992753
2797,2,"[103, 142]",180.0688929666034,182.7419022967855,2.673009330182083
2526,3,"[11, 3]",180.39229845613778,182.17035026299854,1.7780518068607591
1558,1,"[5, 2]",180.4190007998121,189.1695498361673,8.75054903635521
2527,4,"[0, 48]",180.54429025303273,182.37698312645853,1.832692873425799
2528,3,"[52, 138]",181.45028305683496,183.24572489424705,1.7954418374120849
580,4,"[115, 6]",181.8343431075896,187.17455541849776,5.340212310908157
2529,5,"[63, 116]",181.9494617421029,183.7599019675935,1.810440225490595
2530,3,"[11, 3]",182.17035026299854,183.9484020698593,1.7780518068607591
2531,4,"[0, 48]",182.37698312645853,184.20967599988433,1.832692873425799
1710,3,"[104, 101]",182.40417388063193,185.38234563247255,2.9781717518406197
2815,4,"[99, 72]",182.63651303616578,185.44217859111234,2.8056655549465574
1579,2,"[45, 7]",182.7419022967855,191.9675379732505,9.225635676465004
2811,2,"[103, 142]",182.7419022967855,185.50401185300097,2.762109556215478
480,3,"[52, 138]",183.24572489424705,186.22237859427003,2.976653700022979
477,5,"[63, 116]",183.7599019675935,186.8090645363283,3.0491625687348005
1730,5,"[42, 60]",183.92556241821947,187.06267302256305,3.137110604343576
1731,3,"[11, 3]",183.9484020698593,186.94301572150968,2.9946136516503827
1732,4,"[0, 48]",184.20967599988433,187.29631671353874,3.0866407136544183
2048,3,"[104, 101]",185.38234563247255,188.45658758120896,3.0742419487364145
2049,4,"[99, 72]",185.44217859111234,188.33834961879424,2.896171027681902
1580,2,"[103, 86]",185.50401185300097,194.56640745899665,9.062395605995675
1315,3,"[131, 100]",186.22237859427003,188.29743580119384,2.075057206923816
1585,1,"[18, 150]",186.6188467425809,195.74152978845999,9.122683045879086
1316,5,"[41, 53]",186.69929055384887,188.90123669928906,2.201946145440189
1344,5,"[116, 121]",186.8090645363283,189.04731220907166,2.2382476727433698
1586,2,"[117, 105]",186.90265315076994,196.39043788357094,9.487784732801003
1345,3,"[11, 151]",186.94301572150968,189.02191272353787,2.078897002028185
1346,5,"[42, 95]",187.06267302256305,189.33359593692086,2.2709229143578114
1347,4,"[31, 136]",187.17455541849776,189.21726923399618,2.0427138154984164
1378,1,"[22, 13]",187.24404951048515,189.33351999341153,2.089470482926373
1399,4,"[109, 23]",187.29631671353874,189.3849710238439,2.088654310305145
2335,3,"[131, 100]",188.29743580119384,190.37249300811766,2.075057206923816
2590,4,"[72, 0]",188.33834961879424,190.48949416899382,2.151144550199575
382,3,"[138, 55]",188.45658758120896,190.7270397424717,2.270452161262739
1324,5,"[41, 53]",188.90123669928906,191.19891977259883,2.29768307330977
1488,3,"[11, 151]",189.02191272353787,191.1911966829145,2.169283959376628
2577,5,"[116, 121]",189.04731220907166,191.3828751392492,2.335562930177531
2579,4,"[31, 136]",189.21726923399618,191.34879682253694,2.131527588540763
2578,1,"[22, 13]",189.33351999341153,191.51383715091427,2.180317157502742
2580,1,"[30, 158]",189.33351999341153,191.64202528335935,2.308505289947817
2581,5,"[42, 95]",189.33359593692086,191.70325477345347,2.369658836532608
2582,4,"[109, 23]",189.3849710238439,191.56443652290778,2.1794654990638946
2584,3,"[131, 100]",190.37249300811766,192.53777022453437,2.165277216416712
2585,4,"[72, 0]",190.48949416899382,192.73416687884705,2.2446727098532335
2587,3,"[138, 55]",190.7270397424717,192.99749190373444,2.270452161262739
2588,3,"[11, 151]",191.1911966829145,193.36048064229112,2.169283959376628
2592,5,"[41, 53]",191.19891977259883,193.4966028459086,2.29768307330977
2593,4,"[31, 136]",191.34879682253694,193.4803244110777,2.131527588540763
375,5,"[116, 121]",191.3828751392492,193.8157530948436,2.4328779555943925
1587,1,"[5, 2]",191.51383715091427,200.35459837890988,8.840761227995614
379,4,"[109, 23]",191.56443652290778,193.83471299421998,2.270276471312201
1588,1,"[13, 159]",191.64202528335935,200.8667032494961,9.224677966136767
381,5,"[42, 95]",191.70325477345347,194.1716492967564,2.4683945233029476
1544,2,"[45, 7]",191.9675379732505,197.33346864393727,5.365930670686765
1313,3,"[131, 100]",192.53777022453437,194.79326723534305,2.255497010808682
1338,4,"[72, 0]",192.73416687884705,195.07236752536576,2.3382006465187146
2341,3,"[138, 55]",192.99749190373444,195.36254614440432,2.3650542406698776
2486,3,"[11, 151]",193.36048064229112,195.6201513435172,2.259670701226071
2361,4,"[31, 136]",193.4803244110777,195.74507234155962,2.264747930481917
2589,5,"[41, 53]",193.4966028459086,195.93789096864128,2.4412881227326864
1432,5,"[116, 121]",193.8157530948436,196.3459460758548,2.5301929810112256
1480,4,"[109, 23]",193.83471299421998,196.19580043778052,2.3610874435605353
2366,5,"[42, 95]",194.1716492967564,196.7387795068297,2.5671302100732873
1545,2,"[103, 86]",194.56640745899665,199.83739237943544,5.270984920438792
2465,3,"[131, 100]",194.79326723534305,197.1389840405437,2.3457168052006523
2466,4,"[72, 0]",195.07236752536576,197.50409610854993,2.4317285831841673
2163,3,"[151, 55]",195.6201513435172,201.55371922980405,5.933567886286852
2467,3,"[11, 138]",195.6201513435172,198.0168952801926,2.3967439366754206
1543,1,"[18, 150]",195.74152978845999,201.0475798506486,5.3060500621886035
2468,4,"[31, 136]",195.74507234155962,198.0542270526886,2.3091547111289685
2594,5,"[41, 53]",195.93789096864128,198.42704744118163,2.489156472540344
2069,4,"[99, 115]",196.19580043778052,199.09037308157409,2.894572643793566
2070,5,"[44, 63]",196.3459460758548,199.35493789502183,3.008991819167022
2800,2,"[142, 82]",196.39043788357094,199.31855923027496,2.9281213467040175
1744,5,"[116, 42]",196.7387795068297,199.87230909474036,3.133529587910658
1984,3,"[52, 104]",197.1389840405437,200.2596153967237,3.1206313561799846
2067,2,"[7, 79]",197.33346864393727,200.45169803180372,3.1182293878664495
428,4,[72],197.50409610854993,199.08116032459026,1.577064216040327
429,3,[11],198.0168952801926,199.55442900699896,1.5375337268063447
2470,0,[],198.0542270526886,198.0542270526886,0.0
2482,4,"[0, 6]",198.0542270526886,201.47735987152893,3.423132818840344
431,5,[60],198.42704744118163,200.11344936219106,1.686401921009434
432,4,[99],199.09037308157409,200.60966928638578,1.5192962048116954
1749,4,[115],199.09037308157409,200.66566446965186,1.5752913880777726
1767,2,[142],199.31855923027496,200.85030385500264,1.5317446247276791
1768,5,[44],199.35493789502183,200.94377514737204,1.5888372523502028
1776,3,[11],199.55442900699896,201.0919627338053,1.5375337268063447
2559,2,"[103, 82]",199.83739237943544,204.84281924147652,5.005426862041077
2484,5,"[41, 116]",199.87230909474036,202.4138980821852,2.5415889874448396
2487,5,"[42, 53]",200.11344936219106,202.76213891082847,2.6486895486374067
2312,3,"[131, 100]",200.2596153967237,205.04126923171887,4.781653834995183
1369,1,"[22, 30]",200.35459837890988,202.93301575728373,2.5784173783738424
1479,2,"[45, 7]",200.45169803180372,203.08759384317435,2.635895811370631
345,4,"[99, 136]",200.66566446965186,209.99993698197133,9.334272512319473
579,4,"[72, 115]",200.66566446965186,206.7491558899628,6.083491420310935
1591,2,"[86, 117]",200.85030385500264,206.4598800362413,5.609576181238651
374,1,"[13, 158]",200.8667032494961,203.61694267819036,2.7502394286942433
1456,5,"[121, 95]",200.94377514737204,203.8344541125889,2.890678965216864
2583,1,"[18, 150]",201.0475798506486,203.7471493596439,2.6995695089953244
2682,3,"[11, 138]",201.0919627338053,203.7652542337572,2.673291499951887
2368,4,"[31, 109]",201.47735987152893,204.12233763333253,2.6449777618036023
2164,3,"[151, 55]",201.55371922980405,206.6528790560984,5.099159826294368
344,5,"[41, 44]",202.4138980821852,212.26210396140735,9.84820587922215
2796,5,"[63, 116]",202.76213891082847,206.19244665866742,3.4303077478389525
1572,1,"[5, 2]",202.93301575728373,212.22483622282678,9.291820465543054
1532,2,"[45, 7]",203.08759384317435,209.30077684315123,6.21318299997688
383,0,[],203.61694267819036,203.61694267819036,0.0
1706,1,"[22, 158]",203.61694267819036,207.03476208271314,3.4178194045227883
1327,1,"[18, 150]",203.7471493596439,206.53980738056023,2.7926580209163205
1358,3,"[11, 138]",203.7652542337572,206.53072810828118,2.765473874523991
391,5,"[42, 53]",203.8344541125889,204.91354985895762,1.079095746368722
1359,4,"[31, 109]",204.12233763333253,206.81214548321415,2.6898078498816176
1370,2,"[103, 142]",204.84281924147652,207.5158285716586,2.673009330182083
1489,5,"[42, 53]",204.91354985895762,207.85653819435746,2.942988335399832
1504,3,"[131, 100]",205.04126923171887,207.74786564468928,2.7065964129704128
2395,5,[116],206.19244665866742,207.64249985435518,1.450053195687758
1539,2,"[86, 117]",206.4598800362413,212.93990729630855,6.48002726006726
2697,3,"[138, 104]",206.53072810828118,216.56212518015465,10.03139707187347
456,1,"[18, 77]",206.53980738056023,210.18309474964855,3.6432873690883127
2165,3,"[151, 55]",206.6528790560984,211.75203888239275,5.09915982629434
457,4,"[115, 72]",206.7491558899628,210.25177216892243,3.5026162789596356
458,4,"[0, 48]",206.81214548321415,210.47753123006572,3.6653857468515696
459,1,"[22, 158]",207.03476208271314,210.54495489537078,3.5101928126576354
460,2,"[103, 142]",207.5158285716586,210.9016403474029,3.385811775744287
461,5,"[63, 116]",207.64249985435518,211.26338030533637,3.62088045098119
462,3,"[11, 52]",207.74786564468928,211.24823090199882,3.5003652573095394
463,5,"[42, 60]",207.85653819435746,211.58185693475727,3.725318740399814
468,2,"[82, 7]",209.30077684315123,212.87215135913854,3.5713745159873156
469,4,"[99, 155]",209.99993698197133,213.54972589547324,3.5497889135019136
472,1,"[18, 77]",210.18309474964855,213.82638211873686,3.6432873690883127
473,4,"[115, 72]",210.25177216892243,213.75438844788206,3.5026162789596356
1649,4,"[0, 48]",210.47753123006572,214.1429169769173,3.6653857468515696
1650,1,"[22, 158]",210.54495489537078,214.05514770802841,3.5101928126576354
1658,2,"[103, 142]",210.9016403474029,214.28745212314718,3.385811775744287
1659,3,"[11, 52]",211.24823090199882,214.74859615930836,3.5003652573095394
1667,5,"[63, 116]",211.26338030533637,214.88426075631756,3.62088045098119
1668,5,"[42, 60]",211.58185693475727,215.30717567515708,3.725318740399814
2166,3,"[100, 151]",211.75203888239275,214.7441481630088,2.9921092806160345
1669,1,"[2, 12]",212.22483622282678,215.8595720863251,3.634735863498321
1688,5,"[44, 157]",212.26210396140735,215.90397509685548,3.6418711354481275
1689,2,"[82, 7]",212.87215135913854,216.44352587512586,3.5713745159873156
1690,2,"[79, 117]",212.93990729630855,216.5740499864194,3.634142690110849
1691,4,"[99, 155]",213.54972589547324,217.09951480897516,3.5497889135019136
1702,4,"[115, 72]",213.75438844788206,217.2570047268417,3.5026162789596356
1703,1,"[22, 18]",214.05514770802841,217.50441715645738,3.4492694484289643
1704,1,"[158, 77]",214.05514770802841,217.7664725508809,3.711324842852491
1705,4,"[0, 48]",214.1429169769173,217.80830272376886,3.6653857468515696
1712,2,"[103, 142]",214.28745212314718,217.67326389889146,3.385811775744287
2167,3,"[100, 151]",214.7441481630088,220.3656867197287,5.621538556719912
1714,3,"[11, 52]",214.74859615930836,218.2489614166179,3.5003652573095394
1789,5,"[63, 116]",214.88426075631756,218.50514120729875,3.62088045098119
1791,5,"[42, 60]",215.30717567515708,219.0324944155569,3.725318740399814
1792,1,"[2, 12]",215.8595720863251,219.49430794982342,3.634735863498321
1794,5,"[44, 157]",215.90397509685548,219.5458462323036,3.6418711354481275
1796,2,"[82, 7]",216.44352587512586,220.01490039111317,3.5713745159873156
2153,3,"[138, 104]",216.56212518015465,220.1582862200564,3.5961610399017445
1987,2,"[79, 117]",216.5740499864194,220.30382837650043,3.7297783900810373
1989,4,"[99, 155]",217.09951480897516,220.74271957772487,3.6432047687497118
2033,4,"[115, 72]",217.2570047268417,220.94396927727504,3.686964550433345
2761,1,"[22, 150]",217.50441715645738,222.22556042071716,4.72114326425978
2087,2,"[103, 142]",217.67326389889146,221.3263765651676,3.6531126662761437
1307,1,"[18, 13]",217.7664725508809,220.6540220703237,2.8875495194427856
2183,4,"[0, 6]",217.80830272376886,223.8938724313796,6.085569707610745
1308,3,"[11, 131]",218.2489614166179,221.03708672543593,2.7881253088180245
1790,5,"[41, 20]",218.50514120729875,219.91724411632367,1.4121029090249237
1311,5,"[116, 42]",219.0324944155569,222.02139946899888,2.9889050534419823
1312,1,"[30, 158]",219.49430794982342,222.4761270724541,2.981819122630668
1795,5,"[44, 60]",219.5458462323036,220.69403327749401,1.1481870451904115
1317,5,"[41, 53]",219.91724411632367,222.885084543449,2.9678404271253385
1339,2,"[82, 45]",220.01490039111317,222.91869359915657,2.903793208043396
1340,2,"[7, 86]",220.30382837650043,223.2657989857061,2.961970609205679
2154,3,"[100, 151]",220.3656867197287,226.98459582929223,6.618909109563532
2168,3,"[55, 24]",220.3656867197287,224.05805981750325,3.6923730977745493
1341,1,"[18, 13]",220.6540220703237,223.54157158976648,2.8875495194427856
1810,5,"[44, 20]",220.69403327749401,222.4828308075789,1.788797530084878
1798,4,"[99, 136]",220.74271957772487,221.8094936215226,1.0667740437977216
1342,4,"[31, 109]",220.94396927727504,223.7234373033127,2.779468026037648
1343,3,"[11, 131]",221.03708672543593,223.82521203425395,2.7881253088180245
1368,2,"[103, 142]",221.3263765651676,224.08848612138308,2.762109556215478
1379,4,"[136, 23]",221.8094936215226,224.5977164975022,2.7882228759796135
1380,5,"[116, 42]",222.02139946899888,225.01030452244086,2.9889050534419823
1383,1,"[22, 150]",222.22556042071716,225.04008815259996,2.814527731882805
1384,1,"[30, 158]",222.4761270724541,225.45794619508476,2.981819122630668
1811,5,"[44, 20]",222.4828308075789,223.70674487757586,1.2239140699969653
1881,5,"[41, 60]",222.885084543449,225.27695886038578,2.3918743169367644
1391,2,"[82, 45]",222.91869359915657,225.82248680719997,2.903793208043396
1396,2,"[7, 86]",223.2657989857061,226.2277695949118,2.961970609205679
1428,1,"[18, 13]",223.54157158976648,226.52226800401402,2.9806964142475465
2268,5,"[44, 20]",223.70674487757586,230.3911987998808,6.684453922304954
2673,4,"[31, 109]",223.7234373033127,226.5925657192731,2.869128415960404
2184,4,"[115, 72]",223.8938724313796,228.96344868822544,5.069576256845835
2152,3,"[55, 24]",224.05805981750325,235.60855910806484,11.55049929056159
2169,3,"[3, 91]",224.05805981750325,229.22979681005495,5.1717369925517005
2586,2,"[103, 142]",224.08848612138308,226.98424622908033,2.8957601076972423
2488,4,"[136, 23]",224.5977164975022,227.56582476874115,2.968108271238947
2764,5,"[116, 42]",225.01030452244086,228.19204221188298,3.181737689442116
2765,1,"[22, 150]",225.04008815259996,228.03619836767658,2.9961102150766123
1882,5,"[41, 60]",225.27695886038578,226.52073345957152,1.2437745991857412
2769,1,"[30, 158]",225.45794619508476,228.63214079676598,3.174194601681222
2763,2,"[79, 117]",225.82248680719997,231.27370072836004,5.451213921160075
2091,2,"[82, 7]",226.2277695949118,230.08109468930547,3.853325094393682
2092,5,"[63, 60]",226.52073345957152,230.49226871216555,3.9715352525940375
2074,1,"[2, 18]",226.52226800401402,230.40977619208553,3.887508188071507
2075,4,"[99, 0]",226.5925657192731,230.4464405319309,3.853874812657807
2798,2,"[103, 142]",226.98424622908033,230.72645912138987,3.7422128923095386
1483,3,"[11, 131]",226.98459582929223,230.0425398962296,3.057944066937381
2113,4,"[48, 155]",227.56582476874115,231.89057522919083,4.324750460449678
2489,0,[],227.56582476874115,227.56582476874115,0.0
2114,1,"[22, 77]",228.03619836767658,232.1475919448388,4.111393577162232
2648,5,"[41, 80]",228.19204221188298,239.1071028249666,10.915060613083625
2649,1,"[150, 13]",228.63214079676598,239.2533886915394,10.621247894773433
2185,4,"[115, 72]",228.96344868822544,234.03302494507128,5.069576256845835
2173,3,"[100, 151]",229.22979681005495,232.40324609292705,3.173449282872099
2170,3,"[3, 91]",230.0425398962296,233.84815787195433,3.805617975724715
1309,2,"[82, 45]",230.08109468930547,233.35957099279315,3.278476303487679
2172,5,"[44, 116]",230.3911987998808,234.9099174617824,4.518718661901602
26,1,"[159, 30]",230.40977619208553,238.33304225075992,7.923266058674386
2687,4,"[31, 136]",230.4464405319309,233.82135903733024,3.374918505399336
2494,5,"[42, 53]",230.49226871216555,232.45426093576546,1.961992223599907
1551,2,"[103, 7]",230.72645912138987,241.0602902318676,10.333831110477746
1555,2,"[86, 117]",231.27370072836004,242.2027024237733,10.929001695413262
1486,4,"[109, 23]",231.89057522919083,235.43220682755248,3.541631598361647
1556,1,"[5, 2]",232.1475919448388,242.34153088547677,10.193938940637963
2176,3,"[100, 151]",232.40324609292705,235.032675585205,2.62942949227795
2174,5,"[20, 60]",232.45426093576546,235.84891387881964,3.394652943054183
1560,2,"[45, 105]",233.35957099279315,244.1305608676332,10.77098987484004
1516,4,"[31, 136]",233.82135903733024,237.373904877066,3.5525458397357568
2668,3,"[11, 131]",233.84815787195433,237.5356784693501,3.6875205973957748
2186,4,"[115, 72]",234.03302494507128,237.07477065522673,3.0417457101554533
2171,5,"[44, 116]",234.9099174617824,240.08761572280142,5.177698261019003
2179,3,"[100, 151]",235.032675585205,237.2994250729708,2.266749487765793
2471,4,"[109, 23]",235.43220682755248,238.3381607541342,2.9059539265817307
2086,3,"[52, 138]",235.60855910806484,240.2389092580343,4.630350149969473
2177,5,"[20, 60]",235.84891387881964,238.2736659810012,2.424752102181543
2187,4,"[115, 72]",237.07477065522673,242.78956553259025,5.714794877363516
2472,4,"[31, 136]",237.373904877066,240.21594159120426,2.84203671413826
30,3,"[101, 3]",237.5356784693501,239.29101514220855,1.7553366728584479
552,3,"[11, 104]",237.5356784693501,242.2402670228636,4.704588553513503
2180,5,"[20, 60]",238.2736659810012,240.69841808318273,2.424752102181543
1611,1,"[18, 159]",238.33304225075992,248.96040532292662,10.627363072166702
2473,4,"[109, 23]",238.3381607541342,241.24411468071594,2.9059539265817307
2768,5,"[41, 80]",239.1071028249666,243.99015632922294,4.883053504256338
1612,1,"[150, 13]",239.2533886915394,245.58887028163556,6.335481590096151
2674,3,"[131, 100]",239.29101514220855,243.2606899672722,3.969674825063663
2175,5,"[44, 116]",240.08761572280142,241.97041509044467,1.8827993676432584
2474,4,"[31, 136]",240.21594159120426,243.05797830534252,2.84203671413826
2793,3,"[52, 138]",240.2389092580343,245.1527499576367,4.913840699602389
1793,5,"[20, 60]",240.69841808318273,246.80879356567414,6.110375482491406
1626,2,"[103, 7]",241.0602902318676,248.1019270669624,7.041636835094778
2475,4,"[109, 23]",241.24411468071594,244.15006860729767,2.9059539265817307
2178,5,"[44, 116]",241.97041509044467,244.32391429999876,2.353499209554087
1552,2,"[86, 117]",242.2027024237733,254.09887239449102,11.896169970717722
2771,3,"[151, 104]",242.2402670228636,247.89767007863955,5.657403055775944
1557,1,"[5, 2]",242.34153088547677,253.43758830120967,11.0960574157329
2188,4,"[115, 72]",242.78956553259025,246.38435627692704,3.594790744336791
2476,4,"[31, 136]",243.05797830534252,245.90001501948078,2.84203671413826
2675,3,"[11, 131]",243.2606899672722,247.3079687658721,4.047278798599876
389,5,[63],243.99015632922294,245.61764339625054,1.6274870670276016
1559,2,"[45, 105]",244.1305608676332,255.85473567106035,11.724174803427161
2477,4,"[109, 23]",244.15006860729767,247.0560225338794,2.9059539265817307
2478,5,"[41, 116]",244.32391429999876,247.33616790643597,3.0122536064372127
1427,3,"[100, 138]",245.1527499576367,249.40669160537828,4.253941647741584
1613,1,"[150, 13]",245.58887028163556,251.92435187173172,6.335481590096151
2479,5,"[42, 53]",245.61764339625054,248.7568310007879,3.1391876045373692
2480,4,"[31, 136]",245.90001501948078,248.74205173361904,2.84203671413826
2189,4,"[115, 72]",246.38435627692704,251.26958448205937,4.885228205132336
1799,5,"[44, 20]",246.80879356567414,248.69173835781237,1.8829447921382325
2481,4,"[109, 23]",247.0560225338794,249.96197646046113,2.9059539265817307
1457,3,"[11, 131]",247.3079687658721,251.44518700755674,4.13721824168465
1801,5,"[41, 60]",247.33616790643597,249.24966735998538,1.9134994535494059
2688,3,"[151, 55]",247.89767007863955,252.1624218449414,4.264751766301856
1598,2,"[103, 7]",248.1019270669624,259.350256490365,11.248329423402595
1800,5,"[44, 20]",248.69173835781237,249.44491628589088,0.7531779280785145
2550,4,"[31, 48]",248.74205173361904,256.0079981132679,7.265946379648852
1804,5,"[80, 157]",248.7568310007879,251.32724575736296,2.5704147565750475
1601,1,"[18, 159]",248.96040532292662,260.5282429873752,11.567837664448604
1802,5,"[41, 60]",249.24966735998538,250.0150671528105,0.7653997928251215
445,3,"[52, 138]",249.40669160537828,250.25716404282093,0.8504724374426473
1807,5,"[44, 20]",249.44491628589088,253.02251134606064,3.577595060169756
1750,4,"[99, 0]",249.96197646046113,250.9254451636256,0.963468703164466
2492,5,"[41, 116]",250.0150671528105,252.74492203273837,2.7298548799278706
2685,3,"[100, 138]",250.25716404282093,254.60358259662902,4.346418553808093
2686,4,"[136, 109]",250.9254451636256,255.14591249557853,4.220467331952932
2190,4,"[115, 72]",251.26958448205937,254.86437522639616,3.594790744336791
1806,5,"[60, 80]",251.32724575736296,253.1037669648558,1.7765212074928343
444,3,"[11, 52]",251.44518700755674,252.27422087272905,0.8290338651723062
1619,1,"[150, 13]",251.92435187173172,263.3841198983203,11.459768026588591
1648,3,"[11, 52]",252.27422087272905,257.4326538603832,5.158432987654152
1998,3,"[104, 101]",252.27422087272905,257.6541441112311,5.379923238502073
1921,5,"[41, 157]",252.74492203273837,258.68646952960876,5.941547496870385
1809,5,"[44, 20]",253.02251134606064,257.54157902676405,4.519067680703415
2491,5,"[116, 42]",253.1037669648558,256.28550465429794,3.1817376894421443
1620,1,"[5, 2]",253.43758830120967,264.53364571694254,11.096057415732872
1621,2,"[86, 117]",254.09887239449102,265.99504236520875,11.896169970717722
1772,3,"[138, 3]",254.60358259662902,255.6600360134562,1.0564534168271678
2193,4,"[115, 72]",254.86437522639616,258.09046920802535,3.226093981629191
2194,4,"[0, 6]",255.14591249557853,258.4739583798364,3.3280458842578753
1773,3,"[138, 3]",255.6600360134562,256.71648943028333,1.0564534168271393
1622,2,"[45, 105]",255.85473567106035,267.5789104744875,11.724174803427132
2191,4,"[48, 155]",256.0079981132679,261.4139360716594,5.405937958391519
2551,5,"[63, 116]",256.28550465429794,263.43197931827933,7.146474663981394
1647,3,"[138, 3]",256.71648943028333,262.28688023600296,5.570390805719626
2684,3,"[11, 131]",257.4326538603832,261.8396908601872,4.407036999804006
1897,0,[],257.54157902676405,257.54157902676405,0.0
1898,5,"[44, 20]",257.54157902676405,258.2006096927892,0.6590306660251599
2125,3,"[52, 104]",257.6541441112311,258.9780483195278,1.3239042082966535
2196,4,"[115, 72]",258.09046920802535,260.7635185949936,2.673049386968273
1899,5,"[44, 20]",258.2006096927892,258.8596403588144,0.6590306660251599
2197,4,"[0, 6]",258.4739583798364,260.8511340114492,2.377175631612772
1906,5,"[41, 60]",258.68646952960876,259.3561943269457,0.6697247973369258
1907,5,"[44, 20]",258.8596403588144,259.51867102483953,0.6590306660251599
1459,3,"[100, 151]",258.9780483195278,263.51154729505936,4.533498975531586
1589,2,"[103, 7]",259.350256490365,266.39189332545976,7.041636835094778
1908,5,"[41, 60]",259.3561943269457,260.0259191242826,0.6697247973369258
1912,5,"[44, 20]",259.51867102483953,260.1777016908647,0.6590306660251599
1909,5,"[41, 60]",260.0259191242826,261.07834384654547,1.052424722262856
1910,5,"[44, 20]",260.1777016908647,261.21332134898717,1.0356196581224708
1590,1,"[18, 159]",260.5282429873752,267.7698971685645,7.24165418118929
2199,4,"[115, 72]",260.7635185949936,263.0678714390145,2.3043528440208547
2200,4,"[0, 6]",260.8511340114492,263.22830964306195,2.377175631612772
1900,5,"[41, 60]",261.07834384654547,262.2264435642965,1.1480997177510517
1903,5,"[44, 20]",261.21332134898717,262.343088269163,1.1297669201758254
2195,4,"[48, 155]",261.4139360716594,264.26433981618413,2.8504037445247263
2695,3,"[104, 24]",261.8396908601872,274.43611123662674,12.59642037643954
1904,5,"[41, 60]",262.2264435642965,263.37454328204757,1.1480997177510517
2038,3,"[11, 52]",262.28688023600296,267.8137728168977,5.526892580894753
1911,5,"[44, 20]",262.343088269163,263.56700233915996,1.2239140699969653
2192,4,"[115, 72]",263.0678714390145,267.49222907534266,4.424357636328182
2124,4,"[99, 0]",263.22830964306195,264.51293461707627,1.2846249740143207
1901,5,"[41, 60]",263.37454328204757,265.6707427175496,2.2961994355020465
4,1,"[22, 150]",263.3841198983203,265.2907354306973,1.906615532376975
2039,3,"[138, 101]",263.51154729505936,269.27156177194837,5.760014476889012
1902,5,"[44, 20]",263.56700233915996,265.82653617951166,2.2595338403517076
1905,5,"[80, 157]",263.56700233915996,265.9396930650028,2.3726907258428582
2198,4,"[6, 48]",264.26433981618413,266.68145526183764,2.4171154456535078
1751,4,"[99, 0]",264.51293461707627,266.34811318263536,1.8351785655590902
2040,1,"[2, 158]",264.53364571694254,270.1872889383333,5.65364322139078
2041,1,"[22, 77]",265.2907354306973,270.89718109622027,5.606445665522983
1925,5,[41],265.6707427175496,267.1269617635874,1.456219046037802
2493,5,"[116, 42]",265.82653617951166,269.0082738689538,3.181737689442116
2495,5,"[53, 121]",265.9396930650028,269.2076910909376,3.267998025934787
2042,2,"[142, 82]",265.99504236520875,271.485269808468,5.4902274432592435
2043,4,"[99, 0]",266.34811318263536,271.85364887931263,5.505535696677271
2044,2,"[103, 7]",266.39189332545976,271.87888320300897,5.486989877549206
2045,4,"[48, 155]",266.68145526183764,272.5788421255375,5.8973868636998645
1929,5,"[41, 44]",267.1269617635874,270.1929124958767,3.065950732289309
2104,4,"[115, 72]",267.49222907534266,273.0226759009927,5.530446825650017
2227,0,[],267.49222907534266,267.49222907534266,0.0
442,2,"[79, 117]",267.5789104744875,269.30034646159135,1.7214359871038596
2046,1,"[18, 12]",267.7698971685645,273.6376271170382,5.867729948473709
443,3,"[11, 52]",267.8137728168977,269.4718405472423,1.6580677303446123
2229,5,"[116, 20]",269.0082738689538,270.9163879097826,1.9081140408288206
2230,5,"[60, 53]",269.2076910909376,271.18140472766567,1.973713636728064
2810,2,"[79, 117]",269.30034646159135,275.13410181455777,5.833755352966421
2047,3,"[11, 52]",269.4718405472423,275.0908479166377,5.619007369395376
2073,3,"[138, 101]",269.4718405472423,275.4238553235884,5.952014776346061
2054,1,"[2, 158]",270.1872889383333,276.12361450051816,5.936325562184834
2228,5,"[41, 44]",270.1929124958767,272.88723296390884,2.6943204680321173
2056,1,"[22, 77]",270.89718109622027,276.7839492232435,5.886768127023231
1930,5,"[20, 80]",270.9163879097826,271.2561092134126,0.3397213036300286
388,5,"[116, 42]",271.18140472766567,274.84522389217096,3.6638191645052984
1931,5,"[20, 60]",271.2561092134126,271.83804974106044,0.5819405276478165
2799,2,"[142, 82]",271.485269808468,277.2500087984198,5.764738989951809
1932,5,"[20, 60]",271.83804974106044,272.71096047472156,0.872910733661115
1333,4,"[31, 136]",271.85364887931263,273.1858535692135,1.332204689900891
1604,2,"[103, 45]",271.87888320300897,279.4446365656229,7.565753362613918
1436,4,"[109, 23]",272.5788421255375,273.94100800832484,1.3621658827873375
1935,5,"[41, 44]",272.88723296390884,278.13651241243355,5.249279448524703
1938,5,"[20, 60]",272.88723296390884,278.3671728073361,5.479939843427246
2663,4,"[31, 136]",273.1858535692135,277.9817905375561,4.795936968342573
2664,4,"[72, 0]",273.1858535692135,278.2363670548892,5.050513485675651
1605,1,"[5, 18]",273.6376271170382,281.1651651355502,7.527538018511962
2667,4,"[109, 23]",273.94100800832484,278.8448052729634,4.90379726463857
1485,3,"[131, 100]",274.43611123662674,275.96984924699683,1.5337380103700866
2490,5,"[116, 42]",274.84522389217096,278.41262685361335,3.567402961442383
1300,3,"[11, 151]",275.0908479166377,276.08510304672706,0.994255130089357
1625,2,"[7, 86]",275.13410181455777,283.4467290816198,8.312627267062055
1299,3,"[138, 55]",275.4238553235884,276.46447921203804,1.0406238884496588
1492,3,"[131, 100]",275.96984924699683,277.0524878552052,1.082638608208356
1774,3,"[11, 52]",276.08510304672706,278.2037451588129,2.1186421120858654
2565,1,"[150, 13]",276.12361450051816,281.4342384479049,5.310623947386716
1301,3,"[151, 138]",276.46447921203804,277.29859238835587,0.8341131763178282
2569,1,"[22, 30]",276.7839492232435,282.03287022868096,5.248921005437467
1501,3,"[131, 100]",277.0524878552052,278.22534625780554,1.1728584026003546
1503,2,"[142, 82]",277.2500087984198,278.5310618466974,1.281053048277613
1302,3,"[151, 138]",277.29859238835587,278.1327055646737,0.8341131763178282
1729,4,"[99, 115]",277.9817905375561,279.92658158989025,1.9447910523341534
1303,3,"[151, 138]",278.1327055646737,278.9668187409915,0.8341131763178282
586,5,"[41, 53]",278.13651241243355,278.7970962674783,0.6605838550447629
1775,3,"[11, 52]",278.2037451588129,280.3223872708988,2.1186421120858654
2728,3,"[131, 100]",278.22534625780554,283.3678792703686,5.142533012563035
1496,4,"[31, 136]",278.2363670548892,279.47975807762185,1.2433910227326805
1939,5,"[44, 20]",278.3671728073361,281.662326193578,3.295153386241907
588,5,"[116, 42]",278.41262685361335,279.0778992869018,0.6652724332884645
387,5,"[41, 53]",278.7970962674783,282.81804130338895,4.020945035910643
1770,4,"[72, 0]",278.8448052729634,281.0894779828166,2.244672709853205
1771,3,"[138, 104]",278.9668187409915,281.2380784638923,2.2712597229007656
589,5,"[116, 42]",279.0778992869018,280.13847855502826,1.060579268126446
1594,2,"[103, 45]",279.4446365656229,287.46615819261945,8.02152162699656
1607,2,"[117, 105]",279.4446365656229,287.48020937778983,8.035572812166947
2694,4,"[31, 109]",279.47975807762185,292.30117566640433,12.82141758878248
1510,4,"[136, 23]",279.92658158989025,281.1857790350456,1.259197445155337
583,5,"[116, 42]",280.13847855502826,281.1026415051546,0.9641629501263651
1466,3,"[11, 151]",280.3223872708988,281.67818969163443,1.3558024207356425
2591,4,"[72, 0]",281.0894779828166,282.3053422744087,1.2158642915920836
584,5,"[116, 42]",281.1026415051546,282.066804455281,0.9641629501263651
1606,1,"[5, 2]",281.1651651355502,286.30724027152576,5.142075135975574
1495,4,"[136, 23]",281.1857790350456,282.6248618754602,1.4390828404146419
1467,3,"[138, 55]",281.2380784638923,282.65711100829424,1.4190325444019436
1549,1,"[18, 150]",281.4342384479049,294.7459085251584,13.311670077253552
1941,5,"[44, 20]",281.662326193578,282.4625777526832,0.8002515591052202
1304,3,"[11, 151]",281.67818969163443,283.75708669366264,2.0788970020282136
1553,1,"[13, 159]",282.03287022868096,295.49336962743985,13.460499398758884
582,5,"[116, 42]",282.066804455281,283.2238000414075,1.156995586126527
1677,4,"[99, 115]",282.3053422744087,283.93353931914805,1.628197044739352
1678,5,"[44, 63]",282.4625777526832,284.1551355809061,1.6925578282229026
1746,4,"[72, 0]",282.6248618754602,284.96306252197894,2.3382006465187146
1726,3,"[52, 138]",282.65711100829424,285.0195345082178,2.3624234999235796
2572,5,"[41, 53]",282.81804130338895,284.6370403079866,1.8189990045976288
587,5,"[116, 42]",283.2238000414075,284.28437930953396,1.060579268126446
1491,3,"[131, 100]",283.3678792703686,284.99183707513066,1.6239578047620853
1618,2,"[7, 86]",283.4467290816198,297.1100134621439,13.66328438052409
1494,3,"[11, 151]",283.75708669366264,285.38404955544564,1.6269628617829994
2730,4,"[99, 136]",283.93353931914805,285.7114959881613,1.7779566690132356
1679,5,"[44, 63]",284.1551355809061,285.847693409129,1.6925578282229026
592,0,[],284.28437930953396,284.28437930953396,0.0
620,5,"[116, 42]",284.28437930953396,284.8628771025972,0.5784977930632635
629,5,"[41, 53]",284.6370403079866,285.30719783299287,0.6701575250062888
635,5,"[116, 42]",284.8628771025972,285.537791156192,0.6749140535947618
1754,4,"[115, 72]",284.96306252197894,287.12915410745444,2.166091585475499
1497,3,"[131, 100]",284.99183707513066,286.61579487989275,1.6239578047620853
1727,3,"[52, 138]",285.0195345082178,287.3819580081414,2.3624234999235796
644,5,"[41, 53]",285.30719783299287,285.97735535799916,0.6701575250062888
1305,3,"[11, 151]",285.38404955544564,287.3725598156244,1.9885102601787707
645,5,"[116, 42]",285.537791156192,286.21270520978675,0.6749140535947618
2732,4,"[99, 136]",285.7114959881613,288.6006755753078,2.8891795871464865
642,5,"[121, 95]",285.847693409129,286.7448006209294,0.8971072118004031
643,5,"[41, 53]",285.97735535799916,286.83898645342674,0.8616310954275832
651,5,"[116, 42]",286.21270520978675,287.08045184191303,0.8677466321262841
5,1,"[22, 2]",286.30724027152576,289.7381862965887,3.4309460250629513
1306,3,"[131, 100]",286.61579487989275,288.60063229242456,1.9848374125318173
648,5,"[121, 95]",286.83898645342674,287.8357722707219,0.9967858172951765
652,5,"[41, 53]",286.83898645342674,287.7006175488543,0.8616310954275832
593,5,"[116, 42]",287.08045184191303,288.0928228935708,1.0123710516577944
1500,4,"[23, 72]",287.12915410745444,288.77774787279134,1.6485937653368978
1490,3,"[11, 151]",287.3725598156244,289.18029637660527,1.8077365609808567
1728,3,"[52, 138]",287.3819580081414,289.744381508065,2.3624234999235796
1593,2,"[103, 45]",287.46615819261945,295.9434480839987,8.477289891379257
1610,2,"[117, 105]",287.48020937778983,293.9667557719638,6.486546394173956
594,5,"[41, 53]",287.7006175488543,288.705853807832,1.0052362589776749
595,5,"[121, 95]",287.8357722707219,288.8823973313514,1.0466250606294807
596,5,"[116, 42]",288.0928228935708,289.1051939452286,1.0123710516577944
1509,3,"[131, 100]",288.60063229242456,289.86371059696734,1.2630783045427734
2733,4,"[99, 136]",288.6006755753078,290.1119387863588,1.5112632110510162
603,5,"[41, 53]",288.705853807832,289.7110900668097,1.0052362589776749
482,4,"[115, 72]",288.77774787279134,291.2664489882859,2.488701115494564
604,5,"[121, 95]",288.8823973313514,289.9290223919809,1.0466250606294807
626,5,"[116, 42]",289.1051939452286,290.26218953135515,1.156995586126527
449,3,"[11, 104]",289.18029637660527,292.6856761047069,3.505379728101616
627,5,"[41, 53]",289.7110900668097,290.85993160346453,1.1488415366548566
1511,1,"[22, 30]",289.7381862965887,291.76408574372203,2.0258994471333267
1740,3,"[52, 138]",289.744381508065,292.2485505081033,2.504169000038303
448,3,"[101, 3]",289.86371059696734,293.5694214024469,3.705710805479555
628,5,"[121, 95]",289.9290223919809,291.1251654202655,1.1961430282846095
2734,4,"[99, 136]",290.1119387863588,290.64532580825767,0.533387021898875
630,5,"[116, 42]",290.26218953135515,291.4191851174817,1.156995586126527
1295,4,"[136, 23]",290.64532580825767,293.07377810815865,2.4284522999009823
632,5,"[41, 53]",290.85993160346453,292.0087731401194,1.1488415366548566
633,5,"[121, 95]",291.1251654202655,292.3213084485501,1.1961430282846095
1512,4,"[72, 0]",291.2664489882859,293.32406560182,2.057616613534094
634,5,"[116, 42]",291.4191851174817,292.5761807036082,1.156995586126527
1671,1,"[22, 2]",291.76408574372203,294.292151224544,2.528065480821965
636,5,"[41, 53]",292.0087731401194,293.15761467677424,1.1488415366548566
447,3,"[52, 138]",292.2485505081033,295.83943418292745,3.5908836748241697
1695,4,"[99, 115]",292.30117566640433,294.8339266488503,2.5327509824459753
653,5,"[121, 95]",292.3213084485501,293.6171299635034,1.2958215149532748
618,5,"[116, 42]",292.5761807036082,293.87780070926624,1.3016200056580374
446,3,"[11, 104]",292.6856761047069,296.1910558328085,3.505379728101616
654,5,"[41, 53]",293.15761467677424,294.4500613769792,1.2924467002049482
1693,4,"[72, 0]",293.32406560182,295.94285028132333,2.618784679503335
1694,4,"[48, 155]",293.32406560182,296.0761794246784,2.752113822858405
1734,3,"[101, 3]",293.5694214024469,296.4949826013785,2.925561198931632
631,5,"[121, 95]",293.6171299635034,295.01263008395136,1.3955001204479913
637,5,"[116, 42]",293.87780070926624,295.2276288164557,1.3498281071894667
2316,2,"[79, 117]",293.9667557719638,302.76520642338613,8.798450651422343
433,1,"[22, 2]",294.292151224544,301.15404327466985,6.861892050125846
655,5,"[44, 63]",294.4500613769792,296.1426192052021,1.6925578282229026
2683,1,"[18, 150]",294.7459085251584,300.79666757047715,6.050759045318728
1699,4,"[99, 115]",294.8339266488503,295.64802517122,0.8140985223697044
639,5,"[41, 53]",295.01263008395136,296.35294513396394,1.3403150500125776
641,5,"[116, 42]",295.2276288164557,296.5774569236452,1.3498281071894667
2662,1,"[13, 30]",295.49336962743985,301.73256016231096,6.239190534871113
1735,4,"[99, 115]",295.64802517122,298.36168698433977,2.7136618131197565
451,3,"[52, 138]",295.83943418292745,297.54037905781274,1.7009448748852947
1697,4,"[72, 0]",295.94285028132333,296.78460249177124,0.8417522104479076
1595,2,"[103, 45]",295.9434480839987,302.0507426528645,6.107294568865825
1698,4,"[48, 155]",296.0761794246784,296.96078743079926,0.8846080061208568
624,5,"[121, 95]",296.1426192052021,297.5879586878105,1.4453394826084036
450,3,"[11, 104]",296.1910558328085,297.85149883875835,1.660443005949844
601,5,"[41, 53]",296.35294513396394,297.788996997719,1.43605186375504
1737,3,"[101, 3]",296.4949826013785,298.44535673399963,1.950374132621107
602,5,"[116, 42]",296.5774569236452,298.0237013488347,1.4462444251895477
2716,4,[31],296.78460249177124,303.2715229263581,6.486920434586864
1493,4,"[136, 109]",296.96078743079926,298.936325453852,1.9755380230527635
348,2,"[7, 105]",297.1100134621439,313.3692219111677,16.259208449023788
455,3,"[52, 138]",297.54037905781274,299.24132393269804,1.7009448748852947
606,5,"[121, 95]",297.5879586878105,299.182816019248,1.5948573314374812
608,5,"[41, 53]",297.788996997719,299.3207856752164,1.5317886774974454
454,3,"[11, 104]",297.85149883875835,299.5119418447082,1.660443005949844
609,5,"[116, 42]",298.0237013488347,299.56636209202435,1.5426607431896286
1398,4,"[23, 72]",298.36168698433977,301.1093433326893,2.747656348349551
2566,3,"[131, 100]",298.44535673399963,300.15953444070414,1.714177706704504
1498,4,"[136, 109]",298.936325453852,301.630240881444,2.693915427592003
2700,3,[138],299.24132393269804,310.20176286504335,10.960438932345312
622,5,"[41, 53]",299.3207856752164,301.09191633000637,1.7711306547899426
623,5,"[121, 95]",299.3207856752164,301.1648394609777,1.8440537857612753
2306,3,"[151, 52]",299.5119418447082,308.03214704228793,8.520205197579742
638,5,"[116, 42]",299.56636209202435,301.4464800056828,1.8801179136584665
2672,3,"[11, 131]",300.15953444070414,306.36536201766364,6.205827576959507
1614,1,"[5, 18]",300.79666757047715,316.0331290237086,15.23646145323147
640,5,"[41, 53]",301.09191633000637,302.9587839126659,1.8668675826595518
1655,4,"[99, 115]",301.1093433326893,302.8279957927656,1.718652460076271
1615,1,"[2, 150]",301.15404327466985,316.7077393076344,15.55369603296458
614,5,"[121, 95]",301.1648394609777,303.2082503389023,2.0434108779246003
616,5,"[116, 42]",301.4464800056828,303.423014007467,1.9765340017841595
1654,4,"[72, 0]",301.630240881444,303.4072733504994,1.7770324690553707
2812,1,"[22, 158]",301.73256016231096,309.12243986063675,7.389879698325785
1660,2,"[103, 142]",302.0507426528645,305.3474542025754,3.296711549710892
1548,2,"[45, 86]",302.76520642338613,311.6210547832207,8.855848359834567
2717,4,"[109, 23]",302.8279957927656,312.45396837754606,9.62597258478047
611,5,"[41, 53]",302.9587839126659,304.9692564306213,2.0104725179553498
617,5,"[121, 95]",303.2082503389023,305.3015004601612,2.0932501212589045
2570,4,"[31, 136]",303.2715229263581,304.9589821790578,1.687459252699682
393,4,"[72, 0]",303.4072733504994,309.95423516075175,6.5469618102523555
597,5,"[116, 42]",303.423014007467,305.54417254371987,2.121158536252892
394,4,"[31, 136]",304.9589821790578,311.17593739859535,6.216955219537567
2598,0,[],304.9589821790578,304.9589821790578,0.0
2602,5,"[41, 53]",304.9692564306213,305.9266243397913,0.9573679091700456
2599,5,"[121, 95]",305.3015004601612,306.5973219751145,1.2958215149532748
1662,2,"[103, 142]",305.3474542025754,306.9512597581983,1.6038055556228983
2600,5,"[116, 42]",305.54417254371987,306.79758433290925,1.2534117891893857
2601,5,"[41, 53]",305.9266243397913,307.1712025760615,1.244578236270172
2370,3,"[11, 131]",306.36536201766364,312.6611290377079,6.295767020044252
2603,5,"[121, 95]",306.5973219751145,307.89314349006776,1.2958215149532748
2604,5,"[116, 42]",306.79758433290925,308.05099612209864,1.2534117891893857
1664,2,"[103, 142]",306.9512597581983,307.75316253600977,0.8019027778114491
598,5,"[41, 53]",307.1712025760615,309.2774120218864,2.106209445824902
1597,2,"[103, 117]",307.75316253600977,316.8201722988487,9.06700976283895
2386,3,"[100, 151]",308.03214704228793,314.37904560803213,6.346898565744198
599,5,"[116, 42]",308.05099612209864,310.17215465835153,2.121158536252892
600,5,"[121, 95]",308.05099612209864,310.2439249676784,2.192928845579786
2665,1,"[22, 13]",309.12243986063675,315.8450842491077,6.72264438847094
605,5,"[41, 53]",309.2774120218864,311.3836214677113,2.106209445824902
453,4,"[99, 115]",309.95423516075175,313.3915400809043,3.437304920152542
607,5,"[116, 42]",310.17215465835153,312.2933131946044,2.121158536252892
2713,3,"[138, 104]",310.20176286504335,312.6622940434947,2.4605311784513333
613,5,"[121, 95]",310.2439249676784,312.4866930565925,2.24276808891409
399,0,[],311.17593739859535,311.17593739859535,0.0
2703,4,[31],311.17593739859535,315.05124053101275,3.8753031324174003
615,5,"[41, 53]",311.3836214677113,313.5376992633438,2.1540777956325314
1550,2,"[45, 86]",311.6210547832207,320.47690314305527,8.855848359834567
619,5,"[116, 42]",312.2933131946044,314.6073043668574,2.3139911722529973
406,4,"[136, 109]",312.45396837754606,314.78869499582186,2.334726618275795
621,5,"[121, 95]",312.4866930565925,315.0284968431647,2.5418037865721885
452,3,"[11, 52]",312.6611290377079,316.1614942950174,3.500365257309511
1661,3,"[138, 104]",312.6622940434947,316.2584550833964,3.5961610399017445
1713,2,"[142, 82]",313.3692219111677,316.4803508829461,3.1111289717783848
400,4,"[23, 72]",313.3915400809043,316.6887276115781,3.2971875306737957
625,5,"[41, 53]",313.5376992633438,316.69701331795403,3.1593140546102063
1715,3,"[101, 3]",314.37904560803213,317.6946817264891,3.3156361184569505
649,5,"[116, 42]",314.6073043668574,318.12649945664276,3.5191950897853417
401,4,"[136, 109]",314.78869499582186,318.02139342329497,3.2326984274731103
650,5,"[121, 95]",315.0284968431647,318.66676540900517,3.6382685658404625
404,4,"[31, 0]",315.05124053101275,318.3513329885613,3.300092457548544
2772,1,"[22, 13]",315.8450842491077,325.47481832531236,9.62973407620467
1623,1,"[5, 18]",316.0331290237086,321.20264279283487,5.16951376912624
1719,3,"[11, 52]",316.1614942950174,324.3597179386209,8.198223643603512
1663,3,"[138, 104]",316.2584550833964,317.86726403498204,1.6088089515856154
347,2,[7],316.4803508829461,330.02993165405735,13.549580771111266
411,4,"[23, 72]",316.6887276115781,319.9859151422519,3.2971875306737957
413,5,"[41, 53]",316.69701331795403,320.14353769966436,3.446524381710333
1624,1,"[2, 150]",316.7077393076344,322.9107015211294,6.2029622134949705
1561,2,"[103, 117]",316.8201722988487,327.2749896514382,10.454817352589487
2681,3,"[131, 100]",317.6946817264891,321.1230371398981,3.428355413409008
1665,3,"[138, 104]",317.86726403498204,318.7189863746625,0.8517223396804638
414,4,"[136, 109]",318.02139342329497,321.2540918507681,3.2326984274731103
415,5,"[116, 42]",318.12649945664276,321.5974859851479,3.4709865285051364
407,4,"[31, 0]",318.3513329885613,321.83476396454176,3.4834309759804682
409,5,"[121, 95]",318.66676540900517,322.4545514671963,3.787786058191159
2290,3,"[151, 104]",318.7189863746625,329.6628155846469,10.943829209984415
402,4,"[23, 72]",319.9859151422519,323.64945694005127,3.6635417977993825
405,5,"[41, 53]",320.14353769966436,323.97300933634443,3.8294716366800685
1367,2,"[142, 82]",320.47690314305527,325.3266042257972,4.8497010827419444
1361,3,"[131, 100]",321.1230371398981,325.9046909748933,4.781653834995211
1652,1,"[18, 158]",321.20264279283487,326.6982995603429,5.495656767508024
410,4,"[136, 109]",321.2540918507681,324.8459790875574,3.5918872367893186
656,5,"[116, 42]",321.5974859851479,323.6704364198693,2.072950434721406
403,4,"[31, 0]",321.83476396454176,325.68487175882956,3.850107794287794
408,5,"[121, 95]",322.4545514671963,326.6410517097142,4.186500242517866
1627,1,"[5, 2]",322.9107015211294,328.05277665710497,5.142075135975574
2705,4,"[23, 115]",323.64945694005127,333.306652076553,9.657195136501741
1769,5,"[44, 63]",323.6704364198693,326.20927327429735,2.538836854428041
1692,5,"[116, 42]",323.97300933634443,326.67266555072337,2.6996562143789333
2691,4,[109],324.8459790875574,331.43489441860095,6.588915331043552
2647,2,"[79, 105]",325.3266042257972,349.34230081345135,24.015696587654134
417,1,[22],325.47481832531236,332.038932721592,6.564114396279649
1517,4,"[31, 136]",325.68487175882956,328.3492811386314,2.664409379801839
418,3,[11],325.9046909748933,332.5673378711176,6.662646896224317
2690,3,"[100, 138]",325.9046909748933,347.9142149030979,22.0095239282046
1733,5,"[44, 63]",326.20927327429735,329.0302030627313,2.8209297884339435
2252,5,"[41, 20]",326.6410517097142,336.9964730425636,10.355421332849403
1696,5,"[116, 42]",326.67266555072337,327.54041218284965,0.8677466321262841
419,1,[18],326.6982995603429,333.5945319481011,6.896232387758232
1562,2,"[103, 45]",327.2749896514382,336.66381607158274,9.38882642014454
1657,5,"[116, 42]",327.54041218284965,329.2759054471022,1.7354932642525682
420,1,[2],328.05277665710497,334.87430322896176,6.8215265718567935
1518,4,"[31, 136]",328.3492811386314,331.01369051843324,2.664409379801839
1736,5,"[44, 63]",329.0302030627313,331.38097788642625,2.3507748236949624
1724,5,"[116, 42]",329.2759054471022,332.1683942974813,2.8924888503790953
421,3,[52],329.6628155846469,336.65977676032384,6.9969611756769154
349,0,[],330.02993165405735,330.02993165405735,0.0
422,2,[142],330.02993165405735,336.66749243846255,6.637560784405196
1521,0,[],331.01369051843324,331.01369051843324,0.0
2805,4,"[99, 72]",331.01369051843324,335.81047388417903,4.796783365745796
1526,5,"[53, 121]",331.38097788642625,333.75770385225513,2.376725965828882
412,4,"[31, 136]",331.43489441860095,337.4742225155503,6.039328096949362
423,1,[22],332.038932721592,338.68720234318516,6.648269621593158
359,5,"[44, 60]",332.1683942974813,338.77046963623303,6.6020753387517175
2658,3,"[131, 151]",332.5673378711176,355.80331711024616,23.23597923912854
1651,4,"[115, 0]",333.306652076553,338.728183997811,5.421531921258008
424,1,[18],333.5945319481011,340.5791774797155,6.984645531614376
360,5,"[80, 157]",333.75770385225513,341.4689490648028,7.711245212547681
2666,1,"[150, 13]",334.87430322896176,343.63217423773796,8.757871008776192
2806,4,"[109, 23]",335.81047388417903,338.3985889748708,2.5881150906917583
2706,3,[104],336.65977676032384,346.1514517568826,9.491674996558743
1564,2,"[103, 45]",336.66381607158274,349.6987886067886,13.034972535205839
2670,2,"[142, 82]",336.66749243846255,345.2688484171761,8.60135597871357
2280,0,[],336.9964730425636,336.9964730425636,0.0
2281,5,"[41, 116]",336.9964730425636,338.4084668995407,1.4119938569771193
2296,4,"[99, 136]",337.4742225155503,349.65322552873175,12.179003013181443
2807,4,"[72, 48]",338.3985889748708,345.05371546411095,6.6551264892401605
2282,5,"[41, 116]",338.4084668995407,339.82046075651783,1.4119938569771193
2671,1,"[22, 30]",338.68720234318516,347.3433176238572,8.656115280672054
1656,4,"[115, 0]",338.728183997811,340.41072828726374,1.6825442894527214
2283,5,"[44, 20]",338.77046963623303,340.1826782303367,1.4122085941036744
2284,5,"[41, 116]",339.82046075651783,341.23245461349495,1.4119938569771193
2285,5,"[44, 20]",340.1826782303367,341.5948868244404,1.4122085941036744
2426,4,"[109, 23]",340.41072828726374,373.4659550952363,33.05522680797259
1687,1,"[2, 18]",340.5791774797155,347.7988364890465,7.2196590093309965
2287,5,"[41, 116]",341.23245461349495,342.64444847047207,1.4119938569771193
361,5,"[44, 20]",341.5948868244404,348.9383721422802,7.343485317839793
2286,5,"[60, 53]",341.5948868244404,343.7659718718983,2.1710850474578933
362,5,"[41, 80]",342.64444847047207,350.3998868992622,7.755438428790114
2050,1,"[158, 77]",343.63217423773796,355.84047979505203,12.208305557314077
1752,5,"[63, 116]",343.7659718718983,346.1481300932254,2.3821582213271313
2808,4,"[115, 72]",345.05371546411095,349.01720253163495,3.9634870675239995
1681,2,"[142, 82]",345.2688484171761,352.40614470426686,7.137296287090749
351,5,"[60, 157]",346.1481300932254,355.3352494045702,9.187119311344816
1685,3,"[11, 52]",346.1514517568826,353.3364127269789,7.184960970096313
434,1,"[22, 12]",347.3433176238572,354.4676474192081,7.124329795350889
435,1,"[2, 18]",347.7988364890465,354.8333753462688,7.034538857222287
2692,3,"[100, 138]",347.9142149030979,353.0004495873674,5.086234684269527
1747,5,"[44, 63]",348.9383721422802,351.28914696597514,2.3507748236949624
1683,4,"[115, 72]",349.01720253163495,356.20678402030853,7.189581488673582
2317,0,[],349.65322552873175,349.65322552873175,0.0
2707,4,[31],349.65322552873175,359.08874623389715,9.435520705165402
1401,2,"[103, 45]",349.6987886067886,356.17069787409145,6.471909267302863
1569,2,"[7, 86]",349.6987886067886,359.54017530947164,9.841386702683053
2329,5,"[41, 20]",350.3998868992622,352.376830882118,1.9769439828558006
2321,5,"[44, 80]",351.28914696597514,353.3957226267593,2.1065756607841877
2323,5,"[41, 20]",352.376830882118,355.9541582067582,3.577327324640237
1535,2,"[117, 105]",352.40614470426686,375.5447209370534,23.138576232786534
27,3,"[100, 104]",353.0004495873674,399.36387997752325,46.36343039015583
2669,3,"[11, 138]",353.3364127269789,364.76703772336316,11.430624996384267
2325,5,"[44, 80]",353.3957226267593,358.56640831883925,5.170685692079928
437,1,"[22, 12]",354.4676474192081,358.31103582026645,3.8433884010583483
438,1,"[2, 18]",354.8333753462688,358.62832389964507,3.794948553376287
2319,5,"[60, 157]",355.3352494045702,360.867278029541,5.532028624970792
436,3,"[52, 101]",355.80331711024616,363.093764703745,7.290447593498868
1536,1,"[5, 150]",355.84047979505203,377.52116408238686,21.680684287334827
2327,5,"[41, 20]",355.9541582067582,361.3201490814948,5.3659908747365535
543,2,"[103, 142]",356.17069787409145,382.00978806585147,25.83909019176002
1721,4,"[99, 115]",356.20678402030853,366.97097553395696,10.764191513648427
2322,5,"[44, 80]",358.56640831883925,366.3224370852531,7.756028766413863
439,1,"[18, 158]",358.62832389964507,362.51318449993784,3.884860600292768
544,1,"[22, 2]",358.62832389964507,384.8118596826327,26.183535782987633
2708,4,"[31, 48]",359.08874623389715,367.93829555427567,8.849549320378514
1571,2,"[45, 7]",359.54017530947164,369.23650667455445,9.696331365082813
365,5,"[60, 157]",361.3201490814948,363.88859089261877,2.5684418111239893
2320,5,"[41, 20]",361.3201490814948,369.13378535765753,7.813636276162754
545,1,"[18, 158]",362.51318449993784,389.99146743384586,27.47828293390802
370,5,"[60, 157]",363.88859089261877,366.45703270374275,2.5684418111239893
546,3,"[11, 52]",364.76703772336316,391.48035186435436,26.7133141409912
547,3,"[138, 101]",364.76703772336316,392.6071076949933,27.840069971630157
371,5,"[44, 80]",366.3224370852531,368.8120263572655,2.489589272012381
2318,5,"[60, 157]",366.45703270374275,374.95264861360977,8.495615909867013
2709,4,"[115, 155]",366.97097553395696,376.01444034409997,9.043464810143007
2710,4,"[31, 48]",367.93829555427567,373.1548719069242,5.216576352648531
2326,5,"[44, 80]",368.8120263572655,377.0468223089351,8.234795951669582
2328,5,"[41, 20]",369.13378535765753,377.2298423951834,8.096057037525895
1573,2,"[45, 7]",369.23650667455445,376.10866435682084,6.872157682266391
2802,4,"[99, 72]",373.1548719069242,383.47248069404617,10.31760878712197
2436,0,[],373.4659550952363,373.4659550952363,0.0
2661,4,"[31, 136]",373.4659550952363,382.1696925719875,8.7037374767512
2440,5,"[60, 157]",374.95264861360977,378.3113804301793,3.358731816569559
548,2,"[82, 79]",375.5447209370534,402.81049416876266,27.26577323170926
2711,4,"[109, 23]",376.01444034409997,381.09985955323515,5.085419209135182
1575,2,"[45, 7]",376.10866435682084,382.98082203908723,6.872157682266391
2441,5,"[44, 80]",377.0468223089351,380.3024392599919,3.2556169510568225
2442,5,"[41, 20]",377.2298423951834,380.43060907875235,3.2007666835689292
549,1,"[77, 12]",377.52116408238686,406.28819398540026,28.767029903013395
2444,5,"[60, 157]",378.3113804301793,381.6701122467489,3.358731816569559
2445,5,"[44, 80]",380.3024392599919,383.5580562110487,3.2556169510568225
2446,5,"[41, 20]",380.43060907875235,383.6313757623213,3.2007666835689292
2712,4,"[109, 23]",381.09985955323515,386.094467790122,4.994608236886847
2330,5,"[60, 157]",381.6701122467489,385.1276301962368,3.457517949487908
550,2,"[103, 142]",382.00978806585147,407.8488782576115,25.83909019176002
1578,2,"[45, 7]",382.98082203908723,388.34675270977397,5.365930670686737
551,4,"[99, 115]",383.47248069404617,409.70454488753717,26.232064193491
2121,4,"[72, 0]",383.47248069404617,416.7684564733481,33.295975779301955
367,5,"[20, 80]",383.6313757623213,387.12565199517076,3.4942762328494723
369,5,"[44, 41]",383.6313757623213,386.88314173749364,3.2517659751723613
2336,1,"[22, 150]",384.8118596826327,429.5265355082946,44.714675825661914
2437,5,"[60, 157]",385.1276301962368,393.524459502136,8.396829305899189
2714,4,"[31, 109]",386.094467790122,404.65414263835873,18.55967484823674
2438,5,"[41, 44]",386.88314173749364,394.780287677198,7.89714593970433
2439,5,"[20, 80]",387.12565199517076,395.37602665240337,8.250374657232612
1630,0,[],388.34675270977397,388.34675270977397,0.0
1642,2,"[45, 7]",388.34675270977397,391.26506588942624,2.918313179652273
2346,1,"[18, 13]",389.99146743384586,436.00596906442956,46.01450163058371
1631,2,[45],391.26506588942624,396.3457064377398,5.080640548313568
2348,3,"[11, 131]",391.48035186435436,435.91048049246365,44.43012862810929
2347,3,"[151, 138]",392.6071076949933,438.8540519990257,46.24694430403241
2443,5,"[60, 157]",393.524459502136,401.9212888080352,8.396829305899189
364,5,"[41, 44]",394.780287677198,398.77531462390266,3.9950269467046837
2324,5,"[20, 80]",395.37602665240337,405.6647295363956,10.288702883992244
1643,2,"[45, 7]",396.3457064377398,406.3244553955495,9.978748957809671
366,5,"[41, 44]",398.77531462390266,403.3277870777476,4.552472453844928
31,0,[],399.36387997752325,399.36387997752325,0.0
2349,3,"[100, 55]",399.36387997752325,445.52617379239905,46.162293814875795
91,5,[116],401.9212888080352,402.2928649306521,0.3715761226169434
92,5,[116],402.2928649306521,402.66444105326906,0.3715761226169434
95,5,[116],402.66444105326906,403.036017175886,0.3715761226169434
1632,2,"[86, 117, 105]",402.81049416876266,423.5893955936731,20.77890142491043
96,5,[116],403.036017175886,403.40759329850295,0.3715761226169434
100,5,[41],403.3277870777476,403.77789114461,0.45010406686242277
98,5,[44],403.40759329850295,403.87541758772306,0.4678242892201183
99,5,"[41, 116]",403.77789114461,404.9827925422988,1.2049013976887863
46,5,[44],403.87541758772306,404.4932987472606,0.6178811595375464
34,5,"[44, 60, 157]",404.4932987472606,405.00249987091803,0.5092011236574194
35,4,"[136, 109, 23]",404.65414263835873,405.128781712897,0.47463907453828824
32,5,"[41, 44, 60]",405.00249987091803,405.70056016205695,0.6980602911389155
97,5,[116],405.00249987091803,406.0719140392658,1.0694141683477483
33,4,"[136, 109, 23]",405.128781712897,405.9831320244334,0.8543503115363933
101,5,[20],405.70056016205695,407.2052258245152,1.504665662458251
118,5,"[41, 44]",405.70056016205695,407.83743490143985,2.136874739382904
102,4,"[6, 48, 155, 19, 119]",405.9831320244334,407.73870198850403,1.7555699640706166
120,5,[116],406.0719140392658,407.7032238168911,1.6313097776253471
2351,1,"[30, 158]",406.28819398540026,455.0553670315687,48.767173046168466
38,5,[20],407.2052258245152,407.6584383825614,0.45321255804623206
39,5,[20],407.6584383825614,408.11165094060766,0.45321255804623206
67,5,[60],407.7032238168911,408.17166880735886,0.4684449904677308
68,4,[136],407.73870198850403,408.1612049400777,0.42250295157367646
69,5,[41],407.83743490143985,408.27871340661545,0.4412785051756032
1644,2,"[103, 45, 7, 54, 64]",407.8488782576115,451.2395935828981,43.390715325286635
1645,2,"[134, 129]",407.8488782576115,448.8072250828006,40.958346825189096
70,5,[44],408.11165094060766,408.5529946335077,0.44134369290003406
36,4,"[136, 109, 23, 48, 19]",408.1612049400777,408.70663563160724,0.5454306915295319
37,5,"[20, 60, 80, 157, 121]",408.17166880735886,408.74430450275696,0.5726356953981053
65,5,[41],408.27871340661545,408.808247633868,0.5295342272525545
66,5,[44],408.5529946335077,409.0826070860326,0.5296124525249297
107,4,[136],408.70663563160724,409.21363919364217,0.5070035620349245
108,5,[20],408.74430450275696,409.2881595940233,0.5438550912663231
122,5,"[63, 116]",408.808247633868,410.90454691407194,2.0962992802039366
121,5,[41],409.0826070860326,410.6712096625813,1.5886025765486806
140,4,"[31, 109, 23, 48, 155]",409.21363919364217,411.17030144356977,1.9566622499276036
63,5,[44],409.2881595940233,410.0384438929982,0.7502842989749183
64,4,[99],409.70454488753717,410.4219903567168,0.7174454691796086
553,0,[],409.70454488753717,409.70454488753717,0.0
71,5,[44],410.0384438929982,410.7887281919731,0.7502842989749183
113,4,[115],410.4219903567168,412.1723141676154,1.7503238108986352
114,5,[41],410.6712096625813,412.43632368328383,1.7651140207025264
115,5,[44],410.7887281919731,412.55410296357314,1.7653747716000225
116,5,[116],410.90454691407194,412.7171133816723,1.812566467600334
117,4,[6],411.17030144356977,412.98114788368133,1.8108464401115612
119,4,[115],412.1723141676154,413.92263797851405,1.7503238108986352
104,5,[41],412.43632368328383,413.3188806936351,0.8825570103512632
106,5,[44],412.55410296357314,413.43679034937315,0.8826873858000113
40,5,[20],412.7171133816723,413.71418103098483,0.9970676493125552
90,4,[6],412.98114788368133,415.11794658803035,2.136798704349019
93,5,[41],413.3188806936351,415.4017151454801,2.082834451845031
94,5,[44],413.43679034937315,415.5199324872636,2.083142137890434
42,5,[20],413.71418103098483,414.9831761719034,1.2689951409185483
44,4,[99],413.92263797851405,415.1043128156586,1.1816748371445556
125,5,[63],414.9831761719034,416.610663238931,1.62748706702763
126,4,[31],415.1043128156586,416.62073577178467,1.516422956126064
127,4,[109],415.11794658803035,416.66827945006787,1.5503328620375214
128,5,[116],415.4017151454801,417.0330249231055,1.6313097776253471
131,5,[44],415.5199324872636,417.1087697396138,1.5888372523502312
132,5,[63],416.610663238931,418.23815030595864,1.62748706702763
133,4,[31],416.62073577178467,418.13715872791073,1.516422956126064
134,4,[109],416.66827945006787,418.2186123121054,1.5503328620375214
135,4,[23],416.7684564733481,418.32387005338313,1.5554135800350082
136,5,[116],417.0330249231055,418.6643347007308,1.6313097776253471
137,5,[44],417.1087697396138,418.69760699196405,1.5888372523502312
138,4,[31],418.13715872791073,419.6535816840368,1.516422956126064
139,4,[109],418.2186123121054,419.7689451741429,1.5503328620375214
141,5,[63],418.23815030595864,419.86563737298627,1.62748706702763
142,4,[23],418.32387005338313,419.87928363341814,1.5554135800350082
143,5,[44],418.69760699196405,420.2864442443143,1.5888372523502312
144,5,[116],418.69760699196405,420.3289167695894,1.6313097776253471
145,4,[31],419.6535816840368,421.17000464016286,1.516422956126064
41,4,[99],419.7689451741429,421.035025378359,1.2660802042161095
43,5,[41],419.86563737298627,421.18947288851314,1.3238355155268664
109,4,[136],419.87928363341814,421.14679248813917,1.2675088547210294
45,5,[44],420.2864442443143,421.6987440826392,1.412299838324941
103,5,[20],420.3289167695894,421.7791969769481,1.4502802073587304
123,4,[109],421.035025378359,422.92987674544884,1.8948513670898137
124,4,[31],421.17000464016286,423.023410564698,1.8534059245351386
129,4,[23],421.17000464016286,423.0710657739932,1.9010611338303534
130,5,[63],421.18947288851314,423.17862384402173,1.9891509555085918
146,5,[44],421.6987440826392,423.6406563734891,1.9419122908498707
147,5,[116],421.7791969769481,423.77302013452345,1.9938231575753207
148,4,[109],422.92987674544884,424.82472811253865,1.8948513670898137
149,4,[31],423.023410564698,424.87681648923314,1.8534059245351386
61,4,"[23, 115, 48]",423.0710657739932,427.6045215619876,4.533455787994399
55,5,[63],423.17862384402173,426.97609359523,3.7974697512082685
1637,2,"[86, 117, 105]",423.5893955936731,428.3766914054391,4.7872958117660005
56,5,[44],423.6406563734891,427.34794322548987,3.7072868520007773
57,5,"[116, 42]",423.77302013452345,429.7508302414074,5.977810106883965
58,4,[31],424.87681648923314,429.25759387340673,4.380777384173598
59,4,[109],424.87681648923314,429.78620385146036,4.909387362227221
60,5,[63],426.97609359523,432.1298026048894,5.153709009659394
47,5,"[41, 53]",427.34794322548987,428.1138375642386,0.7658943387487511
158,4,"[136, 23]",427.6045215619876,428.68383371910363,1.0793121571160214
159,5,"[41, 53]",428.1138375642386,429.2626791008935,1.1488415366548566
1638,2,"[86, 117, 105]",428.3766914054391,435.30299220420505,6.926300798765965
160,4,"[136, 23]",428.68383371910363,429.76314587621965,1.0793121571160214
161,4,"[31, 72]",429.25759387340673,430.3426109378204,1.0850170644136483
162,5,"[41, 53]",429.2626791008935,430.41152063754834,1.1488415366548566
2339,1,"[22, 150]",429.5265355082946,475.9208475176782,46.39431200938361
163,5,"[116, 42]",429.7508302414074,430.90782582753394,1.156995586126527
53,4,[136],429.76314587621965,430.18564882779333,0.42250295157367646
83,4,"[99, 115]",429.78620385146036,431.23349017335715,1.4472863218967973
105,4,[136],430.18564882779333,435.34018475640613,5.154535928612802
111,4,"[72, 0]",430.3426109378204,432.0261153587162,1.6835044208958152
48,5,[41],430.41152063754834,431.11756625635024,0.7060456188019089
49,5,[116],430.90782582753394,431.63285242537785,0.7250265978439074
50,5,[41],431.11756625635024,431.82361187515215,0.7060456188019089
51,4,[31],431.23349017335715,431.9074559595323,0.6739657861751311
54,5,[116],431.63285242537785,432.35787902322176,0.7250265978439074
86,5,[44],431.82361187515215,432.5827230921794,0.7591112170272254
88,4,[99],431.9074559595323,432.7515094290097,0.8440534694773874
89,4,[115],432.0261153587162,432.9012772641655,0.8751619054493176
112,5,[63],432.1298026048894,433.0339621105234,0.904159505634027
52,5,[41],432.35787902322176,433.240436033573,0.8825570103512632
72,5,[44],432.5827230921794,433.5978135648045,1.0150904726251042
73,4,[99],432.7515094290097,433.7221708987849,0.9706614697752229
74,4,[115],432.9012772641655,433.90771343456674,1.00643617040123
75,5,[63],433.0339621105234,434.07374552044575,1.039783409922336
150,5,"[41, 116]",433.240436033573,435.4996262945085,2.2591902609354975
151,5,"[42, 53]",433.5978135648045,435.95220432667946,2.3543907618749813
152,4,"[31, 109]",433.7221708987849,435.8740172641969,2.151846365411984
153,4,"[23, 72]",433.90771343456674,436.10583860059205,2.1981251660253065
154,5,"[121, 95]",434.07374552044575,436.46603157701503,2.392286056569276
1636,2,"[86, 117, 105]",435.30299220420505,443.60436680485316,8.301374600648103
155,4,"[136, 0]",435.34018475640613,437.5436816286223,2.203496872216192
156,5,"[41, 116]",435.4996262945085,437.758816555444,2.2591902609354975
157,4,"[31, 109]",435.8740172641969,438.02586362960886,2.151846365411984
2342,3,"[11, 131]",435.91048049246365,482.58909734201734,46.67861684955369
76,5,[44],435.95220432667946,437.2762354053795,1.3240310787000453
77,4,[99],436.10583860059205,437.45632417187966,1.3504855712876065
78,5,[63],436.46603157701503,437.91268680758634,1.4466552305713094
79,5,[44],437.2762354053795,438.68853524370445,1.412299838324941
80,4,[99],437.45632417187966,438.80680974316726,1.3504855712876065
81,4,[115],437.5436816286223,438.9439406982067,1.400259069584365
82,5,[116],437.758816555444,439.2088697511318,1.450053195687758
62,5,"[63, 42]",437.91268680758634,443.979712295636,6.067025488049637
110,4,[72],438.02586362960886,440.0410012505987,2.015137620989833
368,5,"[41, 44]",438.68853524370445,443.7055456940026,5.01701045029813
85,4,[99],438.80680974316726,439.6086605291089,0.8018507859416104
87,4,"[115, 0]",438.9439406982067,441.9351306699343,2.9911899717276356
84,5,"[116, 60]",439.2088697511318,440.13020222731393,0.9213324761821582
564,4,"[99, 48]",439.6086605291089,445.8561269684617,6.24746643935282
554,4,"[72, 155]",440.0410012505987,448.51822314958724,8.477221898988546
372,5,"[20, 60]",440.13020222731393,445.46465685211336,5.334454624799434
566,4,"[115, 0]",441.9351306699343,453.8064155150436,11.871284845109301
1641,2,"[86, 117, 105]",443.60436680485316,452.7715293696173,9.167162564764169
1753,5,"[44, 116]",443.7055456940026,446.0590449035567,2.3534992095541156
164,0,[],443.979712295636,443.979712295636,0.0
190,5,"[41, 53]",443.979712295636,444.3913805319585,0.41166823632249816
192,0,[],443.979712295636,443.979712295636,0.0
181,5,"[41, 53]",444.3913805319585,445.00409598013204,0.6127154481735602
208,5,"[41, 53]",445.00409598013204,445.6742535051383,0.6701575250062888
165,5,"[20, 60]",445.46465685211336,446.3375675857745,0.872910733661115
170,5,"[41, 53]",445.6742535051383,446.6220477443468,0.9477942392084628
567,4,"[99, 48]",445.8561269684617,457.69833963217724,11.842212663715543
171,5,"[44, 116]",446.0590449035567,446.991030599518,0.9319856959613162
191,5,"[20, 60]",446.3375675857745,447.32686642496515,0.989298839190667
178,5,"[41, 53]",446.6220477443468,447.7613156110401,1.1392678666933307
179,5,"[44, 116]",446.991030599518,448.1112962771331,1.1202656776150661
180,5,"[20, 60]",447.32686642496515,448.4810484811017,1.1541820561365626
167,5,"[41, 53]",447.7613156110401,448.98674650738724,1.2254308963471203
222,5,"[44, 116]",448.1112962771331,449.42925581203866,1.317959534905583
223,5,"[20, 60]",448.4810484811017,449.8389096351991,1.3578611540974066
568,4,"[72, 155]",448.51822314958724,460.61493338720317,12.096710237615923
215,5,"[41, 80]",448.98674650738724,449.56122342381104,0.574476916423805
216,5,"[44, 157]",449.42925581203866,450.00428812664853,0.5750323146098708
175,5,"[41, 116]",449.56122342381104,451.2085495902843,1.647326166473249
196,5,"[20, 60]",449.8389096351991,450.51784021224785,0.6789305770487317
197,5,"[44, 80]",450.00428812664853,450.6745621745919,0.6702740479433942
198,5,"[20, 60]",450.51784021224785,451.1967707892966,0.6789305770487317
199,5,"[44, 80]",450.6745621745919,451.3448362225353,0.6702740479433942
212,5,"[41, 20]",451.2085495902843,451.8675309366069,0.6589813463226051
213,5,"[60, 157]",451.2085495902843,451.90005316840563,0.6915035781213419
1633,2,"[103, 45, 7, 54, 64]",451.2395935828981,466.0343920585758,14.79479847567768
188,5,"[44, 116]",451.3448362225353,453.0675976843294,1.7227614617941072
189,5,"[41, 20]",451.8675309366069,453.7126787736444,1.8451478370375298
207,5,"[60, 80]",451.90005316840563,452.88700942093595,0.9869562525303195
1634,2,"[86, 117, 105]",452.7715293696173,465.6564852526475,12.884955883030159
1635,2,"[134, 129, 120]",452.7715293696173,466.31388176082197,13.542352391204645
193,5,"[60, 80]",452.88700942093595,453.9726613222502,1.085651901314236
194,5,"[44, 157]",453.0675976843294,454.1218235754061,1.054225891076669
195,5,"[41, 20]",453.7126787736444,454.74822092937416,1.035542155729729
569,4,"[115, 0]",453.8064155150436,465.6777003601529,11.871284845109301
201,5,"[60, 80]",453.9726613222502,455.25570440347786,1.2830430812276745
202,5,"[44, 157]",454.1218235754061,455.3677268285203,1.245903253114193
203,5,"[41, 20]",454.74822092937416,455.97204340563957,1.2238224762654113
204,5,"[44, 60]",455.3677268285203,456.6115960324248,1.2438692039045236
205,5,"[80, 157]",455.3677268285203,456.6529342068078,1.2852073782875095
218,5,"[41, 116]",455.97204340563957,458.23123366657506,2.2591902609354975
219,5,"[44, 20]",456.6115960324248,458.8711298727765,2.2595338403517076
220,5,"[60, 53]",456.6529342068078,459.0213906649955,2.3684564581877225
570,4,"[99, 48]",457.69833963217724,469.5405522958928,11.842212663715543
221,5,"[41, 116]",458.23123366657506,460.49042392751056,2.2591902609354975
206,5,"[44, 20]",458.8711298727765,460.37748572893355,1.506355856157029
200,5,"[60, 80]",459.0213906649955,460.7979118724884,1.7765212074928627
209,5,"[44, 20]",460.37748572893355,462.9194612432131,2.5419755142795566
224,5,"[41, 116]",460.49042392751056,463.22027880743843,2.7298548799278706
555,4,"[72, 155]",460.61493338720317,476.99788050853,16.382947121326822
182,5,"[60, 53]",460.7979118724884,461.7452943969422,0.9473825244538148
183,5,"[60, 53]",461.7452943969422,462.692676921396,0.9473825244538148
168,5,"[60, 53]",462.692676921396,463.58084803439516,0.8881711129991459
217,5,"[44, 20]",462.9194612432131,463.8609336392822,0.9414723960691163
214,5,"[41, 116]",463.22027880743843,464.1616080454232,0.9413292379847462
173,5,"[60, 53]",463.58084803439516,465.3078474665322,1.7269994321370632
184,5,"[44, 20]",463.8609336392822,466.129882194616,2.268948555333793
185,5,"[41, 116]",464.1616080454232,467.09855516020895,2.9369471147857666
176,5,"[60, 53]",465.3078474665322,466.14667578567014,0.8388283191379173
556,4,"[115, 0]",465.6777003601529,481.7553469317686,16.077646571615674
1639,2,"[103, 45, 7]",466.0343920585758,480.69381983346125,14.659427774885444
1640,2,"[86, 117, 105]",466.0343920585758,496.4388149535986,30.404422895022776
186,5,"[44, 20]",466.129882194616,469.06727596260873,2.9373937679927167
169,5,"[60, 53]",466.14667578567014,470.44937164549697,4.302695859826827
166,5,"[41, 116]",467.09855516020895,471.2027507635034,4.104195603294443
187,5,"[44, 20]",469.06727596260873,476.9191558894825,7.851879926873778
2120,4,"[99, 48]",469.5405522958928,502.73604513762734,33.19549284173456
174,5,"[60, 53]",470.44937164549697,471.4855712577222,1.0361996122252322
172,5,"[41, 116]",471.2027507635034,472.19114641850126,0.9883956549978734
177,5,"[60, 53]",471.4855712577222,472.3243995768601,0.8388283191379173
1778,5,"[63, 116]",472.19114641850126,474.5733046398284,2.3821582213271313
1755,5,"[42, 60]",472.3243995768601,475.0693712680109,2.744971691150795
1748,5,"[63, 116]",474.5733046398284,477.0983924453073,2.525087805478904
1756,5,"[42, 60]",475.0693712680109,477.4222042797018,2.3528330116909046
1757,5,"[44, 157]",476.9191558894825,479.79431734828324,2.875161458800733
565,4,"[72, 155]",476.99788050853,505.57278701079053,28.574906502260546
210,5,"[41, 116]",477.0983924453073,491.0300653470256,13.931672901718287
211,5,"[20, 60]",477.4222042797018,491.7767369096105,14.354532629908704
363,5,"[44, 80]",479.79431734828324,485.92253741087467,6.128220062591424
557,4,"[115, 0]",481.7553469317686,521.4820881518017,39.72674122003309
2396,0,[],482.58909734201734,482.58909734201734,0.0
2401,5,"[44, 53]",485.92253741087467,487.1959336841877,1.2733962733130397
2397,5,"[44, 53]",487.1959336841877,488.6703924428711,1.4744587586833973
2399,5,"[44, 80]",488.6703924428711,489.43641995069504,0.7660275078239351
2398,5,"[44, 80]",489.43641995069504,490.5375844539539,1.1011645032588717
2400,5,"[44, 53]",490.5375844539539,491.6194925263909,1.0819080724369883
350,5,"[41, 80]",491.0300653470256,500.3174416108748,9.28737626384924
1525,5,"[116, 42]",491.6194925263909,496.825972549023,5.206480022632093
1777,5,"[44, 63]",491.7767369096105,494.31557376403856,2.538836854428041
1758,5,"[44, 63]",494.31557376403856,497.51262761393866,3.197053849900101
1524,5,"[116, 42]",496.825972549023,502.6109502497811,5.784977700758134
1759,5,"[44, 63]",497.51262761393866,499.0171235235222,1.504495909583511
1760,5,"[44, 63]",499.0171235235222,500.5216194331057,1.504495909583511
1670,5,"[44, 63]",500.5216194331057,504.0007662170117,3.4791467839060033
1779,0,[],500.5216194331057,500.5216194331057,0.0
1780,5,"[60, 157]",500.5216194331057,503.0900612442297,2.5684418111239893
352,5,"[41, 20]",502.6109502497811,512.8722310295792,10.261280779798085
2126,4,"[99, 48]",502.73604513762734,504.0414859010805,1.3054407634531344
2127,5,"[116, 42]",503.0900612442297,504.43988935141914,1.3498281071894667
2128,5,"[44, 63]",504.0007662170117,505.3172000958621,1.3164338788504324
2129,4,"[99, 48]",504.0414859010805,505.3469266645336,1.3054407634531344
2130,5,"[116, 42]",504.43988935141914,505.7897174586086,1.3498281071894667
1672,5,"[44, 63]",505.3172000958621,507.009757924085,1.6925578282229026
558,4,"[99, 72]",505.57278701079053,544.0375578990212,38.464770888230646
559,4,"[48, 155]",505.57278701079053,547.3459439619979,41.7731569512074
384,5,"[116, 42]",505.7897174586086,511.96036043136706,6.170642972758458
385,5,"[53, 121]",507.009757924085,513.3476936755577,6.337935751472685
226,5,"[44, 63]",511.96036043136706,528.9799705136185,17.019610082251404
353,5,"[41, 20]",512.8722310295792,525.1104562411285,12.23822521154932
1363,5,"[116, 42]",513.3476936755577,518.4577574951269,5.110063819569177
386,5,"[116, 42]",518.4577574951269,525.5925634180117,7.134805922884766
560,4,"[115, 0]",521.4820881518017,561.2088293718348,39.72674122003309
1365,5,"[41, 53]",525.1104562411285,530.1845063423331,5.074050101204534
390,5,"[116, 42]",525.5925634180117,531.4739573218327,5.881393903821049
1522,5,"[121, 95]",528.9799705136185,537.9510428692748,8.97107235565636
1402,0,[],530.1845063423331,530.1845063423331,0.0
1403,5,"[41, 53]",530.1845063423331,531.5248213923456,1.3403150500125776
1404,5,"[41, 116]",531.5248213923456,532.8426823030812,1.3178609107355896
1405,5,"[42, 53]",531.5248213923456,532.8982159254768,1.3733945331312043
1406,5,"[41, 116]",532.8426823030812,534.1605432138168,1.3178609107355896
1407,5,"[42, 53]",532.8982159254768,534.271610458608,1.3733945331312043
1408,5,"[41, 116]",534.1605432138168,535.4784041245524,1.3178609107355896
1409,5,"[42, 53]",534.271610458608,535.6450049917393,1.3733945331312043
1410,5,"[41, 116]",535.4784041245524,536.796265035288,1.3178609107355896
1411,5,"[42, 53]",535.6450049917393,537.0183995248705,1.3733945331312043
1412,5,"[41, 116]",536.796265035288,538.1141259460236,1.3178609107355896
1413,5,"[42, 53]",537.0183995248705,538.3917940580017,1.3733945331312043
1414,5,"[41, 116]",538.1141259460236,539.4319868567592,1.3178609107355896
1415,5,"[121, 95]",538.1141259460236,539.5096260664716,1.3955001204479913
1416,5,"[42, 53]",538.3917940580017,539.7651885911329,1.3733945331312043
1417,5,"[41, 116]",539.4319868567592,540.7498477674948,1.3178609107355896
1418,5,"[121, 95]",539.5096260664716,540.9051261869196,1.3955001204479913
1419,5,"[42, 53]",539.7651885911329,541.1385831242641,1.3733945331312043
1420,5,"[41, 116]",540.7498477674948,542.0677086782304,1.3178609107355896
1421,5,"[121, 95]",540.9051261869196,542.3006263073676,1.3955001204479913
1423,5,"[42, 53]",541.1385831242641,542.5119776573953,1.3733945331312043
1422,5,"[41, 116]",542.0677086782304,543.4797025352075,1.4119938569771193
1424,5,"[121, 95]",542.3006263073676,545.689698181232,3.3890718738643955
1425,5,"[42, 53]",542.5119776573953,546.2397628354576,3.727785178062277
1523,5,"[41, 116]",543.4797025352075,551.95166567707,8.471963141862489
561,4,"[99, 72]",544.0375578990212,582.5023287872518,38.464770888230646
354,5,"[44, 20]",545.689698181232,560.9415517158382,15.251853534606198
225,5,"[63, 42]",546.2397628354576,581.1010835730609,34.861320737603364
562,4,"[48, 155]",547.3459439619979,589.1191009132053,41.7731569512074
355,5,"[41, 60]",551.95166567707,572.2347606146358,20.283094937565807
356,5,"[44, 20]",560.9415517158382,585.8905702116699,24.94901849583175
563,4,"[115, 0]",561.2088293718348,600.9355705918679,39.72674122003309
357,5,"[41, 60]",572.2347606146358,599.2151036396245,26.98034302498877
227,0,[],581.1010835730609,581.1010835730609,0.0
228,5,"[80, 157]",581.1010835730609,581.9908425363255,0.8897589632646259
240,0,[],581.1010835730609,581.1010835730609,0.0
229,5,"[80, 157]",581.9908425363255,582.8806014995902,0.8897589632646259
230,5,"[80, 157]",582.8806014995902,583.7703604628548,0.8897589632646259
231,5,"[80, 157]",583.7703604628548,584.6601194261194,0.8897589632646259
236,5,"[80, 157]",584.6601194261194,585.549878389384,0.8897589632646259
237,5,"[80, 157]",585.549878389384,586.4396373526487,0.8897589632646259
238,5,"[44, 20]",585.8905702116699,586.7378953456856,0.8473251340157049
239,5,"[80, 157]",586.4396373526487,587.3293963159133,0.8897589632646259
246,5,"[44, 20]",586.7378953456856,587.8676622658614,1.1297669201758254
249,5,"[80, 157]",587.3293963159133,589.0100522270765,1.6806559111631714
241,5,[44],587.8676622658614,589.3682308638113,1.5005685979498367
281,5,"[63, 116]",589.0100522270765,590.7252061009959,1.715153873919462
282,5,"[44, 42]",589.3682308638113,591.0805926018925,1.7123617380811993
283,5,"[63, 116]",590.7252061009959,592.4403599749154,1.715153873919462
284,5,"[44, 42]",591.0805926018925,592.7929543399737,1.7123617380811993
285,5,"[63, 116]",592.4403599749154,594.1555138488349,1.715153873919462
286,5,"[44, 42]",592.7929543399737,594.5053160780549,1.7123617380811993
287,5,"[63, 116]",594.1555138488349,595.8706677227543,1.715153873919462
260,5,[44],594.5053160780549,595.1673316174049,0.6620155393500227
250,5,"[44, 20]",595.1673316174049,597.4268654577565,2.2595338403516507
251,5,"[80, 157]",595.8706677227543,598.5399447304011,2.6692770076467696
262,5,[44],597.4268654577565,599.1039714697316,1.67710601197507
263,5,[20],598.5399447304011,600.2621524293659,1.7222076989647803
244,5,[44],599.1039714697316,601.1341524149818,2.0301809452502084
245,5,[41],599.2151036396245,601.2449847213488,2.029881081724284
278,5,[20],600.2621524293659,603.3439979105236,3.0818454811577567
279,5,[44],601.1341524149818,604.1352896108815,3.0011371958996733
259,5,"[41, 60]",601.2449847213488,603.7325339197203,2.4875491983714255
243,5,"[41, 116]",603.7325339197203,611.9220981106431,8.189564190922852
261,5,[20],603.7325339197203,605.2281353396619,1.4956014199416359
271,5,"[44, 63]",604.1352896108815,604.981568524993,0.8462789141115081
272,5,"[44, 63]",604.981568524993,605.8278474391045,0.8462789141115081
280,5,"[42, 60]",605.2281353396619,606.4045518455074,1.1764165058455092
256,5,[44],605.8278474391045,611.653584101205,5.825736662100439
257,5,[63],606.4045518455074,612.3720044964648,5.967452650957398
258,5,[44],611.653584101205,617.4793207633054,5.825736662100439
232,5,"[41, 20]",611.9220981106431,615.7818459721988,3.859747861555661
233,5,"[60, 80]",612.3720044964648,616.4185250377157,4.046520541250857
234,5,"[41, 20]",615.7818459721988,619.6415938337544,3.859747861555661
235,5,"[60, 80]",616.4185250377157,620.4650455789665,4.046520541250857
247,5,[44],617.4793207633054,623.8346697727062,6.355349009400811
248,5,[41],619.6415938337544,625.9960041399492,6.354410306194723
277,5,"[63, 116]",620.4650455789665,624.0859260299477,3.62088045098119
242,5,[44],623.8346697727062,632.2201999378063,8.385530165100135
252,5,[116],624.0859260299477,626.1703774244731,2.084451394525445
265,5,[63],625.9960041399492,629.4318102182449,3.435806078295741
266,5,[116],626.1703774244731,629.6142536696989,3.443876245225738
267,5,[63],629.4318102182449,632.8676162965406,3.435806078295741
268,5,[116],629.6142536696989,633.0581299149246,3.443876245225738
269,5,[44],632.2201999378063,635.5744119617566,3.3542120239502538
270,5,[63],632.8676162965406,636.3034223748364,3.435806078295741
264,5,[116],633.0581299149246,636.59263482925,3.534504914325339
255,5,[41],635.5744119617566,638.751617114854,3.1772051530973613
253,5,[42],636.3034223748364,639.7290120002218,3.4255896253854416
288,5,[116],636.59263482925,640.2177677644506,3.625132935200668
289,5,[41],638.751617114854,642.281845156259,3.530228041405053
273,5,"[44, 63]",639.7290120002218,643.3021896874006,3.573177687178827
274,5,"[116, 42]",640.2177677644506,643.8815869289559,3.6638191645052984
254,5,[41],642.281845156259,645.1942832483346,2.912438092075604
275,5,"[44, 63]",643.3021896874006,644.1484686015121,0.8462789141115081
276,5,"[116, 42]",643.8815869289559,644.7493335610823,0.867746632126341
358,5,"[44, 20]",644.1484686015121,679.1712424535699,35.02277385205775
290,0,[],645.1942832483346,645.1942832483346,0.0
291,0,[],645.1942832483346,645.1942832483346,0.0
292,5,"[60, 53]",645.1942832483346,646.1811400666986,0.9868568183640036
647,5,"[41, 116]",645.1942832483346,691.7430147848565,46.54873153652193
295,5,"[60, 53]",646.1811400666986,647.1679968850626,0.9868568183640036
294,5,"[60, 53]",647.1679968850626,648.3522251141565,1.1842282290938329
300,5,"[60, 53]",648.3522251141565,650.1285673401547,1.7763422259982917
301,5,"[60, 53]",650.1285673401547,651.904909566153,1.7763422259982917
293,5,"[60, 53]",651.904909566153,653.9773087906035,2.0723992244504643
296,5,"[60, 53]",653.9773087906035,656.2470794257838,2.2697706351802935
297,5,"[60, 53]",656.2470794257838,658.5168500609641,2.2697706351802935
298,5,"[60, 53]",658.5168500609641,660.7866206961444,2.2697706351802935
299,5,"[60, 53]",660.7866206961444,663.0563913313247,2.2697706351802935
302,0,[],663.0563913313247,663.0563913313247,0.0
304,5,"[60, 53]",663.0563913313247,668.5827894200493,5.526398088724591
303,5,"[60, 53]",668.5827894200493,678.3526715453972,9.769882125347976
305,5,"[44, 20]",679.1712424535699,693.0108864962144,13.839644042644522
306,5,"[60, 53]",679.1712424535699,693.6780374952933,14.506795041723421
307,5,"[41, 116]",691.7430147848565,705.5805544036878,13.837539618831215
308,5,"[44, 20]",693.0108864962144,706.850530538859,13.839644042644522
646,5,"[42, 53]",693.6780374952933,742.874993998942,49.19695650364872
610,5,"[41, 116]",705.5805544036878,753.3530132314127,47.772458827724904
309,0,[],706.850530538859,706.850530538859,0.0
315,5,"[44, 20]",706.850530538859,707.7920029349281,0.9414723960691163
313,5,"[44, 20]",707.7920029349281,712.4052177654526,4.613214830524498
312,5,"[44, 20]",712.4052177654526,717.7716102434749,5.366392478022362
314,5,"[44, 20]",717.7716102434749,723.3262974700685,5.5546872265936145
310,5,"[44, 20]",723.3262974700685,747.992874965366,24.666577495297474
311,5,"[60, 53]",742.874993998942,768.730643392992,25.85564939404992
612,5,"[42, 121]",747.992874965366,797.9180499818629,49.92517501649684
657,0,[],797.9180499818629,797.9180499818629,0.0
658,5,"[41, 116]",797.9180499818629,800.1772402427983,2.2591902609354975
659,5,"[42, 53]",797.9180499818629,800.2724407437378,2.3543907618749245
660,5,"[121, 95]",797.9180499818629,800.3103360384321,2.392286056569219
661,5,"[41, 116]",800.1772402427983,802.4364305037338,2.2591902609354975
662,5,"[42, 53]",800.2724407437378,802.6268315056127,2.3543907618749245
663,5,"[121, 95]",800.3103360384321,802.7026220950013,2.392286056569219
664,0,[],802.7026220950013,802.7026220950013,0.0
665,5,"[41, 116]",802.7026220950013,804.9618123559368,2.2591902609354975
666,5,"[42, 53]",802.7026220950013,805.0570128568762,2.3543907618749245
667,5,"[121, 95]",802.7026220950013,805.0949081515705,2.392286056569219
668,5,"[41, 116]",804.9618123559368,807.2210026168723,2.2591902609354975
669,5,"[42, 53]",805.0570128568762,807.4114036187511,2.3543907618749245
671,5,"[121, 95]",805.0949081515705,807.4871942081397,2.392286056569219
672,5,"[41, 116]",807.2210026168723,809.4801928778078,2.2591902609354975
670,5,"[42, 53]",807.4114036187511,814.0331273734008,6.621723754649679
673,0,[],814.0331273734008,814.0331273734008,0.0
682,5,"[42, 53]",814.0331273734008,814.9650736679164,0.9319462945155692
684,5,"[121, 95]",814.0331273734008,814.9800738879486,0.9469465145477898
686,5,"[41, 116]",814.0331273734008,814.5979249386347,0.5647975652339028
676,5,"[41, 116]",814.5979249386347,815.633387122861,1.035462184226276
677,5,"[42, 53]",814.9650736679164,816.0441694142851,1.0790957463686937
678,5,"[121, 95]",814.9800738879486,816.3755740083966,1.3955001204479913
693,5,"[41, 116]",815.633387122861,816.9512480335966,1.3178609107355896
691,5,"[42, 53]",816.0441694142851,817.6137632165538,1.5695938022687415
687,5,"[121, 95]",816.3755740083966,818.0701099453288,1.6945359369321977
679,5,"[41, 116]",816.9512480335966,818.7397735633245,1.7885255297279627
680,5,"[42, 53]",817.6137632165538,819.477655805585,1.8638925890311384
685,5,"[121, 95]",818.0701099453288,820.1633600665878,2.0932501212589614
674,5,"[41, 116]",818.7397735633245,820.7636315147639,2.0238579514393678
675,5,"[42, 53]",819.477655805585,821.5867975395099,2.1091417339249574
683,5,"[121, 95]",820.1633600665878,822.70516385316,2.5418037865722454
681,5,"[41, 116]",820.7636315147639,823.2581540851955,2.494522570431627
689,5,"[42, 53]",822.70516385316,872.0002184711074,49.29505461794736
688,5,"[41, 116]",823.2581540851955,870.5599482939281,47.30179420873253
692,5,"[121, 95]",823.2581540851955,873.3466414042771,50.08848731908154
690,5,"[41, 116]",870.5599482939281,918.8972032280894,48.337254934161365
711,0,[],918.8972032280894,918.8972032280894,0.0
712,5,"[60, 53]",918.8972032280894,920.4169626907245,1.5197594626350792
713,5,"[41, 44]",918.8972032280894,919.9470590956435,1.0498558675540153
714,5,"[116, 20]",918.8972032280894,920.1660991061842,1.2688958780947814
715,0,[],920.4169626907245,920.4169626907245,0.0
716,0,[],920.4169626907245,920.4169626907245,0.0
759,5,"[41, 44]",920.4169626907245,921.2531310621894,0.8361683714648507
813,5,"[116, 20]",920.4169626907245,921.275613986351,0.8586512956264869
853,5,"[60, 53]",920.4169626907245,921.3051338037236,0.888171112999089
855,5,"[41, 44]",921.2531310621894,922.0892994336542,0.8361683714648507
737,5,"[116, 20]",921.275613986351,922.2296710067654,0.9540570204144387
782,5,"[60, 53]",921.3051338037236,922.2919906220876,0.9868568183640036
832,5,"[41, 44]",922.0892994336542,923.0183754265606,0.9290759929064052
726,5,"[116, 20]",922.2296710067654,923.2791337519677,1.049462745202277
736,5,"[60, 53]",922.2919906220876,923.3775331458165,1.0855425237289182
756,5,"[41, 44]",923.0183754265606,924.0403590409086,1.0219836143479597
776,5,"[116, 20]",923.2791337519677,924.32859649717,1.049462745202277
790,5,"[60, 53]",923.3775331458165,924.4630756695454,1.0855425237289182
808,5,"[41, 44]",924.0403590409086,925.0623426552565,1.0219836143479597
825,5,"[116, 20]",924.32859649717,925.3780592423723,1.049462745202277
717,5,[60],924.4630756695454,925.0252096804439,0.5621340108984896
738,5,"[41, 44]",925.0623426552565,926.1772338910461,1.1148912357895142
739,5,"[60, 53]",925.0623426552565,926.2465708843504,1.1842282290938329
757,5,"[116, 20]",925.3780592423723,926.5229277123625,1.1448684699902287
773,5,"[41, 44]",926.1772338910461,927.2921251268356,1.1148912357895142
783,5,"[60, 53]",926.2465708843504,927.4307991134442,1.1842282290938329
784,5,"[116, 20]",926.5229277123625,927.6677961823527,1.1448684699902287
786,5,"[41, 44]",927.2921251268356,928.4070163626251,1.1148912357895142
789,5,"[60, 53]",927.4307991134442,928.615027342538,1.1842282290938329
793,5,"[116, 20]",927.6677961823527,928.812664652343,1.1448684699902287
797,5,"[41, 44]",928.4070163626251,929.5219075984146,1.1148912357895142
801,5,"[60, 53]",928.615027342538,929.7992555716319,1.1842282290938329
803,5,"[116, 20]",928.812664652343,929.9575331223332,1.1448684699902287
804,5,"[41, 44]",929.5219075984146,930.6367988342041,1.1148912357895142
805,5,"[60, 53]",929.7992555716319,930.9834838007257,1.1842282290938329
810,5,"[116, 20]",929.9575331223332,931.1024015923234,1.1448684699902287
821,5,"[41, 44]",930.6367988342041,931.7516900699936,1.1148912357895142
826,5,"[60, 53]",930.9834838007257,932.1677120298195,1.1842282290938329
833,5,"[116, 20]",931.1024015923234,932.2472700623136,1.1448684699902287
835,5,"[41, 44]",931.7516900699936,932.8665813057831,1.1148912357895142
841,5,"[60, 53]",932.1677120298195,933.3519402589134,1.1842282290938329
843,5,"[116, 20]",932.2472700623136,933.3921385323039,1.1448684699902287
859,5,"[41, 44]",932.8665813057831,933.9814725415727,1.1148912357895142
761,5,"[60, 53]",933.3921385323039,934.6750523491202,1.28291381681629
866,5,"[116, 20]",933.3921385323039,934.5370070022941,1.1448684699902287
772,5,"[41, 44]",933.9814725415727,935.1892712880492,1.2077987464765556
774,5,"[116, 20]",934.5370070022941,935.7772810833399,1.2402740810457544
814,5,"[60, 53]",934.6750523491202,935.9579661659365,1.28291381681629
819,5,"[41, 44]",935.1892712880492,936.3970700345258,1.2077987464765556
820,5,"[116, 20]",935.7772810833399,937.0175551643856,1.2402740810457544
822,5,"[60, 53]",935.9579661659365,937.2408799827527,1.28291381681629
829,5,"[41, 44]",936.3970700345258,937.6048687810023,1.2077987464765556
837,5,"[116, 20]",937.0175551643856,938.2578292454314,1.2402740810457544
838,5,"[60, 53]",937.2408799827527,938.523793799569,1.28291381681629
839,5,"[41, 44]",937.6048687810023,938.8126675274789,1.2077987464765556
760,5,"[116, 20]",938.2578292454314,939.5935090512651,1.3356798058337063
827,5,"[60, 53]",938.523793799569,939.9053933217502,1.3815995221812045
828,5,"[41, 44]",938.8126675274789,940.113373895397,1.3007063679181101
854,5,"[116, 20]",939.5935090512651,940.9291888570988,1.3356798058337063
775,5,"[60, 53]",939.9053933217502,941.3856785492964,1.4802852275461191
794,5,"[41, 44]",940.113373895397,941.5069878847565,1.393613989359551
807,5,"[116, 20]",940.9291888570988,942.3602743877203,1.4310855306215444
834,5,"[41, 44]",941.5069878847565,942.9006018741161,1.393613989359551
858,5,"[60, 53]",941.5069878847565,942.9872731123027,1.4802852275461191
719,5,"[116, 20]",942.3602743877203,943.8867656431298,1.5264912554094963
729,5,"[41, 44]",942.9006018741161,944.3871234849172,1.4865216108011055
740,5,"[60, 53]",942.9872731123027,944.5662440452136,1.57897093291092
788,5,"[116, 20]",943.8867656431298,945.4132568985393,1.5264912554094963
815,5,"[41, 44]",944.3871234849172,945.8736450957183,1.4865216108011055
845,5,"[60, 53]",944.5662440452136,946.1452149781245,1.57897093291092
846,5,"[116, 20]",945.4132568985393,946.9397481539488,1.5264912554094963
861,5,"[41, 44]",945.8736450957183,947.3601667065194,1.4865216108011055
862,5,"[60, 53]",946.1452149781245,947.7241859110354,1.57897093291092
758,5,"[116, 20]",946.9397481539488,948.5616451341463,1.621896980197448
755,5,"[41, 44]",947.3601667065194,949.0325034494491,1.6723367429297014
781,5,"[60, 53]",947.7241859110354,949.5005281370337,1.7763422259982917
817,5,"[116, 20]",948.5616451341463,950.2789477253992,1.7173025912529738
856,5,"[41, 44]",949.0325034494491,950.7048401923788,1.6723367429297014
857,5,"[60, 53]",949.5005281370337,951.276870363032,1.7763422259982917
865,5,"[116, 20]",950.2789477253992,951.9962503166522,1.7173025912529738
806,5,"[41, 44]",950.7048401923788,952.5629921781916,1.8581519858128104
868,5,"[60, 53]",951.276870363032,953.2505839997601,1.973713636728121
824,5,"[116, 20]",951.9962503166522,953.9997699685365,2.0035196518842895
844,5,"[41, 44]",952.5629921781916,954.5140516746915,1.9510594964998518
867,5,"[60, 53]",953.2505839997601,955.4216690472181,2.17108504745795
728,5,"[116, 20]",953.9997699685365,956.1941010699966,2.1943311014600795
798,5,"[41, 44]",954.5140516746915,956.6509264140744,2.136874739382961
816,5,"[60, 53]",955.4216690472181,957.6914396823984,2.2697706351802935
830,5,"[116, 20]",956.1941010699966,958.4838380099771,2.289736939980571
831,5,"[41, 44]",956.6509264140744,958.8807088856533,2.2297824715789147
860,5,"[60, 53]",957.6914396823984,960.3559531390383,2.664513456639952
764,5,"[116, 20]",958.4838380099771,961.1551976216444,2.671359611667299
780,5,"[41, 44]",958.8807088856533,961.5750293536855,2.694320468032174
718,5,"[60, 53]",960.3559531390383,961.1454386054938,0.7894854664555169
727,5,"[116, 20]",961.1551976216444,962.1092546420589,0.9540570204144387
741,5,"[60, 53]",961.1551976216444,964.5105108981962,3.355313276551783
791,5,"[41, 44]",961.5750293536855,962.5970129680335,1.0219836143479597
840,5,"[116, 20]",962.1092546420589,963.1587173872612,1.049462745202277
792,5,"[41, 44]",962.5970129680335,963.990626957393,1.393613989359551
802,5,"[116, 20]",963.1587173872612,964.3035858572514,1.1448684699902287
823,5,"[41, 44]",963.990626957393,965.1055181931825,1.1148912357895142
787,5,"[116, 20]",964.3035858572514,965.5438599382971,1.2402740810457544
847,5,"[60, 53]",964.5105108981962,965.6947391272901,1.1842282290938329
848,5,"[41, 44]",965.1055181931825,966.2204094289721,1.1148912357895142
850,5,"[116, 20]",965.5438599382971,966.6887284082874,1.1448684699902287
851,5,"[60, 53]",965.6947391272901,966.8789673563839,1.1842282290938329
777,5,"[41, 44]",966.2204094289721,967.5211157968902,1.3007063679181101
778,5,"[116, 20]",966.6887284082874,968.0244082141211,1.3356798058337063
779,5,"[60, 53]",966.8789673563839,968.2605668785651,1.3815995221812045
720,5,"[41, 44]",967.5211157968902,968.7289145433667,1.2077987464765556
849,5,"[116, 20]",968.0244082141211,969.2646822951668,1.2402740810457544
799,5,"[60, 53]",968.2605668785651,969.346109402294,1.0855425237289182
721,5,"[41, 44]",968.7289145433667,969.2863601612614,0.5574456178947003
722,5,"[116, 20]",969.2863601612614,970.6220399670951,1.3356798058337063
818,5,"[41, 44]",969.2863601612614,970.494158907738,1.2077987464765556
800,5,"[60, 53]",969.346109402294,970.5303376313879,1.1842282290938329
730,5,"[41, 44]",970.494158907738,971.8877728970975,1.393613989359551
723,5,"[60, 53]",970.6220399670951,971.3128397281857,0.6907997610906023
768,5,"[116, 20]",970.6220399670951,972.0531254977167,1.4310855306215444
724,5,"[60, 53]",971.3128397281857,972.2996965465497,0.9868568183640036
731,5,"[41, 44]",971.8877728970975,972.4452185149922,0.5574456178947003
752,5,"[116, 20]",972.0531254977167,976.0601648014853,4.007039303768579
725,5,"[60, 53]",972.2996965465497,973.0891820130053,0.7894854664555169
732,5,"[41, 44]",972.4452185149922,973.9317401257933,1.4865216108011055
852,5,"[60, 53]",973.0891820130053,975.0628956497334,1.973713636728121
733,5,"[41, 44]",973.9317401257933,974.5820933097524,0.6503531839590551
734,5,"[41, 44]",974.5820933097524,975.789892056229,1.2077987464765556
742,5,"[60, 53]",975.0628956497334,976.5431808772795,1.4802852275461191
735,5,"[41, 44]",975.789892056229,976.5331528616296,0.7432608054006096
762,5,"[116, 20]",976.0601648014853,978.3499017414658,2.289736939980571
753,5,"[41, 44]",976.5331528616296,978.2983972260008,1.7652443643712559
767,5,"[60, 53]",976.5431808772795,978.8129515124598,2.2697706351802935
842,5,"[41, 44]",978.2983972260008,983.1295922119069,4.831194985906109
763,5,"[116, 20]",978.3499017414658,980.5442328429259,2.1943311014600795
769,5,"[60, 53]",978.8129515124598,981.6748363798296,2.861884867369781
795,5,"[116, 20]",980.5442328429259,983.7880268033208,3.243793960394896
754,5,"[60, 53]",981.6748363798296,985.8196348287305,4.144798448900929
743,5,"[41, 44]",983.1295922119069,988.146602662205,5.01701045029813
796,5,"[116, 20]",983.7880268033208,987.8904721730746,4.102445369753809
765,5,"[60, 53]",985.8196348287305,990.3591760990911,4.539541270360587
770,5,"[63, 116]",987.8904721730746,989.6056260469941,1.715153873919462
744,5,"[41, 44]",988.146602662205,990.8409231302372,2.694320468032174
771,5,"[116, 20]",989.6056260469941,990.9413058528278,1.3356798058337063
766,5,"[60, 53]",990.3591760990911,992.0368327373669,1.6776566382758347
745,5,"[41, 44]",990.8409231302372,992.1416294981553,1.3007063679181101
863,5,"[63, 116]",990.9413058528278,992.6564597267472,1.715153873919462
750,5,"[44, 42]",992.1416294981553,994.8053033381495,2.6636738399942033
785,5,"[41, 20]",992.1416294981553,1004.473995262756,12.332365764600695
864,5,"[116, 60]",992.6564597267472,999.3482431512678,6.691783424520509
751,5,"[44, 53]",994.8053033381495,998.443578241707,3.6382749035574307
836,5,"[44, 53]",998.443578241707,1014.5285825498581,16.085004308151156
746,5,"[116, 60]",999.3482431512678,1015.7382628264285,16.390019675160715
809,5,"[41, 20]",1004.473995262756,1020.4778282317052,16.003832968949155
811,5,"[44, 53]",1014.5285825498581,1049.3794282611411,34.850845711283
747,5,"[116, 60]",1015.7382628264285,1016.9990335528852,1.2607707264567125
748,5,"[116, 60]",1016.9990335528852,1018.5507514501016,1.551717897216463
749,5,"[116, 60]",1018.5507514501016,1020.6843635732258,2.1336121231241805
812,5,"[41, 44]",1049.3794282611411,1077.7162460447862,28.336817783645074
869,0,[],1077.7162460447862,1077.7162460447862,0.0
870,5,"[60, 53]",1077.7162460447862,1078.7031028631502,0.9868568183640036
872,5,"[116, 20]",1077.7162460447862,1078.479491672491,0.7632456277046913
888,5,"[41, 44]",1077.7162460447862,1078.3665992287451,0.6503531839589414
878,5,"[41, 44]",1078.3665992287451,1079.2956752216514,0.9290759929062915
871,5,"[116, 20]",1078.479491672491,1079.6243601424812,1.1448684699903424
873,5,"[60, 53]",1078.7031028631502,1079.887331092244,1.1842282290938329
874,5,"[41, 44]",1079.2956752216514,1080.4105664574408,1.1148912357894005
875,5,"[116, 20]",1079.6243601424812,1080.7692286124716,1.1448684699903424
876,5,"[60, 53]",1079.887331092244,1081.0715593213379,1.1842282290938329
877,5,"[41, 44]",1080.4105664574408,1081.5254576932302,1.1148912357894005
879,5,"[116, 20]",1080.7692286124716,1081.914097082462,1.1448684699903424
880,5,"[60, 53]",1081.0715593213379,1082.2557875504317,1.1842282290938329
881,5,"[41, 44]",1081.5254576932302,1082.6403489290196,1.1148912357894005
882,5,"[116, 20]",1081.914097082462,1083.0589655524523,1.1448684699903424
883,5,"[60, 53]",1082.2557875504317,1083.4400157795255,1.1842282290938329
885,5,"[41, 44]",1082.6403489290196,1083.755240164809,1.1148912357894005
884,5,"[116, 20]",1083.0589655524523,1084.299239633498,1.2402740810457544
889,5,"[60, 53]",1083.4400157795255,1085.1176724178015,1.6776566382759484
887,5,"[41, 44]",1083.755240164809,1085.6133921506218,1.8581519858128104
886,5,"[116, 20]",1084.299239633498,1089.1649303466254,4.865690713127378
2402,0,[],1089.1649303466254,1089.1649303466254,0.0
2403,0,[],1089.1649303466254,1089.1649303466254,0.0
2404,5,"[41, 44]",1089.1649303466254,1090.0940063395317,0.9290759929062915
2405,5,"[116, 20]",1089.1649303466254,1090.1189873670398,0.9540570204144387
2406,5,"[60, 53]",1089.1649303466254,1090.1517871649894,0.9868568183640036
2407,5,"[41, 44]",1090.0940063395317,1091.1159899538795,1.021983614347846
2408,5,"[116, 20]",1090.1189873670398,1091.1684501122422,1.0494627452023906
2409,5,"[60, 53]",1090.1517871649894,1091.4347009818057,1.28291381681629
2411,5,"[41, 44]",1091.1159899538795,1092.323788700356,1.2077987464765556
2413,5,"[116, 20]",1091.1684501122422,1092.504129918076,1.3356798058337063
2414,5,"[60, 53]",1091.4347009818057,1092.816300503987,1.3815995221812045
2410,5,"[41, 44]",1092.323788700356,1093.8103103111573,1.4865216108012191
2412,5,"[116, 20]",1092.504129918076,1094.0306211734855,1.52649125540961
2415,0,[],1094.0306211734855,1094.0306211734855,0.0
2416,5,"[41, 44]",1094.0306211734855,1095.145512409275,1.1148912357894005
2417,5,"[116, 20]",1094.0306211734855,1095.2708952545313,1.2402740810457544
2418,5,"[60, 53]",1094.0306211734855,1095.3135349903018,1.28291381681629
2421,5,"[41, 44]",1095.145512409275,1096.446218777193,1.3007063679181101
2423,5,"[116, 20]",1095.2708952545313,1096.606575060365,1.3356798058337063
2424,5,"[60, 53]",1095.3135349903018,1096.695134512483,1.3815995221812045
2419,5,"[41, 44]",1096.446218777193,1097.8398327665527,1.3936139893596646
2420,5,"[116, 20]",1096.606575060365,1098.0376605909867,1.431085530621658
2422,5,"[60, 53]",1096.695134512483,1098.1754197400292,1.4802852275461191
2605,0,[],1098.1754197400292,1098.1754197400292,0.0
2606,0,[],1098.1754197400292,1098.1754197400292,0.0
2607,5,"[42, 53]",1098.1754197400292,1112.4979642820795,14.32254454205031
2608,5,"[121, 95]",1098.1754197400292,1115.7188505046674,17.543430764638288
2609,5,"[41, 116]",1098.1754197400292,1102.0348695259943,3.8594497859651256
2610,0,[],1115.7188505046674,1115.7188505046674,0.0
2611,5,"[60, 53]",1115.7188505046674,1117.2386099673024,1.5197594626349655
2612,5,"[41, 44]",1115.7188505046674,1116.7687063722215,1.0498558675540153
2613,5,"[116, 20]",1115.7188505046674,1116.9877463827622,1.2688958780947814
2614,0,[],1117.2386099673024,1117.2386099673024,0.0
2615,0,[],1117.2386099673024,1117.2386099673024,0.0
2627,5,"[41, 44]",1117.2386099673024,1117.981870772703,0.7432608054004959
2628,5,"[116, 20]",1117.2386099673024,1118.001855595007,0.7632456277046913
2629,5,"[60, 53]",1117.2386099673024,1118.028095433758,0.7894854664555169
2632,5,"[41, 44]",1117.981870772703,1118.7251315781034,0.7432608054004959
2634,5,"[116, 20]",1118.001855595007,1118.7651012227118,0.7632456277046913
2637,5,"[60, 53]",1118.028095433758,1118.8175809002134,0.7894854664555169
2638,5,"[41, 44]",1118.7251315781034,1119.468392383504,0.7432608054004959
2639,5,"[116, 20]",1118.7651012227118,1119.5283468504165,0.7632456277046913
2643,5,"[60, 53]",1118.8175809002134,1119.607066366669,0.7894854664555169
2618,5,"[41, 44]",1119.468392383504,1120.3045607549689,0.8361683714649644
2626,5,"[116, 20]",1119.5283468504165,1120.386998146043,0.8586512956264869
2633,5,"[60, 53]",1119.607066366669,1120.495237479668,0.888171112999089
2635,5,"[41, 44]",1120.3045607549689,1121.1407291264338,0.8361683714649644
2636,5,"[116, 20]",1120.386998146043,1121.2456494416695,0.8586512956264869
2642,5,"[60, 53]",1120.495237479668,1121.482094298032,0.9868568183640036
2616,5,"[41, 44]",1121.1407291264338,1122.1627127407817,1.021983614347846
2622,5,"[116, 20]",1121.2456494416695,1122.2951121868718,1.0494627452023906
2624,5,"[60, 53]",1121.482094298032,1122.567636821761,1.0855425237289182
2625,5,"[41, 44]",1122.1627127407817,1123.1846963551295,1.021983614347846
2623,5,"[116, 20]",1122.2951121868718,1123.4399806568622,1.1448684699903424
2641,5,"[60, 53]",1122.567636821761,1123.9492363439422,1.3815995221812045
2617,5,"[41, 44]",1123.1846963551295,1124.5783103444892,1.3936139893596646
2640,5,"[116, 20]",1123.4399806568622,1124.9664719122718,1.52649125540961
2644,5,"[60, 53]",1123.9492363439422,1125.5282072768532,1.5789709329110337
2621,5,"[41, 44]",1124.5783103444892,1126.529369840989,1.951059496499738
2619,5,"[116, 20]",1124.9664719122718,1127.351614463308,2.385142551036097
2630,5,"[63, 42]",1125.5282072768532,1128.272813870322,2.7446065934686885
2620,5,"[41, 44]",1126.529369840989,1131.9180107770533,5.388640936064348
2631,5,"[116, 20]",1128.272813870322,1129.1314651659484,0.8586512956264869
2819,0,[],1131.9180107770533,1131.9180107770533,0.0
2820,0,[],1131.9180107770533,1131.9180107770533,0.0
2835,5,"[116, 20]",1131.9180107770533,1132.9674735222557,1.0494627452023906
2836,5,"[60, 53]",1131.9180107770533,1133.0035533007822,1.0855425237289182
2873,5,"[41, 44]",1131.9180107770533,1132.5683639610122,0.6503531839589414
2868,5,"[41, 44]",1132.5683639610122,1133.59034757536,1.021983614347846
2831,5,"[20, 80]",1132.9674735222557,1134.908738147487,1.9412646252312697
2849,5,"[60, 157]",1133.0035533007822,1134.9792778433466,1.9757245425644214
2869,5,"[41, 44]",1133.59034757536,1135.4484995611729,1.8581519858128104
2870,5,"[20, 80]",1134.908738147487,1136.8500027727182,1.9412646252312697
2871,5,"[60, 157]",1134.9792778433466,1136.955002385911,1.9757245425644214
2887,5,"[41, 44]",1135.4484995611729,1137.3066515469857,1.8581519858128104
2888,5,"[20, 80]",1136.8500027727182,1138.7912673979495,1.9412646252312697
2893,5,"[60, 157]",1136.955002385911,1138.9307269284755,1.9757245425644214
2894,5,"[41, 44]",1137.3066515469857,1139.1648035327985,1.8581519858128104
2895,5,"[20, 80]",1138.7912673979495,1140.7325320231807,1.9412646252312697
2896,5,"[63, 116]",1138.9307269284755,1141.6463872099162,2.715660281440705
2865,5,"[44, 42]",1139.1648035327985,1142.5895270089609,3.4247234761623986
2854,5,"[60, 53]",1140.7325320231807,1144.3839022981847,3.6513702750039556
2866,5,"[41, 20]",1141.6463872099162,1142.3995087726184,0.7531215627022902
2867,5,"[41, 20]",1142.3995087726184,1143.1526303353207,0.7531215627022902
2829,5,"[44, 63]",1142.5895270089609,1146.3037514994237,3.7142244904628114
2824,5,[116],1143.1526303353207,1145.7355374652213,2.5829071299006046
2825,5,[42],1144.3839022981847,1147.0225320224656,2.638629724280918
2826,5,[116],1145.7355374652213,1148.318444595122,2.5829071299006046
2855,5,"[44, 63]",1146.3037514994237,1150.4881305062509,4.184379006827157
2863,5,"[42, 60]",1147.0225320224656,1151.5321283555181,4.509596333052514
2856,5,"[116, 53]",1148.318444595122,1153.2192620717979,4.900817476675911
2842,5,"[44, 63]",1150.4881305062509,1155.4247576360103,4.936627129759472
2852,5,[42],1151.5321283555181,1154.8188426393156,3.286714283797437
2872,5,"[41, 20]",1153.2192620717979,1158.0204118727036,4.801149800905705
2822,5,[116],1154.8188426393156,1158.1720906475912,3.3532480082756138
2839,5,[44],1155.4247576360103,1158.6907010055602,3.265943369549859
2827,5,"[63, 42]",1158.0204118727036,1163.3651724435665,5.344760570862945
2823,5,[116],1158.1720906475912,1160.7549977774918,2.5829071299006046
2846,5,"[44, 60]",1158.6907010055602,1164.6708416282975,5.980140622737281
2889,5,"[41, 116]",1160.7549977774918,1167.3443024433848,6.589304665892996
2886,5,"[20, 80]",1163.3651724435665,1169.286029457955,5.920857014388503
2853,5,[44],1164.6708416282975,1168.7753380564473,4.104496428149787
2890,5,"[41, 60]",1167.3443024433848,1169.257801896934,1.9134994535493206
2828,5,[44],1168.7753380564473,1172.9239686013482,4.148630544900925
2821,5,[63],1169.257801896934,1173.9142234371768,4.656421540242718
2874,5,"[41, 116]",1169.286029457955,1169.850827023189,0.5647975652339028
2875,5,"[41, 116]",1169.850827023189,1170.5097574785566,0.6589304553676811
2877,5,"[41, 116]",1170.5097574785566,1171.1686879339243,0.6589304553676811
2878,5,"[41, 116]",1171.1686879339243,1171.827618389292,0.6589304553676811
2876,5,"[41, 116]",1171.827618389292,1172.5806817909013,0.7530634016093245
2880,5,"[41, 116]",1172.5806817909013,1173.4278780826446,0.8471962917433302
2881,5,"[44, 20]",1172.9239686013482,1173.771293735364,0.8473251340158185
2879,5,"[41, 60]",1173.4278780826446,1176.5851521353798,3.157274052735147
2833,5,"[44, 116]",1173.771293735364,1180.8788619766694,7.107568241305444
2847,5,[63],1173.9142234371768,1178.796684853828,4.882461416651267
2834,5,"[42, 60]",1176.5851521353798,1184.18284176706,7.5976896316801685
2848,5,[63],1178.796684853828,1184.2216418876324,5.424957033804276
2838,5,"[44, 116]",1180.8788619766694,1189.1631793738575,8.284317397188033
2830,5,"[63, 42]",1184.2216418876324,1191.6368948537342,7.415252966101889
2837,5,"[60, 53]",1184.2216418876324,1191.7710971128013,7.549455225168913
2857,5,[44],1189.1631793738575,1195.650931575308,6.487752201450576
2850,5,[63],1191.6368948537342,1197.287891763947,5.650996910212825
2840,5,"[116, 42]",1191.7710971128013,1196.1098303883698,4.338733275568529
2858,5,"[44, 60]",1195.650931575308,1199.3346981076645,3.683766532356458
2859,5,"[116, 42]",1196.1098303883698,1200.3039391294697,4.194108741099853
2841,5,"[63, 53]",1197.287891763947,1201.455885565479,4.16799380153202
2843,5,"[44, 60]",1199.3346981076645,1209.1421287289538,9.807430621289313
2860,5,"[116, 42]",1200.3039391294697,1206.2335413646965,5.9296022352268665
2862,5,"[63, 53]",1201.455885565479,1204.2183928701231,2.762507304644032
2884,5,"[41, 53]",1204.2183928701231,1206.994759898018,2.776367027894821
2885,5,"[116, 42]",1206.2335413646965,1209.0296140120126,2.796072647316123
2891,5,"[41, 20]",1206.994759898018,1221.1157889882672,14.121029090249294
2882,5,"[116, 42]",1209.0296140120126,1212.2113517014548,3.181737689442116
2861,5,"[44, 63]",1209.1421287289538,1213.4675543148776,4.325425585923767
2851,5,[116],1212.2113517014548,1216.5615113965555,4.350159695100729
2883,5,"[42, 53]",1213.4675543148776,1217.5877377973272,4.120183482449647
2897,5,"[116, 121]",1216.5615113965555,1223.4708846976366,6.909373301081132
2832,5,"[44, 63]",1217.5877377973272,1241.424594868294,23.836857070966744
2892,5,"[41, 20]",1221.1157889882672,1222.998592866967,1.8828038786998604
2844,5,"[41, 42]",1222.998592866967,1234.1281026138217,11.129509746854637
2898,5,"[20, 60]",1223.4708846976366,1235.9826051749055,12.51172047726891
2845,5,"[116, 42]",1234.1281026138217,1240.9736594677693,6.845556853947528
2864,5,"[116, 42]",1240.9736594677693,1245.4088089464008,4.4351494786315016
2899,0,[],1245.4088089464008,1245.4088089464008,0.0
2906,5,"[41, 44]",1245.4088089464008,1246.4307925607486,1.021983614347846
2907,5,"[116, 20]",1245.4088089464008,1246.4582716916032,1.0494627452023906
2908,5,"[60, 53]",1245.4088089464008,1246.4943514701297,1.0855425237289182
2909,5,"[41, 44]",1246.4307925607486,1247.4527761750965,1.021983614347846
2910,5,"[116, 20]",1246.4582716916032,1247.5077344368055,1.0494627452023906
2919,5,"[60, 53]",1246.4943514701297,1247.5798939938586,1.0855425237289182
2920,5,"[41, 44]",1247.4527761750965,1248.4747597894443,1.021983614347846
2928,5,"[116, 20]",1247.5077344368055,1248.9388199674272,1.431085530621658
2921,5,"[60, 53]",1247.5798939938586,1249.1588649267696,1.5789709329110337
2922,5,"[41, 44]",1248.4747597894443,1249.9612814002455,1.4865216108012191
2901,5,"[116, 20]",1248.9388199674272,1250.5607169476248,1.6218969801975618
2911,5,"[60, 53]",1249.1588649267696,1250.8365215650456,1.6776566382759484
2912,5,"[41, 44]",1249.9612814002455,1251.5407106324883,1.5794292322427737
2913,5,"[116, 20]",1250.5607169476248,1252.1826139278223,1.6218969801975618
2914,5,"[60, 53]",1250.8365215650456,1252.5141782033215,1.6776566382759484
2923,5,"[41, 44]",1251.5407106324883,1253.120139864731,1.5794292322427737
2924,5,"[116, 20]",1252.1826139278223,1253.80451090802,1.6218969801975618
2925,5,"[60, 53]",1252.5141782033215,1254.1918348415975,1.6776566382759484
2926,5,"[41, 44]",1253.120139864731,1254.6995690969738,1.5794292322427737
2900,5,"[116, 20]",1253.80451090802,1255.5218134992729,1.7173025912529738
2915,5,"[60, 53]",1254.1918348415975,1256.0668627729606,1.8750279313630926
2916,5,"[41, 44]",1254.6995690969738,1256.464813461345,1.7652443643712559
2917,5,"[116, 20]",1255.5218134992729,1257.3345218153138,1.8127083160409256
2918,5,"[60, 53]",1256.0668627729606,1257.9418907043237,1.8750279313630926
2927,5,"[41, 44]",1256.464813461345,1260.552747918737,4.087934457391839
2902,5,"[116, 20]",1257.3345218153138,1262.1048069173858,4.770285102071966
2903,5,"[60, 53]",1257.9418907043237,1262.876174796144,4.9342840918202455
2904,5,"[41, 44]",1260.552747918737,1265.1981278832689,4.645379964531912
2905,5,"[116, 20]",1262.1048069173858,1266.8750920194577,4.770285102071966
2932,5,"[42, 53]",1262.876174796144,1263.6609716972782,0.7847969011343139
2933,5,"[42, 53]",1263.6609716972782,1264.4457685984125,0.7847969011343139
2931,5,"[42, 53]",1264.4457685984125,1267.58495620295,3.139187604537483
2930,5,"[41, 121]",1265.1981278832689,1268.6540845124791,3.4559566292102772
2929,5,"[116, 95]",1266.8750920194577,1271.9538496773398,5.078757657882079
2934,0,[],1271.9538496773398,1271.9538496773398,0.0
2935,5,"[60, 53]",1271.9538496773398,1273.4736091399748,1.5197594626349655
2936,5,"[41, 44]",1271.9538496773398,1273.0037055448938,1.0498558675540153
2937,5,"[116, 20]",1271.9538496773398,1273.2227455554346,1.2688958780947814
2938,0,[],1273.4736091399748,1273.4736091399748,0.0
2939,0,[],1273.4736091399748,1273.4736091399748,0.0
2940,5,"[41, 44]",1273.4736091399748,1274.402685132881,0.9290759929062915
2941,5,"[116, 20]",1273.4736091399748,1274.4276661603892,0.9540570204144387
2946,5,"[60, 53]",1273.4736091399748,1275.0525800728858,1.5789709329110337
2947,5,"[41, 44]",1274.402685132881,1275.8892067436823,1.4865216108012191
2942,5,"[116, 20]",1274.4276661603892,1276.0495631405868,1.6218969801975618
2943,5,"[60, 53]",1275.0525800728858,1276.7302367111618,1.6776566382759484
2977,5,"[41, 44]",1275.8892067436823,1277.747358729495,1.8581519858128104
2982,5,"[116, 20]",1276.0495631405868,1277.9576771814156,1.9081140408288775
2983,5,"[60, 53]",1276.7302367111618,1278.7039503478898,1.9737136367280073
2984,5,"[41, 44]",1277.747358729495,1279.605510715308,1.8581519858128104
2985,5,"[116, 20]",1277.9576771814156,1279.8657912222445,1.9081140408288775
2986,5,"[60, 53]",1278.7039503478898,1280.6776639846178,1.9737136367280073
2988,5,"[41, 44]",1279.605510715308,1281.4636627011207,1.8581519858128104
2989,5,"[116, 20]",1279.8657912222445,1281.7739052630734,1.9081140408288775
2990,5,"[60, 53]",1280.6776639846178,1282.6513776213458,1.9737136367280073
2991,5,"[41, 44]",1281.4636627011207,1283.3218146869335,1.8581519858128104
2992,5,"[116, 20]",1281.7739052630734,1283.6820193039023,1.9081140408288775
2993,5,"[60, 53]",1282.6513776213458,1284.6250912580738,1.9737136367280073
2958,5,"[41, 44]",1283.3218146869335,1284.3437983012814,1.021983614347846
2987,5,"[116, 20]",1283.6820193039023,1286.44878475409,2.766765450187677
2959,5,"[41, 44]",1284.3437983012814,1286.8523035264304,2.508505225149065
2960,5,"[60, 80]",1284.6250912580738,1287.2898731869675,2.664781928893717
2964,5,"[20, 157]",1286.44878475409,1289.071858007981,2.623073253891107
2956,5,"[41, 44]",1286.8523035264304,1289.4537162622667,2.6014127358362202
2957,5,"[60, 80]",1287.2898731869675,1290.0533506469906,2.7634774600230685
2949,5,"[63, 116]",1289.071858007981,1292.0257341115546,2.9538761035735206
2950,5,"[44, 42]",1289.4537162622667,1292.4027836874727,2.949067425206067
2955,5,"[41, 20]",1290.0533506469906,1292.9716965691964,2.9183459222058445
2948,5,"[63, 116]",1292.0257341115546,1295.4560418593935,3.430307747838924
2965,5,"[44, 60]",1292.4027836874727,1296.6128027771294,4.2100190896567256
2966,5,"[41, 20]",1292.9716965691964,1297.1138651921153,4.142168622918916
2967,5,"[116, 53]",1295.4560418593935,1299.7260609782668,4.270019118873279
2968,5,"[44, 60]",1296.6128027771294,1300.8228218667862,4.2100190896567256
2969,5,"[41, 20]",1297.1138651921153,1301.2560338150342,4.142168622918916
2970,5,"[116, 53]",1299.7260609782668,1303.99608009714,4.270019118873279
2971,5,"[44, 60]",1300.8228218667862,1305.032840956443,4.2100190896567256
2972,5,"[41, 20]",1301.2560338150342,1305.3982024379532,4.142168622918916
2973,5,"[116, 53]",1303.99608009714,1308.2660992160133,4.270019118873279
2974,5,"[44, 60]",1305.032840956443,1309.2428600460996,4.2100190896567256
2975,5,"[41, 20]",1305.3982024379532,1309.540371060872,4.142168622918916
2976,5,"[116, 53]",1308.2660992160133,1312.5361183348866,4.270019118873279
2978,5,"[44, 60]",1309.2428600460996,1313.4528791357563,4.2100190896567256
2979,5,"[41, 20]",1309.540371060872,1313.682539683791,4.142168622918916
2980,5,"[116, 53]",1312.5361183348866,1316.80613745376,4.270019118873279
2981,5,"[44, 60]",1313.4528791357563,1317.662898225413,4.2100190896567256
2962,5,"[41, 20]",1313.682539683791,1317.1657269042753,3.4831872204842966
2944,5,"[116, 53]",1317.1657269042753,1322.3091590983558,5.14343219408056
2954,5,"[41, 20]",1317.1657269042753,1320.931334661675,3.765607757399721
2945,5,"[44, 60]",1317.662898225413,1322.7340576559936,5.071159430580565
2951,5,"[41, 20]",1320.931334661675,1325.7324844625807,4.801149800905705
2961,5,"[44, 60]",1322.7340576559936,1327.9965814040024,5.262523748008789
2963,5,"[80, 157]",1322.7340576559936,1328.1714736866534,5.437416030659733
2952,5,"[41, 20]",1325.7324844625807,1332.2281579338744,6.495673471293685
2953,5,"[44, 60]",1327.9965814040024,1334.5986567427542,6.602075338751774
2994,0,[],1334.5986567427542,1334.5986567427542,0.0
3007,5,"[42, 60]",1334.5986567427542,1336.0691773166277,1.4705205738735003
3012,5,"[41, 116]",1334.5986567427542,1336.2930493262406,1.694392583486433
3065,5,"[44, 63]",1334.5986567427542,1335.350904697546,0.7522479547917555
3053,5,"[44, 63]",1335.350904697546,1336.8554006071295,1.504495909583511
3029,5,"[42, 60]",1336.0691773166277,1337.7357673470976,1.6665900304699335
3049,5,"[116, 53]",1336.2930493262406,1338.0398752452795,1.7468259190388835
3054,5,"[44, 63]",1336.8554006071295,1338.5479584353525,1.6925578282230163
3051,5,"[42, 60]",1337.7357673470976,1339.5984267172976,1.8626593701999354
3063,5,"[116, 53]",1338.0398752452795,1339.883747074418,1.8438718291383793
3064,5,"[44, 63]",1338.5479584353525,1340.334547278942,1.7865888435894703
3056,5,"[42, 60]",1339.5984267172976,1341.5591208157957,1.960694098498152
3010,5,"[116, 53]",1339.883747074418,1342.0187566338545,2.1350095594366394
3011,5,"[44, 63]",1340.334547278942,1342.403229168631,2.06868188968906
3015,5,"[42, 60]",1341.5591208157957,1343.7158843708903,2.156763555094585
3016,5,"[116, 53]",1342.0187566338545,1344.1537661932912,2.1350095594366394
3017,5,"[44, 63]",1342.403229168631,1344.47191105832,2.06868188968906
3026,5,"[42, 60]",1343.7158843708903,1345.872647925985,2.156763555094585
3027,5,"[116, 53]",1344.1537661932912,1346.2887757527278,2.1350095594366394
3031,5,"[44, 63]",1344.47191105832,1346.5405929480091,2.06868188968906
3050,5,"[42, 60]",1345.872647925985,1348.0294114810795,2.156763555094585
3052,5,"[116, 53]",1346.2887757527278,1348.4237853121645,2.1350095594366394
3055,5,"[44, 63]",1346.5405929480091,1348.6092748376982,2.06868188968906
3057,5,"[42, 60]",1348.0294114810795,1350.186175036174,2.156763555094585
3062,5,"[116, 53]",1348.4237853121645,1350.558794871601,2.1350095594366394
3032,5,"[44, 63]",1348.6092748376982,1350.77198763066,2.1627127929618837
3033,5,"[42, 60]",1350.186175036174,1352.4409732027002,2.254798166526143
3034,5,"[116, 53]",1350.558794871601,1352.7908502254495,2.232055353848409
3035,5,"[44, 63]",1350.77198763066,1352.934700423622,2.1627127929618837
3036,5,"[42, 60]",1352.4409732027002,1354.6957713692263,2.254798166526143
3037,5,"[116, 53]",1352.7908502254495,1355.022905579298,2.232055353848409
3038,5,"[44, 63]",1352.934700423622,1355.0974132165838,2.1627127929618837
3039,5,"[42, 60]",1354.6957713692263,1356.9505695357525,2.254798166526143
3040,5,"[44, 63]",1355.0974132165838,1357.2601260095457,2.1627127929618837
3042,5,"[116, 53]",1355.0974132165838,1357.3294685704323,2.232055353848409
3043,5,"[42, 60]",1356.9505695357525,1359.2053677022786,2.254798166526143
3058,5,"[44, 63]",1357.2601260095457,1359.4228388025076,2.1627127929618837
3059,5,"[116, 53]",1357.3294685704323,1359.5615239242807,2.232055353848409
3060,5,"[42, 60]",1359.2053677022786,1361.4601658688048,2.254798166526143
3061,5,"[44, 63]",1359.4228388025076,1361.5855515954695,2.1627127929618837
3041,5,"[116, 53]",1359.5615239242807,1362.2788087129386,2.7172847886579348
2995,5,"[44, 63]",1361.5855515954695,1364.5005122871762,2.9149606917067103
2996,5,"[42, 60]",1361.5855515954695,1364.6246273546483,3.039075759178786
3044,5,"[116, 53]",1362.2788087129386,1365.287231116207,3.0084224032684688
3048,5,"[44, 63]",1364.5005122871762,1367.5095041063432,3.008991819167022
3008,5,"[41, 20]",1364.6246273546483,1365.8484498309138,1.2238224762654681
3018,5,"[116, 60]",1365.287231116207,1366.644984232917,1.3577531167100005
3009,5,"[41, 20]",1365.8484498309138,1366.7898517702638,0.9414019393500439
3025,5,"[116, 60]",1366.644984232917,1368.1967021301336,1.5517178972165766
3030,5,"[42, 53]",1366.7898517702638,1371.2043342733637,4.414482503099862
3013,5,"[41, 44]",1367.5095041063432,1368.9960257171444,1.4865216108012191
3014,5,"[63, 116]",1368.1967021301336,1370.2930014103376,2.0962992802039935
3005,5,"[44, 60]",1368.9960257171444,1369.761483728261,0.7654580111166069
3066,5,"[41, 121]",1369.761483728261,1370.6254728855636,0.8639891573025125
3028,5,"[44, 63]",1370.2930014103376,1372.3616833000267,2.06868188968906
3067,5,"[41, 116]",1370.6254728855636,1371.472669177307,0.8471962917433302
3068,5,"[42, 53]",1371.2043342733637,1372.087230750595,0.8828964772312702
3069,5,"[41, 116]",1371.472669177307,1372.3198654690502,0.8471962917433302
3070,5,"[42, 53]",1372.087230750595,1372.9701272278262,0.8828964772312702
3006,5,"[44, 63]",1372.3616833000267,1373.5840861635106,1.2224028634839215
3045,5,"[116, 60]",1372.3616833000267,1374.1073658621378,1.745682562111142
2997,5,"[42, 157]",1372.9701272278262,1375.7196982062626,2.7495709784363953
2998,5,"[44, 63]",1373.5840861635106,1376.2169539212116,2.6328677577009785
3047,5,"[41, 116]",1374.1073658621378,1375.8958913918657,1.788525529727849
3046,5,"[20, 60]",1375.7196982062626,1377.7564898795981,2.0367916733355287
2999,5,"[116, 42]",1375.8958913918657,1378.5955476062447,2.699656214379047
3000,5,"[44, 63]",1376.2169539212116,1378.8498216789126,2.6328677577009785
3019,5,"[60, 157]",1377.7564898795981,1380.5225041920835,2.7660143124853676
3003,5,"[116, 42]",1378.5955476062447,1382.645031812876,4.049484206631178
3004,5,"[44, 63]",1378.8498216789126,1382.7991232033703,3.9493015244577236
3020,5,"[41, 20]",1380.5225041920835,1382.5935885035428,2.0710843114593445
3021,5,"[116, 42]",1382.645031812876,1384.3805250771286,1.735493264252682
3001,5,"[60, 157]",1382.7991232033703,1386.5529997871379,3.7538765837675783
3023,5,"[44, 63]",1382.7991232033703,1384.4916810315933,1.6925578282230163
3022,5,"[41, 116]",1384.3805250771286,1385.8866518803472,1.506126803218649
3024,5,"[44, 20]",1384.4916810315933,1385.7155951015902,1.2239140699969084
3002,5,"[44, 63]",1385.7155951015902,1389.2887727887692,3.5731776871789407
3071,0,[],1389.2887727887692,1389.2887727887692,0.0
3072,0,[],1389.2887727887692,1389.2887727887692,0.0
3074,5,"[20, 60]",1389.2887727887692,1390.0646934730294,0.7759206842601998
3075,5,"[80, 157]",1389.2887727887692,1390.0796696777413,0.7908968889721564
3077,5,"[41, 44]",1389.2887727887692,1390.7195497824036,1.4307769936344812
3079,5,"[20, 60]",1390.0646934730294,1391.5195447343383,1.4548512613089315
3080,5,"[116, 53]",1390.0796696777413,1392.8940004921863,2.8143308144449293
3073,5,"[44, 63]",1390.7195497824036,1393.7285416015707,3.008991819167022
3078,5,"[41, 20]",1391.5195447343383,1394.5320309851477,3.0124862508093884
3081,5,"[116, 42]",1392.8940004921863,1393.665330863781,0.7713303715947859
3076,5,"[44, 63]",1393.7285416015707,1396.3614093592716,2.6328677577009785
3083,5,"[116, 42, 60]",1393.7285416015707,1409.219789021147,15.491247419576439
3082,5,"[53, 157]",1394.5320309851477,1406.839121312659,12.307090327511332
3084,0,[],1409.219789021147,1409.219789021147,0.0
3085,5,"[116, 20]",1409.219789021147,1412.940611719214,3.720822698066968
3087,5,"[60, 53]",1409.219789021147,1413.0685309421658,3.8487419210187
3088,5,"[41, 44]",1409.219789021147,1411.542479003413,2.322689982265956
3086,5,"[41, 44]",1411.542479003413,1442.6665247657772,31.124045762364176
3089,0,[],1442.6665247657772,1442.6665247657772,0.0
3092,5,"[20, 60]",1442.6665247657772,1443.4424454500374,0.7759206842601998
3093,5,"[80, 157]",1442.6665247657772,1443.4574216547494,0.7908968889721564
3113,5,"[41, 44]",1442.6665247657772,1443.9021958762144,1.2356711104371243
3116,5,"[20, 60]",1443.4424454500374,1444.4123462909101,0.9699008408726968
3090,5,"[63, 116]",1443.4574216547494,1444.8867165875456,1.4292949327962106
3115,5,"[41, 44]",1443.9021958762144,1445.7603478620272,1.8581519858128104
3114,5,"[20, 60]",1444.4123462909101,1447.322048813528,2.909702522617863
3091,5,"[63, 116]",1444.8867165875456,1449.2698876239153,4.383171036369731
3112,5,"[44, 42]",1445.7603478620272,1446.5784763399836,0.8181284779564066
3125,5,"[41, 42]",1446.5784763399836,1447.3394684831721,0.7609921431885596
3134,5,"[41, 42]",1447.3394684831721,1448.1004606263607,0.7609921431885596
3135,5,"[53, 121]",1447.3394684831721,1448.1317104521063,0.7922419689341496
3136,5,"[41, 42]",1448.1004606263607,1448.9565767520114,0.8561161256507148
3137,5,"[53, 121]",1448.1317104521063,1449.0229826302655,0.8912721781591699
3138,5,"[41, 42]",1448.9565767520114,1449.8126928776621,0.8561161256507148
3139,5,"[53, 121]",1449.0229826302655,1449.9142548084246,0.8912721781591699
3105,5,"[44, 63]",1449.2698876239153,1450.3042285687598,1.0343409448444163
3107,5,"[116, 42]",1449.8126928776621,1450.8732721457886,1.060579268126503
3119,5,"[41, 53]",1449.9142548084246,1450.967359531337,1.0531047229123942
3120,5,"[121, 95]",1450.3042285687598,1451.4006929915497,1.0964644227899498
3126,5,"[116, 42]",1450.8732721457886,1452.030267731915,1.1569955861264134
3127,5,"[41, 53]",1450.967359531337,1452.1162010679918,1.1488415366547997
3128,5,"[121, 95]",1451.4006929915497,1452.5968360198344,1.1961430282847232
3129,5,"[116, 42]",1452.030267731915,1453.1872633180415,1.1569955861264134
3130,5,"[41, 53]",1452.1162010679918,1453.2650426046466,1.1488415366547997
3131,5,"[121, 95]",1452.5968360198344,1453.7929790481192,1.1961430282847232
3121,5,"[116, 42]",1453.1872633180415,1454.537091425231,1.3498281071895235
3132,5,"[41, 53]",1453.2650426046466,1454.7489628182093,1.4839202135626692
3133,5,"[121, 95]",1453.7929790481192,1455.3379970173962,1.545017969277069
3102,5,"[44, 63]",1454.537091425231,1456.229649253454,1.6925578282230163
3106,5,"[116, 42]",1454.7489628182093,1456.484456082462,1.735493264252682
3108,5,"[60, 157]",1455.3379970173962,1457.1161490585994,1.7781520412031568
3110,5,"[44, 63]",1456.229649253454,1458.0162380970435,1.7865888435894703
3124,5,"[41, 116]",1456.484456082462,1458.1788486659484,1.694392583486433
3111,5,"[42, 60]",1457.1161490585994,1459.3709472251255,2.254798166526143
3099,5,"[44, 63]",1458.0162380970435,1460.2729820174657,2.2567439204221955
3100,5,"[116, 157]",1458.1788486659484,1460.5102835660855,2.331434900137083
3101,5,"[42, 60]",1459.3709472251255,1461.7237802368165,2.3528330116910183
3103,5,"[44, 63]",1460.2729820174657,1462.5297259378879,2.2567439204221955
3104,5,"[116, 157]",1460.5102835660855,1462.8417184662226,2.331434900137083
3109,5,"[42, 60]",1461.7237802368165,1464.0766132485076,2.3528330116910183
3117,5,"[41, 53]",1462.5297259378879,1464.5880670339052,2.0583410960173296
3118,5,"[116, 121]",1462.8417184662226,1464.9339936008407,2.0922751346181485
3094,5,"[44, 63]",1464.0766132485076,1467.6497909356865,3.5731776871789407
3095,5,"[42, 60]",1464.5880670339052,1468.313385774305,3.725318740399871
3096,5,"[116, 157]",1464.9339936008407,1468.6254319997183,3.691438398877608
3097,5,"[44, 63]",1467.6497909356865,1471.2229686228654,3.5731776871789407
3098,5,"[42, 60]",1468.313385774305,1472.038704514705,3.725318740399871
3123,5,"[41, 116]",1468.6254319997183,1472.3436827590745,3.718250759356124
3122,5,"[53, 121]",1471.2229686228654,1475.2832085587077,4.060239935842219
3140,5,"[44, 63]",1472.038704514705,1493.7598642443463,21.721159729641386
3141,0,[],1493.7598642443463,1493.7598642443463,0.0
3142,0,[],1493.7598642443463,1493.7598642443463,0.0
3143,5,"[41, 44]",1493.7598642443463,1494.1314946470466,0.37163040270024794
3144,5,"[20, 60]",1493.7598642443463,1494.1478245864764,0.3879603421300999
3208,5,"[63, 116]",1493.7598642443463,1493.9504369048923,0.19057266054596766
3145,5,"[63, 116]",1493.9504369048923,1494.6174411955049,0.6670042906125673
3146,5,"[44, 42]",1494.1314946470466,1494.797413107045,0.6659184599984656
3147,5,"[60, 157]",1494.1478245864764,1494.8393281645979,0.6915035781214556
3148,5,"[63, 116]",1494.6174411955049,1495.2844454861174,0.6670042906125673
3163,5,"[44, 42]",1494.797413107045,1495.558462799916,0.7610496928709836
3164,5,"[60, 157]",1494.8393281645979,1495.6296179934,0.7902898288020879
3165,5,"[63, 116]",1495.2844454861174,1496.046736128301,0.7622906421836433
3166,5,"[44, 42]",1495.558462799916,1496.319512492787,0.7610496928709836
3167,5,"[60, 157]",1495.6296179934,1496.419907822202,0.7902898288020879
3170,5,"[63, 116]",1496.046736128301,1496.8090267704847,0.7622906421836433
3171,5,"[44, 42]",1496.319512492787,1497.080562185658,0.7610496928709836
3183,5,"[60, 157]",1496.419907822202,1497.2101976510041,0.7902898288020879
3184,5,"[63, 116]",1496.8090267704847,1497.5713174126683,0.7622906421836433
3185,5,"[44, 42]",1497.080562185658,1497.841611878529,0.7610496928709836
3186,5,"[60, 157]",1497.2101976510041,1498.0004874798062,0.7902898288020879
3187,5,"[63, 116]",1497.5713174126683,1498.333608054852,0.7622906421836433
3188,5,"[44, 42]",1497.841611878529,1498.6026615714,0.7610496928709836
3189,5,"[60, 157]",1498.0004874798062,1498.7907773086083,0.7902898288020879
3190,5,"[63, 116]",1498.333608054852,1499.0958986970356,0.7622906421836433
3191,5,"[44, 42]",1498.6026615714,1499.363711264271,0.7610496928709836
3192,5,"[60, 157]",1498.7907773086083,1499.5810671374104,0.7902898288020879
3195,5,"[63, 116]",1499.0958986970356,1499.8581893392193,0.7622906421836433
3196,5,"[44, 42]",1499.363711264271,1500.124760957142,0.7610496928709836
3198,5,"[60, 157]",1499.5810671374104,1500.3713569662125,0.7902898288020879
3212,5,"[63, 116]",1499.8581893392193,1500.620479981403,0.7622906421836433
3213,5,"[44, 42]",1500.124760957142,1500.885810650013,0.7610496928709836
3211,5,"[60, 157]",1500.3713569662125,1501.260432986814,0.8890760206015784
3154,5,"[63, 116]",1500.620479981403,1501.5733432699337,0.952863288530807
3157,5,"[44, 42]",1500.885810650013,1501.8371227519258,0.9513121019128903
3207,5,"[60, 157]",1501.260432986814,1502.2482952580963,0.9878622712822107
3151,5,"[63, 116]",1501.5733432699337,1502.6214929100356,1.048149640101883
3152,5,"[44, 42]",1501.8371227519258,1502.8835660867112,1.0464433347854083
3209,5,"[60, 157]",1502.2482952580963,1503.43373003074,1.1854347726437027
3210,5,"[63, 116]",1502.6214929100356,1503.7649289017088,1.1434359916731864
3155,5,"[44, 42]",1502.8835660867112,1504.2154030067084,1.3318369199971585
3156,5,"[60, 157]",1503.43373003074,1504.8167371869827,1.3830071562426838
3158,5,"[63, 116]",1503.7649289017088,1505.289510186076,1.5245812843672866
3159,5,"[44, 42]",1504.2154030067084,1505.73750239245,1.5220993857417398
3160,5,"[60, 157]",1504.8167371869827,1506.3973168445868,1.5805796576041757
3161,5,"[63, 116]",1505.289510186076,1506.8140914704434,1.5245812843672866
3162,5,"[44, 42]",1505.73750239245,1507.2596017781918,1.5220993857417398
3168,5,"[60, 157]",1506.3973168445868,1507.977896502191,1.5805796576041757
3169,5,"[63, 116]",1506.8140914704434,1508.3386727548107,1.5245812843672866
3173,5,"[44, 42]",1507.2596017781918,1508.7817011639336,1.5220993857417398
3174,5,"[60, 157]",1507.977896502191,1509.5584761597952,1.5805796576041757
3175,5,"[63, 116]",1508.3386727548107,1509.863254039178,1.5245812843672866
3176,5,"[44, 42]",1508.7817011639336,1510.3038005496753,1.5220993857417398
3177,5,"[60, 157]",1509.5584761597952,1511.1390558173994,1.5805796576041757
3178,5,"[63, 116]",1509.863254039178,1511.3878353235452,1.5245812843672866
3179,5,"[44, 42]",1510.3038005496753,1511.825899935417,1.5220993857417398
3180,5,"[60, 157]",1511.1390558173994,1512.7196354750035,1.5805796576041757
3181,5,"[63, 116]",1511.3878353235452,1512.9124166079125,1.5245812843672866
3182,5,"[44, 42]",1511.825899935417,1513.3479993211588,1.5220993857417398
3193,5,"[60, 157]",1512.7196354750035,1514.3002151326077,1.5805796576041757
3194,5,"[63, 116]",1512.9124166079125,1514.4369978922798,1.5245812843672866
3197,5,"[44, 42]",1513.3479993211588,1514.8700987069005,1.5220993857417398
3205,5,"[60, 157]",1514.3002151326077,1515.9795810408925,1.679365908284808
3206,5,"[63, 116]",1514.4369978922798,1516.0568655282184,1.61986763593859
3172,5,[44],1514.8700987069005,1515.576248626063,0.7061499191624989
3214,5,"[44, 42]",1515.576248626063,1517.478872829889,1.902624203826008
3149,5,"[60, 157]",1516.0568655282184,1518.4277350735058,2.3708695452874053
3215,5,"[63, 116]",1516.0568655282184,1517.96259210528,1.905726577061614
3150,5,"[44, 42]",1517.478872829889,1519.7620219652044,2.283149135315398
3153,5,"[63, 116]",1517.96259210528,1520.2494640886262,2.2868719833461455
3199,5,"[60, 157]",1518.4277350735058,1522.9719014271943,4.544166353688524
3216,5,"[41, 44]",1519.7620219652044,1532.8619938195989,13.099971854394425
3200,5,"[63, 116]",1522.9719014271943,1524.0200510672962,1.048149640101883
3201,5,"[42, 60]",1522.9719014271943,1524.0502832047416,1.0783817775472926
3202,5,"[63, 116]",1524.0200510672962,1525.068200707398,1.048149640101883
3203,5,"[42, 60]",1524.0502832047416,1525.128664982289,1.0783817775472926
3204,5,"[63, 116]",1525.068200707398,1526.1163503475,1.048149640101883
3217,0,[],1532.8619938195989,1532.8619938195989,0.0
3231,5,"[41, 44]",1532.8619938195989,1533.2057519414045,0.34375812180564935
3232,5,"[116, 20]",1532.8619938195989,1533.2149949217014,0.353001102102553
3234,5,"[60, 53]",1532.8619938195989,1533.4146336402355,0.5526398206366139
3235,5,"[41, 44]",1533.2057519414045,1533.726034499647,0.5202825582425703
3242,5,"[116, 20]",1533.2149949217014,1534.092727339539,0.8777324178374784
3236,5,"[60, 53]",1533.4146336402355,1534.421227576144,1.0065939359085405
3237,5,"[41, 44]",1533.726034499647,1534.673691994691,0.9476574950438135
3238,5,"[116, 20]",1534.092727339539,1535.0658654821643,0.9731381426254302
3239,5,"[60, 53]",1534.421227576144,1535.4278215120526,1.0065939359085405
3240,5,"[41, 44]",1534.673691994691,1535.6213494897347,0.9476574950438135
3241,5,"[116, 20]",1535.0658654821643,1536.0390036247898,0.9731381426254302
3226,5,"[60, 53]",1535.4278215120526,1536.4837583594647,1.055936847412113
3233,5,"[41, 44]",1535.6213494897347,1536.6712053572887,1.0498558675540153
3229,5,"[116, 20]",1536.0390036247898,1537.3556023084122,1.3165986836224874
3230,5,"[60, 53]",1536.4837583594647,1537.8456207641013,1.3618624046366676
3243,5,"[41, 44]",1536.6712053572887,1538.6222648537885,1.951059496499738
3227,5,"[116, 20]",1537.3556023084122,1539.473608921028,2.1180066126157726
3228,5,"[60, 53]",1537.8456207641013,1540.0364429291037,2.1908221650023734
3223,5,"[44, 63]",1538.6222648537885,1540.0327297480055,1.410464894217057
3245,5,"[41, 20]",1539.473608921028,1541.1681323669684,1.6945234459403764
3254,5,"[44, 63]",1540.0327297480055,1541.6312566729555,1.5985269249499652
3224,5,"[116, 42]",1540.0364429291037,1541.7237280918248,1.687285162721082
3253,5,[60],1541.1681323669684,1542.1987113683347,1.0305790013662772
3246,5,"[44, 63]",1541.6312566729555,1543.6999385626445,2.06868188968906
3247,5,"[116, 42]",1541.7237280918248,1543.8448866280776,2.1211585362527785
3249,5,"[60, 53]",1542.1987113683347,1544.3697964157925,2.1710850474578365
3250,5,"[44, 63]",1543.6999385626445,1545.7686204523336,2.06868188968906
3252,5,"[116, 42]",1543.8448866280776,1545.9660451643304,2.1211585362527785
3221,5,"[60, 53]",1544.3697964157925,1546.5902242571117,2.2204278413191787
3225,5,"[41, 44]",1545.7686204523336,1547.9519489470601,2.1833284947265383
3244,5,"[20, 80]",1545.9660451643304,1548.2955628071745,2.3295176428441664
3251,5,"[63, 116]",1546.5902242571117,1548.7818097752966,2.1915855181848656
3222,5,"[44, 42]",1547.9519489470601,1550.3302292018425,2.3782802547823394
3218,5,"[60, 53]",1548.2955628071745,1551.354818849989,3.059256042814468
3219,5,"[63, 116]",1548.7818097752966,1551.73568587887,2.9538761035735206
3220,5,"[44, 42]",1550.3302292018425,1553.7549526780049,3.4247234761623986
3248,5,"[41, 20]",1551.354818849989,1553.9907442352794,2.6359253852904203
3255,5,"[63, 116]",1551.73568587887,1555.3565663298511,3.620880450981076
3256,0,[],1555.3565663298511,1555.3565663298511,0.0
3257,0,[],1555.3565663298511,1555.3565663298511,0.0
3260,5,"[41, 44]",1555.3565663298511,1556.00691951381,0.6503531839589414
3267,5,"[60, 80]",1555.3565663298511,1556.3435225823814,0.9869562525302626
3273,5,"[116, 20]",1555.3565663298511,1557.26468037068,1.9081140408288775
3272,5,"[41, 44]",1556.00691951381,1558.143794253193,2.136874739382847
3261,5,"[60, 80]",1556.3435225823814,1557.5278701324796,1.1843475500982095
3268,5,"[20, 157]",1557.26468037068,1558.430490731479,1.1658103607990142
3269,5,"[60, 80]",1557.5278701324796,1558.7122176825778,1.1843475500982095
3270,5,"[41, 44]",1558.143794253193,1559.2586854889823,1.1148912357894005
3275,5,"[116, 20]",1558.430490731479,1560.7202276714595,2.2897369399804575
3259,5,"[60, 53]",1558.7122176825778,1561.3767311392178,2.664513456639952
3274,5,"[44, 63]",1559.2586854889823,1560.9512433172054,1.6925578282230163
3258,5,"[41, 116]",1560.7202276714595,1563.3559494929307,2.6357218214711793
3265,5,"[44, 63]",1560.9512433172054,1562.8318631761613,1.8806198589559244
3266,5,"[42, 60]",1561.3767311392178,1564.4158068983966,3.039075759178786
3276,5,"[44, 20]",1562.8318631761613,1565.7504275141898,2.9185643380285455
3277,5,"[41, 116]",1563.3559494929307,1569.4745895398314,6.118640046900737
3271,5,"[60, 80]",1564.4158068983966,1570.1401533513194,5.724346452922873
3262,5,"[42, 53]",1565.7504275141898,1566.142825964757,0.39239845056727063
3278,5,"[42, 53]",1566.142825964757,1566.8295232313226,0.6866972665654885
3264,5,"[42, 53]",1566.8295232313226,1568.8896149725474,2.0600917412248236
3279,5,"[44, 63]",1568.8896149725474,1572.1806997257204,3.2910847531729814
3280,5,"[116, 42]",1569.4745895398314,1573.7169066123372,4.242317072505784
3263,5,"[41, 53]",1570.1401533513194,1574.6397823418151,4.499628990495694
3281,0,[],1574.6397823418151,1574.6397823418151,0.0
3282,5,"[63, 116]",1574.6397823418151,1576.8790109789904,2.2392286371753016
3283,5,"[41, 44]",1574.6397823418151,1575.290135525774,0.6503531839589414
3284,0,[],1576.8790109789904,1576.8790109789904,0.0
3285,0,[],1576.8790109789904,1576.8790109789904,0.0
3295,5,"[41, 44]",1576.8790109789904,1577.7151793504554,0.8361683714649644
3296,5,"[60, 53]",1576.8790109789904,1578.2606105011716,1.3815995221812045
3297,5,"[116, 20]",1576.8790109789904,1577.737662274617,0.8586512956264869
3298,5,"[41, 44]",1577.7151793504554,1580.0378693327214,2.322689982265956
3288,5,[63],1577.737662274617,1581.0830524885766,3.3453902139597176
3287,5,[116],1578.2606105011716,1582.4295132902225,4.16890278905089
3289,5,"[44, 42]",1580.0378693327214,1583.6528552746286,3.6149859419072072
3292,5,"[63, 60]",1581.0830524885766,1584.7639876401672,3.6809351515905746
3286,5,[116],1582.4295132902225,1597.745699595726,15.31618630550338
3290,5,"[41, 44]",1583.6528552746286,1586.3471757426607,2.694320468032174
3293,5,"[20, 60]",1584.7639876401672,1587.5767001711947,2.8127125310275005
3291,5,"[41, 44]",1586.3471757426607,1588.2053277284735,1.8581519858128104
3294,5,"[20, 60]",1587.5767001711947,1589.5165018529399,1.9398016817451662
