scenario_id,level,reschedule_start_time,delayed_task_count,frozen_task_count,movable_task_count,eligible_delay_task_count,TaskID,release_time
low_000,low,271.269665227783,41,1476,926,899,138,543.9517956535794
low_000,low,271.269665227783,41,1476,926,899,161,561.6442067763558
low_000,low,271.269665227783,41,1476,926,899,167,612.5177912356361
low_000,low,271.269665227783,41,1476,926,899,198,604.8356375419604
low_000,low,271.269665227783,41,1476,926,899,207,609.1159741463416
low_000,low,271.269665227783,41,1476,926,899,213,607.2073279922497
low_000,low,271.269665227783,41,1476,926,899,242,782.0700724386761
low_000,low,271.269665227783,41,1476,926,899,247,775.2447323366991
low_000,low,271.269665227783,41,1476,926,899,254,761.1536226430994
low_000,low,271.269665227783,41,1476,926,899,276,763.0386320218769
low_000,low,271.269665227783,41,1476,926,899,297,801.6451541992103
low_000,low,271.269665227783,41,1476,926,899,363,500.16251938971175
low_000,low,271.269665227783,41,1476,926,899,566,502.5037699281599
low_000,low,271.269665227783,41,1476,926,899,568,511.2200654715388
low_000,low,271.269665227783,41,1476,926,899,659,847.5206335317451
low_000,low,271.269665227783,41,1476,926,899,677,874.8857020634634
low_000,low,271.269665227783,41,1476,926,899,732,1146.165521679439
low_000,low,271.269665227783,41,1476,926,899,733,1147.6754394521583
low_000,low,271.269665227783,41,1476,926,899,746,1188.402538848707
low_000,low,271.269665227783,41,1476,926,899,752,1170.480749365544
low_000,low,271.269665227783,41,1476,926,899,770,1135.7248976428546
low_000,low,271.269665227783,41,1476,926,899,820,1116.9127171193848
low_000,low,271.269665227783,41,1476,926,899,850,1132.4818926305602
low_000,low,271.269665227783,41,1476,926,899,881,1272.4576740445225
low_000,low,271.269665227783,41,1476,926,899,1406,320.0296782824104
low_000,low,271.269665227783,41,1476,926,899,1545,290.4016629856204
low_000,low,271.269665227783,41,1476,926,899,1571,494.0477788368365
low_000,low,271.269665227783,41,1476,926,899,1581,316.5844122290471
low_000,low,271.269665227783,41,1476,926,899,1587,384.5237521093485
low_000,low,271.269665227783,41,1476,926,899,1629,310.2102394183389
low_000,low,271.269665227783,41,1476,926,899,1657,309.19587751334507
low_000,low,271.269665227783,41,1476,926,899,1939,372.6262595608679
low_000,low,271.269665227783,41,1476,926,899,2151,353.32620222055664
low_000,low,271.269665227783,41,1476,926,899,2167,331.9295412277181
low_000,low,271.269665227783,41,1476,926,899,2168,337.72624884731124
low_000,low,271.269665227783,41,1476,926,899,2186,350.6492921604338
low_000,low,271.269665227783,41,1476,926,899,2188,373.2672655460025
low_000,low,271.269665227783,41,1476,926,899,2189,377.42811948727024
low_000,low,271.269665227783,41,1476,926,899,2318,438.9173919100756
low_000,low,271.269665227783,41,1476,926,899,2320,438.0015042587863
low_000,low,271.269665227783,41,1476,926,899,2326,440.5150542619695
low_001,low,355.11779850771063,32,1665,737,712,27,466.6796674369118
low_001,low,355.11779850771063,32,1665,737,712,35,573.4422045253662
low_001,low,355.11779850771063,32,1665,737,712,77,532.5193505420441
low_001,low,355.11779850771063,32,1665,737,712,193,609.9340631210165
low_001,low,355.11779850771063,32,1665,737,712,206,617.9815790353949
low_001,low,355.11779850771063,32,1665,737,712,222,616.4112041741471
low_001,low,355.11779850771063,32,1665,737,712,242,782.0700724386761
low_001,low,355.11779850771063,32,1665,737,712,266,748.0532756057235
low_001,low,355.11779850771063,32,1665,737,712,275,763.3412881681443
low_001,low,355.11779850771063,32,1665,737,712,297,801.6451541992103
low_001,low,355.11779850771063,32,1665,737,712,298,803.8156609201523
low_001,low,355.11779850771063,32,1665,737,712,566,502.5037699281599
low_001,low,355.11779850771063,32,1665,737,712,670,865.4132562353269
low_001,low,355.11779850771063,32,1665,737,712,672,864.7774500942786
low_001,low,355.11779850771063,32,1665,737,712,732,1146.165521679439
low_001,low,355.11779850771063,32,1665,737,712,785,1182.824165791707
low_001,low,355.11779850771063,32,1665,737,712,790,1100.3961399883997
low_001,low,355.11779850771063,32,1665,737,712,798,1150.7073143638413
low_001,low,355.11779850771063,32,1665,737,712,822,1117.3827151283626
low_001,low,355.11779850771063,32,1665,737,712,851,1132.5503482057666
low_001,low,355.11779850771063,32,1665,737,712,854,1121.1575093914144
low_001,low,355.11779850771063,32,1665,737,712,864,1179.8555615262176
low_001,low,355.11779850771063,32,1665,737,712,873,1269.2728941751493
low_001,low,355.11779850771063,32,1665,737,712,1522,377.8392560522258
low_001,low,355.11779850771063,32,1665,737,712,1552,413.6172884205267
low_001,low,355.11779850771063,32,1665,737,712,1561,439.8353983962768
low_001,low,355.11779850771063,32,1665,737,712,1605,382.27279810706153
low_001,low,355.11779850771063,32,1665,737,712,2120,1071.0127399123155
low_001,low,355.11779850771063,32,1665,737,712,2189,377.42811948727024
low_001,low,355.11779850771063,32,1665,737,712,2228,435.1671183150205
low_001,low,355.11779850771063,32,1665,737,712,2287,388.5463581319476
low_001,low,355.11779850771063,32,1665,737,712,2290,375.0128304723772
low_002,low,425.14512136190524,31,1782,620,600,38,517.6078769463826
low_002,low,425.14512136190524,31,1782,620,600,43,530.0296215783268
low_002,low,425.14512136190524,31,1782,620,600,51,522.4103895639965
low_002,low,425.14512136190524,31,1782,620,600,105,591.0174423672751
low_002,low,425.14512136190524,31,1782,620,600,146,554.3499370570331
low_002,low,425.14512136190524,31,1782,620,600,154,569.6401920423162
low_002,low,425.14512136190524,31,1782,620,600,156,571.6560232723142
low_002,low,425.14512136190524,31,1782,620,600,157,572.3506955679409
low_002,low,425.14512136190524,31,1782,620,600,189,619.9981913750346
low_002,low,425.14512136190524,31,1782,620,600,260,703.866668997987
low_002,low,425.14512136190524,31,1782,620,600,266,748.0532756057235
low_002,low,425.14512136190524,31,1782,620,600,272,722.9656444015285
low_002,low,425.14512136190524,31,1782,620,600,280,725.0181306721499
low_002,low,425.14512136190524,31,1782,620,600,558,916.9651197173056
low_002,low,425.14512136190524,31,1782,620,600,559,918.5851608244492
low_002,low,425.14512136190524,31,1782,620,600,564,495.3556370494606
low_002,low,425.14512136190524,31,1782,620,600,663,853.2729057192563
low_002,low,425.14512136190524,31,1782,620,600,672,864.7774500942786
low_002,low,425.14512136190524,31,1782,620,600,679,878.3678463498296
low_002,low,425.14512136190524,31,1782,620,600,690,1020.4483100972795
low_002,low,425.14512136190524,31,1782,620,600,747,1207.1637096081572
low_002,low,425.14512136190524,31,1782,620,600,778,1141.2547573973716
low_002,low,425.14512136190524,31,1782,620,600,780,1162.9308921908653
low_002,low,425.14512136190524,31,1782,620,600,791,1124.702251920918
low_002,low,425.14512136190524,31,1782,620,600,798,1150.7073143638413
low_002,low,425.14512136190524,31,1782,620,600,821,1111.5199620864523
low_002,low,425.14512136190524,31,1782,620,600,844,1148.190695496094
low_002,low,425.14512136190524,31,1782,620,600,887,1274.8033727726752
low_002,low,425.14512136190524,31,1782,620,600,1561,439.8353983962768
low_002,low,425.14512136190524,31,1782,620,600,1615,444.2074790809055
low_002,low,425.14512136190524,31,1782,620,600,2120,1071.0127399123155
low_003,low,329.31069200254205,41,1610,792,767,59,585.0018775379904
low_003,low,329.31069200254205,41,1610,792,767,69,519.2555512890559
low_003,low,329.31069200254205,41,1610,792,767,77,532.5193505420441
low_003,low,329.31069200254205,41,1610,792,767,89,525.6940098750364
low_003,low,329.31069200254205,41,1610,792,767,125,537.1264555516025
low_003,low,329.31069200254205,41,1610,792,767,126,538.1930843349712
low_003,low,329.31069200254205,41,1610,792,767,147,554.5439148007628
low_003,low,329.31069200254205,41,1610,792,767,149,556.2207306645638
low_003,low,329.31069200254205,41,1610,792,767,157,572.3506955679409
low_003,low,329.31069200254205,41,1610,792,767,168,613.9619710590961
low_003,low,329.31069200254205,41,1610,792,767,169,631.0913679960114
low_003,low,329.31069200254205,41,1610,792,767,187,631.1567374100101
low_003,low,329.31069200254205,41,1610,792,767,198,604.8356375419604
low_003,low,329.31069200254205,41,1610,792,767,202,613.9158240162224
low_003,low,329.31069200254205,41,1610,792,767,210,636.661465585999
low_003,low,329.31069200254205,41,1610,792,767,241,704.5044395321854
low_003,low,329.31069200254205,41,1610,792,767,242,782.0700724386761
low_003,low,329.31069200254205,41,1610,792,767,274,759.2188466252522
low_003,low,329.31069200254205,41,1610,792,767,294,792.9631275404379
low_003,low,329.31069200254205,41,1610,792,767,308,855.0584920482906
low_003,low,329.31069200254205,41,1610,792,767,363,500.16251938971175
low_003,low,329.31069200254205,41,1610,792,767,424,344.51752832685435
low_003,low,329.31069200254205,41,1610,792,767,543,391.83107445948406
low_003,low,329.31069200254205,41,1610,792,767,557,867.6535861880342
low_003,low,329.31069200254205,41,1610,792,767,561,957.07230995752
low_003,low,329.31069200254205,41,1610,792,767,569,594.7525871020771
low_003,low,329.31069200254205,41,1610,792,767,671,862.9555404633387
low_003,low,329.31069200254205,41,1610,792,767,679,878.3678463498296
low_003,low,329.31069200254205,41,1610,792,767,728,1150.3177954700438
low_003,low,329.31069200254205,41,1610,792,767,748,1208.4949722162542
low_003,low,329.31069200254205,41,1610,792,767,812,1236.5718478288327
low_003,low,329.31069200254205,41,1610,792,767,1523,378.2839266040719
low_003,low,329.31069200254205,41,1610,792,767,1550,373.8065619397239
low_003,low,329.31069200254205,41,1610,792,767,1552,413.6172884205267
low_003,low,329.31069200254205,41,1610,792,767,1569,468.707889109682
low_003,low,329.31069200254205,41,1610,792,767,1591,336.8943651062206
low_003,low,329.31069200254205,41,1610,792,767,1594,349.5880734490366
low_003,low,329.31069200254205,41,1610,792,767,1612,358.3493395520263
low_003,low,329.31069200254205,41,1610,792,767,1645,652.5529988303327
low_003,low,329.31069200254205,41,1610,792,767,2316,390.0124197787869
low_003,low,329.31069200254205,41,1610,792,767,2322,430.808094874115
low_004,low,371.59184264809255,29,1706,696,672,66,520.4802078118273
low_004,low,371.59184264809255,29,1706,696,672,98,519.9777869237474
low_004,low,371.59184264809255,29,1706,696,672,101,535.5528353582738
low_004,low,371.59184264809255,29,1706,696,672,127,538.5024088828915
low_004,low,371.59184264809255,29,1706,696,672,202,613.9158240162224
low_004,low,371.59184264809255,29,1706,696,672,223,616.4441550381995
low_004,low,371.59184264809255,29,1706,696,672,263,707.5657381166125
low_004,low,371.59184264809255,29,1706,696,672,274,759.2188466252522
low_004,low,371.59184264809255,29,1706,696,672,364,488.9300117449481
low_004,low,371.59184264809255,29,1706,696,672,568,511.2200654715388
low_004,low,371.59184264809255,29,1706,696,672,662,852.7936153329628
low_004,low,371.59184264809255,29,1706,696,672,665,856.1490418130119
low_004,low,371.59184264809255,29,1706,696,672,692,1044.6003545405756
low_004,low,371.59184264809255,29,1706,696,672,745,1186.9688713964313
low_004,low,371.59184264809255,29,1706,696,672,751,1167.3043702725142
low_004,low,371.59184264809255,29,1706,696,672,783,1104.7371536552787
low_004,low,371.59184264809255,29,1706,696,672,813,1095.461535872512
low_004,low,371.59184264809255,29,1706,696,672,829,1118.1112685946782
low_004,low,371.59184264809255,29,1706,696,672,851,1132.5503482057666
low_004,low,371.59184264809255,29,1706,696,672,853,1095.6776471314606
low_004,low,371.59184264809255,29,1706,696,672,855,1096.5269757872109
low_004,low,371.59184264809255,29,1706,696,672,872,1268.1572263956607
low_004,low,371.59184264809255,29,1706,696,672,885,1273.6305234085987
low_004,low,371.59184264809255,29,1706,696,672,1634,741.7407738218218
low_004,low,371.59184264809255,29,1706,696,672,2316,390.0124197787869
low_004,low,371.59184264809255,29,1706,696,672,2319,414.3490427434819
low_004,low,371.59184264809255,29,1706,696,672,2324,450.82120864554656
low_004,low,371.59184264809255,29,1706,696,672,2339,502.0253725499508
low_004,low,371.59184264809255,29,1706,696,672,2398,579.042647674729
low_005,low,359.3506691036689,38,1679,723,699,48,521.6177646461649
low_005,low,359.3506691036689,38,1679,723,699,103,535.3018580349163
low_005,low,359.3506691036689,38,1679,723,699,169,631.0913679960114
low_005,low,359.3506691036689,38,1679,723,699,210,636.661465585999
low_005,low,359.3506691036689,38,1679,723,699,219,622.2095918221763
low_005,low,359.3506691036689,38,1679,723,699,230,716.8081860557128
low_005,low,359.3506691036689,38,1679,723,699,261,744.7201966230584
low_005,low,359.3506691036689,38,1679,723,699,272,722.9656444015285
low_005,low,359.3506691036689,38,1679,723,699,350,474.8447862842685
low_005,low,359.3506691036689,38,1679,723,699,550,424.7454687917716
low_005,low,359.3506691036689,38,1679,723,699,561,957.07230995752
low_005,low,359.3506691036689,38,1679,723,699,668,860.4978246913505
low_005,low,359.3506691036689,38,1679,723,699,671,862.9555404633387
low_005,low,359.3506691036689,38,1679,723,699,677,874.8857020634634
low_005,low,359.3506691036689,38,1679,723,699,713,1092.021208883417
low_005,low,359.3506691036689,38,1679,723,699,738,1102.472276939951
low_005,low,359.3506691036689,38,1679,723,699,750,1159.5754002719627
low_005,low,359.3506691036689,38,1679,723,699,770,1135.7248976428546
low_005,low,359.3506691036689,38,1679,723,699,828,1120.773793810872
low_005,low,359.3506691036689,38,1679,723,699,835,1112.664222158926
low_005,low,359.3506691036689,38,1679,723,699,841,1112.95803013333
low_005,low,359.3506691036689,38,1679,723,699,860,1157.9617541030311
low_005,low,359.3506691036689,38,1679,723,699,866,1114.2198854924902
low_005,low,359.3506691036689,38,1679,723,699,867,1149.0375236017474
low_005,low,359.3506691036689,38,1679,723,699,871,1268.939125952293
low_005,low,359.3506691036689,38,1679,723,699,876,1270.6116955637349
low_005,low,359.3506691036689,38,1679,723,699,877,1271.206147013221
low_005,low,359.3506691036689,38,1679,723,699,1552,413.6172884205267
low_005,low,359.3506691036689,38,1679,723,699,1588,390.90548352422695
low_005,low,359.3506691036689,38,1679,723,699,1619,425.8631489207699
low_005,low,359.3506691036689,38,1679,723,699,1639,769.0413191402477
low_005,low,359.3506691036689,38,1679,723,699,2129,1157.5371237153752
low_005,low,359.3506691036689,38,1679,723,699,2130,1157.8976543125116
low_005,low,359.3506691036689,38,1679,723,699,2188,373.2672655460025
low_005,low,359.3506691036689,38,1679,723,699,2230,433.212369452568
low_005,low,359.3506691036689,38,1679,723,699,2285,387.88359793038586
low_005,low,359.3506691036689,38,1679,723,699,2327,414.6298294181698
low_005,low,359.3506691036689,38,1679,723,699,2342,504.3024425386492
low_006,low,414.64245261127996,37,1774,628,608,54,523.0906781439454
low_006,low,414.64245261127996,37,1774,628,608,58,582.8352835985072
low_006,low,414.64245261127996,37,1774,628,608,102,581.0680247760782
low_006,low,414.64245261127996,37,1774,628,608,117,550.1113931489599
low_006,low,414.64245261127996,37,1774,628,608,170,607.9978914756795
low_006,low,414.64245261127996,37,1774,628,608,171,608.7290411889835
low_006,low,414.64245261127996,37,1774,628,608,176,622.226581853524
low_006,low,414.64245261127996,37,1774,628,608,179,611.487664663947
low_006,low,414.64245261127996,37,1774,628,608,185,627.6365491407637
low_006,low,414.64245261127996,37,1774,628,608,191,609.6966418852185
low_006,low,414.64245261127996,37,1774,628,608,193,609.9340631210165
low_006,low,414.64245261127996,37,1774,628,608,200,618.7569027857877
low_006,low,414.64245261127996,37,1774,628,608,225,668.485713841919
low_006,low,414.64245261127996,37,1774,628,608,236,718.567459868803
low_006,low,414.64245261127996,37,1774,628,608,244,709.1814234496412
low_006,low,414.64245261127996,37,1774,628,608,254,761.1536226430994
low_006,low,414.64245261127996,37,1774,628,608,261,744.7201966230584
low_006,low,414.64245261127996,37,1774,628,608,269,751.6555387261159
low_006,low,414.64245261127996,37,1774,628,608,272,722.9656444015285
low_006,low,414.64245261127996,37,1774,628,608,296,799.4746474782684
low_006,low,414.64245261127996,37,1774,628,608,305,822.7840021173001
low_006,low,414.64245261127996,37,1774,628,608,350,474.8447862842685
low_006,low,414.64245261127996,37,1774,628,608,566,502.5037699281599
low_006,low,414.64245261127996,37,1774,628,608,675,882.1426406128816
low_006,low,414.64245261127996,37,1774,628,608,743,1178.004437668996
low_006,low,414.64245261127996,37,1774,628,608,767,1163.7838177453723
low_006,low,414.64245261127996,37,1774,628,608,772,1115.35481018765
low_006,low,414.64245261127996,37,1774,628,608,801,1108.6438259926967
low_006,low,414.64245261127996,37,1774,628,608,802,1131.293397016725
low_006,low,414.64245261127996,37,1774,628,608,831,1154.3756993787606
low_006,low,414.64245261127996,37,1774,628,608,846,1128.3296187274575
low_006,low,414.64245261127996,37,1774,628,608,850,1132.4818926305602
low_006,low,414.64245261127996,37,1774,628,608,874,1269.9445246541393
low_006,low,414.64245261127996,37,1774,628,608,875,1270.1119753163694
low_006,low,414.64245261127996,37,1774,628,608,879,1271.2848246804458
low_006,low,414.64245261127996,37,1774,628,608,2229,431.2576205901155
low_006,low,414.64245261127996,37,1774,628,608,2397,579.773755182785
low_007,low,297.59060925835695,43,1530,872,845,45,531.5370178954998
low_007,low,297.59060925835695,43,1530,872,845,65,520.1144156003336
low_007,low,297.59060925835695,43,1530,872,845,146,554.3499370570331
low_007,low,297.59060925835695,43,1530,872,845,158,560.0983754638328
low_007,low,297.59060925835695,43,1530,872,845,209,625.4030488715214
low_007,low,297.59060925835695,43,1530,872,845,245,711.1372530473017
low_007,low,297.59060925835695,43,1530,872,845,253,744.5458090200331
low_007,low,297.59060925835695,43,1530,872,845,289,755.8174037761935
low_007,low,297.59060925835695,43,1530,872,845,299,805.9861676410942
low_007,low,297.59060925835695,43,1530,872,845,303,813.4413863978074
low_007,low,297.59060925835695,43,1530,872,845,306,836.6563703674675
low_007,low,297.59060925835695,43,1530,872,845,435,337.4463277518201
low_007,low,297.59060925835695,43,1530,872,845,546,405.66240352763936
low_007,low,297.59060925835695,43,1530,872,845,565,659.2320186463623
low_007,low,297.59060925835695,43,1530,872,845,688,997.179500197734
low_007,low,297.59060925835695,43,1530,872,845,720,1133.779206091761
low_007,low,297.59060925835695,43,1530,872,845,725,1145.4105627930794
low_007,low,297.59060925835695,43,1530,872,845,748,1208.4949722162542
low_007,low,297.59060925835695,43,1530,872,845,780,1162.9308921908653
low_007,low,297.59060925835695,43,1530,872,845,794,1122.478687400357
low_007,low,297.59060925835695,43,1530,872,845,838,1118.6095232554171
low_007,low,297.59060925835695,43,1530,872,845,850,1132.4818926305602
low_007,low,297.59060925835695,43,1530,872,845,865,1139.4652618653345
low_007,low,297.59060925835695,43,1530,872,845,881,1272.4576740445225
low_007,low,297.59060925835695,43,1530,872,845,888,1268.1572263956607
low_007,low,297.59060925835695,43,1530,872,845,1555,396.5688976074849
low_007,low,297.59060925835695,43,1530,872,845,1582,323.7542482571989
low_007,low,297.59060925835695,43,1530,872,845,1583,321.7505645490244
low_007,low,297.59060925835695,43,1530,872,845,1600,366.06763674079787
low_007,low,297.59060925835695,43,1530,872,845,1612,358.3493395520263
low_007,low,297.59060925835695,43,1530,872,845,1621,431.799242815445
low_007,low,297.59060925835695,43,1530,872,845,1799,308.15287889970773
low_007,low,297.59060925835695,43,1530,872,845,1901,362.7925410302486
low_007,low,297.59060925835695,43,1530,872,845,1904,361.6196916661722
low_007,low,297.59060925835695,43,1530,872,845,1905,364.0920500497117
low_007,low,297.59060925835695,43,1530,872,845,1909,360.22292283512115
low_007,low,297.59060925835695,43,1530,872,845,1941,376.8206245309256
low_007,low,297.59060925835695,43,1530,872,845,2152,371.9055065467932
low_007,low,297.59060925835695,43,1530,872,845,2179,367.4779191756344
low_007,low,297.59060925835695,43,1530,872,845,2187,366.6525754346309
low_007,low,297.59060925835695,43,1530,872,845,2194,406.04136007805874
low_007,low,297.59060925835695,43,1530,872,845,2322,430.808094874115
low_007,low,297.59060925835695,43,1530,872,845,2347,473.7458643537336
low_008,low,356.9398369940088,34,1670,732,707,63,523.1345070542798
low_008,low,356.9398369940088,34,1670,732,707,82,534.9141772612362
low_008,low,356.9398369940088,34,1670,732,707,107,520.6246320479665
low_008,low,356.9398369940088,34,1670,732,707,129,552.4791434495024
low_008,low,356.9398369940088,34,1670,732,707,131,539.7237334751284
low_008,low,356.9398369940088,34,1670,732,707,151,566.9296885166916
low_008,low,356.9398369940088,34,1670,732,707,168,613.9619710590961
low_008,low,356.9398369940088,34,1670,732,707,174,635.3527206466514
low_008,low,356.9398369940088,34,1670,732,707,190,600.6908260465443
low_008,low,356.9398369940088,34,1670,732,707,301,795.7942232096024
low_008,low,356.9398369940088,34,1670,732,707,543,391.83107445948406
low_008,low,356.9398369940088,34,1670,732,707,554,500.55439500482726
low_008,low,356.9398369940088,34,1670,732,707,560,920.8678640252526
low_008,low,356.9398369940088,34,1670,732,707,561,957.07230995752
low_008,low,356.9398369940088,34,1670,732,707,647,693.0799861672634
low_008,low,356.9398369940088,34,1670,732,707,685,880.1608736557162
low_008,low,356.9398369940088,34,1670,732,707,689,1015.228784176087
low_008,low,356.9398369940088,34,1670,732,707,750,1159.5754002719627
low_008,low,356.9398369940088,34,1670,732,707,771,1140.640838607134
low_008,low,356.9398369940088,34,1670,732,707,772,1115.35481018765
low_008,low,356.9398369940088,34,1670,732,707,796,1170.8904248842873
low_008,low,356.9398369940088,34,1670,732,707,800,1154.7818403061826
low_008,low,356.9398369940088,34,1670,732,707,812,1236.5718478288327
low_008,low,356.9398369940088,34,1670,732,707,826,1111.531783801262
low_008,low,356.9398369940088,34,1670,732,707,843,1112.991027606496
low_008,low,356.9398369940088,34,1670,732,707,855,1096.5269757872109
low_008,low,356.9398369940088,34,1670,732,707,881,1272.4576740445225
low_008,low,356.9398369940088,34,1670,732,707,1522,377.8392560522258
low_008,low,356.9398369940088,34,1670,732,707,1613,367.55965773645073
low_008,low,356.9398369940088,34,1670,732,707,1623,462.288137763772
low_008,low,356.9398369940088,34,1670,732,707,1642,575.0416703683833
low_008,low,356.9398369940088,34,1670,732,707,1905,365.2361746842564
low_008,low,356.9398369940088,34,1670,732,707,2171,370.93069443488275
low_008,low,356.9398369940088,34,1670,732,707,2190,388.62476597523136
low_009,low,431.28848975278436,33,1792,610,591,44,529.7702549909019
low_009,low,431.28848975278436,33,1792,610,591,56,575.3412337826
low_009,low,431.28848975278436,33,1792,610,591,95,516.8305464805873
low_009,low,431.28848975278436,33,1792,610,591,140,582.8352835985072
low_009,low,431.28848975278436,33,1792,610,591,148,555.1377703625215
low_009,low,431.28848975278436,33,1792,610,591,152,568.2365264810561
low_009,low,431.28848975278436,33,1792,610,591,186,628.0419598824371
low_009,low,431.28848975278436,33,1792,610,591,187,631.1567374100101
low_009,low,431.28848975278436,33,1792,610,591,196,603.2545105751009
low_009,low,431.28848975278436,33,1792,610,591,264,752.8830932478699
low_009,low,431.28848975278436,33,1792,610,591,296,799.4746474782684
low_009,low,431.28848975278436,33,1792,610,591,312,885.945422671182
low_009,low,431.28848975278436,33,1792,610,591,351,464.8398083697121
low_009,low,431.28848975278436,33,1792,610,591,353,454.5191327057682
low_009,low,431.28848975278436,33,1792,610,591,364,488.9300117449481
low_009,low,431.28848975278436,33,1792,610,591,368,494.0830889367365
low_009,low,431.28848975278436,33,1792,610,591,551,452.0731327011053
low_009,low,431.28848975278436,33,1792,610,591,555,639.8258509740583
low_009,low,431.28848975278436,33,1792,610,591,741,1166.1391285511058
low_009,low,431.28848975278436,33,1792,610,591,748,1208.4949722162542
low_009,low,431.28848975278436,33,1792,610,591,759,1094.8283184757104
low_009,low,431.28848975278436,33,1792,610,591,773,1104.3296218520634
low_009,low,431.28848975278436,33,1792,610,591,774,1115.4487433784843
low_009,low,431.28848975278436,33,1792,610,591,787,1133.614330988224
low_009,low,431.28848975278436,33,1792,610,591,815,1127.9379049549634
low_009,low,431.28848975278436,33,1792,610,591,826,1111.531783801262
low_009,low,431.28848975278436,33,1792,610,591,840,1125.2796058560573
low_009,low,431.28848975278436,33,1792,610,591,862,1129.839536500177
low_009,low,431.28848975278436,33,1792,610,591,1571,494.0477788368365
low_009,low,431.28848975278436,33,1792,610,591,1631,575.0416703683833
low_009,low,431.28848975278436,33,1792,610,591,1643,575.0416703683833
low_009,low,431.28848975278436,33,1792,610,591,2126,1156.1034562630994
low_009,low,431.28848975278436,33,1792,610,591,2318,440.8280721769877
low_010,low,417.7253635552207,34,1776,626,606,35,573.4422045253662
low_010,low,417.7253635552207,34,1776,626,606,46,521.1348484955995
low_010,low,417.7253635552207,34,1776,626,606,55,575.0611990935655
low_010,low,417.7253635552207,34,1776,626,606,104,526.0754442865702
low_010,low,417.7253635552207,34,1776,626,606,135,542.2454606280852
low_010,low,417.7253635552207,34,1776,626,606,137,542.7850317554427
low_010,low,417.7253635552207,34,1776,626,606,150,566.2403485980898
low_010,low,417.7253635552207,34,1776,626,606,154,569.6401920423162
low_010,low,417.7253635552207,34,1776,626,606,204,615.1406174601578
low_010,low,417.7253635552207,34,1776,626,606,214,616.8522026112621
low_010,low,417.7253635552207,34,1776,626,606,221,624.5658437711894
low_010,low,417.7253635552207,34,1776,626,606,228,715.0489122426226
low_010,low,417.7253635552207,34,1776,626,606,270,752.586033110136
low_010,low,417.7253635552207,34,1776,626,606,292,791.0757303526632
low_010,low,417.7253635552207,34,1776,626,606,299,805.9861676410942
low_010,low,417.7253635552207,34,1776,626,606,564,495.3556370494606
low_010,low,417.7253635552207,34,1776,626,606,565,659.2320186463623
low_010,low,417.7253635552207,34,1776,626,606,666,858.0401089193623
low_010,low,417.7253635552207,34,1776,626,606,679,878.3678463498296
low_010,low,417.7253635552207,34,1776,626,606,680,879.1867045423667
low_010,low,417.7253635552207,34,1776,626,606,719,1125.3097831820191
low_010,low,417.7253635552207,34,1776,626,606,726,1098.3200030368484
low_010,low,417.7253635552207,34,1776,626,606,766,1176.2635556841838
low_010,low,417.7253635552207,34,1776,626,606,796,1170.8904248842873
low_010,low,417.7253635552207,34,1776,626,606,811,1202.221217571362
low_010,low,417.7253635552207,34,1776,626,606,825,1101.5733247860242
low_010,low,417.7253635552207,34,1776,626,606,855,1096.5269757872109
low_010,low,417.7253635552207,34,1776,626,606,885,1273.6305234085987
low_010,low,417.7253635552207,34,1776,626,606,1562,458.00291014747984
low_010,low,417.7253635552207,34,1776,626,606,1618,452.6613921108212
low_010,low,417.7253635552207,34,1776,626,606,2130,1157.8976543125116
low_010,low,417.7253635552207,34,1776,626,606,2198,427.9284701909015
low_010,low,417.7253635552207,34,1776,626,606,2397,579.773755182785
low_010,low,417.7253635552207,34,1776,626,606,2398,579.042647674729
low_011,low,433.55408714188934,20,1794,608,589,40,526.9258049988349
low_011,low,433.55408714188934,20,1794,608,589,54,523.0906781439454
low_011,low,433.55408714188934,20,1794,608,589,146,554.3499370570331
low_011,low,433.55408714188934,20,1794,608,589,184,624.9174291592885
low_011,low,433.55408714188934,20,1794,608,589,190,600.6908260465443
low_011,low,433.55408714188934,20,1794,608,589,219,622.2095918221763
low_011,low,433.55408714188934,20,1794,608,589,248,776.2275976170042
low_011,low,433.55408714188934,20,1794,608,589,250,735.1995577837987
low_011,low,433.55408714188934,20,1794,608,589,289,755.8174037761935
low_011,low,433.55408714188934,20,1794,608,589,301,795.7942232096024
low_011,low,433.55408714188934,20,1794,608,589,554,500.55439500482726
low_011,low,433.55408714188934,20,1794,608,589,667,859.0251779067675
low_011,low,433.55408714188934,20,1794,608,589,733,1147.6754394521583
low_011,low,433.55408714188934,20,1794,608,589,754,1177.7909280562124
low_011,low,433.55408714188934,20,1794,608,589,765,1171.156964817185
low_011,low,433.55408714188934,20,1794,608,589,796,1170.8904248842873
low_011,low,433.55408714188934,20,1794,608,589,799,1153.4636112870212
low_011,low,433.55408714188934,20,1794,608,589,822,1117.3827151283626
low_011,low,433.55408714188934,20,1794,608,589,871,1268.939125952293
low_011,low,433.55408714188934,20,1794,608,589,2401,579.190581166918
low_012,low,442.8148250058772,26,1803,599,580,49,521.7301009840477
low_012,low,442.8148250058772,26,1803,599,580,50,522.3761358502223
low_012,low,442.8148250058772,26,1803,599,580,57,588.6928658148937
low_012,low,442.8148250058772,26,1803,599,580,81,534.036092950159
low_012,low,442.8148250058772,26,1803,599,580,86,524.4937733495934
low_012,low,442.8148250058772,26,1803,599,580,106,526.4396181343163
low_012,low,442.8148250058772,26,1803,599,580,138,543.9517956535794
low_012,low,442.8148250058772,26,1803,599,580,162,561.7836999724669
low_012,low,442.8148250058772,26,1803,599,580,207,609.1159741463416
low_012,low,442.8148250058772,26,1803,599,580,209,625.4030488715214
low_012,low,442.8148250058772,26,1803,599,580,216,601.8540837984056
low_012,low,442.8148250058772,26,1803,599,580,228,715.0489122426226
low_012,low,442.8148250058772,26,1803,599,580,273,759.0496578102923
low_012,low,442.8148250058772,26,1803,599,580,369,514.305694359142
low_012,low,442.8148250058772,26,1803,599,580,556,651.6748728791499
low_012,low,442.8148250058772,26,1803,599,580,570,597.4551522116335
low_012,low,442.8148250058772,26,1803,599,580,727,1121.7062769423055
low_012,low,442.8148250058772,26,1803,599,580,738,1102.472276939951
low_012,low,442.8148250058772,26,1803,599,580,760,1119.8363313824716
low_012,low,442.8148250058772,26,1803,599,580,812,1236.5718478288327
low_012,low,442.8148250058772,26,1803,599,580,840,1125.2796058560573
low_012,low,442.8148250058772,26,1803,599,580,847,1129.8553289698473
low_012,low,442.8148250058772,26,1803,599,580,874,1269.9445246541393
low_012,low,442.8148250058772,26,1803,599,580,1643,575.0416703683833
low_012,low,442.8148250058772,26,1803,599,580,2128,1156.6405760940884
low_012,low,442.8148250058772,26,1803,599,580,2347,473.7458643537336
low_013,low,246.89982278985406,49,1397,1005,975,32,573.9564851133708
low_013,low,246.89982278985406,49,1397,1005,975,35,573.4422045253662
low_013,low,246.89982278985406,49,1397,1005,975,41,529.9539744664
low_013,low,246.89982278985406,49,1397,1005,975,66,520.4802078118273
low_013,low,246.89982278985406,49,1397,1005,975,69,519.2555512890559
low_013,low,246.89982278985406,49,1397,1005,975,74,527.8612018026002
low_013,low,246.89982278985406,49,1397,1005,975,88,525.2250835743056
low_013,low,246.89982278985406,49,1397,1005,975,100,519.6807316451883
low_013,low,246.89982278985406,49,1397,1005,975,101,535.5528353582738
low_013,low,246.89982278985406,49,1397,1005,975,115,549.0708007300622
low_013,low,246.89982278985406,49,1397,1005,975,127,538.5024088828915
low_013,low,246.89982278985406,49,1397,1005,975,165,607.8494042824384
low_013,low,246.89982278985406,49,1397,1005,975,183,612.9317513131635
low_013,low,246.89982278985406,49,1397,1005,975,186,628.0419598824371
low_013,low,246.89982278985406,49,1397,1005,975,237,719.4470967753481
low_013,low,246.89982278985406,49,1397,1005,975,256,768.9881700868604
low_013,low,246.89982278985406,49,1397,1005,975,262,705.9500527835837
low_013,low,246.89982278985406,49,1397,1005,975,264,752.8830932478699
low_013,low,246.89982278985406,49,1397,1005,975,285,733.1303380551867
low_013,low,246.89982278985406,49,1397,1005,975,385,285.78265310326435
low_013,low,246.89982278985406,49,1397,1005,975,420,344.77877811251324
low_013,low,246.89982278985406,49,1397,1005,975,455,278.24800611785776
low_013,low,246.89982278985406,49,1397,1005,975,550,424.7454687917716
low_013,low,246.89982278985406,49,1397,1005,975,576,265.8867866810458
low_013,low,246.89982278985406,49,1397,1005,975,579,302.393258409931
low_013,low,246.89982278985406,49,1397,1005,975,672,864.7774500942786
low_013,low,246.89982278985406,49,1397,1005,975,675,882.1426406128816
low_013,low,246.89982278985406,49,1397,1005,975,677,874.8857020634634
low_013,low,246.89982278985406,49,1397,1005,975,684,873.9128562879165
low_013,low,246.89982278985406,49,1397,1005,975,774,1115.4487433784843
low_013,low,246.89982278985406,49,1397,1005,975,794,1122.478687400357
low_013,low,246.89982278985406,49,1397,1005,975,864,1179.8555615262176
low_013,low,246.89982278985406,49,1397,1005,975,1278,262.5647890890975
low_013,low,246.89982278985406,49,1397,1005,975,1284,267.64729746029707
low_013,low,246.89982278985406,49,1397,1005,975,1546,351.605918098086
low_013,low,246.89982278985406,49,1397,1005,975,1570,303.0371096372697
low_013,low,246.89982278985406,49,1397,1005,975,1578,569.3667596827515
low_013,low,246.89982278985406,49,1397,1005,975,1583,321.7505645490244
low_013,low,246.89982278985406,49,1397,1005,975,1601,417.29922256312176
low_013,low,246.89982278985406,49,1397,1005,975,1623,462.288137763772
low_013,low,246.89982278985406,49,1397,1005,975,1657,309.19587751334507
low_013,low,246.89982278985406,49,1397,1005,975,1898,357.80793140769225
low_013,low,246.89982278985406,49,1397,1005,975,2040,283.75512428609954
low_013,low,246.89982278985406,49,1397,1005,975,2047,293.29284289150155
low_013,low,246.89982278985406,49,1397,1005,975,2185,314.8638628803719
low_013,low,246.89982278985406,49,1397,1005,975,2263,280.2550362309505
low_013,low,246.89982278985406,49,1397,1005,975,2281,383.0826130244364
low_013,low,246.89982278985406,49,1397,1005,975,2316,390.0124197787869
low_013,low,246.89982278985406,49,1397,1005,975,2325,408.1585233500791
low_014,low,398.74390297033153,26,1749,653,630,36,577.8040761508448
low_014,low,398.74390297033153,26,1749,653,630,37,580.4904892023933
low_014,low,398.74390297033153,26,1749,653,630,55,575.0611990935655
low_014,low,398.74390297033153,26,1749,653,630,56,575.3412337826
low_014,low,398.74390297033153,26,1749,653,630,98,519.9777869237474
low_014,low,398.74390297033153,26,1749,653,630,131,539.7237334751284
low_014,low,398.74390297033153,26,1749,653,630,156,571.6560232723142
low_014,low,398.74390297033153,26,1749,653,630,159,560.2889550135435
low_014,low,398.74390297033153,26,1749,653,630,171,608.7290411889835
low_014,low,398.74390297033153,26,1749,653,630,198,604.8356375419604
low_014,low,398.74390297033153,26,1749,653,630,204,615.1406174601578
low_014,low,398.74390297033153,26,1749,653,630,232,763.918268928422
low_014,low,398.74390297033153,26,1749,653,630,238,720.3267336818932
low_014,low,398.74390297033153,26,1749,653,630,253,744.5458090200331
low_014,low,398.74390297033153,26,1749,653,630,273,759.0496578102923
low_014,low,398.74390297033153,26,1749,653,630,363,500.16251938971175
low_014,low,398.74390297033153,26,1749,653,630,368,494.0830889367365
low_014,low,398.74390297033153,26,1749,653,630,371,483.5132079708965
low_014,low,398.74390297033153,26,1749,653,630,713,1092.021208883417
low_014,low,398.74390297033153,26,1749,653,630,764,1160.509740351526
low_014,low,398.74390297033153,26,1749,653,630,805,1110.399345443598
low_014,low,398.74390297033153,26,1749,653,630,854,1121.1575093914144
low_014,low,398.74390297033153,26,1749,653,630,857,1138.483736822536
low_014,low,398.74390297033153,26,1749,653,630,873,1269.2728941751493
low_014,low,398.74390297033153,26,1749,653,630,1562,458.00291014747984
low_014,low,398.74390297033153,26,1749,653,630,2351,530.204098373967
low_015,low,423.7988568602705,23,1780,622,602,39,518.0818589418556
low_015,low,423.7988568602705,23,1780,622,602,45,531.5370178954998
low_015,low,423.7988568602705,23,1780,622,602,62,593.5757543590958
low_015,low,423.7988568602705,23,1780,622,602,70,519.5038049282745
low_015,low,423.7988568602705,23,1780,622,602,144,546.1010166380398
low_015,low,423.7988568602705,23,1780,622,602,147,554.5439148007628
low_015,low,423.7988568602705,23,1780,622,602,151,566.9296885166916
low_015,low,423.7988568602705,23,1780,622,602,155,570.5822252092088
low_015,low,423.7988568602705,23,1780,622,602,355,463.5241430120137
low_015,low,423.7988568602705,23,1780,622,602,551,452.0731327011053
low_015,low,423.7988568602705,23,1780,622,602,659,847.5206335317451
low_015,low,423.7988568602705,23,1780,622,602,690,1020.4483100972795
low_015,low,423.7988568602705,23,1780,622,602,789,1107.0020303706065
low_015,low,423.7988568602705,23,1780,622,602,807,1122.9046669337506
low_015,low,423.7988568602705,23,1780,622,602,817,1136.5397964267793
low_015,low,423.7988568602705,23,1780,622,602,826,1111.531783801262
low_015,low,423.7988568602705,23,1780,622,602,829,1118.1112685946782
low_015,low,423.7988568602705,23,1780,622,602,1615,444.2074790809055
low_015,low,423.7988568602705,23,1780,622,602,1619,429.8419683225203
low_015,low,423.7988568602705,23,1780,622,602,1632,581.6198929131913
low_015,low,423.7988568602705,23,1780,622,602,2322,432.5016540966738
low_015,low,423.7988568602705,23,1780,622,602,2347,473.7458643537336
low_015,low,423.7988568602705,23,1780,622,602,2399,578.4086816102858
low_016,low,388.86157118344363,29,1736,666,643,27,466.6796674369118
low_016,low,388.86157118344363,29,1736,666,643,48,521.6177646461649
low_016,low,388.86157118344363,29,1736,666,643,62,593.5757543590958
low_016,low,388.86157118344363,29,1736,666,643,90,558.0517600943563
low_016,low,388.86157118344363,29,1736,666,643,119,550.778422024973
low_016,low,388.86157118344363,29,1736,666,643,123,550.9667287119541
low_016,low,388.86157118344363,29,1736,666,643,152,568.2365264810561
low_016,low,388.86157118344363,29,1736,666,643,253,744.5458090200331
low_016,low,388.86157118344363,29,1736,666,643,262,705.9500527835837
low_016,low,388.86157118344363,29,1736,666,643,276,763.0386320218769
low_016,low,388.86157118344363,29,1736,666,643,355,463.5241430120137
low_016,low,388.86157118344363,29,1736,666,643,359,419.8223394651392
low_016,low,388.86157118344363,29,1736,666,643,671,862.9555404633387
low_016,low,388.86157118344363,29,1736,666,643,719,1125.3097831820191
low_016,low,388.86157118344363,29,1736,666,643,720,1133.779206091761
low_016,low,388.86157118344363,29,1736,666,643,723,1143.806275194721
low_016,low,388.86157118344363,29,1736,666,643,731,1144.224497146102
low_016,low,388.86157118344363,29,1736,666,643,743,1178.004437668996
low_016,low,388.86157118344363,29,1736,666,643,758,1132.7314650636029
low_016,low,388.86157118344363,29,1736,666,643,783,1104.7371536552787
low_016,low,388.86157118344363,29,1736,666,643,788,1126.8197009547384
low_016,low,388.86157118344363,29,1736,666,643,819,1116.7800059865813
low_016,low,388.86157118344363,29,1736,666,643,851,1132.5503482057666
low_016,low,388.86157118344363,29,1736,666,643,1549,429.74176224562666
low_016,low,388.86157118344363,29,1736,666,643,1562,458.00291014747984
low_016,low,388.86157118344363,29,1736,666,643,1606,402.2058511417703
low_016,low,388.86157118344363,29,1736,666,643,1624,461.2021663924257
low_016,low,388.86157118344363,29,1736,666,643,2323,403.6046414397315
low_016,low,388.86157118344363,29,1736,666,643,2349,503.0357277826718
low_017,low,399.4471204826519,23,1751,651,629,52,524.7460458840903
low_017,low,399.4471204826519,23,1751,651,629,83,563.6169235560618
low_017,low,399.4471204826519,23,1751,651,629,93,558.0915242720945
low_017,low,399.4471204826519,23,1751,651,629,128,538.8327905770967
low_017,low,399.4471204826519,23,1751,651,629,147,554.5439148007628
low_017,low,399.4471204826519,23,1751,651,629,154,569.6401920423162
low_017,low,399.4471204826519,23,1751,651,629,201,613.8700307461686
low_017,low,399.4471204826519,23,1751,651,629,214,616.8522026112621
low_017,low,399.4471204826519,23,1751,651,629,248,776.2275976170042
low_017,low,399.4471204826519,23,1751,651,629,264,752.8830932478699
low_017,low,399.4471204826519,23,1751,651,629,298,803.8156609201523
low_017,low,399.4471204826519,23,1751,651,629,365,511.50860391933605
low_017,low,399.4471204826519,23,1751,651,629,547,406.4205999984238
low_017,low,399.4471204826519,23,1751,651,629,679,878.3678463498296
low_017,low,399.4471204826519,23,1751,651,629,693,876.0121551052787
low_017,low,399.4471204826519,23,1751,651,629,747,1207.1637096081572
low_017,low,399.4471204826519,23,1751,651,629,772,1115.35481018765
low_017,low,399.4471204826519,23,1751,651,629,794,1122.478687400357
low_017,low,399.4471204826519,23,1751,651,629,805,1110.399345443598
low_017,low,399.4471204826519,23,1751,651,629,871,1268.939125952293
low_017,low,399.4471204826519,23,1751,651,629,887,1274.8033727726752
low_017,low,399.4471204826519,23,1751,651,629,1636,706.8261179712829
low_017,low,399.4471204826519,23,1751,651,629,2198,427.9284701909015
low_018,low,203.54214920744323,61,1233,1169,1137,54,523.0906781439454
low_018,low,203.54214920744323,61,1233,1169,1137,71,523.940276469185
low_018,low,203.54214920744323,61,1233,1169,1137,90,558.0517600943563
low_018,low,203.54214920744323,61,1233,1169,1137,110,556.8657118804326
low_018,low,203.54214920744323,61,1233,1169,1137,123,550.9667287119541
low_018,low,203.54214920744323,61,1233,1169,1137,175,618.0237267285152
low_018,low,203.54214920744323,61,1233,1169,1137,176,622.226581853524
low_018,low,203.54214920744323,61,1233,1169,1137,189,619.9981913750346
low_018,low,203.54214920744323,61,1233,1169,1137,202,613.9158240162224
low_018,low,203.54214920744323,61,1233,1169,1137,214,616.8522026112621
low_018,low,203.54214920744323,61,1233,1169,1137,221,624.5658437711894
low_018,low,203.54214920744323,61,1233,1169,1137,241,704.5044395321854
low_018,low,203.54214920744323,61,1233,1169,1137,255,741.1331389690446
low_018,low,203.54214920744323,61,1233,1169,1137,284,731.3710642420964
low_018,low,203.54214920744323,61,1233,1169,1137,287,734.889611868277
low_018,low,203.54214920744323,61,1233,1169,1137,298,803.8156609201523
low_018,low,203.54214920744323,61,1233,1169,1137,351,464.8398083697121
low_018,low,203.54214920744323,61,1233,1169,1137,393,307.13055374358674
low_018,low,203.54214920744323,61,1233,1169,1137,411,334.35094575733484
low_018,low,203.54214920744323,61,1233,1169,1137,433,315.25554618197
low_018,low,203.54214920744323,61,1233,1169,1137,435,337.4463277518201
low_018,low,203.54214920744323,61,1233,1169,1137,447,272.273447352716
low_018,low,203.54214920744323,61,1233,1169,1137,463,215.21539429147128
low_018,low,203.54214920744323,61,1233,1169,1137,517,253.92301636013443
low_018,low,203.54214920744323,61,1233,1169,1137,536,239.4133734449317
low_018,low,203.54214920744323,61,1233,1169,1137,555,639.8258509740583
low_018,low,203.54214920744323,61,1233,1169,1137,556,651.6748728791499
low_018,low,203.54214920744323,61,1233,1169,1137,666,858.0401089193623
low_018,low,203.54214920744323,61,1233,1169,1137,708,239.7018394324568
low_018,low,203.54214920744323,61,1233,1169,1137,745,1186.9688713964313
low_018,low,203.54214920744323,61,1233,1169,1137,750,1159.5754002719627
low_018,low,203.54214920744323,61,1233,1169,1137,775,1122.207461263148
low_018,low,203.54214920744323,61,1233,1169,1137,793,1107.205757945819
low_018,low,203.54214920744323,61,1233,1169,1137,803,1109.2669070859342
low_018,low,203.54214920744323,61,1233,1169,1137,811,1202.221217571362
low_018,low,203.54214920744323,61,1233,1169,1137,818,1138.23845373828
low_018,low,203.54214920744323,61,1233,1169,1137,867,1149.0375236017474
low_018,low,203.54214920744323,61,1233,1169,1137,946,261.9655152722387
low_018,low,203.54214920744323,61,1233,1169,1137,989,213.9370336971274
low_018,low,203.54214920744323,61,1233,1169,1137,992,211.03482520851918
low_018,low,203.54214920744323,61,1233,1169,1137,1001,217.2427764510703
low_018,low,203.54214920744323,61,1233,1169,1137,1414,324.5105974516537
low_018,low,203.54214920744323,61,1233,1169,1137,1415,324.8104997522222
low_018,low,203.54214920744323,61,1233,1169,1137,1422,328.9915166208971
low_018,low,203.54214920744323,61,1233,1169,1137,1518,234.10224585525864
low_018,low,203.54214920744323,61,1233,1169,1137,1562,458.00291014747984
low_018,low,203.54214920744323,61,1233,1169,1137,1595,372.5915380776813
low_018,low,203.54214920744323,61,1233,1169,1137,1599,358.9927044288252
low_018,low,203.54214920744323,61,1233,1169,1137,1606,396.0189156527524
low_018,low,203.54214920744323,61,1233,1169,1137,1624,461.2021663924257
low_018,low,203.54214920744323,61,1233,1169,1137,1632,581.6198929131913
low_018,low,203.54214920744323,61,1233,1169,1137,1685,329.05505540643566
low_018,low,203.54214920744323,61,1233,1169,1137,1695,224.1583584835708
low_018,low,203.54214920744323,61,1233,1169,1137,1713,228.3058214839436
low_018,low,203.54214920744323,61,1233,1169,1137,1900,361.4248362130731
low_018,low,203.54214920744323,61,1233,1169,1137,1911,362.7050989055327
low_018,low,203.54214920744323,61,1233,1169,1137,2160,250.51242592654177
low_018,low,203.54214920744323,61,1233,1169,1137,2164,310.9347401062952
low_018,low,203.54214920744323,61,1233,1169,1137,2187,366.6525754346309
low_018,low,203.54214920744323,61,1233,1169,1137,2188,373.2672655460025
low_018,low,203.54214920744323,61,1233,1169,1137,2214,264.7318151003972
low_019,low,199.4880036599728,46,1221,1181,1149,67,518.8303709329235
low_019,low,199.4880036599728,46,1221,1181,1149,74,527.8612018026002
low_019,low,199.4880036599728,46,1221,1181,1149,82,534.9141772612362
low_019,low,199.4880036599728,46,1221,1181,1149,112,526.6419738659824
low_019,low,199.4880036599728,46,1221,1181,1149,115,549.0708007300622
low_019,low,199.4880036599728,46,1221,1181,1149,120,536.6027569441044
low_019,low,199.4880036599728,46,1221,1181,1149,160,561.2712248279091
low_019,low,199.4880036599728,46,1221,1181,1149,162,561.7836999724669
low_019,low,199.4880036599728,46,1221,1181,1149,194,610.2453505704744
low_019,low,199.4880036599728,46,1221,1181,1149,247,775.2447323366991
low_019,low,199.4880036599728,46,1221,1181,1149,249,726.1909800362263
low_019,low,199.4880036599728,46,1221,1181,1149,251,739.5401121841641
low_019,low,199.4880036599728,46,1221,1181,1149,300,794.0955658981018
low_019,low,199.4880036599728,46,1221,1181,1149,337,235.1709294492897
low_019,low,199.4880036599728,46,1221,1181,1149,400,330.5918449228802
low_019,low,199.4880036599728,46,1221,1181,1149,405,345.10206380175094
low_019,low,199.4880036599728,46,1221,1181,1149,410,346.381750021812
low_019,low,199.4880036599728,46,1221,1181,1149,412,354.1700143739237
low_019,low,199.4880036599728,46,1221,1181,1149,435,337.4463277518201
low_019,low,199.4880036599728,46,1221,1181,1149,544,397.4178048824379
low_019,low,199.4880036599728,46,1221,1181,1149,719,1125.3097831820191
low_019,low,199.4880036599728,46,1221,1181,1149,726,1098.3200030368484
low_019,low,199.4880036599728,46,1221,1181,1149,738,1102.472276939951
low_019,low,199.4880036599728,46,1221,1181,1149,741,1166.1391285511058
low_019,low,199.4880036599728,46,1221,1181,1149,742,1169.6208925207304
low_019,low,199.4880036599728,46,1221,1181,1149,786,1105.8695920129426
low_019,low,199.4880036599728,46,1221,1181,1149,801,1108.6438259926967
low_019,low,199.4880036599728,46,1221,1181,1149,889,1274.6280997294916
low_019,low,199.4880036599728,46,1221,1181,1149,915,240.54582149220383
low_019,low,199.4880036599728,46,1221,1181,1149,918,242.47686296420864
low_019,low,199.4880036599728,46,1221,1181,1149,979,210.9941005877987
low_019,low,199.4880036599728,46,1221,1181,1149,1279,263.29582572570234
low_019,low,199.4880036599728,46,1221,1181,1149,1361,267.4739026014467
low_019,low,199.4880036599728,46,1221,1181,1149,1406,320.0296782824104
low_019,low,199.4880036599728,46,1221,1181,1149,1410,322.2315034159923
low_019,low,199.4880036599728,46,1221,1181,1149,1584,324.9434727002399
low_019,low,199.4880036599728,46,1221,1181,1149,1648,269.15041639917746
low_019,low,199.4880036599728,46,1221,1181,1149,1650,215.7007583039126
low_019,low,199.4880036599728,46,1221,1181,1149,1713,228.3058214839436
low_019,low,199.4880036599728,46,1221,1181,1149,1721,389.6369107482548
low_019,low,199.4880036599728,46,1221,1181,1149,2130,1157.8976543125116
low_019,low,199.4880036599728,46,1221,1181,1149,2179,367.4779191756344
low_019,low,199.4880036599728,46,1221,1181,1149,2268,308.6216689686478
low_019,low,199.4880036599728,46,1221,1181,1149,2296,384.07515355902905
low_019,low,199.4880036599728,46,1221,1181,1149,2316,390.0124197787869
low_019,low,199.4880036599728,46,1221,1181,1149,2349,503.0357277826718
medium_000,medium,699.1032820730543,30,2074,328,315,228,715.0489122426226
medium_000,medium,699.1032820730543,30,2074,328,315,231,726.7385774375791
medium_000,medium,699.1032820730543,30,2074,328,315,241,712.7481071790396
medium_000,medium,699.1032820730543,30,2074,328,315,265,746.123291778021
medium_000,medium,699.1032820730543,30,2074,328,315,294,792.9631275404379
medium_000,medium,699.1032820730543,30,2074,328,315,306,836.6563703674675
medium_000,medium,699.1032820730543,30,2074,328,315,562,968.0483241006698
medium_000,medium,699.1032820730543,30,2074,328,315,658,844.6444974379896
medium_000,medium,699.1032820730543,30,2074,328,315,660,850.3967696255007
medium_000,medium,699.1032820730543,30,2074,328,315,675,882.1426406128816
medium_000,medium,699.1032820730543,30,2074,328,315,688,997.179500197734
medium_000,medium,699.1032820730543,30,2074,328,315,718,1114.396098180208
medium_000,medium,699.1032820730543,30,2074,328,315,722,1142.485097185778
medium_000,medium,699.1032820730543,30,2074,328,315,725,1145.4105627930794
medium_000,medium,699.1032820730543,30,2074,328,315,751,1167.3043702725142
medium_000,medium,699.1032820730543,30,2074,328,315,766,1176.2635556841838
medium_000,medium,699.1032820730543,30,2074,328,315,770,1135.7248976428546
medium_000,medium,699.1032820730543,30,2074,328,315,774,1115.4487433784843
medium_000,medium,699.1032820730543,30,2074,328,315,776,1100.2550957668627
medium_000,medium,699.1032820730543,30,2074,328,315,785,1182.824165791707
medium_000,medium,699.1032820730543,30,2074,328,315,803,1109.2669070859342
medium_000,medium,699.1032820730543,30,2074,328,315,807,1122.9046669337506
medium_000,medium,699.1032820730543,30,2074,328,315,827,1120.0285309828544
medium_000,medium,699.1032820730543,30,2074,328,315,854,1121.1575093914144
medium_000,medium,699.1032820730543,30,2074,328,315,857,1138.483736822536
medium_000,medium,699.1032820730543,30,2074,328,315,874,1269.9445246541393
medium_000,medium,699.1032820730543,30,2074,328,315,880,1271.9504969523205
medium_000,medium,699.1032820730543,30,2074,328,315,1636,723.4433594792251
medium_000,medium,699.1032820730543,30,2074,328,315,1639,769.0413191402477
medium_000,medium,699.1032820730543,30,2074,328,315,2120,1071.0127399123155
medium_001,medium,616.42244967477,40,2038,364,351,166,636.2978304376743
medium_001,medium,616.42244967477,40,2038,364,351,187,644.2795105457528
medium_001,medium,616.42244967477,40,2038,364,351,209,650.5513646808863
medium_001,medium,616.42244967477,40,2038,364,351,241,704.5044395321854
medium_001,medium,616.42244967477,40,2038,364,351,256,768.9881700868604
medium_001,medium,616.42244967477,40,2038,364,351,261,744.7201966230584
medium_001,medium,616.42244967477,40,2038,364,351,270,752.586033110136
medium_001,medium,616.42244967477,40,2038,364,351,296,799.4746474782684
medium_001,medium,616.42244967477,40,2038,364,351,298,803.8156609201523
medium_001,medium,616.42244967477,40,2038,364,351,310,891.7824972023876
medium_001,medium,616.42244967477,40,2038,364,351,558,916.9651197173056
medium_001,medium,616.42244967477,40,2038,364,351,559,918.5851608244492
medium_001,medium,616.42244967477,40,2038,364,351,565,659.2320186463623
medium_001,medium,616.42244967477,40,2038,364,351,610,673.8179495091474
medium_001,medium,616.42244967477,40,2038,364,351,674,881.1323960934606
medium_001,medium,616.42244967477,40,2038,364,351,681,884.1715926797376
medium_001,medium,616.42244967477,40,2038,364,351,685,880.1608736557162
medium_001,medium,616.42244967477,40,2038,364,351,688,997.179500197734
medium_001,medium,616.42244967477,40,2038,364,351,692,1044.6003545405756
medium_001,medium,616.42244967477,40,2038,364,351,764,1160.509740351526
medium_001,medium,616.42244967477,40,2038,364,351,771,1140.640838607134
medium_001,medium,616.42244967477,40,2038,364,351,781,1136.326635037938
medium_001,medium,616.42244967477,40,2038,364,351,802,1131.293397016725
medium_001,medium,616.42244967477,40,2038,364,351,806,1144.838926089099
medium_001,medium,616.42244967477,40,2038,364,351,825,1101.5733247860242
medium_001,medium,616.42244967477,40,2038,364,351,828,1120.773793810872
medium_001,medium,616.42244967477,40,2038,364,351,833,1111.762169720502
medium_001,medium,616.42244967477,40,2038,364,351,834,1123.7435335596026
medium_001,medium,616.42244967477,40,2038,364,351,835,1112.664222158926
medium_001,medium,616.42244967477,40,2038,364,351,841,1112.95803013333
medium_001,medium,616.42244967477,40,2038,364,351,848,1131.3494542728963
medium_001,medium,616.42244967477,40,2038,364,351,852,1152.488302190986
medium_001,medium,616.42244967477,40,2038,364,351,854,1121.1575093914144
medium_001,medium,616.42244967477,40,2038,364,351,855,1096.5269757872109
medium_001,medium,616.42244967477,40,2038,364,351,859,1113.7966605165898
medium_001,medium,616.42244967477,40,2038,364,351,870,1268.1572263956607
medium_001,medium,616.42244967477,40,2038,364,351,884,1273.7293917313843
medium_001,medium,616.42244967477,40,2038,364,351,887,1274.8033727726752
medium_001,medium,616.42244967477,40,2038,364,351,1639,769.0413191402477
medium_001,medium,616.42244967477,40,2038,364,351,2127,1156.2199083530604
medium_002,medium,402.10448440256783,72,1754,648,626,46,521.1348484955995
medium_002,medium,402.10448440256783,72,1754,648,626,50,522.3761358502223
medium_002,medium,402.10448440256783,72,1754,648,626,61,582.8352835985072
medium_002,medium,402.10448440256783,72,1754,648,626,63,523.1345070542798
medium_002,medium,402.10448440256783,72,1754,648,626,74,527.8612018026002
medium_002,medium,402.10448440256783,72,1754,648,626,124,552.2221177210929
medium_002,medium,402.10448440256783,72,1754,648,626,129,552.4791434495024
medium_002,medium,402.10448440256783,72,1754,648,626,139,544.2013646992527
medium_002,medium,402.10448440256783,72,1754,648,626,146,554.3499370570331
medium_002,medium,402.10448440256783,72,1754,648,626,158,560.0983754638328
medium_002,medium,402.10448440256783,72,1754,648,626,159,560.2889550135435
medium_002,medium,402.10448440256783,72,1754,648,626,174,635.3527206466514
medium_002,medium,402.10448440256783,72,1754,648,626,181,602.5317096798117
medium_002,medium,402.10448440256783,72,1754,648,626,191,609.6966418852185
medium_002,medium,402.10448440256783,72,1754,648,626,197,604.0450740585306
medium_002,medium,402.10448440256783,72,1754,648,626,203,614.9774099260135
medium_002,medium,402.10448440256783,72,1754,648,626,206,617.9815790353949
medium_002,medium,402.10448440256783,72,1754,648,626,219,622.2095918221763
medium_002,medium,402.10448440256783,72,1754,648,626,222,616.4112041741471
medium_002,medium,402.10448440256783,72,1754,648,626,239,721.2063705884383
medium_002,medium,402.10448440256783,72,1754,648,626,245,711.1372530473017
medium_002,medium,402.10448440256783,72,1754,648,626,253,744.5458090200331
medium_002,medium,402.10448440256783,72,1754,648,626,265,746.123291778021
medium_002,medium,402.10448440256783,72,1754,648,626,273,759.0496578102923
medium_002,medium,402.10448440256783,72,1754,648,626,279,737.9100613094233
medium_002,medium,402.10448440256783,72,1754,648,626,281,727.8525166159158
medium_002,medium,402.10448440256783,72,1754,648,626,289,755.8174037761935
medium_002,medium,402.10448440256783,72,1754,648,626,294,792.9631275404379
medium_002,medium,402.10448440256783,72,1754,648,626,300,794.0955658981018
medium_002,medium,402.10448440256783,72,1754,648,626,352,451.8267072863911
medium_002,medium,402.10448440256783,72,1754,648,626,545,422.4748851091768
medium_002,medium,402.10448440256783,72,1754,648,626,547,428.36230548767605
medium_002,medium,402.10448440256783,72,1754,648,626,556,651.6748728791499
medium_002,medium,402.10448440256783,72,1754,648,626,566,502.5037699281599
medium_002,medium,402.10448440256783,72,1754,648,626,665,856.1490418130119
medium_002,medium,402.10448440256783,72,1754,648,626,685,880.1608736557162
medium_002,medium,402.10448440256783,72,1754,648,626,691,876.8579285771102
medium_002,medium,402.10448440256783,72,1754,648,626,713,1092.021208883417
medium_002,medium,402.10448440256783,72,1754,648,626,721,1135.1104686998576
medium_002,medium,402.10448440256783,72,1754,648,626,731,1144.224497146102
medium_002,medium,402.10448440256783,72,1754,648,626,733,1147.6754394521583
medium_002,medium,402.10448440256783,72,1754,648,626,741,1166.1391285511058
medium_002,medium,402.10448440256783,72,1754,648,626,747,1207.1637096081572
medium_002,medium,402.10448440256783,72,1754,648,626,756,1099.358071512624
medium_002,medium,402.10448440256783,72,1754,648,626,758,1132.7314650636029
medium_002,medium,402.10448440256783,72,1754,648,626,767,1163.7838177453723
medium_002,medium,402.10448440256783,72,1754,648,626,776,1100.2550957668627
medium_002,medium,402.10448440256783,72,1754,648,626,777,1141.1639191768352
medium_002,medium,402.10448440256783,72,1754,648,626,781,1136.326635037938
medium_002,medium,402.10448440256783,72,1754,648,626,795,1166.4062232803433
medium_002,medium,402.10448440256783,72,1754,648,626,798,1150.7073143638413
medium_002,medium,402.10448440256783,72,1754,648,626,826,1111.531783801262
medium_002,medium,402.10448440256783,72,1754,648,626,834,1123.7435335596026
medium_002,medium,402.10448440256783,72,1754,648,626,846,1128.3296187274575
medium_002,medium,402.10448440256783,72,1754,648,626,848,1131.3494542728963
medium_002,medium,402.10448440256783,72,1754,648,626,849,1134.768728106203
medium_002,medium,402.10448440256783,72,1754,648,626,858,1123.894235291188
medium_002,medium,402.10448440256783,72,1754,648,626,864,1179.8555615262176
medium_002,medium,402.10448440256783,72,1754,648,626,879,1271.2848246804458
medium_002,medium,402.10448440256783,72,1754,648,626,881,1272.4576740445225
medium_002,medium,402.10448440256783,72,1754,648,626,886,1275.0961491826138
medium_002,medium,402.10448440256783,72,1754,648,626,1560,431.1512654986799
medium_002,medium,402.10448440256783,72,1754,648,626,1561,439.8353983962768
medium_002,medium,402.10448440256783,72,1754,648,626,1578,569.3667596827515
medium_002,medium,402.10448440256783,72,1754,648,626,1618,452.6613921108212
medium_002,medium,402.10448440256783,72,1754,648,626,1620,425.5755744256782
medium_002,medium,402.10448440256783,72,1754,648,626,1621,431.799242815445
medium_002,medium,402.10448440256783,72,1754,648,626,1624,461.2021663924257
medium_002,medium,402.10448440256783,72,1754,648,626,1631,575.0416703683833
medium_002,medium,402.10448440256783,72,1754,648,626,1634,741.7407738218218
medium_002,medium,402.10448440256783,72,1754,648,626,2194,431.1009250437954
medium_002,medium,402.10448440256783,72,1754,648,626,2399,578.4086816102858
medium_003,medium,554.1609730739995,40,1939,463,446,56,577.5454508340174
medium_003,medium,554.1609730739995,40,1939,463,446,83,587.6930186028321
medium_003,medium,554.1609730739995,40,1939,463,446,173,620.516176598878
medium_003,medium,554.1609730739995,40,1939,463,446,195,610.6935637864273
medium_003,medium,554.1609730739995,40,1939,463,446,212,607.1652421922312
medium_003,medium,554.1609730739995,40,1939,463,446,213,607.2073279922497
medium_003,medium,554.1609730739995,40,1939,463,446,233,764.3577268556213
medium_003,medium,554.1609730739995,40,1939,463,446,249,726.1909800362263
medium_003,medium,554.1609730739995,40,1939,463,446,251,739.5401121841641
medium_003,medium,554.1609730739995,40,1939,463,446,256,768.9881700868604
medium_003,medium,554.1609730739995,40,1939,463,446,261,744.7201966230584
medium_003,medium,554.1609730739995,40,1939,463,446,265,746.123291778021
medium_003,medium,554.1609730739995,40,1939,463,446,280,725.0181306721499
medium_003,medium,554.1609730739995,40,1939,463,446,282,729.6117904290061
medium_003,medium,554.1609730739995,40,1939,463,446,283,731.1338030338903
medium_003,medium,554.1609730739995,40,1939,463,446,295,792.0194289465505
medium_003,medium,554.1609730739995,40,1939,463,446,301,795.7942232096024
medium_003,medium,554.1609730739995,40,1939,463,446,303,813.4413863978074
medium_003,medium,554.1609730739995,40,1939,463,446,304,808.1566743620361
medium_003,medium,554.1609730739995,40,1939,463,446,315,868.930860298458
medium_003,medium,554.1609730739995,40,1939,463,446,555,639.8258509740583
medium_003,medium,554.1609730739995,40,1939,463,446,558,916.9651197173056
medium_003,medium,554.1609730739995,40,1939,463,446,647,693.0799861672634
medium_003,medium,554.1609730739995,40,1939,463,446,677,874.8857020634634
medium_003,medium,554.1609730739995,40,1939,463,446,680,879.1867045423667
medium_003,medium,554.1609730739995,40,1939,463,446,728,1150.3177954700438
medium_003,medium,554.1609730739995,40,1939,463,446,732,1146.165521679439
medium_003,medium,554.1609730739995,40,1939,463,446,753,1175.5139871010383
medium_003,medium,554.1609730739995,40,1939,463,446,756,1099.358071512624
medium_003,medium,554.1609730739995,40,1939,463,446,776,1100.2550957668627
medium_003,medium,554.1609730739995,40,1939,463,446,793,1107.205757945819
medium_003,medium,554.1609730739995,40,1939,463,446,809,1198.5230751367867
medium_003,medium,554.1609730739995,40,1939,463,446,832,1097.7384767562562
medium_003,medium,554.1609730739995,40,1939,463,446,849,1134.768728106203
medium_003,medium,554.1609730739995,40,1939,463,446,855,1096.5269757872109
medium_003,medium,554.1609730739995,40,1939,463,446,872,1268.1572263956607
medium_003,medium,554.1609730739995,40,1939,463,446,880,1271.9504969523205
medium_003,medium,554.1609730739995,40,1939,463,446,1635,755.7064979418459
medium_003,medium,554.1609730739995,40,1939,463,446,2120,1071.0127399123155
medium_003,medium,554.1609730739995,40,1939,463,446,2128,1156.6405760940884
medium_004,medium,585.4199255393215,44,1997,405,390,62,603.5279909725755
medium_004,medium,585.4199255393215,44,1997,405,390,189,619.9981913750346
medium_004,medium,585.4199255393215,44,1997,405,390,204,615.1406174601578
medium_004,medium,585.4199255393215,44,1997,405,390,217,617.7795283545614
medium_004,medium,585.4199255393215,44,1997,405,390,221,624.5658437711894
medium_004,medium,585.4199255393215,44,1997,405,390,250,735.1995577837987
medium_004,medium,585.4199255393215,44,1997,405,390,252,713.0930826449621
medium_004,medium,585.4199255393215,44,1997,405,390,255,741.1331389690446
medium_004,medium,585.4199255393215,44,1997,405,390,267,748.8727166111407
medium_004,medium,585.4199255393215,44,1997,405,390,269,751.6555387261159
medium_004,medium,585.4199255393215,44,1997,405,390,277,756.9990065157943
medium_004,medium,585.4199255393215,44,1997,405,390,288,755.2578018465083
medium_004,medium,585.4199255393215,44,1997,405,390,304,808.1566743620361
medium_004,medium,585.4199255393215,44,1997,405,390,562,968.0483241006698
medium_004,medium,585.4199255393215,44,1997,405,390,610,673.8179495091474
medium_004,medium,585.4199255393215,44,1997,405,390,668,860.4978246913505
medium_004,medium,585.4199255393215,44,1997,405,390,686,872.3255815693725
medium_004,medium,585.4199255393215,44,1997,405,390,690,1020.4483100972795
medium_004,medium,585.4199255393215,44,1997,405,390,719,1125.3097831820191
medium_004,medium,585.4199255393215,44,1997,405,390,722,1142.485097185778
medium_004,medium,585.4199255393215,44,1997,405,390,735,1149.5628365836842
medium_004,medium,585.4199255393215,44,1997,405,390,740,1126.4060588978723
medium_004,medium,585.4199255393215,44,1997,405,390,741,1166.1391285511058
medium_004,medium,585.4199255393215,44,1997,405,390,770,1135.7248976428546
medium_004,medium,585.4199255393215,44,1997,405,390,777,1141.1639191768352
medium_004,medium,585.4199255393215,44,1997,405,390,781,1136.326635037938
medium_004,medium,585.4199255393215,44,1997,405,390,799,1153.4636112870212
medium_004,medium,585.4199255393215,44,1997,405,390,802,1131.293397016725
medium_004,medium,585.4199255393215,44,1997,405,390,804,1110.0818940395743
medium_004,medium,585.4199255393215,44,1997,405,390,806,1144.838926089099
medium_004,medium,585.4199255393215,44,1997,405,390,807,1122.9046669337506
medium_004,medium,585.4199255393215,44,1997,405,390,811,1202.221217571362
medium_004,medium,585.4199255393215,44,1997,405,390,814,1116.1559070013082
medium_004,medium,585.4199255393215,44,1997,405,390,837,1118.4706240511196
medium_004,medium,585.4199255393215,44,1997,405,390,845,1128.0445360385058
medium_004,medium,585.4199255393215,44,1997,405,390,846,1128.3296187274575
medium_004,medium,585.4199255393215,44,1997,405,390,850,1132.4818926305602
medium_004,medium,585.4199255393215,44,1997,405,390,858,1123.894235291188
medium_004,medium,585.4199255393215,44,1997,405,390,868,1145.793915513204
medium_004,medium,585.4199255393215,44,1997,405,390,876,1270.6116955637349
medium_004,medium,585.4199255393215,44,1997,405,390,879,1271.2848246804458
medium_004,medium,585.4199255393215,44,1997,405,390,888,1268.1572263956607
medium_004,medium,585.4199255393215,44,1997,405,390,1634,741.7407738218218
medium_004,medium,585.4199255393215,44,1997,405,390,1640,785.7118671703205
medium_005,medium,689.5268101032923,31,2072,330,317,250,735.1995577837987
medium_005,medium,689.5268101032923,31,2072,330,317,270,752.586033110136
medium_005,medium,689.5268101032923,31,2072,330,317,272,722.9656444015285
medium_005,medium,689.5268101032923,31,2072,330,317,284,731.3710642420964
medium_005,medium,689.5268101032923,31,2072,330,317,314,886.6723940435373
medium_005,medium,689.5268101032923,31,2072,330,317,658,844.6444974379896
medium_005,medium,689.5268101032923,31,2072,330,317,671,862.9555404633387
medium_005,medium,689.5268101032923,31,2072,330,317,684,873.9128562879165
medium_005,medium,689.5268101032923,31,2072,330,317,686,872.3255815693725
medium_005,medium,689.5268101032923,31,2072,330,317,724,1144.466864199192
medium_005,medium,689.5268101032923,31,2072,330,317,735,1149.5628365836842
medium_005,medium,689.5268101032923,31,2072,330,317,744,1183.999131525625
medium_005,medium,689.5268101032923,31,2072,330,317,745,1186.9688713964313
medium_005,medium,689.5268101032923,31,2072,330,317,757,1103.6047152976148
medium_005,medium,689.5268101032923,31,2072,330,317,758,1132.7314650636029
medium_005,medium,689.5268101032923,31,2072,330,317,763,1161.4285069396392
medium_005,medium,689.5268101032923,31,2072,330,317,772,1115.35481018765
medium_005,medium,689.5268101032923,31,2072,330,317,778,1141.2547573973716
medium_005,medium,689.5268101032923,31,2072,330,317,791,1124.702251920918
medium_005,medium,689.5268101032923,31,2072,330,317,800,1154.7818403061826
medium_005,medium,689.5268101032923,31,2072,330,317,803,1109.2669070859342
medium_005,medium,689.5268101032923,31,2072,330,317,804,1110.0818940395743
medium_005,medium,689.5268101032923,31,2072,330,317,834,1123.7435335596026
medium_005,medium,689.5268101032923,31,2072,330,317,838,1118.6095232554171
medium_005,medium,689.5268101032923,31,2072,330,317,842,1174.9483290179994
medium_005,medium,689.5268101032923,31,2072,330,317,847,1129.8553289698473
medium_005,medium,689.5268101032923,31,2072,330,317,849,1134.768728106203
medium_005,medium,689.5268101032923,31,2072,330,317,859,1113.7966605165898
medium_005,medium,689.5268101032923,31,2072,330,317,861,1129.6830131791392
medium_005,medium,689.5268101032923,31,2072,330,317,884,1273.7293917313843
medium_005,medium,689.5268101032923,31,2072,330,317,889,1274.6280997294916
medium_006,medium,606.8921556807741,38,2015,387,374,167,639.9088978039035
medium_006,medium,606.8921556807741,38,2015,387,374,175,618.0237267285152
medium_006,medium,606.8921556807741,38,2015,387,374,183,640.7949620683942
medium_006,medium,606.8921556807741,38,2015,387,374,184,641.1233036565319
medium_006,medium,606.8921556807741,38,2015,387,374,189,622.8693831595637
medium_006,medium,606.8921556807741,38,2015,387,374,202,620.5619855302429
medium_006,medium,606.8921556807741,38,2015,387,374,213,624.2174454248121
medium_006,medium,606.8921556807741,38,2015,387,374,224,632.7593893035657
medium_006,medium,606.8921556807741,38,2015,387,374,226,653.3762358015197
medium_006,medium,606.8921556807741,38,2015,387,374,229,715.9285491491677
medium_006,medium,606.8921556807741,38,2015,387,374,230,716.8081860557128
medium_006,medium,606.8921556807741,38,2015,387,374,231,717.6878229622579
medium_006,medium,606.8921556807741,38,2015,387,374,260,703.866668997987
medium_006,medium,606.8921556807741,38,2015,387,374,264,752.8830932478699
medium_006,medium,606.8921556807741,38,2015,387,374,296,799.4746474782684
medium_006,medium,606.8921556807741,38,2015,387,374,561,957.07230995752
medium_006,medium,606.8921556807741,38,2015,387,374,669,861.901314000523
medium_006,medium,606.8921556807741,38,2015,387,374,691,876.8579285771102
medium_006,medium,606.8921556807741,38,2015,387,374,713,1092.021208883417
medium_006,medium,606.8921556807741,38,2015,387,374,721,1135.1104686998576
medium_006,medium,606.8921556807741,38,2015,387,374,730,1142.6884248496474
medium_006,medium,606.8921556807741,38,2015,387,374,736,1098.9368667477013
medium_006,medium,606.8921556807741,38,2015,387,374,744,1183.999131525625
medium_006,medium,606.8921556807741,38,2015,387,374,752,1170.480749365544
medium_006,medium,606.8921556807741,38,2015,387,374,773,1104.3296218520634
medium_006,medium,606.8921556807741,38,2015,387,374,783,1104.7371536552787
medium_006,medium,606.8921556807741,38,2015,387,374,792,1143.9963305260364
medium_006,medium,606.8921556807741,38,2015,387,374,800,1154.7818403061826
medium_006,medium,606.8921556807741,38,2015,387,374,802,1131.293397016725
medium_006,medium,606.8921556807741,38,2015,387,374,808,1101.4342084641753
medium_006,medium,606.8921556807741,38,2015,387,374,817,1136.5397964267793
medium_006,medium,606.8921556807741,38,2015,387,374,828,1120.773793810872
medium_006,medium,606.8921556807741,38,2015,387,374,841,1112.95803013333
medium_006,medium,606.8921556807741,38,2015,387,374,853,1095.6776471314606
medium_006,medium,606.8921556807741,38,2015,387,374,854,1121.1575093914144
medium_006,medium,606.8921556807741,38,2015,387,374,855,1096.5269757872109
medium_006,medium,606.8921556807741,38,2015,387,374,863,1139.4114708125326
medium_006,medium,606.8921556807741,38,2015,387,374,864,1179.8555615262176
medium_007,medium,512.2498432394372,52,1850,552,534,37,580.4904892023933
medium_007,medium,512.2498432394372,52,1850,552,534,40,546.4857027939023
medium_007,medium,512.2498432394372,52,1850,552,534,47,557.2232911878051
medium_007,medium,512.2498432394372,52,1850,552,534,52,543.3115621841561
medium_007,medium,512.2498432394372,52,1850,552,534,76,540.4887791355486
medium_007,medium,512.2498432394372,52,1850,552,534,89,525.6940098750364
medium_007,medium,512.2498432394372,52,1850,552,534,93,558.0915242720945
medium_007,medium,512.2498432394372,52,1850,552,534,108,546.1985080883767
medium_007,medium,512.2498432394372,52,1850,552,534,112,541.9940217419897
medium_007,medium,512.2498432394372,52,1850,552,534,121,542.9829676794534
medium_007,medium,512.2498432394372,52,1850,552,534,122,564.4450603297464
medium_007,medium,512.2498432394372,52,1850,552,534,133,540.539125602591
medium_007,medium,512.2498432394372,52,1850,552,534,140,582.8352835985072
medium_007,medium,512.2498432394372,52,1850,552,534,154,569.6401920423162
medium_007,medium,512.2498432394372,52,1850,552,534,190,600.6908260465443
medium_007,medium,512.2498432394372,52,1850,552,534,199,605.6262010253902
medium_007,medium,512.2498432394372,52,1850,552,534,215,601.1764579169994
medium_007,medium,512.2498432394372,52,1850,552,534,223,616.4441550381995
medium_007,medium,512.2498432394372,52,1850,552,534,239,721.2063705884383
medium_007,medium,512.2498432394372,52,1850,552,534,247,775.2447323366991
medium_007,medium,512.2498432394372,52,1850,552,534,266,748.0532756057235
medium_007,medium,512.2498432394372,52,1850,552,534,289,755.8174037761935
medium_007,medium,512.2498432394372,52,1850,552,534,294,792.9631275404379
medium_007,medium,512.2498432394372,52,1850,552,534,295,792.0194289465505
medium_007,medium,512.2498432394372,52,1850,552,534,300,794.0955658981018
medium_007,medium,512.2498432394372,52,1850,552,534,308,855.0584920482906
medium_007,medium,512.2498432394372,52,1850,552,534,311,892.240215837471
medium_007,medium,512.2498432394372,52,1850,552,534,570,597.4551522116335
medium_007,medium,512.2498432394372,52,1850,552,534,661,850.5287386176349
medium_007,medium,512.2498432394372,52,1850,552,534,680,879.1867045423667
medium_007,medium,512.2498432394372,52,1850,552,534,766,1176.2635556841838
medium_007,medium,512.2498432394372,52,1850,552,534,779,1142.3185845665853
medium_007,medium,512.2498432394372,52,1850,552,534,790,1100.3961399883997
medium_007,medium,512.2498432394372,52,1850,552,534,792,1143.9963305260364
medium_007,medium,512.2498432394372,52,1850,552,534,799,1153.4636112870212
medium_007,medium,512.2498432394372,52,1850,552,534,802,1131.293397016725
medium_007,medium,512.2498432394372,52,1850,552,534,807,1122.9046669337506
medium_007,medium,512.2498432394372,52,1850,552,534,826,1111.531783801262
medium_007,medium,512.2498432394372,52,1850,552,534,847,1129.8553289698473
medium_007,medium,512.2498432394372,52,1850,552,534,848,1131.3494542728963
medium_007,medium,512.2498432394372,52,1850,552,534,851,1132.5503482057666
medium_007,medium,512.2498432394372,52,1850,552,534,852,1152.488302190986
medium_007,medium,512.2498432394372,52,1850,552,534,866,1114.2198854924902
medium_007,medium,512.2498432394372,52,1850,552,534,875,1270.1119753163694
medium_007,medium,512.2498432394372,52,1850,552,534,881,1272.4576740445225
medium_007,medium,512.2498432394372,52,1850,552,534,1632,581.6198929131913
medium_007,medium,512.2498432394372,52,1850,552,534,1635,755.7064979418459
medium_007,medium,512.2498432394372,52,1850,552,534,1639,769.0413191402477
medium_007,medium,512.2498432394372,52,1850,552,534,2128,1156.6405760940884
medium_007,medium,512.2498432394372,52,1850,552,534,2129,1157.5371237153752
medium_007,medium,512.2498432394372,52,1850,552,534,2130,1157.8976543125116
medium_007,medium,512.2498432394372,52,1850,552,534,2399,578.4086816102858
medium_008,medium,494.53704925194336,63,1839,563,545,36,577.8040761508448
medium_008,medium,494.53704925194336,63,1839,563,545,39,518.8101739113728
medium_008,medium,494.53704925194336,63,1839,563,545,50,522.3761358502223
medium_008,medium,494.53704925194336,63,1839,563,545,56,575.3412337826
medium_008,medium,494.53704925194336,63,1839,563,545,66,520.4802078118273
medium_008,medium,494.53704925194336,63,1839,563,545,67,518.8303709329235
medium_008,medium,494.53704925194336,63,1839,563,545,77,532.5193505420441
medium_008,medium,494.53704925194336,63,1839,563,545,82,534.9141772612362
medium_008,medium,494.53704925194336,63,1839,563,545,90,558.0517600943563
medium_008,medium,494.53704925194336,63,1839,563,545,119,550.778422024973
medium_008,medium,494.53704925194336,63,1839,563,545,137,542.7850317554427
medium_008,medium,494.53704925194336,63,1839,563,545,140,582.8352835985072
medium_008,medium,494.53704925194336,63,1839,563,545,156,571.6560232723142
medium_008,medium,494.53704925194336,63,1839,563,545,166,630.551539034505
medium_008,medium,494.53704925194336,63,1839,563,545,179,611.487664663947
medium_008,medium,494.53704925194336,63,1839,563,545,190,600.6908260465443
medium_008,medium,494.53704925194336,63,1839,563,545,194,610.2453505704744
medium_008,medium,494.53704925194336,63,1839,563,545,208,606.4167645088199
medium_008,medium,494.53704925194336,63,1839,563,545,232,763.918268928422
medium_008,medium,494.53704925194336,63,1839,563,545,236,718.567459868803
medium_008,medium,494.53704925194336,63,1839,563,545,237,719.4470967753481
medium_008,medium,494.53704925194336,63,1839,563,545,253,744.5458090200331
medium_008,medium,494.53704925194336,63,1839,563,545,263,707.5657381166125
medium_008,medium,494.53704925194336,63,1839,563,545,265,746.123291778021
medium_008,medium,494.53704925194336,63,1839,563,545,272,722.9656444015285
medium_008,medium,494.53704925194336,63,1839,563,545,301,795.7942232096024
medium_008,medium,494.53704925194336,63,1839,563,545,313,869.8745588923454
medium_008,medium,494.53704925194336,63,1839,563,545,556,651.6748728791499
medium_008,medium,494.53704925194336,63,1839,563,545,561,957.07230995752
medium_008,medium,494.53704925194336,63,1839,563,545,566,522.9918469810317
medium_008,medium,494.53704925194336,63,1839,563,545,567,509.1393286501116
medium_008,medium,494.53704925194336,63,1839,563,545,658,844.6444974379896
medium_008,medium,494.53704925194336,63,1839,563,545,667,859.0251779067675
medium_008,medium,494.53704925194336,63,1839,563,545,670,865.4132562353269
medium_008,medium,494.53704925194336,63,1839,563,545,676,874.4986820923917
medium_008,medium,494.53704925194336,63,1839,563,545,713,1092.021208883417
medium_008,medium,494.53704925194336,63,1839,563,545,724,1144.466864199192
medium_008,medium,494.53704925194336,63,1839,563,545,733,1147.6754394521583
medium_008,medium,494.53704925194336,63,1839,563,545,742,1169.6208925207304
medium_008,medium,494.53704925194336,63,1839,563,545,743,1178.004437668996
medium_008,medium,494.53704925194336,63,1839,563,545,753,1175.5139871010383
medium_008,medium,494.53704925194336,63,1839,563,545,794,1122.478687400357
medium_008,medium,494.53704925194336,63,1839,563,545,796,1170.8904248842873
medium_008,medium,494.53704925194336,63,1839,563,545,802,1131.293397016725
medium_008,medium,494.53704925194336,63,1839,563,545,805,1110.399345443598
medium_008,medium,494.53704925194336,63,1839,563,545,812,1236.5718478288327
medium_008,medium,494.53704925194336,63,1839,563,545,813,1095.461535872512
medium_008,medium,494.53704925194336,63,1839,563,545,814,1116.1559070013082
medium_008,medium,494.53704925194336,63,1839,563,545,820,1116.9127171193848
medium_008,medium,494.53704925194336,63,1839,563,545,822,1117.3827151283626
medium_008,medium,494.53704925194336,63,1839,563,545,823,1131.3214903197725
medium_008,medium,494.53704925194336,63,1839,563,545,830,1153.6457404911112
medium_008,medium,494.53704925194336,63,1839,563,545,842,1174.9483290179994
medium_008,medium,494.53704925194336,63,1839,563,545,846,1128.3296187274575
medium_008,medium,494.53704925194336,63,1839,563,545,855,1096.5269757872109
medium_008,medium,494.53704925194336,63,1839,563,545,856,1137.5681842276936
medium_008,medium,494.53704925194336,63,1839,563,545,879,1271.2848246804458
medium_008,medium,494.53704925194336,63,1839,563,545,1578,569.3667596827515
medium_008,medium,494.53704925194336,63,1839,563,545,1632,581.6198929131913
medium_008,medium,494.53704925194336,63,1839,563,545,2120,1071.0127399123155
medium_008,medium,494.53704925194336,63,1839,563,545,2127,1156.2199083530604
medium_008,medium,494.53704925194336,63,1839,563,545,2351,530.204098373967
medium_008,medium,494.53704925194336,63,1839,563,545,2401,579.190581166918
medium_009,medium,691.8939037451232,34,2072,330,317,232,763.918268928422
medium_009,medium,691.8939037451232,34,2072,330,317,234,764.6363181367952
medium_009,medium,691.8939037451232,34,2072,330,317,242,782.0700724386761
medium_009,medium,691.8939037451232,34,2072,330,317,243,777.545119697908
medium_009,medium,691.8939037451232,34,2072,330,317,246,723.8452813080736
medium_009,medium,691.8939037451232,34,2072,330,317,248,776.2275976170042
medium_009,medium,691.8939037451232,34,2072,330,317,251,739.5401121841641
medium_009,medium,691.8939037451232,34,2072,330,317,256,768.9881700868604
medium_009,medium,691.8939037451232,34,2072,330,317,257,769.2622066296125
medium_009,medium,691.8939037451232,34,2072,330,317,258,771.9327390780578
medium_009,medium,691.8939037451232,34,2072,330,317,283,731.1338030338903
medium_009,medium,691.8939037451232,34,2072,330,317,286,733.1666804088445
medium_009,medium,691.8939037451232,34,2072,330,317,292,791.0757303526632
medium_009,medium,691.8939037451232,34,2072,330,317,308,855.0584920482906
medium_009,medium,691.8939037451232,34,2072,330,317,559,918.5851608244492
medium_009,medium,691.8939037451232,34,2072,330,317,612,783.8262053721527
medium_009,medium,691.8939037451232,34,2072,330,317,660,850.3967696255007
medium_009,medium,691.8939037451232,34,2072,330,317,661,850.5287386176349
medium_009,medium,691.8939037451232,34,2072,330,317,685,880.1608736557162
medium_009,medium,691.8939037451232,34,2072,330,317,722,1142.485097185778
medium_009,medium,691.8939037451232,34,2072,330,317,726,1098.3200030368484
medium_009,medium,691.8939037451232,34,2072,330,317,739,1102.8915538051856
medium_009,medium,691.8939037451232,34,2072,330,317,779,1142.3185845665853
medium_009,medium,691.8939037451232,34,2072,330,317,786,1105.8695920129426
medium_009,medium,691.8939037451232,34,2072,330,317,790,1100.3961399883997
medium_009,medium,691.8939037451232,34,2072,330,317,802,1131.293397016725
medium_009,medium,691.8939037451232,34,2072,330,317,808,1101.4342084641753
medium_009,medium,691.8939037451232,34,2072,330,317,816,1151.2904296853778
medium_009,medium,691.8939037451232,34,2072,330,317,826,1111.531783801262
medium_009,medium,691.8939037451232,34,2072,330,317,830,1153.6457404911112
medium_009,medium,691.8939037451232,34,2072,330,317,849,1134.768728106203
medium_009,medium,691.8939037451232,34,2072,330,317,861,1129.6830131791392
medium_009,medium,691.8939037451232,34,2072,330,317,884,1273.7293917313843
medium_009,medium,691.8939037451232,34,2072,330,317,889,1274.6280997294916
medium_010,medium,665.6235620941537,32,2070,332,319,232,763.918268928422
medium_010,medium,665.6235620941537,32,2070,332,319,246,723.8452813080736
medium_010,medium,665.6235620941537,32,2070,332,319,248,776.2275976170042
medium_010,medium,665.6235620941537,32,2070,332,319,255,741.1331389690446
medium_010,medium,665.6235620941537,32,2070,332,319,257,769.2622066296125
medium_010,medium,665.6235620941537,32,2070,332,319,271,722.0860074949834
medium_010,medium,665.6235620941537,32,2070,332,319,278,736.6488856813673
medium_010,medium,665.6235620941537,32,2070,332,319,289,755.8174037761935
medium_010,medium,665.6235620941537,32,2070,332,319,301,795.7942232096024
medium_010,medium,665.6235620941537,32,2070,332,319,663,853.2729057192563
medium_010,medium,665.6235620941537,32,2070,332,319,667,859.0251779067675
medium_010,medium,665.6235620941537,32,2070,332,319,679,878.3678463498296
medium_010,medium,665.6235620941537,32,2070,332,319,680,879.1867045423667
medium_010,medium,665.6235620941537,32,2070,332,319,693,876.0121551052787
medium_010,medium,665.6235620941537,32,2070,332,319,721,1135.1104686998576
medium_010,medium,665.6235620941537,32,2070,332,319,723,1143.806275194721
medium_010,medium,665.6235620941537,32,2070,332,319,732,1146.165521679439
medium_010,medium,665.6235620941537,32,2070,332,319,749,1210.1334493568877
medium_010,medium,665.6235620941537,32,2070,332,319,760,1119.8363313824716
medium_010,medium,665.6235620941537,32,2070,332,319,769,1164.5676442602428
medium_010,medium,665.6235620941537,32,2070,332,319,782,1097.376304442961
medium_010,medium,665.6235620941537,32,2070,332,319,785,1182.824165791707
medium_010,medium,665.6235620941537,32,2070,332,319,792,1143.9963305260364
medium_010,medium,665.6235620941537,32,2070,332,319,793,1107.205757945819
medium_010,medium,665.6235620941537,32,2070,332,319,814,1116.1559070013082
medium_010,medium,665.6235620941537,32,2070,332,319,818,1138.23845373828
medium_010,medium,665.6235620941537,32,2070,332,319,827,1120.0285309828544
medium_010,medium,665.6235620941537,32,2070,332,319,833,1111.762169720502
medium_010,medium,665.6235620941537,32,2070,332,319,840,1125.2796058560573
medium_010,medium,665.6235620941537,32,2070,332,319,843,1112.991027606496
medium_010,medium,665.6235620941537,32,2070,332,319,855,1096.5269757872109
medium_010,medium,665.6235620941537,32,2070,332,319,877,1271.206147013221
medium_011,medium,550.3944812366436,33,1934,468,451,35,573.4422045253662
medium_011,medium,550.3944812366436,33,1934,468,451,102,581.0680247760782
medium_011,medium,550.3944812366436,33,1934,468,451,118,583.5538675311226
medium_011,medium,550.3944812366436,33,1934,468,451,160,574.2222149877653
medium_011,medium,550.3944812366436,33,1934,468,451,168,613.9619710590961
medium_011,medium,550.3944812366436,33,1934,468,451,174,635.3527206466514
medium_011,medium,550.3944812366436,33,1934,468,451,189,619.9981913750346
medium_011,medium,550.3944812366436,33,1934,468,451,207,609.1159741463416
medium_011,medium,550.3944812366436,33,1934,468,451,219,622.2095918221763
medium_011,medium,550.3944812366436,33,1934,468,451,221,624.5658437711894
medium_011,medium,550.3944812366436,33,1934,468,451,232,763.918268928422
medium_011,medium,550.3944812366436,33,1934,468,451,241,704.5044395321854
medium_011,medium,550.3944812366436,33,1934,468,451,257,769.2622066296125
medium_011,medium,550.3944812366436,33,1934,468,451,281,727.8525166159158
medium_011,medium,550.3944812366436,33,1934,468,451,287,734.889611868277
medium_011,medium,550.3944812366436,33,1934,468,451,292,791.0757303526632
medium_011,medium,550.3944812366436,33,1934,468,451,293,797.492880521103
medium_011,medium,550.3944812366436,33,1934,468,451,560,920.8678640252526
medium_011,medium,550.3944812366436,33,1934,468,451,679,878.3678463498296
medium_011,medium,550.3944812366436,33,1934,468,451,685,880.1608736557162
medium_011,medium,550.3944812366436,33,1934,468,451,689,1015.228784176087
medium_011,medium,550.3944812366436,33,1934,468,451,729,1126.0204809400796
medium_011,medium,550.3944812366436,33,1934,468,451,745,1186.9688713964313
medium_011,medium,550.3944812366436,33,1934,468,451,754,1177.7909280562124
medium_011,medium,550.3944812366436,33,1934,468,451,763,1161.4285069396392
medium_011,medium,550.3944812366436,33,1934,468,451,767,1163.7838177453723
medium_011,medium,550.3944812366436,33,1934,468,451,784,1105.7676898989412
medium_011,medium,550.3944812366436,33,1934,468,451,802,1131.293397016725
medium_011,medium,550.3944812366436,33,1934,468,451,831,1154.3756993787606
medium_011,medium,550.3944812366436,33,1934,468,451,878,1268.8931727300148
medium_011,medium,550.3944812366436,33,1934,468,451,888,1268.1572263956607
medium_011,medium,550.3944812366436,33,1934,468,451,1642,575.0416703683833
medium_011,medium,550.3944812366436,33,1934,468,451,2120,1071.0127399123155
medium_012,medium,602.3414256568367,37,2008,394,381,166,630.551539034505
medium_012,medium,602.3414256568367,37,2008,394,381,173,620.516176598878
medium_012,medium,602.3414256568367,37,2008,394,381,178,616.9374987130412
medium_012,medium,602.3414256568367,37,2008,394,381,185,627.6365491407637
medium_012,medium,602.3414256568367,37,2008,394,381,198,633.1514884243524
medium_012,medium,602.3414256568367,37,2008,394,381,204,629.0898556892763
medium_012,medium,602.3414256568367,37,2008,394,381,208,622.6010655091164
medium_012,medium,602.3414256568367,37,2008,394,381,213,637.0602938137882
medium_012,medium,602.3414256568367,37,2008,394,381,214,619.8495796815889
medium_012,medium,602.3414256568367,37,2008,394,381,220,623.0573501433687
medium_012,medium,602.3414256568367,37,2008,394,381,292,791.0757303526632
medium_012,medium,602.3414256568367,37,2008,394,381,301,795.7942232096024
medium_012,medium,602.3414256568367,37,2008,394,381,303,813.4413863978074
medium_012,medium,602.3414256568367,37,2008,394,381,305,822.7840021173001
medium_012,medium,602.3414256568367,37,2008,394,381,558,916.9651197173056
medium_012,medium,602.3414256568367,37,2008,394,381,660,850.3967696255007
medium_012,medium,602.3414256568367,37,2008,394,381,663,853.2729057192563
medium_012,medium,602.3414256568367,37,2008,394,381,672,864.7774500942786
medium_012,medium,602.3414256568367,37,2008,394,381,677,874.8857020634634
medium_012,medium,602.3414256568367,37,2008,394,381,680,879.1867045423667
medium_012,medium,602.3414256568367,37,2008,394,381,692,1044.6003545405756
medium_012,medium,602.3414256568367,37,2008,394,381,723,1143.806275194721
medium_012,medium,602.3414256568367,37,2008,394,381,724,1144.466864199192
medium_012,medium,602.3414256568367,37,2008,394,381,726,1098.3200030368484
medium_012,medium,602.3414256568367,37,2008,394,381,748,1208.4949722162542
medium_012,medium,602.3414256568367,37,2008,394,381,749,1210.1334493568877
medium_012,medium,602.3414256568367,37,2008,394,381,771,1140.640838607134
medium_012,medium,602.3414256568367,37,2008,394,381,772,1115.35481018765
medium_012,medium,602.3414256568367,37,2008,394,381,783,1104.7371536552787
medium_012,medium,602.3414256568367,37,2008,394,381,821,1111.5199620864523
medium_012,medium,602.3414256568367,37,2008,394,381,837,1118.4706240511196
medium_012,medium,602.3414256568367,37,2008,394,381,857,1138.483736822536
medium_012,medium,602.3414256568367,37,2008,394,381,860,1157.9617541030311
medium_012,medium,602.3414256568367,37,2008,394,381,877,1271.206147013221
medium_012,medium,602.3414256568367,37,2008,394,381,882,1272.4677693723029
medium_012,medium,602.3414256568367,37,2008,394,381,888,1268.1572263956607
medium_012,medium,602.3414256568367,37,2008,394,381,2129,1157.5371237153752
medium_013,medium,636.8667846123277,26,2064,338,325,233,764.3577268556213
medium_013,medium,636.8667846123277,26,2064,338,325,253,744.5458090200331
medium_013,medium,636.8667846123277,26,2064,338,325,257,769.2622066296125
medium_013,medium,636.8667846123277,26,2064,338,325,289,755.8174037761935
medium_013,medium,636.8667846123277,26,2064,338,325,312,885.945422671182
medium_013,medium,636.8667846123277,26,2064,338,325,662,852.7936153329628
medium_013,medium,636.8667846123277,26,2064,338,325,663,853.2729057192563
medium_013,medium,636.8667846123277,26,2064,338,325,666,858.0401089193623
medium_013,medium,636.8667846123277,26,2064,338,325,671,862.9555404633387
medium_013,medium,636.8667846123277,26,2064,338,325,719,1125.3097831820191
medium_013,medium,636.8667846123277,26,2064,338,325,736,1098.9368667477013
medium_013,medium,636.8667846123277,26,2064,338,325,780,1162.9308921908653
medium_013,medium,636.8667846123277,26,2064,338,325,792,1143.9963305260364
medium_013,medium,636.8667846123277,26,2064,338,325,817,1136.5397964267793
medium_013,medium,636.8667846123277,26,2064,338,325,821,1111.5199620864523
medium_013,medium,636.8667846123277,26,2064,338,325,833,1111.762169720502
medium_013,medium,636.8667846123277,26,2064,338,325,851,1132.5503482057666
medium_013,medium,636.8667846123277,26,2064,338,325,866,1114.2198854924902
medium_013,medium,636.8667846123277,26,2064,338,325,871,1268.939125952293
medium_013,medium,636.8667846123277,26,2064,338,325,873,1269.2728941751493
medium_013,medium,636.8667846123277,26,2064,338,325,874,1269.9445246541393
medium_013,medium,636.8667846123277,26,2064,338,325,876,1270.6116955637349
medium_013,medium,636.8667846123277,26,2064,338,325,880,1271.9504969523205
medium_013,medium,636.8667846123277,26,2064,338,325,888,1268.1572263956607
medium_013,medium,636.8667846123277,26,2064,338,325,889,1274.6280997294916
medium_013,medium,636.8667846123277,26,2064,338,325,2128,1156.6405760940884
medium_014,medium,630.1534281608883,44,2057,345,332,169,645.1317979643936
medium_014,medium,630.1534281608883,44,2057,345,332,253,744.5458090200331
medium_014,medium,630.1534281608883,44,2057,345,332,256,768.9881700868604
medium_014,medium,630.1534281608883,44,2057,345,332,266,748.0532756057235
medium_014,medium,630.1534281608883,44,2057,345,332,267,748.8727166111407
medium_014,medium,630.1534281608883,44,2057,345,332,271,722.0860074949834
medium_014,medium,630.1534281608883,44,2057,345,332,281,727.8525166159158
medium_014,medium,630.1534281608883,44,2057,345,332,282,729.6117904290061
medium_014,medium,630.1534281608883,44,2057,345,332,286,733.1666804088445
medium_014,medium,630.1534281608883,44,2057,345,332,307,841.721221646071
medium_014,medium,630.1534281608883,44,2057,345,332,562,968.0483241006698
medium_014,medium,630.1534281608883,44,2057,345,332,670,865.4132562353269
medium_014,medium,630.1534281608883,44,2057,345,332,672,864.7774500942786
medium_014,medium,630.1534281608883,44,2057,345,332,676,874.4986820923917
medium_014,medium,630.1534281608883,44,2057,345,332,680,879.1867045423667
medium_014,medium,630.1534281608883,44,2057,345,332,681,884.1715926797376
medium_014,medium,630.1534281608883,44,2057,345,332,683,883.3340998160396
medium_014,medium,630.1534281608883,44,2057,345,332,688,997.179500197734
medium_014,medium,630.1534281608883,44,2057,345,332,691,876.8579285771102
medium_014,medium,630.1534281608883,44,2057,345,332,718,1114.396098180208
medium_014,medium,630.1534281608883,44,2057,345,332,719,1125.3097831820191
medium_014,medium,630.1534281608883,44,2057,345,332,728,1150.3177954700438
medium_014,medium,630.1534281608883,44,2057,345,332,765,1171.156964817185
medium_014,medium,630.1534281608883,44,2057,345,332,772,1115.35481018765
medium_014,medium,630.1534281608883,44,2057,345,332,774,1115.4487433784843
medium_014,medium,630.1534281608883,44,2057,345,332,783,1104.7371536552787
medium_014,medium,630.1534281608883,44,2057,345,332,784,1105.7676898989412
medium_014,medium,630.1534281608883,44,2057,345,332,789,1107.0020303706065
medium_014,medium,630.1534281608883,44,2057,345,332,808,1101.4342084641753
medium_014,medium,630.1534281608883,44,2057,345,332,810,1110.533311834508
medium_014,medium,630.1534281608883,44,2057,345,332,814,1116.1559070013082
medium_014,medium,630.1534281608883,44,2057,345,332,824,1146.8870224843718
medium_014,medium,630.1534281608883,44,2057,345,332,847,1129.8553289698473
medium_014,medium,630.1534281608883,44,2057,345,332,850,1132.4818926305602
medium_014,medium,630.1534281608883,44,2057,345,332,855,1096.5269757872109
medium_014,medium,630.1534281608883,44,2057,345,332,857,1138.483736822536
medium_014,medium,630.1534281608883,44,2057,345,332,858,1123.894235291188
medium_014,medium,630.1534281608883,44,2057,345,332,859,1113.7966605165898
medium_014,medium,630.1534281608883,44,2057,345,332,865,1139.4652618653345
medium_014,medium,630.1534281608883,44,2057,345,332,873,1269.2728941751493
medium_014,medium,630.1534281608883,44,2057,345,332,885,1273.6305234085987
medium_014,medium,630.1534281608883,44,2057,345,332,886,1275.0961491826138
medium_014,medium,630.1534281608883,44,2057,345,332,1633,725.3110570878198
medium_014,medium,630.1534281608883,44,2057,345,332,1640,785.7118671703205
medium_015,medium,670.8700126191147,34,2071,331,318,228,715.0489122426226
medium_015,medium,670.8700126191147,34,2071,331,318,235,767.9255040032399
medium_015,medium,670.8700126191147,34,2071,331,318,237,719.4470967753481
medium_015,medium,670.8700126191147,34,2071,331,318,247,775.2447323366991
medium_015,medium,670.8700126191147,34,2071,331,318,272,722.9656444015285
medium_015,medium,670.8700126191147,34,2071,331,318,275,763.3412881681443
medium_015,medium,670.8700126191147,34,2071,331,318,280,725.0181306721499
medium_015,medium,670.8700126191147,34,2071,331,318,281,727.8525166159158
medium_015,medium,670.8700126191147,34,2071,331,318,294,792.9631275404379
medium_015,medium,670.8700126191147,34,2071,331,318,299,805.9861676410942
medium_015,medium,670.8700126191147,34,2071,331,318,561,957.07230995752
medium_015,medium,670.8700126191147,34,2071,331,318,610,704.9143610638639
medium_015,medium,670.8700126191147,34,2071,331,318,679,878.3678463498296
medium_015,medium,670.8700126191147,34,2071,331,318,692,1044.6003545405756
medium_015,medium,670.8700126191147,34,2071,331,318,693,876.0121551052787
medium_015,medium,670.8700126191147,34,2071,331,318,713,1092.021208883417
medium_015,medium,670.8700126191147,34,2071,331,318,714,1092.021208883417
medium_015,medium,670.8700126191147,34,2071,331,318,728,1150.3177954700438
medium_015,medium,670.8700126191147,34,2071,331,318,744,1183.999131525625
medium_015,medium,670.8700126191147,34,2071,331,318,746,1188.402538848707
medium_015,medium,670.8700126191147,34,2071,331,318,747,1207.1637096081572
medium_015,medium,670.8700126191147,34,2071,331,318,750,1159.5754002719627
medium_015,medium,670.8700126191147,34,2071,331,318,757,1103.6047152976148
medium_015,medium,670.8700126191147,34,2071,331,318,758,1132.7314650636029
medium_015,medium,670.8700126191147,34,2071,331,318,759,1094.8283184757104
medium_015,medium,670.8700126191147,34,2071,331,318,783,1104.7371536552787
medium_015,medium,670.8700126191147,34,2071,331,318,785,1182.824165791707
medium_015,medium,670.8700126191147,34,2071,331,318,829,1118.1112685946782
medium_015,medium,670.8700126191147,34,2071,331,318,847,1129.8553289698473
medium_015,medium,670.8700126191147,34,2071,331,318,858,1123.894235291188
medium_015,medium,670.8700126191147,34,2071,331,318,862,1129.839536500177
medium_015,medium,670.8700126191147,34,2071,331,318,879,1271.2848246804458
medium_015,medium,670.8700126191147,34,2071,331,318,883,1273.289298340906
medium_015,medium,670.8700126191147,34,2071,331,318,2128,1156.6405760940884
medium_016,medium,605.5053130321397,49,2013,389,376,179,624.6469523814883
medium_016,medium,605.5053130321397,49,2013,389,376,186,628.0419598824371
medium_016,medium,605.5053130321397,49,2013,389,376,187,631.1567374100101
medium_016,medium,605.5053130321397,49,2013,389,376,188,633.3793695780225
medium_016,medium,605.5053130321397,49,2013,389,376,194,624.2724036705002
medium_016,medium,605.5053130321397,49,2013,389,376,218,638.8837470116542
medium_016,medium,605.5053130321397,49,2013,389,376,224,635.77861527147
medium_016,medium,605.5053130321397,49,2013,389,376,234,764.6363181367952
medium_016,medium,605.5053130321397,49,2013,389,376,241,704.5044395321854
medium_016,medium,605.5053130321397,49,2013,389,376,247,775.2447323366991
medium_016,medium,605.5053130321397,49,2013,389,376,256,768.9881700868604
medium_016,medium,605.5053130321397,49,2013,389,376,260,703.866668997987
medium_016,medium,605.5053130321397,49,2013,389,376,262,705.9500527835837
medium_016,medium,605.5053130321397,49,2013,389,376,269,751.6555387261159
medium_016,medium,605.5053130321397,49,2013,389,376,289,755.8174037761935
medium_016,medium,605.5053130321397,49,2013,389,376,299,805.9861676410942
medium_016,medium,605.5053130321397,49,2013,389,376,306,836.6563703674675
medium_016,medium,605.5053130321397,49,2013,389,376,310,891.7824972023876
medium_016,medium,605.5053130321397,49,2013,389,376,313,869.8745588923454
medium_016,medium,605.5053130321397,49,2013,389,376,556,651.6748728791499
medium_016,medium,605.5053130321397,49,2013,389,376,563,969.5167354608644
medium_016,medium,605.5053130321397,49,2013,389,376,662,852.7936153329628
medium_016,medium,605.5053130321397,49,2013,389,376,670,865.4132562353269
medium_016,medium,605.5053130321397,49,2013,389,376,689,1015.228784176087
medium_016,medium,605.5053130321397,49,2013,389,376,690,1020.4483100972795
medium_016,medium,605.5053130321397,49,2013,389,376,712,1093.2092365526646
medium_016,medium,605.5053130321397,49,2013,389,376,734,1148.3360284566295
medium_016,medium,605.5053130321397,49,2013,389,376,738,1102.472276939951
medium_016,medium,605.5053130321397,49,2013,389,376,742,1169.6208925207304
medium_016,medium,605.5053130321397,49,2013,389,376,743,1178.004437668996
medium_016,medium,605.5053130321397,49,2013,389,376,749,1210.1334493568877
medium_016,medium,605.5053130321397,49,2013,389,376,752,1170.480749365544
medium_016,medium,605.5053130321397,49,2013,389,376,766,1176.2635556841838
medium_016,medium,605.5053130321397,49,2013,389,376,769,1164.5676442602428
medium_016,medium,605.5053130321397,49,2013,389,376,772,1115.35481018765
medium_016,medium,605.5053130321397,49,2013,389,376,776,1100.2550957668627
medium_016,medium,605.5053130321397,49,2013,389,376,791,1124.702251920918
medium_016,medium,605.5053130321397,49,2013,389,376,792,1143.9963305260364
medium_016,medium,605.5053130321397,49,2013,389,376,810,1110.533311834508
medium_016,medium,605.5053130321397,49,2013,389,376,814,1116.1559070013082
medium_016,medium,605.5053130321397,49,2013,389,376,815,1127.9379049549634
medium_016,medium,605.5053130321397,49,2013,389,376,825,1101.5733247860242
medium_016,medium,605.5053130321397,49,2013,389,376,832,1097.7384767562562
medium_016,medium,605.5053130321397,49,2013,389,376,843,1112.991027606496
medium_016,medium,605.5053130321397,49,2013,389,376,876,1270.6116955637349
medium_016,medium,605.5053130321397,49,2013,389,376,881,1272.4576740445225
medium_016,medium,605.5053130321397,49,2013,389,376,1633,725.3110570878198
medium_016,medium,605.5053130321397,49,2013,389,376,1636,706.8261179712829
medium_016,medium,605.5053130321397,49,2013,389,376,2130,1157.8976543125116
medium_017,medium,562.4327529750543,42,1955,447,430,61,593.1181274853875
medium_017,medium,562.4327529750543,42,1955,447,430,122,592.3220939303952
medium_017,medium,562.4327529750543,42,1955,447,430,156,589.311449901004
medium_017,medium,562.4327529750543,42,1955,447,430,170,607.9978914756795
medium_017,medium,562.4327529750543,42,1955,447,430,175,618.0237267285152
medium_017,medium,562.4327529750543,42,1955,447,430,191,609.6966418852185
medium_017,medium,562.4327529750543,42,1955,447,430,203,614.9774099260135
medium_017,medium,562.4327529750543,42,1955,447,430,205,615.3840133137422
medium_017,medium,562.4327529750543,42,1955,447,430,208,606.4167645088199
medium_017,medium,562.4327529750543,42,1955,447,430,218,621.8553402455648
medium_017,medium,562.4327529750543,42,1955,447,430,239,721.2063705884383
medium_017,medium,562.4327529750543,42,1955,447,430,244,709.1814234496412
medium_017,medium,562.4327529750543,42,1955,447,430,249,726.1909800362263
medium_017,medium,562.4327529750543,42,1955,447,430,257,769.2622066296125
medium_017,medium,562.4327529750543,42,1955,447,430,260,703.866668997987
medium_017,medium,562.4327529750543,42,1955,447,430,261,744.7201966230584
medium_017,medium,562.4327529750543,42,1955,447,430,272,722.9656444015285
medium_017,medium,562.4327529750543,42,1955,447,430,274,759.2188466252522
medium_017,medium,562.4327529750543,42,1955,447,430,285,733.1303380551867
medium_017,medium,562.4327529750543,42,1955,447,430,305,822.7840021173001
medium_017,medium,562.4327529750543,42,1955,447,430,559,918.5851608244492
medium_017,medium,562.4327529750543,42,1955,447,430,569,594.7525871020771
medium_017,medium,562.4327529750543,42,1955,447,430,671,862.9555404633387
medium_017,medium,562.4327529750543,42,1955,447,430,677,874.8857020634634
medium_017,medium,562.4327529750543,42,1955,447,430,682,872.9400105123696
medium_017,medium,562.4327529750543,42,1955,447,430,691,876.8579285771102
medium_017,medium,562.4327529750543,42,1955,447,430,721,1135.1104686998576
medium_017,medium,562.4327529750543,42,1955,447,430,734,1148.3360284566295
medium_017,medium,562.4327529750543,42,1955,447,430,735,1149.5628365836842
medium_017,medium,562.4327529750543,42,1955,447,430,767,1163.7838177453723
medium_017,medium,562.4327529750543,42,1955,447,430,772,1115.35481018765
medium_017,medium,562.4327529750543,42,1955,447,430,796,1170.8904248842873
medium_017,medium,562.4327529750543,42,1955,447,430,816,1151.2904296853778
medium_017,medium,562.4327529750543,42,1955,447,430,824,1146.8870224843718
medium_017,medium,562.4327529750543,42,1955,447,430,828,1120.773793810872
medium_017,medium,562.4327529750543,42,1955,447,430,840,1125.2796058560573
medium_017,medium,562.4327529750543,42,1955,447,430,848,1131.3494542728963
medium_017,medium,562.4327529750543,42,1955,447,430,853,1095.6776471314606
medium_017,medium,562.4327529750543,42,1955,447,430,859,1113.7966605165898
medium_017,medium,562.4327529750543,42,1955,447,430,878,1268.8931727300148
medium_017,medium,562.4327529750543,42,1955,447,430,1635,755.7064979418459
medium_017,medium,562.4327529750543,42,1955,447,430,2128,1156.6405760940884
medium_018,medium,492.0319501590705,48,1837,565,547,39,518.0818589418556
medium_018,medium,492.0319501590705,48,1837,565,547,52,524.7460458840903
medium_018,medium,492.0319501590705,48,1837,565,547,53,518.5558409373285
medium_018,medium,492.0319501590705,48,1837,565,547,70,519.5038049282745
medium_018,medium,492.0319501590705,48,1837,565,547,79,533.225597578368
medium_018,medium,492.0319501590705,48,1837,565,547,87,574.6764779243159
medium_018,medium,492.0319501590705,48,1837,565,547,88,525.2250835743056
medium_018,medium,492.0319501590705,48,1837,565,547,110,556.8657118804326
medium_018,medium,492.0319501590705,48,1837,565,547,112,526.6419738659824
medium_018,medium,492.0319501590705,48,1837,565,547,113,547.3769791759141
medium_018,medium,492.0319501590705,48,1837,565,547,120,536.6027569441044
medium_018,medium,492.0319501590705,48,1837,565,547,122,564.4450603297464
medium_018,medium,492.0319501590705,48,1837,565,547,134,541.2543826152855
medium_018,medium,492.0319501590705,48,1837,565,547,150,566.2403485980898
medium_018,medium,492.0319501590705,48,1837,565,547,158,560.0983754638328
medium_018,medium,492.0319501590705,48,1837,565,547,167,612.5177912356361
medium_018,medium,492.0319501590705,48,1837,565,547,169,631.0913679960114
medium_018,medium,492.0319501590705,48,1837,565,547,209,625.4030488715214
medium_018,medium,492.0319501590705,48,1837,565,547,211,637.2097320426789
medium_018,medium,492.0319501590705,48,1837,565,547,236,718.567459868803
medium_018,medium,492.0319501590705,48,1837,565,547,245,711.1372530473017
medium_018,medium,492.0319501590705,48,1837,565,547,247,775.2447323366991
medium_018,medium,492.0319501590705,48,1837,565,547,286,733.1666804088445
medium_018,medium,492.0319501590705,48,1837,565,547,306,836.6563703674675
medium_018,medium,492.0319501590705,48,1837,565,547,312,885.945422671182
medium_018,medium,492.0319501590705,48,1837,565,547,365,511.50860391933605
medium_018,medium,492.0319501590705,48,1837,565,547,560,920.8678640252526
medium_018,medium,492.0319501590705,48,1837,565,547,564,504.81195963742493
medium_018,medium,492.0319501590705,48,1837,565,547,669,861.901314000523
medium_018,medium,492.0319501590705,48,1837,565,547,676,874.4986820923917
medium_018,medium,492.0319501590705,48,1837,565,547,692,1044.6003545405756
medium_018,medium,492.0319501590705,48,1837,565,547,723,1143.806275194721
medium_018,medium,492.0319501590705,48,1837,565,547,726,1098.3200030368484
medium_018,medium,492.0319501590705,48,1837,565,547,727,1121.7062769423055
medium_018,medium,492.0319501590705,48,1837,565,547,733,1147.6754394521583
medium_018,medium,492.0319501590705,48,1837,565,547,746,1188.402538848707
medium_018,medium,492.0319501590705,48,1837,565,547,762,1158.970791167651
medium_018,medium,492.0319501590705,48,1837,565,547,764,1160.509740351526
medium_018,medium,492.0319501590705,48,1837,565,547,818,1138.23845373828
medium_018,medium,492.0319501590705,48,1837,565,547,820,1116.9127171193848
medium_018,medium,492.0319501590705,48,1837,565,547,831,1154.3756993787606
medium_018,medium,492.0319501590705,48,1837,565,547,850,1132.4818926305602
medium_018,medium,492.0319501590705,48,1837,565,547,853,1095.6776471314606
medium_018,medium,492.0319501590705,48,1837,565,547,881,1272.4576740445225
medium_018,medium,492.0319501590705,48,1837,565,547,1631,575.0416703683833
medium_018,medium,492.0319501590705,48,1837,565,547,1643,575.0416703683833
medium_018,medium,492.0319501590705,48,1837,565,547,2130,1157.8976543125116
medium_018,medium,492.0319501590705,48,1837,565,547,2339,512.1638005265667
medium_019,medium,663.1185517253509,33,2070,332,319,228,715.0489122426226
medium_019,medium,663.1185517253509,33,2070,332,319,243,777.545119697908
medium_019,medium,663.1185517253509,33,2070,332,319,257,769.2622066296125
medium_019,medium,663.1185517253509,33,2070,332,319,267,748.8727166111407
medium_019,medium,663.1185517253509,33,2070,332,319,273,759.0496578102923
medium_019,medium,663.1185517253509,33,2070,332,319,276,763.0386320218769
medium_019,medium,663.1185517253509,33,2070,332,319,277,756.9990065157943
medium_019,medium,663.1185517253509,33,2070,332,319,293,797.492880521103
medium_019,medium,663.1185517253509,33,2070,332,319,294,792.9631275404379
medium_019,medium,663.1185517253509,33,2070,332,319,301,795.7942232096024
medium_019,medium,663.1185517253509,33,2070,332,319,310,891.7824972023876
medium_019,medium,663.1185517253509,33,2070,332,319,561,957.07230995752
medium_019,medium,663.1185517253509,33,2070,332,319,659,847.5206335317451
medium_019,medium,663.1185517253509,33,2070,332,319,665,856.1490418130119
medium_019,medium,663.1185517253509,33,2070,332,319,674,881.1323960934606
medium_019,medium,663.1185517253509,33,2070,332,319,680,879.1867045423667
medium_019,medium,663.1185517253509,33,2070,332,319,690,1020.4483100972795
medium_019,medium,663.1185517253509,33,2070,332,319,718,1114.396098180208
medium_019,medium,663.1185517253509,33,2070,332,319,725,1145.4105627930794
medium_019,medium,663.1185517253509,33,2070,332,319,731,1144.224497146102
medium_019,medium,663.1185517253509,33,2070,332,319,737,1096.5400867648111
medium_019,medium,663.1185517253509,33,2070,332,319,759,1094.8283184757104
medium_019,medium,663.1185517253509,33,2070,332,319,805,1110.399345443598
medium_019,medium,663.1185517253509,33,2070,332,319,846,1128.3296187274575
medium_019,medium,663.1185517253509,33,2070,332,319,848,1131.3494542728963
medium_019,medium,663.1185517253509,33,2070,332,319,860,1157.9617541030311
medium_019,medium,663.1185517253509,33,2070,332,319,871,1268.939125952293
medium_019,medium,663.1185517253509,33,2070,332,319,872,1268.1572263956607
medium_019,medium,663.1185517253509,33,2070,332,319,875,1270.1119753163694
medium_019,medium,663.1185517253509,33,2070,332,319,877,1271.206147013221
medium_019,medium,663.1185517253509,33,2070,332,319,879,1271.2848246804458
medium_019,medium,663.1185517253509,33,2070,332,319,888,1268.1572263956607
medium_019,medium,663.1185517253509,33,2070,332,319,2127,1156.2199083530604
high_000,high,656.5621091645941,56,2069,333,320,225,686.8882837663361
high_000,high,656.5621091645941,56,2069,333,320,230,716.8081860557128
high_000,high,656.5621091645941,56,2069,333,320,233,764.3577268556213
high_000,high,656.5621091645941,56,2069,333,320,243,777.545119697908
high_000,high,656.5621091645941,56,2069,333,320,264,752.8830932478699
high_000,high,656.5621091645941,56,2069,333,320,270,752.586033110136
high_000,high,656.5621091645941,56,2069,333,320,271,722.0860074949834
high_000,high,656.5621091645941,56,2069,333,320,275,763.3412881681443
high_000,high,656.5621091645941,56,2069,333,320,281,727.8525166159158
high_000,high,656.5621091645941,56,2069,333,320,282,729.6117904290061
high_000,high,656.5621091645941,56,2069,333,320,283,731.1338030338903
high_000,high,656.5621091645941,56,2069,333,320,289,755.8174037761935
high_000,high,656.5621091645941,56,2069,333,320,295,792.0194289465505
high_000,high,656.5621091645941,56,2069,333,320,298,803.8156609201523
high_000,high,656.5621091645941,56,2069,333,320,310,891.7824972023876
high_000,high,656.5621091645941,56,2069,333,320,557,867.6535861880342
high_000,high,656.5621091645941,56,2069,333,320,562,968.0483241006698
high_000,high,656.5621091645941,56,2069,333,320,663,853.2729057192563
high_000,high,656.5621091645941,56,2069,333,320,665,856.1490418130119
high_000,high,656.5621091645941,56,2069,333,320,666,858.0401089193623
high_000,high,656.5621091645941,56,2069,333,320,670,865.4132562353269
high_000,high,656.5621091645941,56,2069,333,320,674,881.1323960934606
high_000,high,656.5621091645941,56,2069,333,320,675,882.1426406128816
high_000,high,656.5621091645941,56,2069,333,320,686,872.3255815693725
high_000,high,656.5621091645941,56,2069,333,320,687,877.4458225575544
high_000,high,656.5621091645941,56,2069,333,320,692,1044.6003545405756
high_000,high,656.5621091645941,56,2069,333,320,719,1125.3097831820191
high_000,high,656.5621091645941,56,2069,333,320,730,1142.6884248496474
high_000,high,656.5621091645941,56,2069,333,320,734,1148.3360284566295
high_000,high,656.5621091645941,56,2069,333,320,736,1098.9368667477013
high_000,high,656.5621091645941,56,2069,333,320,738,1102.472276939951
high_000,high,656.5621091645941,56,2069,333,320,758,1132.7314650636029
high_000,high,656.5621091645941,56,2069,333,320,763,1161.4285069396392
high_000,high,656.5621091645941,56,2069,333,320,768,1163.1520963694118
high_000,high,656.5621091645941,56,2069,333,320,775,1122.207461263148
high_000,high,656.5621091645941,56,2069,333,320,776,1100.2550957668627
high_000,high,656.5621091645941,56,2069,333,320,783,1104.7371536552787
high_000,high,656.5621091645941,56,2069,333,320,793,1107.205757945819
high_000,high,656.5621091645941,56,2069,333,320,797,1108.1344687282703
high_000,high,656.5621091645941,56,2069,333,320,810,1110.533311834508
high_000,high,656.5621091645941,56,2069,333,320,815,1127.9379049549634
high_000,high,656.5621091645941,56,2069,333,320,816,1151.2904296853778
high_000,high,656.5621091645941,56,2069,333,320,817,1136.5397964267793
high_000,high,656.5621091645941,56,2069,333,320,819,1116.7800059865813
high_000,high,656.5621091645941,56,2069,333,320,823,1131.3214903197725
high_000,high,656.5621091645941,56,2069,333,320,825,1101.5733247860242
high_000,high,656.5621091645941,56,2069,333,320,828,1120.773793810872
high_000,high,656.5621091645941,56,2069,333,320,830,1153.6457404911112
high_000,high,656.5621091645941,56,2069,333,320,855,1096.5269757872109
high_000,high,656.5621091645941,56,2069,333,320,863,1139.4114708125326
high_000,high,656.5621091645941,56,2069,333,320,879,1271.2848246804458
high_000,high,656.5621091645941,56,2069,333,320,888,1268.1572263956607
high_000,high,656.5621091645941,56,2069,333,320,1634,741.7407738218218
high_000,high,656.5621091645941,56,2069,333,320,1636,713.3465779371957
high_000,high,656.5621091645941,56,2069,333,320,1640,785.7118671703205
high_000,high,656.5621091645941,56,2069,333,320,2130,1157.8976543125116
high_001,high,652.2738871091844,56,2067,335,322,225,686.8700573727177
high_001,high,652.2738871091844,56,2067,335,322,226,701.2099375318394
high_001,high,652.2738871091844,56,2067,335,322,239,721.2063705884383
high_001,high,652.2738871091844,56,2067,335,322,244,709.1814234496412
high_001,high,652.2738871091844,56,2067,335,322,254,761.1536226430994
high_001,high,652.2738871091844,56,2067,335,322,259,742.1790231950798
high_001,high,652.2738871091844,56,2067,335,322,270,752.586033110136
high_001,high,652.2738871091844,56,2067,335,322,274,759.2188466252522
high_001,high,652.2738871091844,56,2067,335,322,281,727.8525166159158
high_001,high,652.2738871091844,56,2067,335,322,288,755.2578018465083
high_001,high,652.2738871091844,56,2067,335,322,298,803.8156609201523
high_001,high,652.2738871091844,56,2067,335,322,310,891.7824972023876
high_001,high,652.2738871091844,56,2067,335,322,315,868.930860298458
high_001,high,652.2738871091844,56,2067,335,322,559,918.5851608244492
high_001,high,652.2738871091844,56,2067,335,322,560,920.8678640252526
high_001,high,652.2738871091844,56,2067,335,322,647,705.5979696322863
high_001,high,652.2738871091844,56,2067,335,322,667,859.0251779067675
high_001,high,652.2738871091844,56,2067,335,322,672,864.7774500942786
high_001,high,652.2738871091844,56,2067,335,322,675,882.1426406128816
high_001,high,652.2738871091844,56,2067,335,322,677,874.8857020634634
high_001,high,652.2738871091844,56,2067,335,322,680,879.1867045423667
high_001,high,652.2738871091844,56,2067,335,322,686,872.3255815693725
high_001,high,652.2738871091844,56,2067,335,322,689,1015.228784176087
high_001,high,652.2738871091844,56,2067,335,322,712,1093.2092365526646
high_001,high,652.2738871091844,56,2067,335,322,726,1098.3200030368484
high_001,high,652.2738871091844,56,2067,335,322,731,1144.224497146102
high_001,high,652.2738871091844,56,2067,335,322,732,1146.165521679439
high_001,high,652.2738871091844,56,2067,335,322,742,1169.6208925207304
high_001,high,652.2738871091844,56,2067,335,322,747,1207.1637096081572
high_001,high,652.2738871091844,56,2067,335,322,751,1167.3043702725142
high_001,high,652.2738871091844,56,2067,335,322,762,1158.970791167651
high_001,high,652.2738871091844,56,2067,335,322,764,1160.509740351526
high_001,high,652.2738871091844,56,2067,335,322,767,1163.7838177453723
high_001,high,652.2738871091844,56,2067,335,322,770,1135.7248976428546
high_001,high,652.2738871091844,56,2067,335,322,777,1141.1639191768352
high_001,high,652.2738871091844,56,2067,335,322,786,1105.8695920129426
high_001,high,652.2738871091844,56,2067,335,322,788,1126.8197009547384
high_001,high,652.2738871091844,56,2067,335,322,796,1170.8904248842873
high_001,high,652.2738871091844,56,2067,335,322,805,1110.399345443598
high_001,high,652.2738871091844,56,2067,335,322,810,1110.533311834508
high_001,high,652.2738871091844,56,2067,335,322,814,1116.1559070013082
high_001,high,652.2738871091844,56,2067,335,322,822,1117.3827151283626
high_001,high,652.2738871091844,56,2067,335,322,829,1118.1112685946782
high_001,high,652.2738871091844,56,2067,335,322,833,1111.762169720502
high_001,high,652.2738871091844,56,2067,335,322,840,1125.2796058560573
high_001,high,652.2738871091844,56,2067,335,322,843,1112.991027606496
high_001,high,652.2738871091844,56,2067,335,322,856,1137.5681842276936
high_001,high,652.2738871091844,56,2067,335,322,872,1268.1572263956607
high_001,high,652.2738871091844,56,2067,335,322,884,1273.7293917313843
high_001,high,652.2738871091844,56,2067,335,322,885,1273.6305234085987
high_001,high,652.2738871091844,56,2067,335,322,886,1275.0961491826138
high_001,high,652.2738871091844,56,2067,335,322,1633,725.3110570878198
high_001,high,652.2738871091844,56,2067,335,322,1634,741.7407738218218
high_001,high,652.2738871091844,56,2067,335,322,1635,755.7064979418459
high_001,high,652.2738871091844,56,2067,335,322,1641,715.8193522041936
high_001,high,652.2738871091844,56,2067,335,322,2120,1071.0127399123155
high_002,high,742.5276625645746,63,2114,288,277,248,779.4480185061781
high_002,high,742.5276625645746,63,2114,288,277,253,769.8016501144797
high_002,high,742.5276625645746,63,2114,288,277,254,783.9421477940433
high_002,high,742.5276625645746,63,2114,288,277,266,802.4812241549375
high_002,high,742.5276625645746,63,2114,288,277,270,789.0827902032456
high_002,high,742.5276625645746,63,2114,288,277,299,805.9861676410942
high_002,high,742.5276625645746,63,2114,288,277,300,794.0955658981018
high_002,high,742.5276625645746,63,2114,288,277,306,836.6563703674675
high_002,high,742.5276625645746,63,2114,288,277,314,886.6723940435373
high_002,high,742.5276625645746,63,2114,288,277,315,868.930860298458
high_002,high,742.5276625645746,63,2114,288,277,560,920.8678640252526
high_002,high,742.5276625645746,63,2114,288,277,659,847.5206335317451
high_002,high,742.5276625645746,63,2114,288,277,663,853.2729057192563
high_002,high,742.5276625645746,63,2114,288,277,665,856.1490418130119
high_002,high,742.5276625645746,63,2114,288,277,666,858.0401089193623
high_002,high,742.5276625645746,63,2114,288,277,670,865.4132562353269
high_002,high,742.5276625645746,63,2114,288,277,675,882.1426406128816
high_002,high,742.5276625645746,63,2114,288,277,692,1044.6003545405756
high_002,high,742.5276625645746,63,2114,288,277,693,876.0121551052787
high_002,high,742.5276625645746,63,2114,288,277,718,1114.396098180208
high_002,high,742.5276625645746,63,2114,288,277,719,1125.3097831820191
high_002,high,742.5276625645746,63,2114,288,277,721,1135.1104686998576
high_002,high,742.5276625645746,63,2114,288,277,723,1143.806275194721
high_002,high,742.5276625645746,63,2114,288,277,726,1098.3200030368484
high_002,high,742.5276625645746,63,2114,288,277,736,1098.9368667477013
high_002,high,742.5276625645746,63,2114,288,277,742,1169.6208925207304
high_002,high,742.5276625645746,63,2114,288,277,750,1159.5754002719627
high_002,high,742.5276625645746,63,2114,288,277,754,1177.7909280562124
high_002,high,742.5276625645746,63,2114,288,277,766,1176.2635556841838
high_002,high,742.5276625645746,63,2114,288,277,772,1115.35481018765
high_002,high,742.5276625645746,63,2114,288,277,774,1115.4487433784843
high_002,high,742.5276625645746,63,2114,288,277,780,1162.9308921908653
high_002,high,742.5276625645746,63,2114,288,277,786,1105.8695920129426
high_002,high,742.5276625645746,63,2114,288,277,790,1100.3961399883997
high_002,high,742.5276625645746,63,2114,288,277,797,1108.1344687282703
high_002,high,742.5276625645746,63,2114,288,277,800,1154.7818403061826
high_002,high,742.5276625645746,63,2114,288,277,803,1109.2669070859342
high_002,high,742.5276625645746,63,2114,288,277,805,1110.399345443598
high_002,high,742.5276625645746,63,2114,288,277,808,1101.4342084641753
high_002,high,742.5276625645746,63,2114,288,277,809,1198.5230751367867
high_002,high,742.5276625645746,63,2114,288,277,816,1151.2904296853778
high_002,high,742.5276625645746,63,2114,288,277,819,1116.7800059865813
high_002,high,742.5276625645746,63,2114,288,277,822,1117.3827151283626
high_002,high,742.5276625645746,63,2114,288,277,824,1146.8870224843718
high_002,high,742.5276625645746,63,2114,288,277,831,1154.3756993787606
high_002,high,742.5276625645746,63,2114,288,277,834,1123.7435335596026
high_002,high,742.5276625645746,63,2114,288,277,840,1125.2796058560573
high_002,high,742.5276625645746,63,2114,288,277,853,1095.6776471314606
high_002,high,742.5276625645746,63,2114,288,277,856,1137.5681842276936
high_002,high,742.5276625645746,63,2114,288,277,859,1113.7966605165898
high_002,high,742.5276625645746,63,2114,288,277,863,1139.4114708125326
high_002,high,742.5276625645746,63,2114,288,277,866,1114.2198854924902
high_002,high,742.5276625645746,63,2114,288,277,871,1268.939125952293
high_002,high,742.5276625645746,63,2114,288,277,874,1269.9445246541393
high_002,high,742.5276625645746,63,2114,288,277,878,1268.8931727300148
high_002,high,742.5276625645746,63,2114,288,277,879,1271.2848246804458
high_002,high,742.5276625645746,63,2114,288,277,880,1271.9504969523205
high_002,high,742.5276625645746,63,2114,288,277,881,1272.4576740445225
high_002,high,742.5276625645746,63,2114,288,277,884,1273.7293917313843
high_002,high,742.5276625645746,63,2114,288,277,886,1275.0961491826138
high_002,high,742.5276625645746,63,2114,288,277,889,1274.6280997294916
high_002,high,742.5276625645746,63,2114,288,277,1635,800.9286746894088
high_002,high,742.5276625645746,63,2114,288,277,1640,801.2529592902592
high_003,high,723.6684923830551,50,2096,306,295,232,763.918268928422
high_003,high,723.6684923830551,50,2096,306,295,242,782.0700724386761
high_003,high,723.6684923830551,50,2096,306,295,249,747.7199703888969
high_003,high,723.6684923830551,50,2096,306,295,251,774.8636088107546
high_003,high,723.6684923830551,50,2096,306,295,261,781.9012991628758
high_003,high,723.6684923830551,50,2096,306,295,265,782.6031647109646
high_003,high,723.6684923830551,50,2096,306,295,283,779.6666656563029
high_003,high,723.6684923830551,50,2096,306,295,297,801.6451541992103
high_003,high,723.6684923830551,50,2096,306,295,299,805.9861676410942
high_003,high,723.6684923830551,50,2096,306,295,662,852.7936153329628
high_003,high,723.6684923830551,50,2096,306,295,667,859.0251779067675
high_003,high,723.6684923830551,50,2096,306,295,668,860.4978246913505
high_003,high,723.6684923830551,50,2096,306,295,669,861.901314000523
high_003,high,723.6684923830551,50,2096,306,295,674,881.1323960934606
high_003,high,723.6684923830551,50,2096,306,295,677,874.8857020634634
high_003,high,723.6684923830551,50,2096,306,295,681,884.1715926797376
high_003,high,723.6684923830551,50,2096,306,295,688,997.179500197734
high_003,high,723.6684923830551,50,2096,306,295,693,876.0121551052787
high_003,high,723.6684923830551,50,2096,306,295,720,1133.779206091761
high_003,high,723.6684923830551,50,2096,306,295,722,1142.485097185778
high_003,high,723.6684923830551,50,2096,306,295,724,1144.466864199192
high_003,high,723.6684923830551,50,2096,306,295,742,1169.6208925207304
high_003,high,723.6684923830551,50,2096,306,295,743,1178.004437668996
high_003,high,723.6684923830551,50,2096,306,295,753,1175.5139871010383
high_003,high,723.6684923830551,50,2096,306,295,756,1099.358071512624
high_003,high,723.6684923830551,50,2096,306,295,766,1176.2635556841838
high_003,high,723.6684923830551,50,2096,306,295,780,1162.9308921908653
high_003,high,723.6684923830551,50,2096,306,295,781,1136.326635037938
high_003,high,723.6684923830551,50,2096,306,295,783,1104.7371536552787
high_003,high,723.6684923830551,50,2096,306,295,784,1105.7676898989412
high_003,high,723.6684923830551,50,2096,306,295,789,1107.0020303706065
high_003,high,723.6684923830551,50,2096,306,295,794,1122.478687400357
high_003,high,723.6684923830551,50,2096,306,295,800,1154.7818403061826
high_003,high,723.6684923830551,50,2096,306,295,803,1109.2669070859342
high_003,high,723.6684923830551,50,2096,306,295,804,1110.0818940395743
high_003,high,723.6684923830551,50,2096,306,295,810,1110.533311834508
high_003,high,723.6684923830551,50,2096,306,295,811,1202.221217571362
high_003,high,723.6684923830551,50,2096,306,295,813,1095.461535872512
high_003,high,723.6684923830551,50,2096,306,295,816,1151.2904296853778
high_003,high,723.6684923830551,50,2096,306,295,817,1136.5397964267793
high_003,high,723.6684923830551,50,2096,306,295,823,1131.3214903197725
high_003,high,723.6684923830551,50,2096,306,295,828,1120.773793810872
high_003,high,723.6684923830551,50,2096,306,295,843,1112.991027606496
high_003,high,723.6684923830551,50,2096,306,295,856,1137.5681842276936
high_003,high,723.6684923830551,50,2096,306,295,858,1123.894235291188
high_003,high,723.6684923830551,50,2096,306,295,862,1129.839536500177
high_003,high,723.6684923830551,50,2096,306,295,870,1268.1572263956607
high_003,high,723.6684923830551,50,2096,306,295,1640,785.7118671703205
high_003,high,723.6684923830551,50,2096,306,295,2120,1071.0127399123155
high_003,high,723.6684923830551,50,2096,306,295,2130,1157.8976543125116
high_004,high,666.8146699106737,59,2070,332,319,225,701.8029299063423
high_004,high,666.8146699106737,59,2070,332,319,235,767.9255040032399
high_004,high,666.8146699106737,59,2070,332,319,245,711.1372530473017
high_004,high,666.8146699106737,59,2070,332,319,249,726.1909800362263
high_004,high,666.8146699106737,59,2070,332,319,250,735.1995577837987
high_004,high,666.8146699106737,59,2070,332,319,254,761.1536226430994
high_004,high,666.8146699106737,59,2070,332,319,255,741.1331389690446
high_004,high,666.8146699106737,59,2070,332,319,263,707.5657381166125
high_004,high,666.8146699106737,59,2070,332,319,266,748.0532756057235
high_004,high,666.8146699106737,59,2070,332,319,267,748.8727166111407
high_004,high,666.8146699106737,59,2070,332,319,276,763.0386320218769
high_004,high,666.8146699106737,59,2070,332,319,284,731.3710642420964
high_004,high,666.8146699106737,59,2070,332,319,286,733.1666804088445
high_004,high,666.8146699106737,59,2070,332,319,304,808.1566743620361
high_004,high,666.8146699106737,59,2070,332,319,310,891.7824972023876
high_004,high,666.8146699106737,59,2070,332,319,312,885.945422671182
high_004,high,666.8146699106737,59,2070,332,319,313,869.8745588923454
high_004,high,666.8146699106737,59,2070,332,319,315,868.930860298458
high_004,high,666.8146699106737,59,2070,332,319,557,867.6535861880342
high_004,high,666.8146699106737,59,2070,332,319,559,918.5851608244492
high_004,high,666.8146699106737,59,2070,332,319,660,850.3967696255007
high_004,high,666.8146699106737,59,2070,332,319,665,856.1490418130119
high_004,high,666.8146699106737,59,2070,332,319,675,882.1426406128816
high_004,high,666.8146699106737,59,2070,332,319,679,878.3678463498296
high_004,high,666.8146699106737,59,2070,332,319,681,884.1715926797376
high_004,high,666.8146699106737,59,2070,332,319,686,872.3255815693725
high_004,high,666.8146699106737,59,2070,332,319,691,876.8579285771102
high_004,high,666.8146699106737,59,2070,332,319,718,1114.396098180208
high_004,high,666.8146699106737,59,2070,332,319,721,1135.1104686998576
high_004,high,666.8146699106737,59,2070,332,319,732,1146.165521679439
high_004,high,666.8146699106737,59,2070,332,319,743,1178.004437668996
high_004,high,666.8146699106737,59,2070,332,319,759,1094.8283184757104
high_004,high,666.8146699106737,59,2070,332,319,762,1158.970791167651
high_004,high,666.8146699106737,59,2070,332,319,767,1163.7838177453723
high_004,high,666.8146699106737,59,2070,332,319,772,1115.35481018765
high_004,high,666.8146699106737,59,2070,332,319,773,1104.3296218520634
high_004,high,666.8146699106737,59,2070,332,319,779,1142.3185845665853
high_004,high,666.8146699106737,59,2070,332,319,780,1162.9308921908653
high_004,high,666.8146699106737,59,2070,332,319,788,1126.8197009547384
high_004,high,666.8146699106737,59,2070,332,319,794,1122.478687400357
high_004,high,666.8146699106737,59,2070,332,319,803,1109.2669070859342
high_004,high,666.8146699106737,59,2070,332,319,806,1144.838926089099
high_004,high,666.8146699106737,59,2070,332,319,807,1122.9046669337506
high_004,high,666.8146699106737,59,2070,332,319,814,1116.1559070013082
high_004,high,666.8146699106737,59,2070,332,319,817,1136.5397964267793
high_004,high,666.8146699106737,59,2070,332,319,819,1116.7800059865813
high_004,high,666.8146699106737,59,2070,332,319,830,1153.6457404911112
high_004,high,666.8146699106737,59,2070,332,319,837,1118.4706240511196
high_004,high,666.8146699106737,59,2070,332,319,845,1128.0445360385058
high_004,high,666.8146699106737,59,2070,332,319,850,1132.4818926305602
high_004,high,666.8146699106737,59,2070,332,319,854,1121.1575093914144
high_004,high,666.8146699106737,59,2070,332,319,857,1138.483736822536
high_004,high,666.8146699106737,59,2070,332,319,859,1113.7966605165898
high_004,high,666.8146699106737,59,2070,332,319,864,1179.8555615262176
high_004,high,666.8146699106737,59,2070,332,319,868,1145.793915513204
high_004,high,666.8146699106737,59,2070,332,319,871,1268.939125952293
high_004,high,666.8146699106737,59,2070,332,319,882,1272.4677693723029
high_004,high,666.8146699106737,59,2070,332,319,887,1274.8033727726752
high_004,high,666.8146699106737,59,2070,332,319,889,1274.6280997294916
high_005,high,690.473784829023,63,2072,330,317,230,716.8081860557128
high_005,high,690.473784829023,63,2072,330,317,231,717.6878229622579
high_005,high,690.473784829023,63,2072,330,317,233,764.3577268556213
high_005,high,690.473784829023,63,2072,330,317,235,767.9255040032399
high_005,high,690.473784829023,63,2072,330,317,239,729.3356977676242
high_005,high,690.473784829023,63,2072,330,317,241,721.687423276507
high_005,high,690.473784829023,63,2072,330,317,251,747.2988008074482
high_005,high,690.473784829023,63,2072,330,317,262,728.8218757807272
high_005,high,690.473784829023,63,2072,330,317,277,756.9990065157943
high_005,high,690.473784829023,63,2072,330,317,279,737.9100613094233
high_005,high,690.473784829023,63,2072,330,317,283,731.1338030338903
high_005,high,690.473784829023,63,2072,330,317,288,755.2578018465083
high_005,high,690.473784829023,63,2072,330,317,295,792.0194289465505
high_005,high,690.473784829023,63,2072,330,317,300,794.0955658981018
high_005,high,690.473784829023,63,2072,330,317,308,855.0584920482906
high_005,high,690.473784829023,63,2072,330,317,310,891.7824972023876
high_005,high,690.473784829023,63,2072,330,317,311,892.240215837471
high_005,high,690.473784829023,63,2072,330,317,312,885.945422671182
high_005,high,690.473784829023,63,2072,330,317,557,867.6535861880342
high_005,high,690.473784829023,63,2072,330,317,559,918.5851608244492
high_005,high,690.473784829023,63,2072,330,317,560,920.8678640252526
high_005,high,690.473784829023,63,2072,330,317,563,969.5167354608644
high_005,high,690.473784829023,63,2072,330,317,665,856.1490418130119
high_005,high,690.473784829023,63,2072,330,317,668,860.4978246913505
high_005,high,690.473784829023,63,2072,330,317,669,861.901314000523
high_005,high,690.473784829023,63,2072,330,317,670,865.4132562353269
high_005,high,690.473784829023,63,2072,330,317,674,881.1323960934606
high_005,high,690.473784829023,63,2072,330,317,675,882.1426406128816
high_005,high,690.473784829023,63,2072,330,317,680,879.1867045423667
high_005,high,690.473784829023,63,2072,330,317,683,883.3340998160396
high_005,high,690.473784829023,63,2072,330,317,685,880.1608736557162
high_005,high,690.473784829023,63,2072,330,317,686,872.3255815693725
high_005,high,690.473784829023,63,2072,330,317,721,1135.1104686998576
high_005,high,690.473784829023,63,2072,330,317,735,1149.5628365836842
high_005,high,690.473784829023,63,2072,330,317,740,1126.4060588978723
high_005,high,690.473784829023,63,2072,330,317,749,1210.1334493568877
high_005,high,690.473784829023,63,2072,330,317,751,1167.3043702725142
high_005,high,690.473784829023,63,2072,330,317,768,1163.1520963694118
high_005,high,690.473784829023,63,2072,330,317,774,1115.4487433784843
high_005,high,690.473784829023,63,2072,330,317,777,1141.1639191768352
high_005,high,690.473784829023,63,2072,330,317,790,1100.3961399883997
high_005,high,690.473784829023,63,2072,330,317,791,1124.702251920918
high_005,high,690.473784829023,63,2072,330,317,802,1131.293397016725
high_005,high,690.473784829023,63,2072,330,317,806,1144.838926089099
high_005,high,690.473784829023,63,2072,330,317,807,1122.9046669337506
high_005,high,690.473784829023,63,2072,330,317,812,1236.5718478288327
high_005,high,690.473784829023,63,2072,330,317,818,1138.23845373828
high_005,high,690.473784829023,63,2072,330,317,830,1153.6457404911112
high_005,high,690.473784829023,63,2072,330,317,839,1119.4425312027752
high_005,high,690.473784829023,63,2072,330,317,843,1112.991027606496
high_005,high,690.473784829023,63,2072,330,317,849,1134.768728106203
high_005,high,690.473784829023,63,2072,330,317,859,1113.7966605165898
high_005,high,690.473784829023,63,2072,330,317,860,1157.9617541030311
high_005,high,690.473784829023,63,2072,330,317,865,1139.4652618653345
high_005,high,690.473784829023,63,2072,330,317,866,1114.2198854924902
high_005,high,690.473784829023,63,2072,330,317,871,1268.939125952293
high_005,high,690.473784829023,63,2072,330,317,874,1269.9445246541393
high_005,high,690.473784829023,63,2072,330,317,883,1273.289298340906
high_005,high,690.473784829023,63,2072,330,317,886,1275.0961491826138
high_005,high,690.473784829023,63,2072,330,317,889,1274.6280997294916
high_005,high,690.473784829023,63,2072,330,317,1636,741.7582673747927
high_005,high,690.473784829023,63,2072,330,317,1637,747.1575745553248
high_005,high,690.473784829023,63,2072,330,317,1639,769.0413191402477
high_006,high,666.2010147119879,58,2070,332,319,236,718.567459868803
high_006,high,666.2010147119879,58,2070,332,319,250,735.1995577837987
high_006,high,666.2010147119879,58,2070,332,319,259,742.1790231950798
high_006,high,666.2010147119879,58,2070,332,319,261,744.7201966230584
high_006,high,666.2010147119879,58,2070,332,319,263,707.5657381166125
high_006,high,666.2010147119879,58,2070,332,319,265,746.123291778021
high_006,high,666.2010147119879,58,2070,332,319,274,759.2188466252522
high_006,high,666.2010147119879,58,2070,332,319,293,797.492880521103
high_006,high,666.2010147119879,58,2070,332,319,307,841.721221646071
high_006,high,666.2010147119879,58,2070,332,319,312,885.945422671182
high_006,high,666.2010147119879,58,2070,332,319,313,869.8745588923454
high_006,high,666.2010147119879,58,2070,332,319,314,886.6723940435373
high_006,high,666.2010147119879,58,2070,332,319,610,717.7916954404604
high_006,high,666.2010147119879,58,2070,332,319,660,850.3967696255007
high_006,high,666.2010147119879,58,2070,332,319,661,850.5287386176349
high_006,high,666.2010147119879,58,2070,332,319,665,856.1490418130119
high_006,high,666.2010147119879,58,2070,332,319,674,881.1323960934606
high_006,high,666.2010147119879,58,2070,332,319,677,874.8857020634634
high_006,high,666.2010147119879,58,2070,332,319,729,1126.0204809400796
high_006,high,666.2010147119879,58,2070,332,319,739,1102.8915538051856
high_006,high,666.2010147119879,58,2070,332,319,740,1126.4060588978723
high_006,high,666.2010147119879,58,2070,332,319,747,1207.1637096081572
high_006,high,666.2010147119879,58,2070,332,319,754,1177.7909280562124
high_006,high,666.2010147119879,58,2070,332,319,758,1132.7314650636029
high_006,high,666.2010147119879,58,2070,332,319,759,1094.8283184757104
high_006,high,666.2010147119879,58,2070,332,319,764,1160.509740351526
high_006,high,666.2010147119879,58,2070,332,319,765,1171.156964817185
high_006,high,666.2010147119879,58,2070,332,319,774,1115.4487433784843
high_006,high,666.2010147119879,58,2070,332,319,775,1122.207461263148
high_006,high,666.2010147119879,58,2070,332,319,779,1142.3185845665853
high_006,high,666.2010147119879,58,2070,332,319,782,1097.376304442961
high_006,high,666.2010147119879,58,2070,332,319,792,1143.9963305260364
high_006,high,666.2010147119879,58,2070,332,319,802,1131.293397016725
high_006,high,666.2010147119879,58,2070,332,319,804,1110.0818940395743
high_006,high,666.2010147119879,58,2070,332,319,821,1111.5199620864523
high_006,high,666.2010147119879,58,2070,332,319,826,1111.531783801262
high_006,high,666.2010147119879,58,2070,332,319,830,1153.6457404911112
high_006,high,666.2010147119879,58,2070,332,319,831,1154.3756993787606
high_006,high,666.2010147119879,58,2070,332,319,839,1119.4425312027752
high_006,high,666.2010147119879,58,2070,332,319,850,1132.4818926305602
high_006,high,666.2010147119879,58,2070,332,319,851,1132.5503482057666
high_006,high,666.2010147119879,58,2070,332,319,852,1152.488302190986
high_006,high,666.2010147119879,58,2070,332,319,855,1096.5269757872109
high_006,high,666.2010147119879,58,2070,332,319,858,1123.894235291188
high_006,high,666.2010147119879,58,2070,332,319,860,1157.9617541030311
high_006,high,666.2010147119879,58,2070,332,319,866,1114.2198854924902
high_006,high,666.2010147119879,58,2070,332,319,879,1271.2848246804458
high_006,high,666.2010147119879,58,2070,332,319,884,1273.7293917313843
high_006,high,666.2010147119879,58,2070,332,319,887,1274.8033727726752
high_006,high,666.2010147119879,58,2070,332,319,888,1268.1572263956607
high_006,high,666.2010147119879,58,2070,332,319,889,1274.6280997294916
high_006,high,666.2010147119879,58,2070,332,319,1634,741.7407738218218
high_006,high,666.2010147119879,58,2070,332,319,1637,705.9317497076264
high_006,high,666.2010147119879,58,2070,332,319,1639,769.0413191402477
high_006,high,666.2010147119879,58,2070,332,319,1640,785.7118671703205
high_006,high,666.2010147119879,58,2070,332,319,1641,715.8193522041936
high_006,high,666.2010147119879,58,2070,332,319,2127,1156.2199083530604
high_006,high,666.2010147119879,58,2070,332,319,2129,1157.5371237153752
high_007,high,615.8624215488242,72,2037,365,352,189,656.9828440789438
high_007,high,615.8624215488242,72,2037,365,352,200,637.8767589084316
high_007,high,615.8624215488242,72,2037,365,352,214,664.8326237307093
high_007,high,615.8624215488242,72,2037,365,352,217,670.9053842187368
high_007,high,615.8624215488242,72,2037,365,352,231,717.6878229622579
high_007,high,615.8624215488242,72,2037,365,352,234,764.6363181367952
high_007,high,615.8624215488242,72,2037,365,352,253,744.5458090200331
high_007,high,615.8624215488242,72,2037,365,352,264,752.8830932478699
high_007,high,615.8624215488242,72,2037,365,352,272,722.9656444015285
high_007,high,615.8624215488242,72,2037,365,352,282,729.6117904290061
high_007,high,615.8624215488242,72,2037,365,352,289,755.8174037761935
high_007,high,615.8624215488242,72,2037,365,352,293,797.492880521103
high_007,high,615.8624215488242,72,2037,365,352,296,799.4746474782684
high_007,high,615.8624215488242,72,2037,365,352,297,801.6451541992103
high_007,high,615.8624215488242,72,2037,365,352,299,805.9861676410942
high_007,high,615.8624215488242,72,2037,365,352,308,855.0584920482906
high_007,high,615.8624215488242,72,2037,365,352,313,869.8745588923454
high_007,high,615.8624215488242,72,2037,365,352,314,886.6723940435373
high_007,high,615.8624215488242,72,2037,365,352,555,667.9329185758286
high_007,high,615.8624215488242,72,2037,365,352,565,659.2320186463623
high_007,high,615.8624215488242,72,2037,365,352,610,673.8179495091474
high_007,high,615.8624215488242,72,2037,365,352,647,693.0799861672634
high_007,high,615.8624215488242,72,2037,365,352,661,850.5287386176349
high_007,high,615.8624215488242,72,2037,365,352,668,860.4978246913505
high_007,high,615.8624215488242,72,2037,365,352,674,881.1323960934606
high_007,high,615.8624215488242,72,2037,365,352,675,882.1426406128816
high_007,high,615.8624215488242,72,2037,365,352,676,874.4986820923917
high_007,high,615.8624215488242,72,2037,365,352,677,874.8857020634634
high_007,high,615.8624215488242,72,2037,365,352,678,875.5367505681673
high_007,high,615.8624215488242,72,2037,365,352,686,872.3255815693725
high_007,high,615.8624215488242,72,2037,365,352,692,1044.6003545405756
high_007,high,615.8624215488242,72,2037,365,352,712,1093.2092365526646
high_007,high,615.8624215488242,72,2037,365,352,713,1092.021208883417
high_007,high,615.8624215488242,72,2037,365,352,719,1125.3097831820191
high_007,high,615.8624215488242,72,2037,365,352,721,1135.1104686998576
high_007,high,615.8624215488242,72,2037,365,352,725,1145.4105627930794
high_007,high,615.8624215488242,72,2037,365,352,726,1098.3200030368484
high_007,high,615.8624215488242,72,2037,365,352,732,1146.165521679439
high_007,high,615.8624215488242,72,2037,365,352,735,1149.5628365836842
high_007,high,615.8624215488242,72,2037,365,352,736,1098.9368667477013
high_007,high,615.8624215488242,72,2037,365,352,737,1096.5400867648111
high_007,high,615.8624215488242,72,2037,365,352,742,1169.6208925207304
high_007,high,615.8624215488242,72,2037,365,352,744,1183.999131525625
high_007,high,615.8624215488242,72,2037,365,352,747,1207.1637096081572
high_007,high,615.8624215488242,72,2037,365,352,748,1208.4949722162542
high_007,high,615.8624215488242,72,2037,365,352,750,1159.5754002719627
high_007,high,615.8624215488242,72,2037,365,352,755,1134.8411391152786
high_007,high,615.8624215488242,72,2037,365,352,767,1163.7838177453723
high_007,high,615.8624215488242,72,2037,365,352,769,1164.5676442602428
high_007,high,615.8624215488242,72,2037,365,352,772,1115.35481018765
high_007,high,615.8624215488242,72,2037,365,352,778,1141.2547573973716
high_007,high,615.8624215488242,72,2037,365,352,784,1105.7676898989412
high_007,high,615.8624215488242,72,2037,365,352,789,1107.0020303706065
high_007,high,615.8624215488242,72,2037,365,352,802,1131.293397016725
high_007,high,615.8624215488242,72,2037,365,352,805,1110.399345443598
high_007,high,615.8624215488242,72,2037,365,352,819,1116.7800059865813
high_007,high,615.8624215488242,72,2037,365,352,823,1131.3214903197725
high_007,high,615.8624215488242,72,2037,365,352,825,1101.5733247860242
high_007,high,615.8624215488242,72,2037,365,352,826,1111.531783801262
high_007,high,615.8624215488242,72,2037,365,352,841,1112.95803013333
high_007,high,615.8624215488242,72,2037,365,352,842,1174.9483290179994
high_007,high,615.8624215488242,72,2037,365,352,844,1148.190695496094
high_007,high,615.8624215488242,72,2037,365,352,850,1132.4818926305602
high_007,high,615.8624215488242,72,2037,365,352,851,1132.5503482057666
high_007,high,615.8624215488242,72,2037,365,352,855,1096.5269757872109
high_007,high,615.8624215488242,72,2037,365,352,860,1157.9617541030311
high_007,high,615.8624215488242,72,2037,365,352,865,1139.4652618653345
high_007,high,615.8624215488242,72,2037,365,352,867,1149.0375236017474
high_007,high,615.8624215488242,72,2037,365,352,872,1268.1572263956607
high_007,high,615.8624215488242,72,2037,365,352,1633,725.3110570878198
high_007,high,615.8624215488242,72,2037,365,352,1645,652.5529988303327
high_007,high,615.8624215488242,72,2037,365,352,2126,1156.1034562630994
high_008,high,781.2532648139191,46,2143,259,248,242,809.6831525640722
high_008,high,781.2532648139191,46,2143,259,248,300,815.6053469985923
high_008,high,781.2532648139191,46,2143,259,248,301,822.3766055642313
high_008,high,781.2532648139191,46,2143,259,248,305,834.2775053710627
high_008,high,781.2532648139191,46,2143,259,248,306,836.6563703674675
high_008,high,781.2532648139191,46,2143,259,248,310,891.7824972023876
high_008,high,781.2532648139191,46,2143,259,248,311,892.240215837471
high_008,high,781.2532648139191,46,2143,259,248,314,886.6723940435373
high_008,high,781.2532648139191,46,2143,259,248,646,811.0626295091276
high_008,high,781.2532648139191,46,2143,259,248,666,858.0401089193623
high_008,high,781.2532648139191,46,2143,259,248,677,874.8857020634634
high_008,high,781.2532648139191,46,2143,259,248,678,875.5367505681673
high_008,high,781.2532648139191,46,2143,259,248,680,879.1867045423667
high_008,high,781.2532648139191,46,2143,259,248,693,876.0121551052787
high_008,high,781.2532648139191,46,2143,259,248,714,1092.021208883417
high_008,high,781.2532648139191,46,2143,259,248,721,1135.1104686998576
high_008,high,781.2532648139191,46,2143,259,248,723,1143.806275194721
high_008,high,781.2532648139191,46,2143,259,248,727,1121.7062769423055
high_008,high,781.2532648139191,46,2143,259,248,734,1148.3360284566295
high_008,high,781.2532648139191,46,2143,259,248,744,1183.999131525625
high_008,high,781.2532648139191,46,2143,259,248,746,1188.402538848707
high_008,high,781.2532648139191,46,2143,259,248,751,1167.3043702725142
high_008,high,781.2532648139191,46,2143,259,248,752,1170.480749365544
high_008,high,781.2532648139191,46,2143,259,248,771,1140.640838607134
high_008,high,781.2532648139191,46,2143,259,248,775,1122.207461263148
high_008,high,781.2532648139191,46,2143,259,248,778,1141.2547573973716
high_008,high,781.2532648139191,46,2143,259,248,783,1104.7371536552787
high_008,high,781.2532648139191,46,2143,259,248,786,1105.8695920129426
high_008,high,781.2532648139191,46,2143,259,248,796,1170.8904248842873
high_008,high,781.2532648139191,46,2143,259,248,798,1150.7073143638413
high_008,high,781.2532648139191,46,2143,259,248,805,1110.399345443598
high_008,high,781.2532648139191,46,2143,259,248,806,1144.838926089099
high_008,high,781.2532648139191,46,2143,259,248,810,1110.533311834508
high_008,high,781.2532648139191,46,2143,259,248,811,1202.221217571362
high_008,high,781.2532648139191,46,2143,259,248,814,1116.1559070013082
high_008,high,781.2532648139191,46,2143,259,248,828,1120.773793810872
high_008,high,781.2532648139191,46,2143,259,248,832,1097.7384767562562
high_008,high,781.2532648139191,46,2143,259,248,843,1112.991027606496
high_008,high,781.2532648139191,46,2143,259,248,847,1129.8553289698473
high_008,high,781.2532648139191,46,2143,259,248,854,1121.1575093914144
high_008,high,781.2532648139191,46,2143,259,248,855,1096.5269757872109
high_008,high,781.2532648139191,46,2143,259,248,866,1114.2198854924902
high_008,high,781.2532648139191,46,2143,259,248,867,1149.0375236017474
high_008,high,781.2532648139191,46,2143,259,248,868,1145.793915513204
high_008,high,781.2532648139191,46,2143,259,248,2127,1156.2199083530604
high_008,high,781.2532648139191,46,2143,259,248,2128,1156.6405760940884
high_009,high,632.0387967010969,68,2060,342,329,211,685.8816355238667
high_009,high,632.0387967010969,68,2060,342,329,231,717.6878229622579
high_009,high,632.0387967010969,68,2060,342,329,235,767.9255040032399
high_009,high,632.0387967010969,68,2060,342,329,238,720.3267336818932
high_009,high,632.0387967010969,68,2060,342,329,242,782.0700724386761
high_009,high,632.0387967010969,68,2060,342,329,251,739.5401121841641
high_009,high,632.0387967010969,68,2060,342,329,256,768.9881700868604
high_009,high,632.0387967010969,68,2060,342,329,259,742.1790231950798
high_009,high,632.0387967010969,68,2060,342,329,264,752.8830932478699
high_009,high,632.0387967010969,68,2060,342,329,268,749.3546624440785
high_009,high,632.0387967010969,68,2060,342,329,269,751.6555387261159
high_009,high,632.0387967010969,68,2060,342,329,271,722.0860074949834
high_009,high,632.0387967010969,68,2060,342,329,272,722.9656444015285
high_009,high,632.0387967010969,68,2060,342,329,273,759.0496578102923
high_009,high,632.0387967010969,68,2060,342,329,280,725.0181306721499
high_009,high,632.0387967010969,68,2060,342,329,284,731.3710642420964
high_009,high,632.0387967010969,68,2060,342,329,288,755.2578018465083
high_009,high,632.0387967010969,68,2060,342,329,289,755.8174037761935
high_009,high,632.0387967010969,68,2060,342,329,299,805.9861676410942
high_009,high,632.0387967010969,68,2060,342,329,312,885.945422671182
high_009,high,632.0387967010969,68,2060,342,329,313,869.8745588923454
high_009,high,632.0387967010969,68,2060,342,329,562,968.0483241006698
high_009,high,632.0387967010969,68,2060,342,329,671,862.9555404633387
high_009,high,632.0387967010969,68,2060,342,329,677,874.8857020634634
high_009,high,632.0387967010969,68,2060,342,329,679,878.3678463498296
high_009,high,632.0387967010969,68,2060,342,329,680,879.1867045423667
high_009,high,632.0387967010969,68,2060,342,329,683,883.3340998160396
high_009,high,632.0387967010969,68,2060,342,329,684,873.9128562879165
high_009,high,632.0387967010969,68,2060,342,329,712,1093.2092365526646
high_009,high,632.0387967010969,68,2060,342,329,719,1125.3097831820191
high_009,high,632.0387967010969,68,2060,342,329,720,1133.779206091761
high_009,high,632.0387967010969,68,2060,342,329,721,1135.1104686998576
high_009,high,632.0387967010969,68,2060,342,329,725,1145.4105627930794
high_009,high,632.0387967010969,68,2060,342,329,730,1142.6884248496474
high_009,high,632.0387967010969,68,2060,342,329,740,1126.4060588978723
high_009,high,632.0387967010969,68,2060,342,329,756,1099.358071512624
high_009,high,632.0387967010969,68,2060,342,329,759,1094.8283184757104
high_009,high,632.0387967010969,68,2060,342,329,770,1135.7248976428546
high_009,high,632.0387967010969,68,2060,342,329,771,1140.640838607134
high_009,high,632.0387967010969,68,2060,342,329,773,1104.3296218520634
high_009,high,632.0387967010969,68,2060,342,329,783,1104.7371536552787
high_009,high,632.0387967010969,68,2060,342,329,790,1100.3961399883997
high_009,high,632.0387967010969,68,2060,342,329,791,1124.702251920918
high_009,high,632.0387967010969,68,2060,342,329,794,1122.478687400357
high_009,high,632.0387967010969,68,2060,342,329,802,1131.293397016725
high_009,high,632.0387967010969,68,2060,342,329,805,1110.399345443598
high_009,high,632.0387967010969,68,2060,342,329,806,1144.838926089099
high_009,high,632.0387967010969,68,2060,342,329,820,1116.9127171193848
high_009,high,632.0387967010969,68,2060,342,329,821,1111.5199620864523
high_009,high,632.0387967010969,68,2060,342,329,825,1101.5733247860242
high_009,high,632.0387967010969,68,2060,342,329,830,1153.6457404911112
high_009,high,632.0387967010969,68,2060,342,329,831,1154.3756993787606
high_009,high,632.0387967010969,68,2060,342,329,836,1186.3670819140386
high_009,high,632.0387967010969,68,2060,342,329,843,1112.991027606496
high_009,high,632.0387967010969,68,2060,342,329,844,1148.190695496094
high_009,high,632.0387967010969,68,2060,342,329,848,1131.3494542728963
high_009,high,632.0387967010969,68,2060,342,329,854,1121.1575093914144
high_009,high,632.0387967010969,68,2060,342,329,861,1129.6830131791392
high_009,high,632.0387967010969,68,2060,342,329,866,1114.2198854924902
high_009,high,632.0387967010969,68,2060,342,329,874,1269.9445246541393
high_009,high,632.0387967010969,68,2060,342,329,880,1271.9504969523205
high_009,high,632.0387967010969,68,2060,342,329,882,1272.4677693723029
high_009,high,632.0387967010969,68,2060,342,329,883,1273.289298340906
high_009,high,632.0387967010969,68,2060,342,329,884,1273.7293917313843
high_009,high,632.0387967010969,68,2060,342,329,889,1274.6280997294916
high_009,high,632.0387967010969,68,2060,342,329,1635,755.7064979418459
high_009,high,632.0387967010969,68,2060,342,329,2126,1156.1034562630994
high_009,high,632.0387967010969,68,2060,342,329,2129,1157.5371237153752
high_010,high,807.8560339694154,43,2159,243,234,305,839.5181902154986
high_010,high,807.8560339694154,43,2159,243,234,306,866.8450243485299
high_010,high,807.8560339694154,43,2159,243,234,312,885.945422671182
high_010,high,807.8560339694154,43,2159,243,234,313,869.8745588923454
high_010,high,807.8560339694154,43,2159,243,234,314,886.6723940435373
high_010,high,807.8560339694154,43,2159,243,234,561,957.07230995752
high_010,high,807.8560339694154,43,2159,243,234,667,866.8773995645673
high_010,high,807.8560339694154,43,2159,243,234,671,862.9555404633387
high_010,high,807.8560339694154,43,2159,243,234,675,882.1426406128816
high_010,high,807.8560339694154,43,2159,243,234,685,880.1608736557162
high_010,high,807.8560339694154,43,2159,243,234,693,876.0121551052787
high_010,high,807.8560339694154,43,2159,243,234,712,1093.2092365526646
high_010,high,807.8560339694154,43,2159,243,234,718,1114.396098180208
high_010,high,807.8560339694154,43,2159,243,234,724,1144.466864199192
high_010,high,807.8560339694154,43,2159,243,234,732,1146.165521679439
high_010,high,807.8560339694154,43,2159,243,234,735,1149.5628365836842
high_010,high,807.8560339694154,43,2159,243,234,740,1126.4060588978723
high_010,high,807.8560339694154,43,2159,243,234,756,1099.358071512624
high_010,high,807.8560339694154,43,2159,243,234,759,1094.8283184757104
high_010,high,807.8560339694154,43,2159,243,234,765,1171.156964817185
high_010,high,807.8560339694154,43,2159,243,234,794,1122.478687400357
high_010,high,807.8560339694154,43,2159,243,234,795,1166.4062232803433
high_010,high,807.8560339694154,43,2159,243,234,798,1150.7073143638413
high_010,high,807.8560339694154,43,2159,243,234,809,1198.5230751367867
high_010,high,807.8560339694154,43,2159,243,234,819,1116.7800059865813
high_010,high,807.8560339694154,43,2159,243,234,823,1131.3214903197725
high_010,high,807.8560339694154,43,2159,243,234,826,1111.531783801262
high_010,high,807.8560339694154,43,2159,243,234,830,1153.6457404911112
high_010,high,807.8560339694154,43,2159,243,234,835,1112.664222158926
high_010,high,807.8560339694154,43,2159,243,234,836,1186.3670819140386
high_010,high,807.8560339694154,43,2159,243,234,838,1118.6095232554171
high_010,high,807.8560339694154,43,2159,243,234,848,1131.3494542728963
high_010,high,807.8560339694154,43,2159,243,234,853,1095.6776471314606
high_010,high,807.8560339694154,43,2159,243,234,858,1123.894235291188
high_010,high,807.8560339694154,43,2159,243,234,866,1114.2198854924902
high_010,high,807.8560339694154,43,2159,243,234,870,1268.1572263956607
high_010,high,807.8560339694154,43,2159,243,234,872,1268.1572263956607
high_010,high,807.8560339694154,43,2159,243,234,875,1270.1119753163694
high_010,high,807.8560339694154,43,2159,243,234,885,1273.6305234085987
high_010,high,807.8560339694154,43,2159,243,234,888,1268.1572263956607
high_010,high,807.8560339694154,43,2159,243,234,889,1274.6280997294916
high_010,high,807.8560339694154,43,2159,243,234,2126,1156.1034562630994
high_010,high,807.8560339694154,43,2159,243,234,2127,1156.2199083530604
high_011,high,709.6997594347325,57,2083,319,308,232,763.918268928422
high_011,high,709.6997594347325,57,2083,319,308,235,767.9255040032399
high_011,high,709.6997594347325,57,2083,319,308,239,761.1762318963067
high_011,high,709.6997594347325,57,2083,319,308,246,731.1825535051767
high_011,high,709.6997594347325,57,2083,319,308,251,746.7984680384765
high_011,high,709.6997594347325,57,2083,319,308,252,764.0512470054396
high_011,high,709.6997594347325,57,2083,319,308,258,771.9327390780578
high_011,high,709.6997594347325,57,2083,319,308,275,763.3412881681443
high_011,high,709.6997594347325,57,2083,319,308,286,766.2629749123564
high_011,high,709.6997594347325,57,2083,319,308,294,792.9631275404379
high_011,high,709.6997594347325,57,2083,319,308,304,808.1566743620361
high_011,high,709.6997594347325,57,2083,319,308,560,920.8678640252526
high_011,high,709.6997594347325,57,2083,319,308,562,968.0483241006698
high_011,high,709.6997594347325,57,2083,319,308,612,783.8262053721527
high_011,high,709.6997594347325,57,2083,319,308,661,850.5287386176349
high_011,high,709.6997594347325,57,2083,319,308,663,853.2729057192563
high_011,high,709.6997594347325,57,2083,319,308,670,865.4132562353269
high_011,high,709.6997594347325,57,2083,319,308,682,872.9400105123696
high_011,high,709.6997594347325,57,2083,319,308,684,873.9128562879165
high_011,high,709.6997594347325,57,2083,319,308,685,880.1608736557162
high_011,high,709.6997594347325,57,2083,319,308,714,1092.021208883417
high_011,high,709.6997594347325,57,2083,319,308,722,1142.485097185778
high_011,high,709.6997594347325,57,2083,319,308,725,1145.4105627930794
high_011,high,709.6997594347325,57,2083,319,308,726,1098.3200030368484
high_011,high,709.6997594347325,57,2083,319,308,738,1102.472276939951
high_011,high,709.6997594347325,57,2083,319,308,756,1099.358071512624
high_011,high,709.6997594347325,57,2083,319,308,762,1158.970791167651
high_011,high,709.6997594347325,57,2083,319,308,763,1161.4285069396392
high_011,high,709.6997594347325,57,2083,319,308,765,1171.156964817185
high_011,high,709.6997594347325,57,2083,319,308,771,1140.640838607134
high_011,high,709.6997594347325,57,2083,319,308,782,1097.376304442961
high_011,high,709.6997594347325,57,2083,319,308,791,1124.702251920918
high_011,high,709.6997594347325,57,2083,319,308,793,1107.205757945819
high_011,high,709.6997594347325,57,2083,319,308,797,1108.1344687282703
high_011,high,709.6997594347325,57,2083,319,308,803,1109.2669070859342
high_011,high,709.6997594347325,57,2083,319,308,805,1110.399345443598
high_011,high,709.6997594347325,57,2083,319,308,806,1144.838926089099
high_011,high,709.6997594347325,57,2083,319,308,807,1122.9046669337506
high_011,high,709.6997594347325,57,2083,319,308,808,1101.4342084641753
high_011,high,709.6997594347325,57,2083,319,308,814,1116.1559070013082
high_011,high,709.6997594347325,57,2083,319,308,819,1116.7800059865813
high_011,high,709.6997594347325,57,2083,319,308,820,1116.9127171193848
high_011,high,709.6997594347325,57,2083,319,308,824,1146.8870224843718
high_011,high,709.6997594347325,57,2083,319,308,825,1101.5733247860242
high_011,high,709.6997594347325,57,2083,319,308,827,1120.0285309828544
high_011,high,709.6997594347325,57,2083,319,308,835,1112.664222158926
high_011,high,709.6997594347325,57,2083,319,308,841,1112.95803013333
high_011,high,709.6997594347325,57,2083,319,308,848,1131.3494542728963
high_011,high,709.6997594347325,57,2083,319,308,862,1129.839536500177
high_011,high,709.6997594347325,57,2083,319,308,872,1268.1572263956607
high_011,high,709.6997594347325,57,2083,319,308,881,1272.4576740445225
high_011,high,709.6997594347325,57,2083,319,308,883,1273.289298340906
high_011,high,709.6997594347325,57,2083,319,308,885,1273.6305234085987
high_011,high,709.6997594347325,57,2083,319,308,888,1268.1572263956607
high_011,high,709.6997594347325,57,2083,319,308,1634,744.3193548892222
high_011,high,709.6997594347325,57,2083,319,308,2128,1156.6405760940884
high_011,high,709.6997594347325,57,2083,319,308,2130,1157.8976543125116
high_012,high,701.0607145330057,60,2075,327,314,232,763.918268928422
high_012,high,701.0607145330057,60,2075,327,314,235,767.9255040032399
high_012,high,701.0607145330057,60,2075,327,314,241,735.9216827947565
high_012,high,701.0607145330057,60,2075,327,314,245,732.0431381493524
high_012,high,701.0607145330057,60,2075,327,314,248,776.2275976170042
high_012,high,701.0607145330057,60,2075,327,314,251,740.4355050164593
high_012,high,701.0607145330057,60,2075,327,314,257,769.2622066296125
high_012,high,701.0607145330057,60,2075,327,314,267,748.8727166111407
high_012,high,701.0607145330057,60,2075,327,314,271,751.8869733266746
high_012,high,701.0607145330057,60,2075,327,314,277,756.9990065157943
high_012,high,701.0607145330057,60,2075,327,314,283,731.1338030338903
high_012,high,701.0607145330057,60,2075,327,314,312,885.945422671182
high_012,high,701.0607145330057,60,2075,327,314,559,918.5851608244492
high_012,high,701.0607145330057,60,2075,327,314,660,850.3967696255007
high_012,high,701.0607145330057,60,2075,327,314,662,852.7936153329628
high_012,high,701.0607145330057,60,2075,327,314,668,860.4978246913505
high_012,high,701.0607145330057,60,2075,327,314,674,881.1323960934606
high_012,high,701.0607145330057,60,2075,327,314,681,884.1715926797376
high_012,high,701.0607145330057,60,2075,327,314,712,1093.2092365526646
high_012,high,701.0607145330057,60,2075,327,314,713,1092.021208883417
high_012,high,701.0607145330057,60,2075,327,314,717,1094.8283184757104
high_012,high,701.0607145330057,60,2075,327,314,719,1125.3097831820191
high_012,high,701.0607145330057,60,2075,327,314,723,1143.806275194721
high_012,high,701.0607145330057,60,2075,327,314,724,1144.466864199192
high_012,high,701.0607145330057,60,2075,327,314,727,1121.7062769423055
high_012,high,701.0607145330057,60,2075,327,314,728,1150.3177954700438
high_012,high,701.0607145330057,60,2075,327,314,731,1144.224497146102
high_012,high,701.0607145330057,60,2075,327,314,738,1102.472276939951
high_012,high,701.0607145330057,60,2075,327,314,740,1126.4060588978723
high_012,high,701.0607145330057,60,2075,327,314,742,1169.6208925207304
high_012,high,701.0607145330057,60,2075,327,314,743,1178.004437668996
high_012,high,701.0607145330057,60,2075,327,314,744,1183.999131525625
high_012,high,701.0607145330057,60,2075,327,314,746,1188.402538848707
high_012,high,701.0607145330057,60,2075,327,314,754,1177.7909280562124
high_012,high,701.0607145330057,60,2075,327,314,766,1176.2635556841838
high_012,high,701.0607145330057,60,2075,327,314,768,1163.1520963694118
high_012,high,701.0607145330057,60,2075,327,314,771,1140.640838607134
high_012,high,701.0607145330057,60,2075,327,314,781,1136.326635037938
high_012,high,701.0607145330057,60,2075,327,314,787,1133.614330988224
high_012,high,701.0607145330057,60,2075,327,314,790,1100.3961399883997
high_012,high,701.0607145330057,60,2075,327,314,792,1143.9963305260364
high_012,high,701.0607145330057,60,2075,327,314,797,1108.1344687282703
high_012,high,701.0607145330057,60,2075,327,314,799,1153.4636112870212
high_012,high,701.0607145330057,60,2075,327,314,803,1109.2669070859342
high_012,high,701.0607145330057,60,2075,327,314,804,1110.0818940395743
high_012,high,701.0607145330057,60,2075,327,314,805,1110.399345443598
high_012,high,701.0607145330057,60,2075,327,314,815,1127.9379049549634
high_012,high,701.0607145330057,60,2075,327,314,819,1116.7800059865813
high_012,high,701.0607145330057,60,2075,327,314,843,1112.991027606496
high_012,high,701.0607145330057,60,2075,327,314,847,1129.8553289698473
high_012,high,701.0607145330057,60,2075,327,314,851,1132.5503482057666
high_012,high,701.0607145330057,60,2075,327,314,854,1121.1575093914144
high_012,high,701.0607145330057,60,2075,327,314,860,1157.9617541030311
high_012,high,701.0607145330057,60,2075,327,314,861,1129.6830131791392
high_012,high,701.0607145330057,60,2075,327,314,871,1268.939125952293
high_012,high,701.0607145330057,60,2075,327,314,881,1272.4576740445225
high_012,high,701.0607145330057,60,2075,327,314,1639,769.0413191402477
high_012,high,701.0607145330057,60,2075,327,314,1640,785.7118671703205
high_012,high,701.0607145330057,60,2075,327,314,2127,1156.2199083530604
high_012,high,701.0607145330057,60,2075,327,314,2130,1157.8976543125116
high_013,high,735.2971555432323,43,2108,294,283,253,774.970085095643
high_013,high,735.2971555432323,43,2108,294,283,256,774.8900789515866
high_013,high,735.2971555432323,43,2108,294,283,261,786.6392356572111
high_013,high,735.2971555432323,43,2108,294,283,289,770.7799414470935
high_013,high,735.2971555432323,43,2108,294,283,293,797.492880521103
high_013,high,735.2971555432323,43,2108,294,283,296,799.4746474782684
high_013,high,735.2971555432323,43,2108,294,283,310,891.7824972023876
high_013,high,735.2971555432323,43,2108,294,283,311,892.240215837471
high_013,high,735.2971555432323,43,2108,294,283,562,968.0483241006698
high_013,high,735.2971555432323,43,2108,294,283,660,850.3967696255007
high_013,high,735.2971555432323,43,2108,294,283,661,850.5287386176349
high_013,high,735.2971555432323,43,2108,294,283,662,852.7936153329628
high_013,high,735.2971555432323,43,2108,294,283,665,856.1490418130119
high_013,high,735.2971555432323,43,2108,294,283,669,861.901314000523
high_013,high,735.2971555432323,43,2108,294,283,676,874.4986820923917
high_013,high,735.2971555432323,43,2108,294,283,679,878.3678463498296
high_013,high,735.2971555432323,43,2108,294,283,681,884.1715926797376
high_013,high,735.2971555432323,43,2108,294,283,712,1093.2092365526646
high_013,high,735.2971555432323,43,2108,294,283,736,1098.9368667477013
high_013,high,735.2971555432323,43,2108,294,283,739,1102.8915538051856
high_013,high,735.2971555432323,43,2108,294,283,744,1183.999131525625
high_013,high,735.2971555432323,43,2108,294,283,745,1186.9688713964313
high_013,high,735.2971555432323,43,2108,294,283,746,1188.402538848707
high_013,high,735.2971555432323,43,2108,294,283,750,1159.5754002719627
high_013,high,735.2971555432323,43,2108,294,283,768,1163.1520963694118
high_013,high,735.2971555432323,43,2108,294,283,771,1140.640838607134
high_013,high,735.2971555432323,43,2108,294,283,772,1115.35481018765
high_013,high,735.2971555432323,43,2108,294,283,777,1141.1639191768352
high_013,high,735.2971555432323,43,2108,294,283,788,1126.8197009547384
high_013,high,735.2971555432323,43,2108,294,283,799,1153.4636112870212
high_013,high,735.2971555432323,43,2108,294,283,803,1109.2669070859342
high_013,high,735.2971555432323,43,2108,294,283,804,1110.0818940395743
high_013,high,735.2971555432323,43,2108,294,283,807,1122.9046669337506
high_013,high,735.2971555432323,43,2108,294,283,816,1151.2904296853778
high_013,high,735.2971555432323,43,2108,294,283,817,1136.5397964267793
high_013,high,735.2971555432323,43,2108,294,283,844,1148.190695496094
high_013,high,735.2971555432323,43,2108,294,283,848,1131.3494542728963
high_013,high,735.2971555432323,43,2108,294,283,851,1132.5503482057666
high_013,high,735.2971555432323,43,2108,294,283,854,1121.1575093914144
high_013,high,735.2971555432323,43,2108,294,283,862,1129.839536500177
high_013,high,735.2971555432323,43,2108,294,283,866,1114.2198854924902
high_013,high,735.2971555432323,43,2108,294,283,885,1273.6305234085987
high_013,high,735.2971555432323,43,2108,294,283,2130,1157.8976543125116
high_014,high,722.6294956605481,51,2095,307,296,242,782.0700724386761
high_014,high,722.6294956605481,51,2095,307,296,247,775.2447323366991
high_014,high,722.6294956605481,51,2095,307,296,250,744.3330308856245
high_014,high,722.6294956605481,51,2095,307,296,259,745.8609111652843
high_014,high,722.6294956605481,51,2095,307,296,266,749.6403905367066
high_014,high,722.6294956605481,51,2095,307,296,268,766.9715841311199
high_014,high,722.6294956605481,51,2095,307,296,276,765.4638003723219
high_014,high,722.6294956605481,51,2095,307,296,283,769.3728208310243
high_014,high,722.6294956605481,51,2095,307,296,287,745.2173708712164
high_014,high,722.6294956605481,51,2095,307,296,288,776.3595771838305
high_014,high,722.6294956605481,51,2095,307,296,294,792.9631275404379
high_014,high,722.6294956605481,51,2095,307,296,299,805.9861676410942
high_014,high,722.6294956605481,51,2095,307,296,301,795.7942232096024
high_014,high,722.6294956605481,51,2095,307,296,312,885.945422671182
high_014,high,722.6294956605481,51,2095,307,296,561,957.07230995752
high_014,high,722.6294956605481,51,2095,307,296,562,968.0483241006698
high_014,high,722.6294956605481,51,2095,307,296,662,852.7936153329628
high_014,high,722.6294956605481,51,2095,307,296,685,880.1608736557162
high_014,high,722.6294956605481,51,2095,307,296,717,1094.8283184757104
high_014,high,722.6294956605481,51,2095,307,296,723,1143.806275194721
high_014,high,722.6294956605481,51,2095,307,296,726,1098.3200030368484
high_014,high,722.6294956605481,51,2095,307,296,737,1096.5400867648111
high_014,high,722.6294956605481,51,2095,307,296,742,1169.6208925207304
high_014,high,722.6294956605481,51,2095,307,296,744,1183.999131525625
high_014,high,722.6294956605481,51,2095,307,296,761,1114.9290988742537
high_014,high,722.6294956605481,51,2095,307,296,765,1171.156964817185
high_014,high,722.6294956605481,51,2095,307,296,783,1104.7371536552787
high_014,high,722.6294956605481,51,2095,307,296,785,1182.824165791707
high_014,high,722.6294956605481,51,2095,307,296,787,1133.614330988224
high_014,high,722.6294956605481,51,2095,307,296,790,1100.3961399883997
high_014,high,722.6294956605481,51,2095,307,296,795,1166.4062232803433
high_014,high,722.6294956605481,51,2095,307,296,796,1170.8904248842873
high_014,high,722.6294956605481,51,2095,307,296,799,1153.4636112870212
high_014,high,722.6294956605481,51,2095,307,296,803,1109.2669070859342
high_014,high,722.6294956605481,51,2095,307,296,808,1101.4342084641753
high_014,high,722.6294956605481,51,2095,307,296,814,1116.1559070013082
high_014,high,722.6294956605481,51,2095,307,296,827,1120.0285309828544
high_014,high,722.6294956605481,51,2095,307,296,829,1118.1112685946782
high_014,high,722.6294956605481,51,2095,307,296,831,1154.3756993787606
high_014,high,722.6294956605481,51,2095,307,296,833,1111.762169720502
high_014,high,722.6294956605481,51,2095,307,296,849,1134.768728106203
high_014,high,722.6294956605481,51,2095,307,296,852,1152.488302190986
high_014,high,722.6294956605481,51,2095,307,296,861,1129.6830131791392
high_014,high,722.6294956605481,51,2095,307,296,865,1139.4652618653345
high_014,high,722.6294956605481,51,2095,307,296,874,1269.9445246541393
high_014,high,722.6294956605481,51,2095,307,296,882,1272.4677693723029
high_014,high,722.6294956605481,51,2095,307,296,887,1274.8033727726752
high_014,high,722.6294956605481,51,2095,307,296,889,1274.6280997294916
high_014,high,722.6294956605481,51,2095,307,296,2120,1071.0127399123155
high_014,high,722.6294956605481,51,2095,307,296,2129,1157.5371237153752
high_014,high,722.6294956605481,51,2095,307,296,2130,1157.8976543125116
high_015,high,638.22779434195,58,2065,337,324,225,685.280191778774
high_015,high,638.22779434195,58,2065,337,324,230,716.8081860557128
high_015,high,638.22779434195,58,2065,337,324,233,764.3577268556213
high_015,high,638.22779434195,58,2065,337,324,236,718.567459868803
high_015,high,638.22779434195,58,2065,337,324,243,777.545119697908
high_015,high,638.22779434195,58,2065,337,324,244,709.1814234496412
high_015,high,638.22779434195,58,2065,337,324,263,707.5657381166125
high_015,high,638.22779434195,58,2065,337,324,269,751.6555387261159
high_015,high,638.22779434195,58,2065,337,324,271,722.0860074949834
high_015,high,638.22779434195,58,2065,337,324,279,737.9100613094233
high_015,high,638.22779434195,58,2065,337,324,280,725.0181306721499
high_015,high,638.22779434195,58,2065,337,324,285,733.1303380551867
high_015,high,638.22779434195,58,2065,337,324,286,733.1666804088445
high_015,high,638.22779434195,58,2065,337,324,293,797.492880521103
high_015,high,638.22779434195,58,2065,337,324,303,813.4413863978074
high_015,high,638.22779434195,58,2065,337,324,306,836.6563703674675
high_015,high,638.22779434195,58,2065,337,324,308,855.0584920482906
high_015,high,638.22779434195,58,2065,337,324,311,892.240215837471
high_015,high,638.22779434195,58,2065,337,324,315,868.930860298458
high_015,high,638.22779434195,58,2065,337,324,612,783.8262053721527
high_015,high,638.22779434195,58,2065,337,324,661,850.5287386176349
high_015,high,638.22779434195,58,2065,337,324,663,853.2729057192563
high_015,high,638.22779434195,58,2065,337,324,681,884.1715926797376
high_015,high,638.22779434195,58,2065,337,324,686,872.3255815693725
high_015,high,638.22779434195,58,2065,337,324,712,1093.2092365526646
high_015,high,638.22779434195,58,2065,337,324,713,1092.021208883417
high_015,high,638.22779434195,58,2065,337,324,717,1094.8283184757104
high_015,high,638.22779434195,58,2065,337,324,719,1125.3097831820191
high_015,high,638.22779434195,58,2065,337,324,720,1133.779206091761
high_015,high,638.22779434195,58,2065,337,324,722,1142.485097185778
high_015,high,638.22779434195,58,2065,337,324,724,1144.466864199192
high_015,high,638.22779434195,58,2065,337,324,726,1098.3200030368484
high_015,high,638.22779434195,58,2065,337,324,736,1098.9368667477013
high_015,high,638.22779434195,58,2065,337,324,738,1102.472276939951
high_015,high,638.22779434195,58,2065,337,324,744,1183.999131525625
high_015,high,638.22779434195,58,2065,337,324,754,1177.7909280562124
high_015,high,638.22779434195,58,2065,337,324,756,1099.358071512624
high_015,high,638.22779434195,58,2065,337,324,758,1132.7314650636029
high_015,high,638.22779434195,58,2065,337,324,764,1160.509740351526
high_015,high,638.22779434195,58,2065,337,324,767,1163.7838177453723
high_015,high,638.22779434195,58,2065,337,324,781,1136.326635037938
high_015,high,638.22779434195,58,2065,337,324,788,1126.8197009547384
high_015,high,638.22779434195,58,2065,337,324,793,1107.205757945819
high_015,high,638.22779434195,58,2065,337,324,799,1153.4636112870212
high_015,high,638.22779434195,58,2065,337,324,806,1144.838926089099
high_015,high,638.22779434195,58,2065,337,324,811,1202.221217571362
high_015,high,638.22779434195,58,2065,337,324,831,1154.3756993787606
high_015,high,638.22779434195,58,2065,337,324,840,1125.2796058560573
high_015,high,638.22779434195,58,2065,337,324,848,1131.3494542728963
high_015,high,638.22779434195,58,2065,337,324,854,1121.1575093914144
high_015,high,638.22779434195,58,2065,337,324,855,1096.5269757872109
high_015,high,638.22779434195,58,2065,337,324,860,1157.9617541030311
high_015,high,638.22779434195,58,2065,337,324,862,1129.839536500177
high_015,high,638.22779434195,58,2065,337,324,870,1268.1572263956607
high_015,high,638.22779434195,58,2065,337,324,878,1268.8931727300148
high_015,high,638.22779434195,58,2065,337,324,888,1268.1572263956607
high_015,high,638.22779434195,58,2065,337,324,2120,1071.0127399123155
high_015,high,638.22779434195,58,2065,337,324,2128,1156.6405760940884
high_016,high,841.1655850112544,47,2164,238,230,310,898.2612435402674
high_016,high,841.1655850112544,47,2164,238,230,314,899.2340502142346
high_016,high,841.1655850112544,47,2164,238,230,558,916.9651197173056
high_016,high,841.1655850112544,47,2164,238,230,662,885.2567360394377
high_016,high,841.1655850112544,47,2164,238,230,671,883.3797033354938
high_016,high,841.1655850112544,47,2164,238,230,674,882.7637491632646
high_016,high,841.1655850112544,47,2164,238,230,692,1044.6003545405756
high_016,high,841.1655850112544,47,2164,238,230,712,1093.2092365526646
high_016,high,841.1655850112544,47,2164,238,230,714,1092.021208883417
high_016,high,841.1655850112544,47,2164,238,230,719,1125.3097831820191
high_016,high,841.1655850112544,47,2164,238,230,732,1146.165521679439
high_016,high,841.1655850112544,47,2164,238,230,733,1147.6754394521583
high_016,high,841.1655850112544,47,2164,238,230,739,1102.8915538051856
high_016,high,841.1655850112544,47,2164,238,230,741,1166.1391285511058
high_016,high,841.1655850112544,47,2164,238,230,756,1099.358071512624
high_016,high,841.1655850112544,47,2164,238,230,760,1119.8363313824716
high_016,high,841.1655850112544,47,2164,238,230,764,1160.509740351526
high_016,high,841.1655850112544,47,2164,238,230,766,1176.2635556841838
high_016,high,841.1655850112544,47,2164,238,230,767,1163.7838177453723
high_016,high,841.1655850112544,47,2164,238,230,768,1163.1520963694118
high_016,high,841.1655850112544,47,2164,238,230,783,1104.7371536552787
high_016,high,841.1655850112544,47,2164,238,230,785,1182.824165791707
high_016,high,841.1655850112544,47,2164,238,230,792,1143.9963305260364
high_016,high,841.1655850112544,47,2164,238,230,793,1107.205757945819
high_016,high,841.1655850112544,47,2164,238,230,795,1166.4062232803433
high_016,high,841.1655850112544,47,2164,238,230,799,1153.4636112870212
high_016,high,841.1655850112544,47,2164,238,230,801,1108.6438259926967
high_016,high,841.1655850112544,47,2164,238,230,802,1131.293397016725
high_016,high,841.1655850112544,47,2164,238,230,805,1110.399345443598
high_016,high,841.1655850112544,47,2164,238,230,809,1198.5230751367867
high_016,high,841.1655850112544,47,2164,238,230,814,1116.1559070013082
high_016,high,841.1655850112544,47,2164,238,230,816,1151.2904296853778
high_016,high,841.1655850112544,47,2164,238,230,817,1136.5397964267793
high_016,high,841.1655850112544,47,2164,238,230,821,1111.5199620864523
high_016,high,841.1655850112544,47,2164,238,230,833,1111.762169720502
high_016,high,841.1655850112544,47,2164,238,230,835,1112.664222158926
high_016,high,841.1655850112544,47,2164,238,230,836,1186.3670819140386
high_016,high,841.1655850112544,47,2164,238,230,851,1132.5503482057666
high_016,high,841.1655850112544,47,2164,238,230,860,1157.9617541030311
high_016,high,841.1655850112544,47,2164,238,230,862,1129.839536500177
high_016,high,841.1655850112544,47,2164,238,230,865,1139.4652618653345
high_016,high,841.1655850112544,47,2164,238,230,868,1145.793915513204
high_016,high,841.1655850112544,47,2164,238,230,879,1271.2848246804458
high_016,high,841.1655850112544,47,2164,238,230,883,1273.289298340906
high_016,high,841.1655850112544,47,2164,238,230,884,1273.7293917313843
high_016,high,841.1655850112544,47,2164,238,230,888,1268.1572263956607
high_016,high,841.1655850112544,47,2164,238,230,2127,1156.2199083530604
high_017,high,580.8455077379261,71,1991,411,396,59,636.7312326170726
high_017,high,580.8455077379261,71,1991,411,396,61,617.6586559176184
high_017,high,580.8455077379261,71,1991,411,396,167,612.5177912356361
high_017,high,580.8455077379261,71,1991,411,396,181,614.6935465906183
high_017,high,580.8455077379261,71,1991,411,396,182,627.9792850046715
high_017,high,580.8455077379261,71,1991,411,396,183,631.1980960031681
high_017,high,580.8455077379261,71,1991,411,396,188,626.6809309441767
high_017,high,580.8455077379261,71,1991,411,396,191,620.5237992778164
high_017,high,580.8455077379261,71,1991,411,396,201,633.2624728674756
high_017,high,580.8455077379261,71,1991,411,396,211,637.2097320426789
high_017,high,580.8455077379261,71,1991,411,396,225,668.485713841919
high_017,high,580.8455077379261,71,1991,411,396,226,653.3762358015197
high_017,high,580.8455077379261,71,1991,411,396,230,716.8081860557128
high_017,high,580.8455077379261,71,1991,411,396,231,717.6878229622579
high_017,high,580.8455077379261,71,1991,411,396,233,764.3577268556213
high_017,high,580.8455077379261,71,1991,411,396,236,718.567459868803
high_017,high,580.8455077379261,71,1991,411,396,245,711.1372530473017
high_017,high,580.8455077379261,71,1991,411,396,246,723.8452813080736
high_017,high,580.8455077379261,71,1991,411,396,248,776.2275976170042
high_017,high,580.8455077379261,71,1991,411,396,257,769.2622066296125
high_017,high,580.8455077379261,71,1991,411,396,267,748.8727166111407
high_017,high,580.8455077379261,71,1991,411,396,271,722.0860074949834
high_017,high,580.8455077379261,71,1991,411,396,276,763.0386320218769
high_017,high,580.8455077379261,71,1991,411,396,286,733.1666804088445
high_017,high,580.8455077379261,71,1991,411,396,288,755.2578018465083
high_017,high,580.8455077379261,71,1991,411,396,289,755.8174037761935
high_017,high,580.8455077379261,71,1991,411,396,292,791.0757303526632
high_017,high,580.8455077379261,71,1991,411,396,297,801.6451541992103
high_017,high,580.8455077379261,71,1991,411,396,298,803.8156609201523
high_017,high,580.8455077379261,71,1991,411,396,315,868.930860298458
high_017,high,580.8455077379261,71,1991,411,396,562,968.0483241006698
high_017,high,580.8455077379261,71,1991,411,396,563,969.5167354608644
high_017,high,580.8455077379261,71,1991,411,396,647,693.0799861672634
high_017,high,580.8455077379261,71,1991,411,396,662,852.7936153329628
high_017,high,580.8455077379261,71,1991,411,396,684,873.9128562879165
high_017,high,580.8455077379261,71,1991,411,396,721,1135.1104686998576
high_017,high,580.8455077379261,71,1991,411,396,727,1121.7062769423055
high_017,high,580.8455077379261,71,1991,411,396,728,1150.3177954700438
high_017,high,580.8455077379261,71,1991,411,396,735,1149.5628365836842
high_017,high,580.8455077379261,71,1991,411,396,750,1159.5754002719627
high_017,high,580.8455077379261,71,1991,411,396,753,1175.5139871010383
high_017,high,580.8455077379261,71,1991,411,396,770,1135.7248976428546
high_017,high,580.8455077379261,71,1991,411,396,771,1140.640838607134
high_017,high,580.8455077379261,71,1991,411,396,774,1115.4487433784843
high_017,high,580.8455077379261,71,1991,411,396,777,1141.1639191768352
high_017,high,580.8455077379261,71,1991,411,396,788,1126.8197009547384
high_017,high,580.8455077379261,71,1991,411,396,791,1124.702251920918
high_017,high,580.8455077379261,71,1991,411,396,792,1143.9963305260364
high_017,high,580.8455077379261,71,1991,411,396,797,1108.1344687282703
high_017,high,580.8455077379261,71,1991,411,396,801,1108.6438259926967
high_017,high,580.8455077379261,71,1991,411,396,803,1109.2669070859342
high_017,high,580.8455077379261,71,1991,411,396,811,1202.221217571362
high_017,high,580.8455077379261,71,1991,411,396,814,1116.1559070013082
high_017,high,580.8455077379261,71,1991,411,396,819,1116.7800059865813
high_017,high,580.8455077379261,71,1991,411,396,825,1101.5733247860242
high_017,high,580.8455077379261,71,1991,411,396,829,1118.1112685946782
high_017,high,580.8455077379261,71,1991,411,396,835,1112.664222158926
high_017,high,580.8455077379261,71,1991,411,396,838,1118.6095232554171
high_017,high,580.8455077379261,71,1991,411,396,844,1148.190695496094
high_017,high,580.8455077379261,71,1991,411,396,846,1128.3296187274575
high_017,high,580.8455077379261,71,1991,411,396,847,1129.8553289698473
high_017,high,580.8455077379261,71,1991,411,396,848,1131.3494542728963
high_017,high,580.8455077379261,71,1991,411,396,852,1152.488302190986
high_017,high,580.8455077379261,71,1991,411,396,864,1179.8555615262176
high_017,high,580.8455077379261,71,1991,411,396,870,1268.1572263956607
high_017,high,580.8455077379261,71,1991,411,396,882,1272.4677693723029
high_017,high,580.8455077379261,71,1991,411,396,884,1273.7293917313843
high_017,high,580.8455077379261,71,1991,411,396,887,1274.8033727726752
high_017,high,580.8455077379261,71,1991,411,396,1632,602.7210406749139
high_017,high,580.8455077379261,71,1991,411,396,1639,769.0413191402477
high_017,high,580.8455077379261,71,1991,411,396,1644,605.4090722672419
high_018,high,885.0163591730586,32,2203,199,195,558,916.9651197173056
high_018,high,885.0163591730586,32,2203,199,195,562,968.0483241006698
high_018,high,885.0163591730586,32,2203,199,195,689,1015.228784176087
high_018,high,885.0163591730586,32,2203,199,195,713,1092.021208883417
high_018,high,885.0163591730586,32,2203,199,195,719,1125.3097831820191
high_018,high,885.0163591730586,32,2203,199,195,720,1133.779206091761
high_018,high,885.0163591730586,32,2203,199,195,721,1135.1104686998576
high_018,high,885.0163591730586,32,2203,199,195,736,1098.9368667477013
high_018,high,885.0163591730586,32,2203,199,195,739,1102.8915538051856
high_018,high,885.0163591730586,32,2203,199,195,757,1103.6047152976148
high_018,high,885.0163591730586,32,2203,199,195,759,1094.8283184757104
high_018,high,885.0163591730586,32,2203,199,195,760,1119.8363313824716
high_018,high,885.0163591730586,32,2203,199,195,761,1114.9290988742537
high_018,high,885.0163591730586,32,2203,199,195,766,1176.2635556841838
high_018,high,885.0163591730586,32,2203,199,195,772,1115.35481018765
high_018,high,885.0163591730586,32,2203,199,195,777,1141.1639191768352
high_018,high,885.0163591730586,32,2203,199,195,785,1182.824165791707
high_018,high,885.0163591730586,32,2203,199,195,786,1105.8695920129426
high_018,high,885.0163591730586,32,2203,199,195,796,1170.8904248842873
high_018,high,885.0163591730586,32,2203,199,195,798,1150.7073143638413
high_018,high,885.0163591730586,32,2203,199,195,800,1154.7818403061826
high_018,high,885.0163591730586,32,2203,199,195,802,1131.293397016725
high_018,high,885.0163591730586,32,2203,199,195,812,1236.5718478288327
high_018,high,885.0163591730586,32,2203,199,195,813,1095.461535872512
high_018,high,885.0163591730586,32,2203,199,195,817,1136.5397964267793
high_018,high,885.0163591730586,32,2203,199,195,831,1154.3756993787606
high_018,high,885.0163591730586,32,2203,199,195,858,1123.894235291188
high_018,high,885.0163591730586,32,2203,199,195,861,1129.6830131791392
high_018,high,885.0163591730586,32,2203,199,195,879,1271.2848246804458
high_018,high,885.0163591730586,32,2203,199,195,880,1271.9504969523205
high_018,high,885.0163591730586,32,2203,199,195,2126,1156.1034562630994
high_018,high,885.0163591730586,32,2203,199,195,2128,1156.6405760940884
high_019,high,706.863000930359,66,2081,321,310,238,727.5726454616106
high_019,high,706.863000930359,66,2081,321,310,255,741.1331389690446
high_019,high,706.863000930359,66,2081,321,310,256,768.9881700868604
high_019,high,706.863000930359,66,2081,321,310,257,769.2622066296125
high_019,high,706.863000930359,66,2081,321,310,265,746.123291778021
high_019,high,706.863000930359,66,2081,321,310,271,734.891736576367
high_019,high,706.863000930359,66,2081,321,310,273,763.3662653961721
high_019,high,706.863000930359,66,2081,321,310,278,745.4774103203104
high_019,high,706.863000930359,66,2081,321,310,280,727.0153226260036
high_019,high,706.863000930359,66,2081,321,310,284,764.382170061457
high_019,high,706.863000930359,66,2081,321,310,285,740.9283039141781
high_019,high,706.863000930359,66,2081,321,310,287,736.4890836391068
high_019,high,706.863000930359,66,2081,321,310,293,797.492880521103
high_019,high,706.863000930359,66,2081,321,310,298,803.8156609201523
high_019,high,706.863000930359,66,2081,321,310,301,795.7942232096024
high_019,high,706.863000930359,66,2081,321,310,306,836.6563703674675
high_019,high,706.863000930359,66,2081,321,310,310,891.7824972023876
high_019,high,706.863000930359,66,2081,321,310,315,868.930860298458
high_019,high,706.863000930359,66,2081,321,310,560,920.8678640252526
high_019,high,706.863000930359,66,2081,321,310,561,957.07230995752
high_019,high,706.863000930359,66,2081,321,310,658,844.6444974379896
high_019,high,706.863000930359,66,2081,321,310,662,852.7936153329628
high_019,high,706.863000930359,66,2081,321,310,663,853.2729057192563
high_019,high,706.863000930359,66,2081,321,310,665,856.1490418130119
high_019,high,706.863000930359,66,2081,321,310,668,860.4978246913505
high_019,high,706.863000930359,66,2081,321,310,675,882.1426406128816
high_019,high,706.863000930359,66,2081,321,310,679,878.3678463498296
high_019,high,706.863000930359,66,2081,321,310,684,873.9128562879165
high_019,high,706.863000930359,66,2081,321,310,688,997.179500197734
high_019,high,706.863000930359,66,2081,321,310,693,876.0121551052787
high_019,high,706.863000930359,66,2081,321,310,714,1092.021208883417
high_019,high,706.863000930359,66,2081,321,310,717,1094.8283184757104
high_019,high,706.863000930359,66,2081,321,310,718,1114.396098180208
high_019,high,706.863000930359,66,2081,321,310,733,1147.6754394521583
high_019,high,706.863000930359,66,2081,321,310,737,1096.5400867648111
high_019,high,706.863000930359,66,2081,321,310,740,1126.4060588978723
high_019,high,706.863000930359,66,2081,321,310,752,1170.480749365544
high_019,high,706.863000930359,66,2081,321,310,756,1099.358071512624
high_019,high,706.863000930359,66,2081,321,310,771,1140.640838607134
high_019,high,706.863000930359,66,2081,321,310,773,1104.3296218520634
high_019,high,706.863000930359,66,2081,321,310,777,1141.1639191768352
high_019,high,706.863000930359,66,2081,321,310,789,1107.0020303706065
high_019,high,706.863000930359,66,2081,321,310,792,1143.9963305260364
high_019,high,706.863000930359,66,2081,321,310,799,1153.4636112870212
high_019,high,706.863000930359,66,2081,321,310,801,1108.6438259926967
high_019,high,706.863000930359,66,2081,321,310,813,1095.461535872512
high_019,high,706.863000930359,66,2081,321,310,817,1136.5397964267793
high_019,high,706.863000930359,66,2081,321,310,825,1101.5733247860242
high_019,high,706.863000930359,66,2081,321,310,826,1111.531783801262
high_019,high,706.863000930359,66,2081,321,310,828,1120.773793810872
high_019,high,706.863000930359,66,2081,321,310,829,1118.1112685946782
high_019,high,706.863000930359,66,2081,321,310,831,1154.3756993787606
high_019,high,706.863000930359,66,2081,321,310,832,1097.7384767562562
high_019,high,706.863000930359,66,2081,321,310,846,1128.3296187274575
high_019,high,706.863000930359,66,2081,321,310,850,1132.4818926305602
high_019,high,706.863000930359,66,2081,321,310,853,1095.6776471314606
high_019,high,706.863000930359,66,2081,321,310,854,1121.1575093914144
high_019,high,706.863000930359,66,2081,321,310,856,1137.5681842276936
high_019,high,706.863000930359,66,2081,321,310,858,1123.894235291188
high_019,high,706.863000930359,66,2081,321,310,874,1269.9445246541393
high_019,high,706.863000930359,66,2081,321,310,878,1268.8931727300148
high_019,high,706.863000930359,66,2081,321,310,887,1274.8033727726752
high_019,high,706.863000930359,66,2081,321,310,889,1274.6280997294916
high_019,high,706.863000930359,66,2081,321,310,2120,1071.0127399123155
high_019,high,706.863000930359,66,2081,321,310,2126,1156.1034562630994
high_019,high,706.863000930359,66,2081,321,310,2128,1156.6405760940884
