scenario_id,level,reschedule_start_time,delayed_task_count,frozen_task_count,movable_task_count,eligible_delay_task_count,TaskID,release_time
low_000,low,436.38834133023187,56,1968,1331,1279,37,699.9353858099271
low_000,low,436.38834133023187,56,1968,1331,1279,49,642.6984668645879
low_000,low,436.38834133023187,56,1968,1331,1279,57,708.5428650552849
low_000,low,436.38834133023187,56,1968,1331,1279,59,703.7320073042149
low_000,low,436.38834133023187,56,1968,1331,1279,90,677.4484008978081
low_000,low,436.38834133023187,56,1968,1331,1279,93,677.4689569045163
low_000,low,436.38834133023187,56,1968,1331,1279,98,641.1423067753354
low_000,low,436.38834133023187,56,1968,1331,1279,100,641.0766194186662
low_000,low,436.38834133023187,56,1968,1331,1279,158,679.7061518237035
low_000,low,436.38834133023187,56,1968,1331,1279,236,911.9501322308408
low_000,low,436.38834133023187,56,1968,1331,1279,298,989.7394741562034
low_000,low,436.38834133023187,56,1968,1331,1279,301,981.718036333156
low_000,low,436.38834133023187,56,1968,1331,1279,305,1008.7078153533512
low_000,low,436.38834133023187,56,1968,1331,1279,312,1054.2949775270292
low_000,low,436.38834133023187,56,1968,1331,1279,365,588.9901345172041
low_000,low,436.38834133023187,56,1968,1331,1279,566,715.0612467843275
low_000,low,436.38834133023187,56,1968,1331,1279,721,1343.7378288854534
low_000,low,436.38834133023187,56,1968,1331,1279,791,1333.7740082833477
low_000,low,436.38834133023187,56,1968,1331,1279,802,1339.1137056854072
low_000,low,436.38834133023187,56,1968,1331,1279,806,1354.4269470349725
low_000,low,436.38834133023187,56,1968,1331,1279,807,1331.97642329618
low_000,low,436.38834133023187,56,1968,1331,1279,829,1327.1112688517585
low_000,low,436.38834133023187,56,1968,1331,1279,837,1327.542380413549
low_000,low,436.38834133023187,56,1968,1331,1279,1550,488.2319160179983
low_000,low,436.38834133023187,56,1968,1331,1279,1604,457.238243099479
low_000,low,436.38834133023187,56,1968,1331,1279,2171,496.10937086389305
low_000,low,436.38834133023187,56,1968,1331,1279,2174,488.6531507666583
low_000,low,436.38834133023187,56,1968,1331,1279,2319,539.8989575912371
low_000,low,436.38834133023187,56,1968,1331,1279,2348,644.7066718190956
low_000,low,436.38834133023187,56,1968,1331,1279,2407,1490.8039567684764
low_000,low,436.38834133023187,56,1968,1331,1279,2426,577.532770174017
low_000,low,436.38834133023187,56,1968,1331,1279,2622,1527.4556980141842
low_000,low,436.38834133023187,56,1968,1331,1279,2643,1524.8250884191757
low_000,low,436.38834133023187,56,1968,1331,1279,2669,499.3055056366117
low_000,low,436.38834133023187,56,1968,1331,1279,2703,529.0641785124816
low_000,low,436.38834133023187,56,1968,1331,1279,2710,799.5571165104092
low_000,low,436.38834133023187,56,1968,1331,1279,2826,1541.9811759334414
low_000,low,436.38834133023187,56,1968,1331,1279,2845,1634.2405846350066
low_000,low,436.38834133023187,56,1968,1331,1279,2846,1580.6256014775545
low_000,low,436.38834133023187,56,1968,1331,1279,2849,1542.354052749332
low_000,low,436.38834133023187,56,1968,1331,1279,2883,1591.4038330099263
low_000,low,436.38834133023187,56,1968,1331,1279,2905,1692.3293868341316
low_000,low,436.38834133023187,56,1968,1331,1279,2923,1678.6792438922212
low_000,low,436.38834133023187,56,1968,1331,1279,2942,1702.9338611629476
low_000,low,436.38834133023187,56,1968,1331,1279,2950,1719.1038915246454
low_000,low,436.38834133023187,56,1968,1331,1279,2964,1713.755838677186
low_000,low,436.38834133023187,56,1968,1331,1279,2978,1742.9518279728002
low_000,low,436.38834133023187,56,1968,1331,1279,3013,1773.0700983068311
low_000,low,436.38834133023187,56,1968,1331,1279,3049,1773.453591236468
low_000,low,436.38834133023187,56,1968,1331,1279,3068,1768.0469333295623
low_000,low,436.38834133023187,56,1968,1331,1279,3119,1889.0490081854075
low_000,low,436.38834133023187,56,1968,1331,1279,3156,1952.3369462265648
low_000,low,436.38834133023187,56,1968,1331,1279,3168,1955.1680420082268
low_000,low,436.38834133023187,56,1968,1331,1279,3218,2000.7372792996312
low_000,low,436.38834133023187,56,1968,1331,1279,3244,1997.861143205876
low_000,low,436.38834133023187,56,1968,1331,1279,3247,1991.5664973302007
low_001,low,571.273853777557,48,2150,1149,1102,53,640.2919460630707
low_001,low,571.273853777557,48,2150,1149,1102,55,696.3480208521112
low_001,low,571.273853777557,48,2150,1149,1102,66,641.5600810450081
low_001,low,571.273853777557,48,2150,1149,1102,69,640.717126419203
low_001,low,571.273853777557,48,2150,1149,1102,70,640.9117585491534
low_001,low,571.273853777557,48,2150,1149,1102,83,682.9770929572454
low_001,low,571.273853777557,48,2150,1149,1102,86,644.4472222955426
low_001,low,571.273853777557,48,2150,1149,1102,115,668.3722850866656
low_001,low,571.273853777557,48,2150,1149,1102,121,656.2617202657581
low_001,low,571.273853777557,48,2150,1149,1102,129,672.0784292300428
low_001,low,571.273853777557,48,2150,1149,1102,173,737.5815716688236
low_001,low,571.273853777557,48,2150,1149,1102,283,918.70885023758
low_001,low,571.273853777557,48,2150,1149,1102,301,981.718036333156
low_001,low,571.273853777557,48,2150,1149,1102,313,1048.422866454661
low_001,low,571.273853777557,48,2150,1149,1102,658,1084.3452572934334
low_001,low,571.273853777557,48,2150,1149,1102,718,1323.4678545426373
low_001,low,571.273853777557,48,2150,1149,1102,719,1334.5839523672494
low_001,low,571.273853777557,48,2150,1149,1102,755,1344.3198404366383
low_001,low,571.273853777557,48,2150,1149,1102,760,1329.1002873452835
low_001,low,571.273853777557,48,2150,1149,1102,770,1344.523654281781
low_001,low,571.273853777557,48,2150,1149,1102,796,1377.4278687322314
low_001,low,571.273853777557,48,2150,1149,1102,797,1317.715582355126
low_001,low,571.273853777557,48,2150,1149,1102,831,1363.8386086652597
low_001,low,571.273853777557,48,2150,1149,1102,840,1334.2796061131376
low_001,low,571.273853777557,48,2150,1149,1102,883,1482.657836782772
low_001,low,571.273853777557,48,2150,1149,1102,2406,1489.82658233725
low_001,low,571.273853777557,48,2150,1149,1102,2613,1521.3218916075411
low_001,low,571.273853777557,48,2150,1149,1102,2620,1532.8137641994008
low_001,low,571.273853777557,48,2150,1149,1102,2847,1576.8621553601515
low_001,low,571.273853777557,48,2150,1149,1102,2850,1594.3469803256796
low_001,low,571.273853777557,48,2150,1149,1102,2866,1540.3749695628896
low_001,low,571.273853777557,48,2150,1149,1102,2886,1577.790506686672
low_001,low,571.273853777557,48,2150,1149,1102,2956,1715.6896072449656
low_001,low,571.273853777557,48,2150,1149,1102,3010,1777.581561940777
low_001,low,571.273853777557,48,2150,1149,1102,3024,1786.0691783120474
low_001,low,571.273853777557,48,2150,1149,1102,3028,1805.0269894757948
low_001,low,571.273853777557,48,2150,1149,1102,3030,1821.547869652908
low_001,low,571.273853777557,48,2150,1149,1102,3057,1789.4899888213392
low_001,low,571.273853777557,48,2150,1149,1102,3058,1799.5874908026371
low_001,low,571.273853777557,48,2150,1149,1102,3086,1850.1489869928
low_001,low,571.273853777557,48,2150,1149,1102,3091,1915.3918967587647
low_001,low,571.273853777557,48,2150,1149,1102,3128,1890.6798552036955
low_001,low,571.273853777557,48,2150,1149,1102,3154,1949.3171106811265
low_001,low,571.273853777557,48,2150,1149,1102,3162,1955.0965592057537
low_001,low,571.273853777557,48,2150,1149,1102,3171,1944.5705041681017
low_001,low,571.273853777557,48,2150,1149,1102,3189,1946.4552222587056
low_001,low,571.273853777557,48,2150,1149,1102,3191,1947.0522340220475
low_001,low,571.273853777557,48,2150,1149,1102,3237,1984.451159275892
low_002,low,683.9259899553283,47,2305,994,951,56,697.0203532736352
low_002,low,683.9259899553283,47,2305,994,951,187,748.6617732209628
low_002,low,683.9259899553283,47,2305,994,951,206,735.4812767612948
low_002,low,683.9259899553283,47,2305,994,951,243,964.4413006923304
low_002,low,683.9259899553283,47,2305,994,951,248,962.7491495679064
low_002,low,683.9259899553283,47,2305,994,951,250,923.7020391222486
low_002,low,683.9259899553283,47,2305,994,951,258,958.8289200724802
low_002,low,683.9259899553283,47,2305,994,951,310,1068.1963013135046
low_002,low,683.9259899553283,47,2305,994,951,556,805.4958815587723
low_002,low,683.9259899553283,47,2305,994,951,729,1335.092237302509
low_002,low,683.9259899553283,47,2305,994,951,746,1404.5988566634628
low_002,low,683.9259899553283,47,2305,994,951,750,1366.1034853805877
low_002,low,683.9259899553283,47,2305,994,951,774,1324.4487436355646
low_002,low,683.9259899553283,47,2305,994,951,793,1317.4086379135006
low_002,low,683.9259899553283,47,2305,994,951,811,1411.5897579884515
low_002,low,683.9259899553283,47,2305,994,951,816,1360.878450631251
low_002,low,683.9259899553283,47,2305,994,951,819,1325.7800062436615
low_002,low,683.9259899553283,47,2305,994,951,842,1381.4857728659435
low_002,low,683.9259899553283,47,2305,994,951,871,1478.3076643941588
low_002,low,683.9259899553283,47,2305,994,951,888,1477.5257648375266
low_002,low,683.9259899553283,47,2305,994,951,1645,728.9195744137219
low_002,low,683.9259899553283,47,2305,994,951,2127,1301.0184539099898
low_002,low,683.9259899553283,47,2305,994,951,2400,694.9782353139447
low_002,low,683.9259899553283,47,2305,994,951,2420,1497.921992203141
low_002,low,683.9259899553283,47,2305,994,951,2640,1529.873807514869
low_002,low,683.9259899553283,47,2305,994,951,2829,1556.6236481784065
low_002,low,683.9259899553283,47,2305,994,951,2837,1609.4613999846351
low_002,low,683.9259899553283,47,2305,994,951,2877,1585.1269081280982
low_002,low,683.9259899553283,47,2305,994,951,2886,1577.790506686672
low_002,low,683.9259899553283,47,2305,994,951,2903,1688.6086871030702
low_002,low,683.9259899553283,47,2305,994,951,2920,1673.770305556073
low_002,low,683.9259899553283,47,2305,994,951,2942,1702.9338611629476
low_002,low,683.9259899553283,47,2305,994,951,2945,1752.4695112106324
low_002,low,683.9259899553283,47,2305,994,951,2960,1713.728332152901
low_002,low,683.9259899553283,47,2305,994,951,2976,1742.6516345383357
low_002,low,683.9259899553283,47,2305,994,951,2983,1705.9093367030907
low_002,low,683.9259899553283,47,2305,994,951,3001,1814.1198240687977
low_002,low,683.9259899553283,47,2305,994,951,3010,1777.581561940777
low_002,low,683.9259899553283,47,2305,994,951,3038,1794.8744127888467
low_002,low,683.9259899553283,47,2305,994,951,3094,1906.9128217410496
low_002,low,683.9259899553283,47,2305,994,951,3144,1941.5787821381264
low_002,low,683.9259899553283,47,2305,994,951,3195,1947.5371802195648
low_002,low,683.9259899553283,47,2305,994,951,3221,1995.718771233304
low_002,low,683.9259899553283,47,2305,994,951,3225,1997.8420930695504
low_002,low,683.9259899553283,47,2305,994,951,3251,1997.4118855255128
low_002,low,683.9259899553283,47,2305,994,951,3263,2021.9479161383413
low_002,low,683.9259899553283,47,2305,994,951,3267,2009.4267108450877
low_003,low,529.7582630355305,61,2110,1189,1140,27,580.9114273101359
low_003,low,529.7582630355305,61,2110,1189,1140,33,696.0068269400548
low_003,low,529.7582630355305,61,2110,1189,1140,50,642.7058744857901
low_003,low,529.7582630355305,61,2110,1189,1140,77,651.8453119737086
low_003,low,529.7582630355305,61,2110,1189,1140,110,676.6019160017364
low_003,low,529.7582630355305,61,2110,1189,1140,143,665.4456157149265
low_003,low,529.7582630355305,61,2110,1189,1140,177,753.540727169686
low_003,low,529.7582630355305,61,2110,1189,1140,189,737.4550425300513
low_003,low,529.7582630355305,61,2110,1189,1140,230,910.1068455239258
low_003,low,529.7582630355305,61,2110,1189,1140,242,967.993885449732
low_003,low,529.7582630355305,61,2110,1189,1140,252,906.1295767616926
low_003,low,529.7582630355305,61,2110,1189,1140,267,934.4460396181348
low_003,low,529.7582630355305,61,2110,1189,1140,294,978.8869405514936
low_003,low,529.7582630355305,61,2110,1189,1140,303,999.3651996338584
low_003,low,529.7582630355305,61,2110,1189,1140,354,783.3465542436825
low_003,low,529.7582630355305,61,2110,1189,1140,548,569.3475665607356
low_003,low,529.7582630355305,61,2110,1189,1140,555,787.2701558411261
low_003,low,529.7582630355305,61,2110,1189,1140,561,1147.1012146869257
low_003,low,529.7582630355305,61,2110,1189,1140,566,715.0612467843275
low_003,low,529.7582630355305,61,2110,1189,1140,666,1097.9345175854
low_003,low,529.7582630355305,61,2110,1189,1140,667,1099.5941200036643
low_003,low,529.7582630355305,61,2110,1189,1140,688,1180.005969221297
low_003,low,529.7582630355305,61,2110,1189,1140,692,1235.7899249575255
low_003,low,529.7582630355305,61,2110,1189,1140,723,1353.2691844812198
low_003,low,529.7582630355305,61,2110,1189,1140,768,1372.0026489818729
low_003,low,529.7582630355305,61,2110,1189,1140,777,1350.6268284633345
low_003,low,529.7582630355305,61,2110,1189,1140,806,1354.4269470349725
low_003,low,529.7582630355305,61,2110,1189,1140,813,1309.2928298710722
low_003,low,529.7582630355305,61,2110,1189,1140,816,1360.878450631251
low_003,low,529.7582630355305,61,2110,1189,1140,828,1329.7737940679524
low_003,low,529.7582630355305,61,2110,1189,1140,845,1337.1392245998377
low_003,low,529.7582630355305,61,2110,1189,1140,847,1340.416178881104
low_003,low,529.7582630355305,61,2110,1189,1140,1642,650.7198932296724
low_003,low,529.7582630355305,61,2110,1189,1140,1645,728.9195744137219
low_003,low,529.7582630355305,61,2110,1189,1140,2127,1301.0184539099898
low_003,low,529.7582630355305,61,2110,1189,1140,2348,644.7066718190956
low_003,low,529.7582630355305,61,2110,1189,1140,2351,603.7562765078432
low_003,low,529.7582630355305,61,2110,1189,1140,2690,537.341936139209
low_003,low,529.7582630355305,61,2110,1189,1140,2839,1551.6654594770755
low_003,low,529.7582630355305,61,2110,1189,1140,2843,1619.4172541830949
low_003,low,529.7582630355305,61,2110,1189,1140,2858,1616.6787815628577
low_003,low,529.7582630355305,61,2110,1189,1140,2926,1680.575879170551
low_003,low,529.7582630355305,61,2110,1189,1140,2949,1718.633392582382
low_003,low,529.7582630355305,61,2110,1189,1140,2965,1725.6774502734868
low_003,low,529.7582630355305,61,2110,1189,1140,3044,1813.0597975413125
low_003,low,529.7582630355305,61,2110,1189,1140,3045,1772.147205808582
low_003,low,529.7582630355305,61,2110,1189,1140,3048,1813.5704710926996
low_003,low,529.7582630355305,61,2110,1189,1140,3075,1825.9460545934255
low_003,low,529.7582630355305,61,2110,1189,1140,3095,1907.2899642193647
low_003,low,529.7582630355305,61,2110,1189,1140,3129,1890.940310755566
low_003,low,529.7582630355305,61,2110,1189,1140,3156,1952.3369462265648
low_003,low,529.7582630355305,61,2110,1189,1140,3157,1949.34240506614
low_003,low,529.7582630355305,61,2110,1189,1140,3177,1958.7070088989035
low_003,low,529.7582630355305,61,2110,1189,1140,3195,1947.5371802195648
low_003,low,529.7582630355305,61,2110,1189,1140,3210,1951.6381969727613
low_003,low,529.7582630355305,61,2110,1189,1140,3237,1984.451159275892
low_003,low,529.7582630355305,61,2110,1189,1140,3239,1985.2871547092404
low_003,low,529.7582630355305,61,2110,1189,1140,3264,2013.1341408399792
low_003,low,529.7582630355305,61,2110,1189,1140,3272,2013.842388976543
low_003,low,529.7582630355305,61,2110,1189,1140,3277,2023.6667867123333
low_003,low,529.7582630355305,61,2110,1189,1140,3297,2032.316550335476
low_004,low,597.7754561273282,49,2169,1130,1083,35,685.8985441140518
low_004,low,597.7754561273282,49,2169,1130,1083,36,699.3307803504861
low_004,low,597.7754561273282,49,2169,1130,1083,55,696.3480208521112
low_004,low,597.7754561273282,49,2169,1130,1083,69,640.717126419203
low_004,low,597.7754561273282,49,2169,1130,1083,97,648.3854218250219
low_004,low,597.7754561273282,49,2169,1130,1083,111,683.517108806184
low_004,low,597.7754561273282,49,2169,1130,1083,141,664.0078681878807
low_004,low,597.7754561273282,49,2169,1130,1083,160,680.5645967911352
low_004,low,597.7754561273282,49,2169,1130,1083,201,731.23930178093
low_004,low,597.7754561273282,49,2169,1130,1083,222,733.2805693119965
low_004,low,597.7754561273282,49,2169,1130,1083,237,912.8717755842983
low_004,low,597.7754561273282,49,2169,1130,1083,258,958.8289200724802
low_004,low,597.7754561273282,49,2169,1130,1083,610,972.9444580575796
low_004,low,597.7754561273282,49,2169,1130,1083,682,1114.1545586568684
low_004,low,597.7754561273282,49,2169,1130,1083,713,1307.574701533219
low_004,low,597.7754561273282,49,2169,1130,1083,722,1351.948006472277
low_004,low,597.7754561273282,49,2169,1130,1083,725,1354.8734720795785
low_004,low,597.7754561273282,49,2169,1130,1083,732,1355.6284309659382
low_004,low,597.7754561273282,49,2169,1130,1083,746,1404.5988566634628
low_004,low,597.7754561273282,49,2169,1130,1083,775,1331.2074615202282
low_004,low,597.7754561273282,49,2169,1130,1083,825,1313.521217242209
low_004,low,597.7754561273282,49,2169,1130,1083,828,1329.7737940679524
low_004,low,597.7754561273282,49,2169,1130,1083,860,1365.4115040289248
low_004,low,597.7754561273282,49,2169,1130,1083,868,1354.9855111890683
low_004,low,597.7754561273282,49,2169,1130,1083,2408,1490.8779342613743
low_004,low,597.7754561273282,49,2169,1130,1083,2826,1541.9811759334414
low_004,low,597.7754561273282,49,2169,1130,1083,2839,1551.6654594770755
low_004,low,597.7754561273282,49,2169,1130,1083,2857,1609.711246319809
low_004,low,597.7754561273282,49,2169,1130,1083,2861,1629.4353421031635
low_004,low,597.7754561273282,49,2169,1130,1083,2863,1562.8262645356635
low_004,low,597.7754561273282,49,2169,1130,1083,2877,1585.1269081280982
low_004,low,597.7754561273282,49,2169,1130,1083,2903,1688.6086871030702
low_004,low,597.7754561273282,49,2169,1130,1083,2904,1690.1350361180896
low_004,low,597.7754561273282,49,2169,1130,1083,2918,1683.5115189209064
low_004,low,597.7754561273282,49,2169,1130,1083,2922,1674.99754014011
low_004,low,597.7754561273282,49,2169,1130,1083,2942,1702.9338611629476
low_004,low,597.7754561273282,49,2169,1130,1083,2969,1730.3033988398995
low_004,low,597.7754561273282,49,2169,1130,1083,2978,1742.9518279728002
low_004,low,597.7754561273282,49,2169,1130,1083,2982,1704.830496441277
low_004,low,597.7754561273282,49,2169,1130,1083,2990,1709.818834427996
low_004,low,597.7754561273282,49,2169,1130,1083,3121,1892.7287400451737
low_004,low,597.7754561273282,49,2169,1130,1083,3124,1896.687272406516
low_004,low,597.7754561273282,49,2169,1130,1083,3153,1968.1844393097967
low_004,low,597.7754561273282,49,2169,1130,1083,3156,1952.3369462265648
low_004,low,597.7754561273282,49,2169,1130,1083,3161,1954.9364536664243
low_004,low,597.7754561273282,49,2169,1130,1083,3166,1943.6281451228
low_004,low,597.7754561273282,49,2169,1130,1083,3204,1977.013502796584
low_004,low,597.7754561273282,49,2169,1130,1083,3220,2002.7021406930733
low_004,low,597.7754561273282,49,2169,1130,1083,3232,1983.2902607360568
low_005,low,578.0832232545483,57,2152,1147,1100,45,650.9259652710346
low_005,low,578.0832232545483,57,2152,1147,1100,50,642.7058744857901
low_005,low,578.0832232545483,57,2152,1147,1100,66,641.5600810450081
low_005,low,578.0832232545483,57,2152,1147,1100,78,652.1799887860649
low_005,low,578.0832232545483,57,2152,1147,1100,101,655.222471339445
low_005,low,578.0832232545483,57,2152,1147,1100,125,656.9743726990888
low_005,low,578.0832232545483,57,2152,1147,1100,135,660.8536679903423
low_005,low,578.0832232545483,57,2152,1147,1100,157,692.3423925793896
low_005,low,578.0832232545483,57,2152,1147,1100,162,681.3771238290909
low_005,low,578.0832232545483,57,2152,1147,1100,206,735.4812767612948
low_005,low,578.0832232545483,57,2152,1147,1100,215,719.8655379595825
low_005,low,578.0832232545483,57,2152,1147,1100,311,1095.240542209387
low_005,low,578.0832232545483,57,2152,1147,1100,313,1048.422866454661
low_005,low,578.0832232545483,57,2152,1147,1100,561,1147.1012146869257
low_005,low,578.0832232545483,57,2152,1147,1100,669,1102.4642710160556
low_005,low,578.0832232545483,57,2152,1147,1100,721,1343.7378288854534
low_005,low,578.0832232545483,57,2152,1147,1100,724,1353.9297734856912
low_005,low,578.0832232545483,57,2152,1147,1100,741,1370.9090810820128
low_005,low,578.0832232545483,57,2152,1147,1100,745,1394.2257038834232
low_005,low,578.0832232545483,57,2152,1147,1100,776,1312.3649744639813
low_005,low,578.0832232545483,57,2152,1147,1100,811,1411.5897579884515
low_005,low,578.0832232545483,57,2152,1147,1100,835,1321.938391344156
low_005,low,578.0832232545483,57,2152,1147,1100,836,1393.9531028749157
low_005,low,578.0832232545483,57,2152,1147,1100,844,1357.3822911719585
low_005,low,578.0832232545483,57,2152,1147,1100,846,1337.603787912688
low_005,low,578.0832232545483,57,2152,1147,1100,862,1338.9270853322766
low_005,low,578.0832232545483,57,2152,1147,1100,879,1480.6533631223117
low_005,low,578.0832232545483,57,2152,1147,1100,2120,1267.4227854075684
low_005,low,578.0832232545483,57,2152,1147,1100,2441,623.3231779185489
low_005,low,578.0832232545483,57,2152,1147,1100,2608,1499.874281769405
low_005,low,578.0832232545483,57,2152,1147,1100,2617,1529.295216340196
low_005,low,578.0832232545483,57,2152,1147,1100,2825,1539.7097706709694
low_005,low,578.0832232545483,57,2152,1147,1100,2831,1542.0571326665552
low_005,low,578.0832232545483,57,2152,1147,1100,2866,1540.3749695628896
low_005,low,578.0832232545483,57,2152,1147,1100,2867,1541.2160511147224
low_005,low,578.0832232545483,57,2152,1147,1100,2875,1584.432924211956
low_005,low,578.0832232545483,57,2152,1147,1100,2880,1587.308000461299
low_005,low,578.0832232545483,57,2152,1147,1100,2881,1587.668944947341
low_005,low,578.0832232545483,57,2152,1147,1100,2915,1681.513950290136
low_005,low,578.0832232545483,57,2152,1147,1100,2917,1682.4725144488807
low_005,low,578.0832232545483,57,2152,1147,1100,2923,1678.6792438922212
low_005,low,578.0832232545483,57,2152,1147,1100,2940,1701.7066265789106
low_005,low,578.0832232545483,57,2152,1147,1100,2969,1730.3033988398995
low_005,low,578.0832232545483,57,2152,1147,1100,2977,1704.4401416067003
low_005,low,578.0832232545483,57,2152,1147,1100,3034,1792.308376949222
low_005,low,578.0832232545483,57,2152,1147,1100,3069,1768.20995275267
low_005,low,578.0832232545483,57,2152,1147,1100,3083,1831.770544275635
low_005,low,578.0832232545483,57,2152,1147,1100,3085,1847.520607182489
low_005,low,578.0832232545483,57,2152,1147,1100,3118,1899.1589303544083
low_005,low,578.0832232545483,57,2152,1147,1100,3137,1887.051439554637
low_005,low,578.0832232545483,57,2152,1147,1100,3167,1943.926730526416
low_005,low,578.0832232545483,57,2152,1147,1100,3178,1959.6977953263847
low_005,low,578.0832232545483,57,2152,1147,1100,3179,1960.5122337454784
low_005,low,578.0832232545483,57,2152,1147,1100,3182,1962.3174585920533
low_005,low,578.0832232545483,57,2152,1147,1100,3215,1965.927908285203
low_005,low,578.0832232545483,57,2152,1147,1100,3245,1989.867839906203
low_005,low,578.0832232545483,57,2152,1147,1100,3289,2033.8784852001604
low_006,low,667.0304694341608,52,2276,1023,980,36,699.3307803504861
low_006,low,667.0304694341608,52,2276,1023,980,93,677.4689569045163
low_006,low,667.0304694341608,52,2276,1023,980,181,721.0943958455766
low_006,low,667.0304694341608,52,2276,1023,980,217,734.5638247387088
low_006,low,667.0304694341608,52,2276,1023,980,235,954.4808956891616
low_006,low,667.0304694341608,52,2276,1023,980,248,962.7491495679064
low_006,low,667.0304694341608,52,2276,1023,980,258,958.8289200724802
low_006,low,667.0304694341608,52,2276,1023,980,260,896.0627482500782
low_006,low,667.0304694341608,52,2276,1023,980,310,1068.1963013135046
low_006,low,667.0304694341608,52,2276,1023,980,313,1048.422866454661
low_006,low,667.0304694341608,52,2276,1023,980,314,1061.125800249691
low_006,low,667.0304694341608,52,2276,1023,980,315,1047.224476463216
low_006,low,667.0304694341608,52,2276,1023,980,559,1132.8255091458798
low_006,low,667.0304694341608,52,2276,1023,980,661,1091.1398874394167
low_006,low,667.0304694341608,52,2276,1023,980,677,1117.7497286312037
low_006,low,667.0304694341608,52,2276,1023,980,680,1126.0667910170644
low_006,low,667.0304694341608,52,2276,1023,980,712,1307.574701533219
low_006,low,667.0304694341608,52,2276,1023,980,720,1342.511020758399
low_006,low,667.0304694341608,52,2276,1023,980,727,1330.778033304735
low_006,low,667.0304694341608,52,2276,1023,980,738,1314.011322840509
low_006,low,667.0304694341608,52,2276,1023,980,772,1324.426566550079
low_006,low,667.0304694341608,52,2276,1023,980,781,1345.5308561913398
low_006,low,667.0304694341608,52,2276,1023,980,784,1316.276199555837
low_006,low,667.0304694341608,52,2276,1023,980,800,1363.973435982047
low_006,low,667.0304694341608,52,2276,1023,980,822,1326.6568843135929
low_006,low,667.0304694341608,52,2276,1023,980,832,1311.0045982316026
low_006,low,667.0304694341608,52,2276,1023,980,881,1481.8262124863882
low_006,low,667.0304694341608,52,2276,1023,980,2413,1492.0344214029776
low_006,low,667.0304694341608,52,2276,1023,980,2618,1525.385718615291
low_006,low,667.0304694341608,52,2276,1023,980,2622,1527.4556980141842
low_006,low,667.0304694341608,52,2276,1023,980,2636,1526.5094813075384
low_006,low,667.0304694341608,52,2276,1023,980,2832,1646.5393941835748
low_006,low,667.0304694341608,52,2276,1023,980,2850,1594.3469803256796
low_006,low,667.0304694341608,52,2276,1023,980,2853,1561.0305362265815
low_006,low,667.0304694341608,52,2276,1023,980,2864,1642.2591571386442
low_006,low,667.0304694341608,52,2276,1023,980,2874,1583.8380808214956
low_006,low,667.0304694341608,52,2276,1023,980,2915,1681.513950290136
low_006,low,667.0304694341608,52,2276,1023,980,2932,1671.315836387999
low_006,low,667.0304694341608,52,2276,1023,980,3002,1817.8338468608529
low_006,low,667.0304694341608,52,2276,1023,980,3029,1770.3599074874378
low_006,low,667.0304694341608,52,2276,1023,980,3031,1784.9449694449995
low_006,low,667.0304694341608,52,2276,1023,980,3042,1797.4404486284714
low_006,low,667.0304694341608,52,2276,1023,980,3069,1768.20995275267
low_006,low,667.0304694341608,52,2276,1023,980,3088,1847.520607182489
low_006,low,667.0304694341608,52,2276,1023,980,3091,1915.3918967587647
low_006,low,667.0304694341608,52,2276,1023,980,3121,1892.7287400451737
low_006,low,667.0304694341608,52,2276,1023,980,3151,1950.3424532766949
low_006,low,667.0304694341608,52,2276,1023,980,3154,1949.3171106811265
low_006,low,667.0304694341608,52,2276,1023,980,3160,1953.658124235508
low_006,low,667.0304694341608,52,2276,1023,980,3228,1995.2007173905813
low_006,low,667.0304694341608,52,2276,1023,980,3240,1985.6735170443087
low_006,low,667.0304694341608,52,2276,1023,980,3249,1992.5642593522584
low_007,low,478.7305364964448,64,2037,1262,1210,46,642.1032143761397
low_007,low,478.7305364964448,64,2037,1262,1210,48,642.1288594621769
low_007,low,478.7305364964448,64,2037,1262,1210,61,703.7320073042149
low_007,low,478.7305364964448,64,2037,1262,1210,64,643.6456018702918
low_007,low,478.7305364964448,64,2037,1262,1210,65,641.4394396921867
low_007,low,478.7305364964448,64,2037,1262,1210,69,640.717126419203
low_007,low,478.7305364964448,64,2037,1262,1210,96,639.4236977295739
low_007,low,478.7305364964448,64,2037,1262,1210,106,645.6322113624494
low_007,low,478.7305364964448,64,2037,1262,1210,108,642.0726570889884
low_007,low,478.7305364964448,64,2037,1262,1210,141,664.0078681878807
low_007,low,478.7305364964448,64,2037,1262,1210,144,665.714203326381
low_007,low,478.7305364964448,64,2037,1262,1210,161,680.9488552143931
low_007,low,478.7305364964448,64,2037,1262,1210,163,681.7708448741903
low_007,low,478.7305364964448,64,2037,1262,1210,222,733.2805693119965
low_007,low,478.7305364964448,64,2037,1262,1210,238,913.0833847888556
low_007,low,478.7305364964448,64,2037,1262,1210,284,919.9171722956652
low_007,low,478.7305364964448,64,2037,1262,1210,547,557.5210398551714
low_007,low,478.7305364964448,64,2037,1262,1210,562,1187.2084049271398
low_007,low,478.7305364964448,64,2037,1262,1210,738,1314.011322840509
low_007,low,478.7305364964448,64,2037,1262,1210,766,1385.3811167692236
low_007,low,478.7305364964448,64,2037,1262,1210,777,1350.6268284633345
low_007,low,478.7305364964448,64,2037,1262,1210,807,1331.97642329618
low_007,low,478.7305364964448,64,2037,1262,1210,818,1348.2102276956111
low_007,low,478.7305364964448,64,2037,1262,1210,829,1327.1112688517585
low_007,low,478.7305364964448,64,2037,1262,1210,853,1309.926047267874
low_007,low,478.7305364964448,64,2037,1262,1210,865,1348.928171039336
low_007,low,478.7305364964448,64,2037,1262,1210,1575,637.7771135651354
low_007,low,478.7305364964448,64,2037,1262,1210,1620,515.5062478481659
low_007,low,478.7305364964448,64,2037,1262,1210,1622,521.3103798657177
low_007,low,478.7305364964448,64,2037,1262,1210,1632,657.2868357266572
low_007,low,478.7305364964448,64,2037,1262,1210,1638,776.021182996999
low_007,low,478.7305364964448,64,2037,1262,1210,2200,493.8222562870099
low_007,low,478.7305364964448,64,2037,1262,1210,2441,623.3231779185489
low_007,low,478.7305364964448,64,2037,1262,1210,2609,1499.874281769405
low_007,low,478.7305364964448,64,2037,1262,1210,2620,1532.8137641994008
low_007,low,478.7305364964448,64,2037,1262,1210,2634,1523.881101497227
low_007,low,478.7305364964448,64,2037,1262,1210,2644,1530.6265608592166
low_007,low,478.7305364964448,64,2037,1262,1210,2822,1550.546438330423
low_007,low,478.7305364964448,64,2037,1262,1210,2831,1542.0571326665552
low_007,low,478.7305364964448,64,2037,1262,1210,2845,1634.2405846350066
low_007,low,478.7305364964448,64,2037,1262,1210,2880,1587.308000461299
low_007,low,478.7305364964448,64,2037,1262,1210,2903,1688.6086871030702
low_007,low,478.7305364964448,64,2037,1262,1210,2906,1671.315836387999
low_007,low,478.7305364964448,64,2037,1262,1210,2921,1674.469892223038
low_007,low,478.7305364964448,64,2037,1262,1210,2925,1679.7266519689915
low_007,low,478.7305364964448,64,2037,1262,1210,2937,1699.9884982410574
low_007,low,478.7305364964448,64,2037,1262,1210,2941,1701.7066265789106
low_007,low,478.7305364964448,64,2037,1262,1210,2971,1734.3509327915897
low_007,low,478.7305364964448,64,2037,1262,1210,2993,1711.7735832904484
low_007,low,478.7305364964448,64,2037,1262,1210,3029,1770.3599074874378
low_007,low,478.7305364964448,64,2037,1262,1210,3052,1787.3994386130737
low_007,low,478.7305364964448,64,2037,1262,1210,3098,1911.2851014809053
low_007,low,478.7305364964448,64,2037,1262,1210,3109,1904.766719501201
low_007,low,478.7305364964448,64,2037,1262,1210,3113,1892.1131601196423
low_007,low,478.7305364964448,64,2037,1262,1210,3129,1890.940310755566
low_007,low,478.7305364964448,64,2037,1262,1210,3137,1887.051439554637
low_007,low,478.7305364964448,64,2037,1262,1210,3140,1915.7460742814765
low_007,low,478.7305364964448,64,2037,1262,1210,3146,1941.9562615813063
low_007,low,478.7305364964448,64,2037,1262,1210,3158,1953.05173557582
low_007,low,478.7305364964448,64,2037,1262,1210,3194,1962.7176308718235
low_007,low,478.7305364964448,64,2037,1262,1210,3213,1948.5621517947664
low_007,low,478.7305364964448,64,2037,1262,1210,3221,1995.718771233304
low_007,low,478.7305364964448,64,2037,1262,1210,3267,2009.4267108450877
low_007,low,478.7305364964448,64,2037,1262,1210,3282,2030.019720515304
low_008,low,574.2049458044072,56,2150,1149,1102,39,639.8667657069383
low_008,low,574.2049458044072,56,2150,1149,1102,54,643.3787554445368
low_008,low,574.2049458044072,56,2150,1149,1102,158,679.7061518237035
low_008,low,574.2049458044072,56,2150,1149,1102,170,725.3339553081044
low_008,low,574.2049458044072,56,2150,1149,1102,173,737.5815716688236
low_008,low,574.2049458044072,56,2150,1149,1102,185,744.5726952869832
low_008,low,574.2049458044072,56,2150,1149,1102,196,721.7497866774148
low_008,low,574.2049458044072,56,2150,1149,1102,229,909.1852021704684
low_008,low,574.2049458044072,56,2150,1149,1102,273,945.4424218227036
low_008,low,574.2049458044072,56,2150,1149,1102,283,918.70885023758
low_008,low,574.2049458044072,56,2150,1149,1102,304,994.0804875980872
low_008,low,574.2049458044072,56,2150,1149,1102,554,615.384545459646
low_008,low,574.2049458044072,56,2150,1149,1102,670,1105.3463921911757
low_008,low,574.2049458044072,56,2150,1149,1102,680,1126.0667910170644
low_008,low,574.2049458044072,56,2150,1149,1102,732,1355.6284309659382
low_008,low,574.2049458044072,56,2150,1149,1102,762,1365.6914772089729
low_008,low,574.2049458044072,56,2150,1149,1102,778,1350.791146219011
low_008,low,574.2049458044072,56,2150,1149,1102,811,1411.5897579884515
low_008,low,574.2049458044072,56,2150,1149,1102,812,1445.9403882459223
low_008,low,574.2049458044072,56,2150,1149,1102,824,1356.4750434302453
low_008,low,574.2049458044072,56,2150,1149,1102,854,1330.4316785766446
low_008,low,574.2049458044072,56,2150,1149,1102,867,1358.6255445476208
low_008,low,574.2049458044072,56,2150,1149,1102,871,1478.3076643941588
low_008,low,574.2049458044072,56,2150,1149,1102,2348,644.7066718190956
low_008,low,574.2049458044072,56,2150,1149,1102,2351,603.7562765078432
low_008,low,574.2049458044072,56,2150,1149,1102,2398,693.5622942595381
low_008,low,574.2049458044072,56,2150,1149,1102,2441,623.3231779185489
low_008,low,574.2049458044072,56,2150,1149,1102,2618,1525.385718615291
low_008,low,574.2049458044072,56,2150,1149,1102,2710,799.5571165104092
low_008,low,574.2049458044072,56,2150,1149,1102,2844,1621.0268806880636
low_008,low,574.2049458044072,56,2150,1149,1102,2855,1557.2491677696253
low_008,low,574.2049458044072,56,2150,1149,1102,2867,1541.2160511147224
low_008,low,574.2049458044072,56,2150,1149,1102,2877,1585.1269081280982
low_008,low,574.2049458044072,56,2150,1149,1102,2888,1546.4502455398774
low_008,low,574.2049458044072,56,2150,1149,1102,2890,1598.699826184514
low_008,low,574.2049458044072,56,2150,1149,1102,2919,1673.313405081435
low_008,low,574.2049458044072,56,2150,1149,1102,2982,1704.830496441277
low_008,low,574.2049458044072,56,2150,1149,1102,3052,1787.3994386130737
low_008,low,574.2049458044072,56,2150,1149,1102,3057,1789.4899888213392
low_008,low,574.2049458044072,56,2150,1149,1102,3060,1800.6320571975043
low_008,low,574.2049458044072,56,2150,1149,1102,3064,1775.9320726351657
low_008,low,574.2049458044072,56,2150,1149,1102,3110,1897.03916159998
low_008,low,574.2049458044072,56,2150,1149,1102,3121,1892.7287400451737
low_008,low,574.2049458044072,56,2150,1149,1102,3161,1954.9364536664243
low_008,low,574.2049458044072,56,2150,1149,1102,3162,1955.0965592057537
low_008,low,574.2049458044072,56,2150,1149,1102,3167,1943.926730526416
low_008,low,574.2049458044072,56,2150,1149,1102,3189,1946.4552222587056
low_008,low,574.2049458044072,56,2150,1149,1102,3195,1947.5371802195648
low_008,low,574.2049458044072,56,2150,1149,1102,3211,1949.282299394612
low_008,low,574.2049458044072,56,2150,1149,1102,3214,1965.8318362991504
low_008,low,574.2049458044072,56,2150,1149,1102,3252,1993.6426342817524
low_008,low,574.2049458044072,56,2150,1149,1102,3262,2009.006170069171
low_008,low,574.2049458044072,56,2150,1149,1102,3269,2010.478062769212
low_008,low,574.2049458044072,56,2150,1149,1102,3276,2018.4893461283248
low_008,low,574.2049458044072,56,2150,1149,1102,3282,2030.019720515304
low_008,low,574.2049458044072,56,2150,1149,1102,3291,2041.4453072957035
low_009,low,693.8087549155209,60,2322,977,935,36,703.3483373397243
low_009,low,693.8087549155209,60,2322,977,935,173,737.5815716688236
low_009,low,693.8087549155209,60,2322,977,935,180,729.5699031617827
low_009,low,693.8087549155209,60,2322,977,935,182,730.2212277780571
low_009,low,693.8087549155209,60,2322,977,935,183,730.8210120116497
low_009,low,693.8087549155209,60,2322,977,935,190,719.4251971967553
low_009,low,693.8087549155209,60,2322,977,935,199,723.2219688265768
low_009,low,693.8087549155209,60,2322,977,935,242,967.993885449732
low_009,low,693.8087549155209,60,2322,977,935,267,934.4460396181348
low_009,low,693.8087549155209,60,2322,977,935,299,991.9099808771454
low_009,low,693.8087549155209,60,2322,977,935,303,999.3651996338584
low_009,low,693.8087549155209,60,2322,977,935,306,1022.5801845034996
low_009,low,693.8087549155209,60,2322,977,935,355,822.0363057533182
low_009,low,693.8087549155209,60,2322,977,935,660,1088.875010724089
low_009,low,693.8087549155209,60,2322,977,935,670,1105.3463921911757
low_009,low,693.8087549155209,60,2322,977,935,733,1357.1383487386574
low_009,low,693.8087549155209,60,2322,977,935,748,1426.2729630709882
low_009,low,693.8087549155209,60,2322,977,935,776,1312.3649744639813
low_009,low,693.8087549155209,60,2322,977,935,784,1316.276199555837
low_009,low,693.8087549155209,60,2322,977,935,825,1313.521217242209
low_009,low,693.8087549155209,60,2322,977,935,850,1341.378582400735
low_009,low,693.8087549155209,60,2322,977,935,884,1483.0979301732502
low_009,low,693.8087549155209,60,2322,977,935,2418,1495.1884771753512
low_009,low,693.8087549155209,60,2322,977,935,2443,714.2077717246576
low_009,low,693.8087549155209,60,2322,977,935,2626,1525.5632646008926
low_009,low,693.8087549155209,60,2322,977,935,2627,1523.0400199453943
low_009,low,693.8087549155209,60,2322,977,935,2833,1600.9429946135954
low_009,low,693.8087549155209,60,2322,977,935,2836,1538.4825360869324
low_009,low,693.8087549155209,60,2322,977,935,2845,1634.2405846350066
low_009,low,693.8087549155209,60,2322,977,935,2849,1542.354052749332
low_009,low,693.8087549155209,60,2322,977,935,2866,1540.3749695628896
low_009,low,693.8087549155209,60,2322,977,935,2895,1548.4983419351502
low_009,low,693.8087549155209,60,2322,977,935,2914,1677.9393536478476
low_009,low,693.8087549155209,60,2322,977,935,2947,1702.757978503035
low_009,low,693.8087549155209,60,2322,977,935,2955,1720.00357840192
low_009,low,693.8087549155209,60,2322,977,935,2982,1704.830496441277
low_009,low,693.8087549155209,60,2322,977,935,3031,1784.9449694449995
low_009,low,693.8087549155209,60,2322,977,935,3033,1791.6402126166415
low_009,low,693.8087549155209,60,2322,977,935,3056,1776.490908816123
low_009,low,693.8087549155209,60,2322,977,935,3061,1802.0056001779917
low_009,low,693.8087549155209,60,2322,977,935,3070,1768.8673882991632
low_009,low,693.8087549155209,60,2322,977,935,3098,1911.2851014809053
low_009,low,693.8087549155209,60,2322,977,935,3115,1897.7226615594343
low_009,low,693.8087549155209,60,2322,977,935,3122,1915.2802387424465
low_009,low,693.8087549155209,60,2322,977,935,3137,1887.051439554637
low_009,low,693.8087549155209,60,2322,977,935,3148,1942.6168505857777
low_009,low,693.8087549155209,60,2322,977,935,3153,1968.1844393097967
low_009,low,693.8087549155209,60,2322,977,935,3183,1944.7873573629684
low_009,low,693.8087549155209,60,2322,977,935,3184,1944.8293429497032
low_009,low,693.8087549155209,60,2322,977,935,3188,1946.297275135688
low_009,low,693.8087549155209,60,2322,977,935,3189,1946.4552222587056
low_009,low,693.8087549155209,60,2322,977,935,3194,1962.7176308718235
low_009,low,693.8087549155209,60,2322,977,935,3203,1975.8354332246015
low_009,low,693.8087549155209,60,2322,977,935,3215,1965.927908285203
low_009,low,693.8087549155209,60,2322,977,935,3220,2002.7021406930733
low_009,low,693.8087549155209,60,2322,977,935,3234,1983.6394292202956
low_009,low,693.8087549155209,60,2322,977,935,3238,1985.0361031009995
low_009,low,693.8087549155209,60,2322,977,935,3242,1984.1679004351224
low_009,low,693.8087549155209,60,2322,977,935,3243,1990.0476404845112
low_009,low,693.8087549155209,60,2322,977,935,3279,2019.204283689313
low_010,low,671.9899122534139,52,2283,1016,973,93,678.5701744260001
low_010,low,671.9899122534139,52,2283,1016,973,157,692.3423925793896
low_010,low,671.9899122534139,52,2283,1016,973,184,742.0389370596048
low_010,low,671.9899122534139,52,2283,1016,973,196,721.7497866774148
low_010,low,671.9899122534139,52,2283,1016,973,217,734.5638247387088
low_010,low,671.9899122534139,52,2283,1016,973,234,951.1578700876976
low_010,low,671.9899122534139,52,2283,1016,973,248,962.7491495679064
low_010,low,671.9899122534139,52,2283,1016,973,258,958.8289200724802
low_010,low,671.9899122534139,52,2283,1016,973,265,933.6128198428778
low_010,low,671.9899122534139,52,2283,1016,973,270,938.0483027385272
low_010,low,671.9899122534139,52,2283,1016,973,273,945.4424218227036
low_010,low,671.9899122534139,52,2283,1016,973,356,826.4576921859726
low_010,low,671.9899122534139,52,2283,1016,973,357,844.324967346876
low_010,low,671.9899122534139,52,2283,1016,973,560,1134.8867055945834
low_010,low,671.9899122534139,52,2283,1016,973,678,1119.067957650365
low_010,low,671.9899122534139,52,2283,1016,973,682,1114.1545586568684
low_010,low,671.9899122534139,52,2283,1016,973,731,1354.2664771656296
low_010,low,671.9899122534139,52,2283,1016,973,738,1314.011322840509
low_010,low,671.9899122534139,52,2283,1016,973,747,1424.8516470617349
low_010,low,671.9899122534139,52,2283,1016,973,758,1342.2825773940383
low_010,low,671.9899122534139,52,2283,1016,973,759,1309.2928298710722
low_010,low,671.9899122534139,52,2283,1016,973,762,1365.6914772089729
low_010,low,671.9899122534139,52,2283,1016,973,827,1329.1105005677018
low_010,low,671.9899122534139,52,2283,1016,973,856,1346.476942364096
low_010,low,671.9899122534139,52,2283,1016,973,860,1365.4115040289248
low_010,low,671.9899122534139,52,2283,1016,973,870,1477.5257648375266
low_010,low,671.9899122534139,52,2283,1016,973,874,1479.3130630960052
low_010,low,671.9899122534139,52,2283,1016,973,2398,693.5622942595381
low_010,low,671.9899122534139,52,2283,1016,973,2643,1524.8250884191757
low_010,low,671.9899122534139,52,2283,1016,973,2833,1600.9429946135954
low_010,low,671.9899122534139,52,2283,1016,973,2860,1623.000586670196
low_010,low,671.9899122534139,52,2283,1016,973,2886,1577.790506686672
low_010,low,671.9899122534139,52,2283,1016,973,2889,1592.1498641165845
low_010,low,671.9899122534139,52,2283,1016,973,2922,1674.99754014011
low_010,low,671.9899122534139,52,2283,1016,973,2978,1742.9518279728002
low_010,low,671.9899122534139,52,2283,1016,973,2993,1711.7735832904484
low_010,low,671.9899122534139,52,2283,1016,973,2997,1802.88001834272
low_010,low,671.9899122534139,52,2283,1016,973,3014,1802.5725203077209
low_010,low,671.9899122534139,52,2283,1016,973,3025,1782.7461052691806
low_010,low,671.9899122534139,52,2283,1016,973,3026,1780.595881473878
low_010,low,671.9899122534139,52,2283,1016,973,3052,1787.3994386130737
low_010,low,671.9899122534139,52,2283,1016,973,3078,1829.9624585596853
low_010,low,671.9899122534139,52,2283,1016,973,3110,1897.03916159998
low_010,low,671.9899122534139,52,2283,1016,973,3149,1966.362557117041
low_010,low,671.9899122534139,52,2283,1016,973,3186,1945.542316249328
low_010,low,671.9899122534139,52,2283,1016,973,3191,1947.0522340220475
low_010,low,671.9899122534139,52,2283,1016,973,3224,1988.840601984337
low_010,low,671.9899122534139,52,2283,1016,973,3253,1983.2902607360568
low_010,low,671.9899122534139,52,2283,1016,973,3255,2004.4522881588236
low_010,low,671.9899122534139,52,2283,1016,973,3258,2016.2604983518968
low_010,low,671.9899122534139,52,2283,1016,973,3278,2009.006170069171
low_010,low,671.9899122534139,52,2283,1016,973,3280,2019.366339121728
low_011,low,697.4533949674169,33,2329,970,928,217,734.5638247387088
low_011,low,697.4533949674169,33,2329,970,928,269,937.6231964796068
low_011,low,697.4533949674169,33,2329,970,928,310,1068.1963013135046
low_011,low,697.4533949674169,33,2329,970,928,558,1106.9940244467111
low_011,low,697.4533949674169,33,2329,970,928,724,1353.9297734856912
low_011,low,697.4533949674169,33,2329,970,928,726,1311.238521422166
low_011,low,697.4533949674169,33,2329,970,928,742,1374.3908450516374
low_011,low,697.4533949674169,33,2329,970,928,770,1344.523654281781
low_011,low,697.4533949674169,33,2329,970,928,788,1336.0938701399689
low_011,low,697.4533949674169,33,2329,970,928,790,1312.9732543647333
low_011,low,697.4533949674169,33,2329,970,928,867,1358.6255445476208
low_011,low,697.4533949674169,33,2329,970,928,1636,783.192693554672
low_011,low,697.4533949674169,33,2329,970,928,2623,1528.6121851557873
low_011,low,697.4533949674169,33,2329,970,928,2712,816.2538701706333
low_011,low,697.4533949674169,33,2329,970,928,2834,1600.9585790327797
low_011,low,697.4533949674169,33,2329,970,928,2885,1588.2002654878968
low_011,low,697.4533949674169,33,2329,970,928,2909,1672.543070972036
low_011,low,697.4533949674169,33,2329,970,928,2910,1673.1728478422826
low_011,low,697.4533949674169,33,2329,970,928,2921,1674.469892223038
low_011,low,697.4533949674169,33,2329,970,928,2927,1685.5090875516769
low_011,low,697.4533949674169,33,2329,970,928,2950,1719.1038915246454
low_011,low,697.4533949674169,33,2329,970,928,3024,1786.0691783120474
low_011,low,697.4533949674169,33,2329,970,928,3057,1789.4899888213392
low_011,low,697.4533949674169,33,2329,970,928,3067,1767.987751334362
low_011,low,697.4533949674169,33,2329,970,928,3117,1898.4465463361184
low_011,low,697.4533949674169,33,2329,970,928,3153,1968.1844393097967
low_011,low,697.4533949674169,33,2329,970,928,3168,1955.1680420082268
low_011,low,697.4533949674169,33,2329,970,928,3173,1956.8211717570284
low_011,low,697.4533949674169,33,2329,970,928,3228,1995.2007173905813
low_011,low,697.4533949674169,33,2329,970,928,3239,1985.2871547092404
low_011,low,697.4533949674169,33,2329,970,928,3251,1997.4118855255128
low_011,low,697.4533949674169,33,2329,970,928,3276,2018.4893461283248
low_011,low,697.4533949674169,33,2329,970,928,3288,2033.2627670421216
low_012,low,712.3510357801717,45,2339,960,918,219,739.5156923414412
low_012,low,712.3510357801717,45,2339,960,918,252,906.1295767616926
low_012,low,712.3510357801717,45,2339,960,918,257,955.7837585805148
low_012,low,712.3510357801717,45,2339,960,918,284,919.9171722956652
low_012,low,712.3510357801717,45,2339,960,918,557,1045.6023663619817
low_012,low,712.3510357801717,45,2339,960,918,558,1106.9940244467111
low_012,low,712.3510357801717,45,2339,960,918,669,1102.4642710160556
low_012,low,712.3510357801717,45,2339,960,918,681,1131.7109720029666
low_012,low,712.3510357801717,45,2339,960,918,684,1115.2930291344553
low_012,low,712.3510357801717,45,2339,960,918,804,1319.153650402004
low_012,low,712.3510357801717,45,2339,960,918,820,1325.984473481814
low_012,low,712.3510357801717,45,2339,960,918,825,1313.521217242209
low_012,low,712.3510357801717,45,2339,960,918,856,1346.476942364096
low_012,low,712.3510357801717,45,2339,960,918,1638,776.021182996999
low_012,low,712.3510357801717,45,2339,960,918,1645,728.9195744137219
low_012,low,712.3510357801717,45,2339,960,918,2424,1496.6388452354872
low_012,low,712.3510357801717,45,2339,960,918,2619,1531.5559706185345
low_012,low,712.3510357801717,45,2339,960,918,2707,779.9583858166225
low_012,low,712.3510357801717,45,2339,960,918,2710,799.5571165104092
low_012,low,712.3510357801717,45,2339,960,918,2711,810.3662994958006
low_012,low,712.3510357801717,45,2339,960,918,2835,1538.4825360869324
low_012,low,712.3510357801717,45,2339,960,918,2843,1619.4172541830949
low_012,low,712.3510357801717,45,2339,960,918,2867,1541.2160511147224
low_012,low,712.3510357801717,45,2339,960,918,2894,1548.3652442113023
low_012,low,712.3510357801717,45,2339,960,918,2904,1690.1350361180896
low_012,low,712.3510357801717,45,2339,960,918,2917,1682.4725144488807
low_012,low,712.3510357801717,45,2339,960,918,2979,1744.1812445391377
low_012,low,712.3510357801717,45,2339,960,918,3017,1780.2426155491426
low_012,low,712.3510357801717,45,2339,960,918,3020,1810.605328373238
low_012,low,712.3510357801717,45,2339,960,918,3031,1784.9449694449995
low_012,low,712.3510357801717,45,2339,960,918,3096,1908.1714222064488
low_012,low,712.3510357801717,45,2339,960,918,3102,1894.9279984769137
low_012,low,712.3510357801717,45,2339,960,918,3129,1890.940310755566
low_012,low,712.3510357801717,45,2339,960,918,3134,1886.151176007604
low_012,low,712.3510357801717,45,2339,960,918,3139,1887.812712529037
low_012,low,712.3510357801717,45,2339,960,918,3147,1942.234332257971
low_012,low,712.3510357801717,45,2339,960,918,3153,1968.1844393097967
low_012,low,712.3510357801717,45,2339,960,918,3162,1955.0965592057537
low_012,low,712.3510357801717,45,2339,960,918,3172,1941.3900424165363
low_012,low,712.3510357801717,45,2339,960,918,3192,1947.397581304008
low_012,low,712.3510357801717,45,2339,960,918,3241,1985.998675648765
low_012,low,712.3510357801717,45,2339,960,918,3248,2000.0597846751875
low_012,low,712.3510357801717,45,2339,960,918,3255,2004.4522881588236
low_012,low,712.3510357801717,45,2339,960,918,3261,2009.6903321593784
low_012,low,712.3510357801717,45,2339,960,918,3279,2019.204283689313
low_013,low,397.18486050226306,76,1881,1418,1365,107,641.5929979285067
low_013,low,397.18486050226306,76,1881,1418,1365,127,657.7923695072861
low_013,low,397.18486050226306,76,1881,1418,1365,134,660.773676828281
low_013,low,397.18486050226306,76,1881,1418,1365,162,681.3771238290909
low_013,low,397.18486050226306,76,1881,1418,1365,169,747.852913169934
low_013,low,397.18486050226306,76,1881,1418,1365,180,729.5699031617827
low_013,low,397.18486050226306,76,1881,1418,1365,181,721.0943958455766
low_013,low,397.18486050226306,76,1881,1418,1365,197,722.4666204035527
low_013,low,397.18486050226306,76,1881,1418,1365,204,732.617943640067
low_013,low,397.18486050226306,76,1881,1418,1365,208,723.9002878558285
low_013,low,397.18486050226306,76,1881,1418,1365,209,742.7018127790816
low_013,low,397.18486050226306,76,1881,1418,1365,214,734.7142367642722
low_013,low,397.18486050226306,76,1881,1418,1365,272,914.7150622912134
low_013,low,397.18486050226306,76,1881,1418,1365,283,918.70885023758
low_013,low,397.18486050226306,76,1881,1418,1365,284,919.9171722956652
low_013,low,397.18486050226306,76,1881,1418,1365,305,1008.7078153533512
low_013,low,397.18486050226306,76,1881,1418,1365,436,422.4077901549804
low_013,low,397.18486050226306,76,1881,1418,1365,549,567.3037118474956
low_013,low,397.18486050226306,76,1881,1418,1365,550,585.5360508946502
low_013,low,397.18486050226306,76,1881,1418,1365,558,1106.9940244467111
low_013,low,397.18486050226306,76,1881,1418,1365,610,972.9444580575796
low_013,low,397.18486050226306,76,1881,1418,1365,689,1185.8182802309989
low_013,low,397.18486050226306,76,1881,1418,1365,713,1307.574701533219
low_013,low,397.18486050226306,76,1881,1418,1365,731,1354.2664771656296
low_013,low,397.18486050226306,76,1881,1418,1365,755,1344.3198404366383
low_013,low,397.18486050226306,76,1881,1418,1365,771,1349.6533946567477
low_013,low,397.18486050226306,76,1881,1418,1365,776,1312.3649744639813
low_013,low,397.18486050226306,76,1881,1418,1365,810,1319.6735146288283
low_013,low,397.18486050226306,76,1881,1418,1365,819,1325.7800062436615
low_013,low,397.18486050226306,76,1881,1418,1365,863,1348.6340442915534
low_013,low,397.18486050226306,76,1881,1418,1365,879,1480.6533631223117
low_013,low,397.18486050226306,76,1881,1418,1365,1411,439.04857562731206
low_013,low,397.18486050226306,76,1881,1418,1365,1414,440.4983961674823
low_013,low,397.18486050226306,76,1881,1418,1365,1419,442.6764019214511
low_013,low,397.18486050226306,76,1881,1418,1365,1420,443.3980372478227
low_013,low,397.18486050226306,76,1881,1418,1365,1536,550.924550234983
low_013,low,397.18486050226306,76,1881,1418,1365,1550,488.2319160179983
low_013,low,397.18486050226306,76,1881,1418,1365,1578,645.0449825440406
low_013,low,397.18486050226306,76,1881,1418,1365,1607,466.9360078497694
low_013,low,397.18486050226306,76,1881,1418,1365,1608,415.7822309093241
low_013,low,397.18486050226306,76,1881,1418,1365,1641,792.1859277875827
low_013,low,397.18486050226306,76,1881,1418,1365,1643,653.806248172292
low_013,low,397.18486050226306,76,1881,1418,1365,1939,425.23001366561664
low_013,low,397.18486050226306,76,1881,1418,1365,2169,452.02674908503496
low_013,low,397.18486050226306,76,1881,1418,1365,2180,496.6542711948708
low_013,low,397.18486050226306,76,1881,1418,1365,2409,1490.9422501167387
low_013,low,397.18486050226306,76,1881,1418,1365,2802,480.5009273877057
low_013,low,397.18486050226306,76,1881,1418,1365,2818,469.6624474672483
low_013,low,397.18486050226306,76,1881,1418,1365,2847,1576.8621553601515
low_013,low,397.18486050226306,76,1881,1418,1365,2949,1718.633392582382
low_013,low,397.18486050226306,76,1881,1418,1365,2951,1748.8071931055504
low_013,low,397.18486050226306,76,1881,1418,1365,2982,1704.830496441277
low_013,low,397.18486050226306,76,1881,1418,1365,3006,1768.9931500362084
low_013,low,397.18486050226306,76,1881,1418,1365,3022,1785.9199159143488
low_013,low,397.18486050226306,76,1881,1418,1365,3041,1808.3533150643773
low_013,low,397.18486050226306,76,1881,1418,1365,3053,1769.7470252639644
low_013,low,397.18486050226306,76,1881,1418,1365,3065,1767.2058517777298
low_013,low,397.18486050226306,76,1881,1418,1365,3083,1831.770544275635
low_013,low,397.18486050226306,76,1881,1418,1365,3093,1885.3692764509717
low_013,low,397.18486050226306,76,1881,1418,1365,3099,1900.5479014564648
low_013,low,397.18486050226306,76,1881,1418,1365,3108,1895.8302281461424
low_013,low,397.18486050226306,76,1881,1418,1365,3121,1892.7287400451737
low_013,low,397.18486050226306,76,1881,1418,1365,3154,1949.3171106811265
low_013,low,397.18486050226306,76,1881,1418,1365,3155,1951.7117626688632
low_013,low,397.18486050226306,76,1881,1418,1365,3159,1953.2913343591788
low_013,low,397.18486050226306,76,1881,1418,1365,3162,1955.0965592057537
low_013,low,397.18486050226306,76,1881,1418,1365,3180,1960.5906079382369
low_013,low,397.18486050226306,76,1881,1418,1365,3188,1946.297275135688
low_013,low,397.18486050226306,76,1881,1418,1365,3192,1947.397581304008
low_013,low,397.18486050226306,76,1881,1418,1365,3204,1977.013502796584
low_013,low,397.18486050226306,76,1881,1418,1365,3223,1988.250055497344
low_013,low,397.18486050226306,76,1881,1418,1365,3229,1986.9612481965307
low_013,low,397.18486050226306,76,1881,1418,1365,3234,1983.6394292202956
low_013,low,397.18486050226306,76,1881,1418,1365,3247,1991.5664973302007
low_013,low,397.18486050226306,76,1881,1418,1365,3250,1992.8855924138315
low_013,low,397.18486050226306,76,1881,1418,1365,3287,2037.1676075508915
low_014,low,641.4546583623842,52,2208,1091,1047,94,678.5577455993969
low_014,low,641.4546583623842,52,2208,1091,1047,139,663.9149664733984
low_014,low,641.4546583623842,52,2208,1091,1047,148,675.1266038181383
low_014,low,641.4546583623842,52,2208,1091,1047,160,680.5645967911352
low_014,low,641.4546583623842,52,2208,1091,1047,202,731.8303098362497
low_014,low,641.4546583623842,52,2208,1091,1047,213,724.6171215819664
low_014,low,641.4546583623842,52,2208,1091,1047,231,911.0284888773832
low_014,low,641.4546583623842,52,2208,1091,1047,235,954.4808956891616
low_014,low,641.4546583623842,52,2208,1091,1047,244,901.8616126510564
low_014,low,641.4546583623842,52,2208,1091,1047,251,927.3932926809408
low_014,low,641.4546583623842,52,2208,1091,1047,262,898.3359031395036
low_014,low,641.4546583623842,52,2208,1091,1047,263,900.09875789528
low_014,low,641.4546583623842,52,2208,1091,1047,267,934.4460396181348
low_014,low,641.4546583623842,52,2208,1091,1047,693,1120.7457036098162
low_014,low,641.4546583623842,52,2208,1091,1047,763,1368.3557856485136
low_014,low,641.4546583623842,52,2208,1091,1047,771,1349.6533946567477
low_014,low,641.4546583623842,52,2208,1091,1047,790,1312.9732543647333
low_014,low,641.4546583623842,52,2208,1091,1047,811,1411.5897579884515
low_014,low,641.4546583623842,52,2208,1091,1047,832,1311.0045982316026
low_014,low,641.4546583623842,52,2208,1091,1047,1635,832.073073525235
low_014,low,641.4546583623842,52,2208,1091,1047,1637,770.8349006463527
low_014,low,641.4546583623842,52,2208,1091,1047,2128,1302.3396319189326
low_014,low,641.4546583623842,52,2208,1091,1047,2401,693.6413103652111
low_014,low,641.4546583623842,52,2208,1091,1047,2412,1493.5063140716857
low_014,low,641.4546583623842,52,2208,1091,1047,2644,1530.6265608592166
low_014,low,641.4546583623842,52,2208,1091,1047,2853,1561.0305362265815
low_014,low,641.4546583623842,52,2208,1091,1047,2881,1587.668944947341
low_014,low,641.4546583623842,52,2208,1091,1047,2907,1672.0977359446313
low_014,low,641.4546583623842,52,2208,1091,1047,2913,1677.3755579664628
low_014,low,641.4546583623842,52,2208,1091,1047,2926,1680.575879170551
low_014,low,641.4546583623842,52,2208,1091,1047,2943,1704.2478001234012
low_014,low,641.4546583623842,52,2208,1091,1047,2946,1702.6840010101369
low_014,low,641.4546583623842,52,2208,1091,1047,2978,1742.9518279728002
low_014,low,641.4546583623842,52,2208,1091,1047,3001,1814.1198240687977
low_014,low,641.4546583623842,52,2208,1091,1047,3021,1784.027482501057
low_014,low,641.4546583623842,52,2208,1091,1047,3025,1782.7461052691806
low_014,low,641.4546583623842,52,2208,1091,1047,3027,1782.490500276925
low_014,low,641.4546583623842,52,2208,1091,1047,3032,1789.9150533012207
low_014,low,641.4546583623842,52,2208,1091,1047,3041,1808.3533150643773
low_014,low,641.4546583623842,52,2208,1091,1047,3048,1813.5704710926996
low_014,low,641.4546583623842,52,2208,1091,1047,3053,1769.7470252639644
low_014,low,641.4546583623842,52,2208,1091,1047,3075,1825.9460545934255
low_014,low,641.4546583623842,52,2208,1091,1047,3115,1897.7226615594343
low_014,low,641.4546583623842,52,2208,1091,1047,3154,1949.3171106811265
low_014,low,641.4546583623842,52,2208,1091,1047,3165,1943.277439590249
low_014,low,641.4546583623842,52,2208,1091,1047,3186,1945.542316249328
low_014,low,641.4546583623842,52,2208,1091,1047,3194,1962.7176308718235
low_014,low,641.4546583623842,52,2208,1091,1047,3206,1964.3600441194449
low_014,low,641.4546583623842,52,2208,1091,1047,3246,1990.6326863302008
low_014,low,641.4546583623842,52,2208,1091,1047,3269,2010.478062769212
low_014,low,641.4546583623842,52,2208,1091,1047,3271,2022.884015423749
low_014,low,641.4546583623842,52,2208,1091,1047,3294,2042.188032114164
low_015,low,681.7602699793522,44,2300,999,956,33,696.0068269400548
low_015,low,681.7602699793522,44,2300,999,956,35,690.4630672157555
low_015,low,681.7602699793522,44,2300,999,956,37,699.9353858099271
low_015,low,681.7602699793522,44,2300,999,956,83,687.803381441602
low_015,low,681.7602699793522,44,2300,999,956,105,709.0205714609397
low_015,low,681.7602699793522,44,2300,999,956,189,737.4550425300513
low_015,low,681.7602699793522,44,2300,999,956,196,721.7497866774148
low_015,low,681.7602699793522,44,2300,999,956,217,734.5638247387088
low_015,low,681.7602699793522,44,2300,999,956,226,806.3643664127263
low_015,low,681.7602699793522,44,2300,999,956,232,950.132871305843
low_015,low,681.7602699793522,44,2300,999,956,237,912.8717755842983
low_015,low,681.7602699793522,44,2300,999,956,256,954.9119826458916
low_015,low,681.7602699793522,44,2300,999,956,286,921.8096057089568
low_015,low,681.7602699793522,44,2300,999,956,293,983.416693757154
low_015,low,681.7602699793522,44,2300,999,956,305,1008.7078153533512
low_015,low,681.7602699793522,44,2300,999,956,312,1054.2949775270292
low_015,low,681.7602699793522,44,2300,999,956,733,1357.1383487386574
low_015,low,681.7602699793522,44,2300,999,956,812,1445.9403882459223
low_015,low,681.7602699793522,44,2300,999,956,2413,1492.0344214029776
low_015,low,681.7602699793522,44,2300,999,956,2424,1496.6388452354872
low_015,low,681.7602699793522,44,2300,999,956,2622,1527.4556980141842
low_015,low,681.7602699793522,44,2300,999,956,2637,1523.932554182285
low_015,low,681.7602699793522,44,2300,999,956,2888,1546.4502455398774
low_015,low,681.7602699793522,44,2300,999,956,2935,1699.9884982410574
low_015,low,681.7602699793522,44,2300,999,956,2937,1699.9884982410574
low_015,low,681.7602699793522,44,2300,999,956,2941,1701.7066265789106
low_015,low,681.7602699793522,44,2300,999,956,2956,1715.6896072449656
low_015,low,681.7602699793522,44,2300,999,956,2969,1730.3033988398995
low_015,low,681.7602699793522,44,2300,999,956,2970,1732.833757866039
low_015,low,681.7602699793522,44,2300,999,956,2980,1747.2522755634054
low_015,low,681.7602699793522,44,2300,999,956,3037,1794.751272051929
low_015,low,681.7602699793522,44,2300,999,956,3041,1808.3533150643773
low_015,low,681.7602699793522,44,2300,999,956,3052,1787.3994386130737
low_015,low,681.7602699793522,44,2300,999,956,3068,1768.0469333295623
low_015,low,681.7602699793522,44,2300,999,956,3075,1825.9460545934255
low_015,low,681.7602699793522,44,2300,999,956,3112,1886.2618106878624
low_015,low,681.7602699793522,44,2300,999,956,3159,1953.2913343591788
low_015,low,681.7602699793522,44,2300,999,956,3186,1945.542316249328
low_015,low,681.7602699793522,44,2300,999,956,3191,1947.0522340220475
low_015,low,681.7602699793522,44,2300,999,956,3210,1951.6381969727613
low_015,low,681.7602699793522,44,2300,999,956,3221,1995.718771233304
low_015,low,681.7602699793522,44,2300,999,956,3247,1991.5664973302007
low_015,low,681.7602699793522,44,2300,999,956,3268,2009.7871375015131
low_015,low,681.7602699793522,44,2300,999,956,3283,2030.019720515304
low_016,low,625.5570666676629,62,2187,1112,1067,44,648.7847613692775
low_016,low,625.5570666676629,62,2187,1112,1067,94,678.5577455993969
low_016,low,625.5570666676629,62,2187,1112,1067,96,639.4236977295739
low_016,low,625.5570666676629,62,2187,1112,1067,106,645.6322113624494
low_016,low,625.5570666676629,62,2187,1112,1067,107,641.5929979285067
low_016,low,625.5570666676629,62,2187,1112,1067,132,659.3230187488142
low_016,low,625.5570666676629,62,2187,1112,1067,134,660.773676828281
low_016,low,625.5570666676629,62,2187,1112,1067,137,662.3843172318703
low_016,low,625.5570666676629,62,2187,1112,1067,139,663.9149664733984
low_016,low,625.5570666676629,62,2187,1112,1067,166,747.2845728701307
low_016,low,625.5570666676629,62,2187,1112,1067,173,737.5815716688236
low_016,low,625.5570666676629,62,2187,1112,1067,189,737.4550425300513
low_016,low,625.5570666676629,62,2187,1112,1067,238,913.0833847888556
low_016,low,625.5570666676629,62,2187,1112,1067,562,1187.2084049271398
low_016,low,625.5570666676629,62,2187,1112,1067,660,1088.875010724089
low_016,low,625.5570666676629,62,2187,1112,1067,733,1357.1383487386574
low_016,low,625.5570666676629,62,2187,1112,1067,748,1426.2729630709882
low_016,low,625.5570666676629,62,2187,1112,1067,769,1374.69114271996
low_016,low,625.5570666676629,62,2187,1112,1067,837,1327.542380413549
low_016,low,625.5570666676629,62,2187,1112,1067,853,1309.926047267874
low_016,low,625.5570666676629,62,2187,1112,1067,870,1477.5257648375266
low_016,low,625.5570666676629,62,2187,1112,1067,880,1481.3190353941864
low_016,low,625.5570666676629,62,2187,1112,1067,881,1481.8262124863882
low_016,low,625.5570666676629,62,2187,1112,1067,883,1482.657836782772
low_016,low,625.5570666676629,62,2187,1112,1067,1641,792.1859277875827
low_016,low,625.5570666676629,62,2187,1112,1067,2398,693.5622942595381
low_016,low,625.5570666676629,62,2187,1112,1067,2417,1495.1884771753512
low_016,low,625.5570666676629,62,2187,1112,1067,2421,1496.4500995344329
low_016,low,625.5570666676629,62,2187,1112,1067,2824,1539.5576479845838
low_016,low,625.5570666676629,62,2187,1112,1067,2830,1603.2905760678614
low_016,low,625.5570666676629,62,2187,1112,1067,2847,1576.8621553601515
low_016,low,625.5570666676629,62,2187,1112,1067,2850,1594.3469803256796
low_016,low,625.5570666676629,62,2187,1112,1067,2858,1616.6787815628577
low_016,low,625.5570666676629,62,2187,1112,1067,2898,1633.9312643935948
low_016,low,625.5570666676629,62,2187,1112,1067,2932,1671.315836387999
low_016,low,625.5570666676629,62,2187,1112,1067,2968,1730.0504852009844
low_016,low,625.5570666676629,62,2187,1112,1067,2980,1747.2522755634054
low_016,low,625.5570666676629,62,2187,1112,1067,2982,1704.830496441277
low_016,low,625.5570666676629,62,2187,1112,1067,2990,1709.818834427996
low_016,low,625.5570666676629,62,2187,1112,1067,2991,1710.748253151448
low_016,low,625.5570666676629,62,2187,1112,1067,2992,1711.524503118209
low_016,low,625.5570666676629,62,2187,1112,1067,2996,1811.089963425206
low_016,low,625.5570666676629,62,2187,1112,1067,3001,1814.1198240687977
low_016,low,625.5570666676629,62,2187,1112,1067,3003,1818.6381363057571
low_016,low,625.5570666676629,62,2187,1112,1067,3060,1800.6320571975043
low_016,low,625.5570666676629,62,2187,1112,1067,3070,1768.8673882991632
low_016,low,625.5570666676629,62,2187,1112,1067,3079,1826.727954150058
low_016,low,625.5570666676629,62,2187,1112,1067,3112,1886.2618106878624
low_016,low,625.5570666676629,62,2187,1112,1067,3120,1889.4526206196583
low_016,low,625.5570666676629,62,2187,1112,1067,3123,1911.885444998504
low_016,low,625.5570666676629,62,2187,1112,1067,3138,1887.221285060681
low_016,low,625.5570666676629,62,2187,1112,1067,3162,1955.0965592057537
low_016,low,625.5570666676629,62,2187,1112,1067,3183,1944.7873573629684
low_016,low,625.5570666676629,62,2187,1112,1067,3187,1945.7319553729903
low_016,low,625.5570666676629,62,2187,1112,1067,3211,1949.282299394612
low_016,low,625.5570666676629,62,2187,1112,1067,3212,1948.4397926428528
low_016,low,625.5570666676629,62,2187,1112,1067,3223,1988.250055497344
low_016,low,625.5570666676629,62,2187,1112,1067,3232,1983.2902607360568
low_016,low,625.5570666676629,62,2187,1112,1067,3241,1985.998675648765
low_016,low,625.5570666676629,62,2187,1112,1067,3243,1990.0476404845112
low_016,low,625.5570666676629,62,2187,1112,1067,3264,2013.1341408399792
low_016,low,625.5570666676629,62,2187,1112,1067,3276,2018.4893461283248
low_017,low,642.5859161590795,41,2213,1086,1042,34,685.3932663612233
low_017,low,642.5859161590795,41,2213,1086,1042,78,657.4797806827095
low_017,low,642.5859161590795,41,2213,1086,1042,205,733.1970672874793
low_017,low,642.5859161590795,41,2213,1086,1042,211,770.8402542384171
low_017,low,642.5859161590795,41,2213,1086,1042,235,954.4808956891616
low_017,low,642.5859161590795,41,2213,1086,1042,556,805.4958815587723
low_017,low,642.5859161590795,41,2213,1086,1042,567,753.0218442930809
low_017,low,642.5859161590795,41,2213,1086,1042,647,970.347757826291
low_017,low,642.5859161590795,41,2213,1086,1042,670,1105.3463921911757
low_017,low,642.5859161590795,41,2213,1086,1042,761,1324.203268059484
low_017,low,642.5859161590795,41,2213,1086,1042,766,1385.3811167692236
low_017,low,642.5859161590795,41,2213,1086,1042,782,1310.9914872950703
low_017,low,642.5859161590795,41,2213,1086,1042,795,1371.4825674107449
low_017,low,642.5859161590795,41,2213,1086,1042,801,1318.304454205594
low_017,low,642.5859161590795,41,2213,1086,1042,847,1340.416178881104
low_017,low,642.5859161590795,41,2213,1086,1042,862,1338.9270853322766
low_017,low,642.5859161590795,41,2213,1086,1042,888,1477.5257648375266
low_017,low,642.5859161590795,41,2213,1086,1042,1639,845.4078947236368
low_017,low,642.5859161590795,41,2213,1086,1042,2348,649.5593956748514
low_017,low,642.5859161590795,41,2213,1086,1042,2443,714.2077717246576
low_017,low,642.5859161590795,41,2213,1086,1042,2823,1553.9793661000438
low_017,low,642.5859161590795,41,2213,1086,1042,2841,1565.6656515192906
low_017,low,642.5859161590795,41,2213,1086,1042,2878,1585.8208920442405
low_017,low,642.5859161590795,41,2213,1086,1042,2933,1671.315836387999
low_017,low,642.5859161590795,41,2213,1086,1042,2935,1699.9884982410574
low_017,low,642.5859161590795,41,2213,1086,1042,2955,1720.00357840192
low_017,low,642.5859161590795,41,2213,1086,1042,2977,1704.4401416067003
low_017,low,642.5859161590795,41,2213,1086,1042,2987,1716.7681417350043
low_017,low,642.5859161590795,41,2213,1086,1042,3015,1778.4456576785756
low_017,low,642.5859161590795,41,2213,1086,1042,3017,1780.2426155491426
low_017,low,642.5859161590795,41,2213,1086,1042,3036,1793.8881737618574
low_017,low,642.5859161590795,41,2213,1086,1042,3067,1767.987751334362
low_017,low,642.5859161590795,41,2213,1086,1042,3091,1915.3918967587647
low_017,low,642.5859161590795,41,2213,1086,1042,3092,1885.3692764509717
low_017,low,642.5859161590795,41,2213,1086,1042,3156,1952.3369462265648
low_017,low,642.5859161590795,41,2213,1086,1042,3157,1949.34240506614
low_017,low,642.5859161590795,41,2213,1086,1042,3160,1953.658124235508
low_017,low,642.5859161590795,41,2213,1086,1042,3200,1974.6081986405648
low_017,low,642.5859161590795,41,2213,1086,1042,3211,1949.282299394612
low_017,low,642.5859161590795,41,2213,1086,1042,3228,1995.2007173905813
low_017,low,642.5859161590795,41,2213,1086,1042,3253,1983.2902607360568
low_018,low,327.43587753847225,78,1714,1585,1526,74,647.4604868735443
low_018,low,327.43587753847225,78,1714,1585,1526,83,682.9770929572454
low_018,low,327.43587753847225,78,1714,1585,1526,92,638.5583006625479
low_018,low,327.43587753847225,78,1714,1585,1526,96,639.4236977295739
low_018,low,327.43587753847225,78,1714,1585,1526,162,681.3771238290909
low_018,low,327.43587753847225,78,1714,1585,1526,194,727.7926969434563
low_018,low,327.43587753847225,78,1714,1585,1526,225,855.8760967035856
low_018,low,327.43587753847225,78,1714,1585,1526,226,806.3643664127263
low_018,low,327.43587753847225,78,1714,1585,1526,270,938.0483027385272
low_018,low,327.43587753847225,78,1714,1585,1526,308,1029.6081438175484
low_018,low,327.43587753847225,78,1714,1585,1526,310,1068.1963013135046
low_018,low,327.43587753847225,78,1714,1585,1526,368,597.5634290027501
low_018,low,327.43587753847225,78,1714,1585,1526,400,387.673458667729
low_018,low,327.43587753847225,78,1714,1585,1526,403,414.78415006629393
low_018,low,327.43587753847225,78,1714,1585,1526,424,433.7821333946306
low_018,low,327.43587753847225,78,1714,1585,1526,660,1088.875010724089
low_018,low,327.43587753847225,78,1714,1585,1526,663,1093.4047641547445
low_018,low,327.43587753847225,78,1714,1585,1526,667,1099.5941200036643
low_018,low,327.43587753847225,78,1714,1585,1526,669,1102.4642710160556
low_018,low,327.43587753847225,78,1714,1585,1526,679,1124.3408735841513
low_018,low,327.43587753847225,78,1714,1585,1526,680,1126.0667910170644
low_018,low,327.43587753847225,78,1714,1585,1526,689,1185.8182802309989
low_018,low,327.43587753847225,78,1714,1585,1526,700,358.9216109848852
low_018,low,327.43587753847225,78,1714,1585,1526,720,1342.511020758399
low_018,low,327.43587753847225,78,1714,1585,1526,729,1335.092237302509
low_018,low,327.43587753847225,78,1714,1585,1526,747,1424.8516470617349
low_018,low,327.43587753847225,78,1714,1585,1526,776,1312.3649744639813
low_018,low,327.43587753847225,78,1714,1585,1526,783,1315.846738433606
low_018,low,327.43587753847225,78,1714,1585,1526,809,1395.546881892366
low_018,low,327.43587753847225,78,1714,1585,1526,825,1313.521217242209
low_018,low,327.43587753847225,78,1714,1585,1526,1559,511.6241166389657
low_018,low,327.43587753847225,78,1714,1585,1526,1568,334.9285535395482
low_018,low,327.43587753847225,78,1714,1585,1526,1588,483.5022807951945
low_018,low,327.43587753847225,78,1714,1585,1526,1626,403.0142833046191
low_018,low,327.43587753847225,78,1714,1585,1526,1639,845.4078947236368
low_018,low,327.43587753847225,78,1714,1585,1526,1644,680.7339122127688
low_018,low,327.43587753847225,78,1714,1585,1526,1645,728.9195744137219
low_018,low,327.43587753847225,78,1714,1585,1526,1654,341.5570556893173
low_018,low,327.43587753847225,78,1714,1585,1526,2152,504.0276405397281
low_018,low,327.43587753847225,78,1714,1585,1526,2154,387.0491568609
low_018,low,327.43587753847225,78,1714,1585,1526,2164,377.83413928035
low_018,low,327.43587753847225,78,1714,1585,1526,2173,473.24666985176646
low_018,low,327.43587753847225,78,1714,1585,1526,2281,488.7450614816741
low_018,low,327.43587753847225,78,1714,1585,1526,2297,420.8125286908029
low_018,low,327.43587753847225,78,1714,1585,1526,2347,591.7233221216621
low_018,low,327.43587753847225,78,1714,1585,1526,2349,604.190704220056
low_018,low,327.43587753847225,78,1714,1585,1526,2409,1490.9422501167387
low_018,low,327.43587753847225,78,1714,1585,1526,2444,625.1150934628416
low_018,low,327.43587753847225,78,1714,1585,1526,2458,346.95053792832425
low_018,low,327.43587753847225,78,1714,1585,1526,2517,401.2126446135416
low_018,low,327.43587753847225,78,1714,1585,1526,2570,341.13650478209934
low_018,low,327.43587753847225,78,1714,1585,1526,2633,1525.7176226560664
low_018,low,327.43587753847225,78,1714,1585,1526,2691,529.5739122592073
low_018,low,327.43587753847225,78,1714,1585,1526,2695,504.1024767689386
low_018,low,327.43587753847225,78,1714,1585,1526,2700,512.4556280631004
low_018,low,327.43587753847225,78,1714,1585,1526,2713,526.8804360125071
low_018,low,327.43587753847225,78,1714,1585,1526,2771,367.80025145395854
low_018,low,327.43587753847225,78,1714,1585,1526,2822,1550.546438330423
low_018,low,327.43587753847225,78,1714,1585,1526,2824,1539.5576479845838
low_018,low,327.43587753847225,78,1714,1585,1526,2864,1642.2591571386442
low_018,low,327.43587753847225,78,1714,1585,1526,2875,1584.432924211956
low_018,low,327.43587753847225,78,1714,1585,1526,2876,1586.5148759603824
low_018,low,327.43587753847225,78,1714,1585,1526,2900,1680.6986311258418
low_018,low,327.43587753847225,78,1714,1585,1526,2908,1672.1569179398318
low_018,low,327.43587753847225,78,1714,1585,1526,2923,1678.6792438922212
low_018,low,327.43587753847225,78,1714,1585,1526,2951,1748.8071931055504
low_018,low,327.43587753847225,78,1714,1585,1526,2968,1730.0504852009844
low_018,low,327.43587753847225,78,1714,1585,1526,3007,1769.2140537276102
low_018,low,327.43587753847225,78,1714,1585,1526,3014,1802.5725203077209
low_018,low,327.43587753847225,78,1714,1585,1526,3061,1802.0056001779917
low_018,low,327.43587753847225,78,1714,1585,1526,3091,1915.3918967587647
low_018,low,327.43587753847225,78,1714,1585,1526,3096,1908.1714222064488
low_018,low,327.43587753847225,78,1714,1585,1526,3119,1889.0490081854075
low_018,low,327.43587753847225,78,1714,1585,1526,3191,1947.0522340220475
low_018,low,327.43587753847225,78,1714,1585,1526,3197,1964.122683438628
low_018,low,327.43587753847225,78,1714,1585,1526,3208,1941.3900424165363
low_018,low,327.43587753847225,78,1714,1585,1526,3214,1965.8318362991504
low_018,low,327.43587753847225,78,1714,1585,1526,3252,1993.6426342817524
low_019,low,320.9140209590187,65,1696,1603,1544,26,388.5216150046882
low_019,low,320.9140209590187,65,1696,1603,1544,64,643.6456018702918
low_019,low,320.9140209590187,65,1696,1603,1544,71,644.0590440244856
low_019,low,320.9140209590187,65,1696,1603,1544,100,641.0766194186662
low_019,low,320.9140209590187,65,1696,1603,1544,105,709.0205714609397
low_019,low,320.9140209590187,65,1696,1603,1544,112,646.3472992670892
low_019,low,320.9140209590187,65,1696,1603,1544,173,737.5815716688236
low_019,low,320.9140209590187,65,1696,1603,1544,179,728.9592401231065
low_019,low,320.9140209590187,65,1696,1603,1544,183,730.8210120116497
low_019,low,320.9140209590187,65,1696,1603,1544,219,739.5156923414412
low_019,low,320.9140209590187,65,1696,1603,1544,292,976.999543363719
low_019,low,320.9140209590187,65,1696,1603,1544,358,873.9730924093054
low_019,low,320.9140209590187,65,1696,1603,1544,386,364.3258263872965
low_019,low,320.9140209590187,65,1696,1603,1544,439,421.99657070455856
low_019,low,320.9140209590187,65,1696,1603,1544,564,614.3345155343012
low_019,low,320.9140209590187,65,1696,1603,1544,565,845.68859731375
low_019,low,320.9140209590187,65,1696,1603,1544,751,1376.0560377601814
low_019,low,320.9140209590187,65,1696,1603,1544,754,1383.8667095828885
low_019,low,320.9140209590187,65,1696,1603,1544,759,1309.2928298710722
low_019,low,320.9140209590187,65,1696,1603,1544,780,1368.7458413984732
low_019,low,320.9140209590187,65,1696,1603,1544,785,1388.899947318383
low_019,low,320.9140209590187,65,1696,1603,1544,790,1312.9732543647333
low_019,low,320.9140209590187,65,1696,1603,1544,814,1325.4300761865384
low_019,low,320.9140209590187,65,1696,1603,1544,828,1329.7737940679524
low_019,low,320.9140209590187,65,1696,1603,1544,1536,550.924550234983
low_019,low,320.9140209590187,65,1696,1603,1544,1543,339.0033917838842
low_019,low,320.9140209590187,65,1696,1603,1544,1559,511.6241166389657
low_019,low,320.9140209590187,65,1696,1603,1544,1560,495.03615347516313
low_019,low,320.9140209590187,65,1696,1603,1544,1681,414.8727175753262
low_019,low,320.9140209590187,65,1696,1603,1544,1939,425.23001366561664
low_019,low,320.9140209590187,65,1696,1603,1544,2044,345.89760923413564
low_019,low,320.9140209590187,65,1696,1603,1544,2173,473.24666985176646
low_019,low,320.9140209590187,65,1696,1603,1544,2175,501.8050945115594
low_019,low,320.9140209590187,65,1696,1603,1544,2230,524.7847774529889
low_019,low,320.9140209590187,65,1696,1603,1544,2287,492.41229608808527
low_019,low,320.9140209590187,65,1696,1603,1544,2326,568.7742958789914
low_019,low,320.9140209590187,65,1696,1603,1544,2327,544.37976414837
low_019,low,320.9140209590187,65,1696,1603,1544,2370,377.7697248053716
low_019,low,320.9140209590187,65,1696,1603,1544,2400,694.9782353139447
low_019,low,320.9140209590187,65,1696,1603,1544,2411,1491.8790686661278
low_019,low,320.9140209590187,65,1696,1603,1544,2707,779.9583858166225
low_019,low,320.9140209590187,65,1696,1603,1544,2734,386.9964993334509
low_019,low,320.9140209590187,65,1696,1603,1544,2839,1551.6654594770755
low_019,low,320.9140209590187,65,1696,1603,1544,2854,1554.8117941530031
low_019,low,320.9140209590187,65,1696,1603,1544,2857,1609.711246319809
low_019,low,320.9140209590187,65,1696,1603,1544,2870,1544.402149144605
low_019,low,320.9140209590187,65,1696,1603,1544,2929,1694.1870260005132
low_019,low,320.9140209590187,65,1696,1603,1544,2965,1725.6774502734868
low_019,low,320.9140209590187,65,1696,1603,1544,2969,1730.3033988398995
low_019,low,320.9140209590187,65,1696,1603,1544,3005,1767.2058517777298
low_019,low,320.9140209590187,65,1696,1603,1544,3060,1800.6320571975043
low_019,low,320.9140209590187,65,1696,1603,1544,3066,1767.2058517777298
low_019,low,320.9140209590187,65,1696,1603,1544,3081,1825.9460545934255
low_019,low,320.9140209590187,65,1696,1603,1544,3149,1966.362557117041
low_019,low,320.9140209590187,65,1696,1603,1544,3154,1949.3171106811265
low_019,low,320.9140209590187,65,1696,1603,1544,3159,1953.2913343591788
low_019,low,320.9140209590187,65,1696,1603,1544,3163,1942.6857860774976
low_019,low,320.9140209590187,65,1696,1603,1544,3182,1962.3174585920533
low_019,low,320.9140209590187,65,1696,1603,1544,3191,1947.0522340220475
low_019,low,320.9140209590187,65,1696,1603,1544,3223,1988.250055497344
low_019,low,320.9140209590187,65,1696,1603,1544,3226,1986.3316838512972
low_019,low,320.9140209590187,65,1696,1603,1544,3238,1985.0361031009995
low_019,low,320.9140209590187,65,1696,1603,1544,3265,2011.7396851282936
low_019,low,320.9140209590187,65,1696,1603,1544,3293,2039.3536461703975
low_019,low,320.9140209590187,65,1696,1603,1544,3296,2032.316550335476
medium_000,medium,1124.6392825611656,69,2556,743,712,674,1138.284107667151
medium_000,medium,1124.6392825611656,69,2556,743,712,683,1148.9793599673364
medium_000,medium,1124.6392825611656,69,2556,743,712,688,1180.005969221297
medium_000,medium,1124.6392825611656,69,2556,743,712,692,1235.7899249575255
medium_000,medium,1124.6392825611656,69,2556,743,712,719,1334.5839523672494
medium_000,medium,1124.6392825611656,69,2556,743,712,732,1355.6284309659382
medium_000,medium,1124.6392825611656,69,2556,743,712,733,1357.1383487386574
medium_000,medium,1124.6392825611656,69,2556,743,712,735,1359.0257458701833
medium_000,medium,1124.6392825611656,69,2556,743,712,739,1314.6178805476118
medium_000,medium,1124.6392825611656,69,2556,743,712,740,1335.500747459204
medium_000,medium,1124.6392825611656,69,2556,743,712,741,1370.9090810820128
medium_000,medium,1124.6392825611656,69,2556,743,712,778,1350.791146219011
medium_000,medium,1124.6392825611656,69,2556,743,712,791,1333.7740082833477
medium_000,medium,1124.6392825611656,69,2556,743,712,839,1328.4425314598554
medium_000,medium,1124.6392825611656,69,2556,743,712,864,1387.2683352251754
medium_000,medium,1124.6392825611656,69,2556,743,712,866,1323.2198857495705
medium_000,medium,1124.6392825611656,69,2556,743,712,870,1477.5257648375266
medium_000,medium,1124.6392825611656,69,2556,743,712,878,1478.2617111718807
medium_000,medium,1124.6392825611656,69,2556,743,712,882,1481.8363078141683
medium_000,medium,1124.6392825611656,69,2556,743,712,885,1482.9990618504646
medium_000,medium,1124.6392825611656,69,2556,743,712,886,1484.4646876244797
medium_000,medium,1124.6392825611656,69,2556,743,712,2613,1521.3218916075411
medium_000,medium,1124.6392825611656,69,2556,743,712,2625,1528.2201044425449
medium_000,medium,1124.6392825611656,69,2556,743,712,2633,1525.7176226560664
medium_000,medium,1124.6392825611656,69,2556,743,712,2634,1523.881101497227
medium_000,medium,1124.6392825611656,69,2556,743,712,2839,1551.6654594770755
medium_000,medium,1124.6392825611656,69,2556,743,712,2853,1561.0305362265815
medium_000,medium,1124.6392825611656,69,2556,743,712,2856,1566.8878861746682
medium_000,medium,1124.6392825611656,69,2556,743,712,2884,1587.9877814092715
medium_000,medium,1124.6392825611656,69,2556,743,712,2889,1592.1498641165845
medium_000,medium,1124.6392825611656,69,2556,743,712,2891,1635.0051588528352
medium_000,medium,1124.6392825611656,69,2556,743,712,2900,1680.6986311258418
medium_000,medium,1124.6392825611656,69,2556,743,712,2906,1671.315836387999
medium_000,medium,1124.6392825611656,69,2556,743,712,2921,1674.469892223038
medium_000,medium,1124.6392825611656,69,2556,743,712,2924,1679.0370945461525
medium_000,medium,1124.6392825611656,69,2556,743,712,2930,1684.5922832033095
medium_000,medium,1124.6392825611656,69,2556,743,712,2940,1701.7066265789106
medium_000,medium,1124.6392825611656,69,2556,743,712,2956,1715.6896072449656
medium_000,medium,1124.6392825611656,69,2556,743,712,2957,1716.3672431638167
medium_000,medium,1124.6392825611656,69,2556,743,712,2963,1756.7328078259293
medium_000,medium,1124.6392825611656,69,2556,743,712,2967,1727.9248195298906
medium_000,medium,1124.6392825611656,69,2556,743,712,2972,1734.9293474063122
medium_000,medium,1124.6392825611656,69,2556,743,712,2976,1742.6516345383357
medium_000,medium,1124.6392825611656,69,2556,743,712,2992,1711.524503118209
medium_000,medium,1124.6392825611656,69,2556,743,712,2999,1805.6166667035488
medium_000,medium,1124.6392825611656,69,2556,743,712,3002,1817.8338468608529
medium_000,medium,1124.6392825611656,69,2556,743,712,3010,1777.581561940777
medium_000,medium,1124.6392825611656,69,2556,743,712,3015,1778.4456576785756
medium_000,medium,1124.6392825611656,69,2556,743,712,3021,1784.027482501057
medium_000,medium,1124.6392825611656,69,2556,743,712,3024,1786.0691783120474
medium_000,medium,1124.6392825611656,69,2556,743,712,3049,1773.453591236468
medium_000,medium,1124.6392825611656,69,2556,743,712,3062,1789.853907781148
medium_000,medium,1124.6392825611656,69,2556,743,712,3070,1768.8673882991632
medium_000,medium,1124.6392825611656,69,2556,743,712,3096,1908.1714222064488
medium_000,medium,1124.6392825611656,69,2556,743,712,3101,1902.2434747830373
medium_000,medium,1124.6392825611656,69,2556,743,712,3102,1894.9279984769137
medium_000,medium,1124.6392825611656,69,2556,743,712,3116,1887.9976562612828
medium_000,medium,1124.6392825611656,69,2556,743,712,3127,1890.2054953270103
medium_000,medium,1124.6392825611656,69,2556,743,712,3137,1887.051439554637
medium_000,medium,1124.6392825611656,69,2556,743,712,3146,1941.9562615813063
medium_000,medium,1124.6392825611656,69,2556,743,712,3154,1949.3171106811265
medium_000,medium,1124.6392825611656,69,2556,743,712,3179,1960.5122337454784
medium_000,medium,1124.6392825611656,69,2556,743,712,3187,1945.7319553729903
medium_000,medium,1124.6392825611656,69,2556,743,712,3196,1947.807192908407
medium_000,medium,1124.6392825611656,69,2556,743,712,3199,1969.1896343231583
medium_000,medium,1124.6392825611656,69,2556,743,712,3221,1995.718771233304
medium_000,medium,1124.6392825611656,69,2556,743,712,3238,1985.0361031009995
medium_000,medium,1124.6392825611656,69,2556,743,712,3249,1992.5642593522584
medium_000,medium,1124.6392825611656,69,2556,743,712,3282,2030.019720515304
medium_001,medium,991.6315934050879,75,2511,788,752,659,1086.6101340087612
medium_001,medium,991.6315934050879,75,2511,788,752,663,1093.4047641547445
medium_001,medium,991.6315934050879,75,2511,788,752,665,1095.6696408700725
medium_001,medium,991.6315934050879,75,2511,788,752,676,1116.4314996120422
medium_001,medium,991.6315934050879,75,2511,788,752,682,1114.1545586568684
medium_001,medium,991.6315934050879,75,2511,788,752,687,1124.3259090322522
medium_001,medium,991.6315934050879,75,2511,788,752,725,1354.8734720795785
medium_001,medium,991.6315934050879,75,2511,788,752,730,1352.468892178462
medium_001,medium,991.6315934050879,75,2511,788,752,744,1391.4889778711515
medium_001,medium,991.6315934050879,75,2511,788,752,745,1394.2257038834232
medium_001,medium,991.6315934050879,75,2511,788,752,746,1404.5988566634628
medium_001,medium,991.6315934050879,75,2511,788,752,757,1314.8394462613703
medium_001,medium,991.6315934050879,75,2511,788,752,771,1349.6533946567477
medium_001,medium,991.6315934050879,75,2511,788,752,776,1312.3649744639813
medium_001,medium,991.6315934050879,75,2511,788,752,779,1351.207574491588
medium_001,medium,991.6315934050879,75,2511,788,752,780,1368.7458413984732
medium_001,medium,991.6315934050879,75,2511,788,752,792,1352.7617543264284
medium_001,medium,991.6315934050879,75,2511,788,752,818,1348.2102276956111
medium_001,medium,991.6315934050879,75,2511,788,752,824,1356.4750434302453
medium_001,medium,991.6315934050879,75,2511,788,752,827,1329.1105005677018
medium_001,medium,991.6315934050879,75,2511,788,752,833,1320.8059529864922
medium_001,medium,991.6315934050879,75,2511,788,752,835,1321.938391344156
medium_001,medium,991.6315934050879,75,2511,788,752,836,1393.9531028749157
medium_001,medium,991.6315934050879,75,2511,788,752,839,1328.4425314598554
medium_001,medium,991.6315934050879,75,2511,788,752,852,1361.951211477485
medium_001,medium,991.6315934050879,75,2511,788,752,857,1347.229513615338
medium_001,medium,991.6315934050879,75,2511,788,752,879,1480.6533631223117
medium_001,medium,991.6315934050879,75,2511,788,752,880,1481.3190353941864
medium_001,medium,991.6315934050879,75,2511,788,752,884,1483.0979301732502
medium_001,medium,991.6315934050879,75,2511,788,752,2412,1493.5063140716857
medium_001,medium,991.6315934050879,75,2511,788,752,2417,1495.1884771753512
medium_001,medium,991.6315934050879,75,2511,788,752,2609,1499.874281769405
medium_001,medium,991.6315934050879,75,2511,788,752,2630,1532.411629332998
medium_001,medium,991.6315934050879,75,2511,788,752,2632,1523.8219195020265
medium_001,medium,991.6315934050879,75,2511,788,752,2636,1526.5094813075384
medium_001,medium,991.6315934050879,75,2511,788,752,2849,1542.354052749332
medium_001,medium,991.6315934050879,75,2511,788,752,2850,1594.3469803256796
medium_001,medium,991.6315934050879,75,2511,788,752,2868,1539.2184824212866
medium_001,medium,991.6315934050879,75,2511,788,752,2886,1577.790506686672
medium_001,medium,991.6315934050879,75,2511,788,752,2890,1598.699826184514
medium_001,medium,991.6315934050879,75,2511,788,752,2892,1651.929141537288
medium_001,medium,991.6315934050879,75,2511,788,752,2898,1633.9312643935948
medium_001,medium,991.6315934050879,75,2511,788,752,2900,1680.6986311258418
medium_001,medium,991.6315934050879,75,2511,788,752,2902,1687.4425146780004
medium_001,medium,991.6315934050879,75,2511,788,752,2959,1712.850956999697
medium_001,medium,991.6315934050879,75,2511,788,752,2975,1739.555295972725
medium_001,medium,991.6315934050879,75,2511,788,752,2979,1744.1812445391377
medium_001,medium,991.6315934050879,75,2511,788,752,2983,1705.9093367030907
medium_001,medium,991.6315934050879,75,2511,788,752,2989,1709.2931675592315
medium_001,medium,991.6315934050879,75,2511,788,752,3001,1814.1198240687977
medium_001,medium,991.6315934050879,75,2511,788,752,3051,1774.6338974200955
medium_001,medium,991.6315934050879,75,2511,788,752,3064,1775.9320726351657
medium_001,medium,991.6315934050879,75,2511,788,752,3066,1767.2058517777298
medium_001,medium,991.6315934050879,75,2511,788,752,3069,1768.20995275267
medium_001,medium,991.6315934050879,75,2511,788,752,3082,1831.0284017406632
medium_001,medium,991.6315934050879,75,2511,788,752,3087,1847.520607182489
medium_001,medium,991.6315934050879,75,2511,788,752,3101,1902.2434747830373
medium_001,medium,991.6315934050879,75,2511,788,752,3110,1897.03916159998
medium_001,medium,991.6315934050879,75,2511,788,752,3111,1899.8253654076836
medium_001,medium,991.6315934050879,75,2511,788,752,3119,1889.0490081854075
medium_001,medium,991.6315934050879,75,2511,788,752,3128,1890.6798552036955
medium_001,medium,991.6315934050879,75,2511,788,752,3130,1891.467117686092
medium_001,medium,991.6315934050879,75,2511,788,752,3133,1894.2006327138815
medium_001,medium,991.6315934050879,75,2511,788,752,3150,1967.7192334869248
medium_001,medium,991.6315934050879,75,2511,788,752,3152,1950.4706705784367
medium_001,medium,991.6315934050879,75,2511,788,752,3188,1946.297275135688
medium_001,medium,991.6315934050879,75,2511,788,752,3191,1947.0522340220475
medium_001,medium,991.6315934050879,75,2511,788,752,3192,1947.397581304008
medium_001,medium,991.6315934050879,75,2511,788,752,3227,1995.1384984974616
medium_001,medium,991.6315934050879,75,2511,788,752,3230,1987.4274154764817
medium_001,medium,991.6315934050879,75,2511,788,752,3233,1986.8958748127247
medium_001,medium,991.6315934050879,75,2511,788,752,3243,1990.0476404845112
medium_001,medium,991.6315934050879,75,2511,788,752,3245,1989.867839906203
medium_001,medium,991.6315934050879,75,2511,788,752,3261,2009.6903321593784
medium_001,medium,991.6315934050879,75,2511,788,752,3265,2011.7396851282936
medium_002,medium,646.8607864522588,118,2231,1068,1024,41,673.118607537367
medium_002,medium,646.8607864522588,118,2231,1068,1024,45,667.2311871588678
medium_002,medium,646.8607864522588,118,2231,1068,1024,74,675.9075675483709
medium_002,medium,646.8607864522588,118,2231,1068,1024,76,675.8572270934864
medium_002,medium,646.8607864522588,118,2231,1068,1024,110,676.6019160017364
medium_002,medium,646.8607864522588,118,2231,1068,1024,113,678.4454777682587
medium_002,medium,646.8607864522588,118,2231,1068,1024,130,672.8048067384684
medium_002,medium,646.8607864522588,118,2231,1068,1024,137,669.0509425613145
medium_002,medium,646.8607864522588,118,2231,1068,1024,147,673.9492228375735
medium_002,medium,646.8607864522588,118,2231,1068,1024,172,751.908325878118
medium_002,medium,646.8607864522588,118,2231,1068,1024,180,729.5699031617827
medium_002,medium,646.8607864522588,118,2231,1068,1024,181,721.0943958455766
medium_002,medium,646.8607864522588,118,2231,1068,1024,198,723.1834541296906
medium_002,medium,646.8607864522588,118,2231,1068,1024,212,723.9643144576222
medium_002,medium,646.8607864522588,118,2231,1068,1024,229,909.1852021704684
medium_002,medium,646.8607864522588,118,2231,1068,1024,248,962.7491495679064
medium_002,medium,646.8607864522588,118,2231,1068,1024,253,930.6871751341494
medium_002,medium,646.8607864522588,118,2231,1068,1024,254,947.326680995918
medium_002,medium,646.8607864522588,118,2231,1068,1024,273,945.4424218227036
medium_002,medium,646.8607864522588,118,2231,1068,1024,280,915.6367056446708
medium_002,medium,646.8607864522588,118,2231,1068,1024,285,920.552136944495
medium_002,medium,646.8607864522588,118,2231,1068,1024,298,989.7394741562034
medium_002,medium,646.8607864522588,118,2231,1068,1024,303,999.3651996338584
medium_002,medium,646.8607864522588,118,2231,1068,1024,308,1029.6081438175484
medium_002,medium,646.8607864522588,118,2231,1068,1024,310,1068.1963013135046
medium_002,medium,646.8607864522588,118,2231,1068,1024,354,783.3465542436825
medium_002,medium,646.8607864522588,118,2231,1068,1024,356,826.4576921859726
medium_002,medium,646.8607864522588,118,2231,1068,1024,555,787.2701558411261
medium_002,medium,646.8607864522588,118,2231,1068,1024,559,1132.8255091458798
medium_002,medium,646.8607864522588,118,2231,1068,1024,669,1102.4642710160556
medium_002,medium,646.8607864522588,118,2231,1068,1024,682,1114.1545586568684
medium_002,medium,646.8607864522588,118,2231,1068,1024,714,1307.574701533219
medium_002,medium,646.8607864522588,118,2231,1068,1024,726,1311.238521422166
medium_002,medium,646.8607864522588,118,2231,1068,1024,735,1359.0257458701833
medium_002,medium,646.8607864522588,118,2231,1068,1024,738,1314.011322840509
medium_002,medium,646.8607864522588,118,2231,1068,1024,745,1394.2257038834232
medium_002,medium,646.8607864522588,118,2231,1068,1024,764,1368.64715706297
medium_002,medium,646.8607864522588,118,2231,1068,1024,776,1312.3649744639813
medium_002,medium,646.8607864522588,118,2231,1068,1024,780,1368.7458413984732
medium_002,medium,646.8607864522588,118,2231,1068,1024,797,1317.715582355126
medium_002,medium,646.8607864522588,118,2231,1068,1024,803,1318.5410762711645
medium_002,medium,646.8607864522588,118,2231,1068,1024,808,1313.4914275057963
medium_002,medium,646.8607864522588,118,2231,1068,1024,838,1327.883692440647
medium_002,medium,646.8607864522588,118,2231,1068,1024,839,1328.4425314598554
medium_002,medium,646.8607864522588,118,2231,1068,1024,846,1337.603787912688
medium_002,medium,646.8607864522588,118,2231,1068,1024,856,1346.476942364096
medium_002,medium,646.8607864522588,118,2231,1068,1024,865,1348.928171039336
medium_002,medium,646.8607864522588,118,2231,1068,1024,886,1484.4646876244797
medium_002,medium,646.8607864522588,118,2231,1068,1024,1632,667.1723088027888
medium_002,medium,646.8607864522588,118,2231,1068,1024,1641,792.1859277875827
medium_002,medium,646.8607864522588,118,2231,1068,1024,2126,1301.0184539099898
medium_002,medium,646.8607864522588,118,2231,1068,1024,2399,692.733825352987
medium_002,medium,646.8607864522588,118,2231,1068,1024,2404,1489.82658233725
medium_002,medium,646.8607864522588,118,2231,1068,1024,2410,1493.149655380117
medium_002,medium,646.8607864522588,118,2231,1068,1024,2420,1497.921992203141
medium_002,medium,646.8607864522588,118,2231,1068,1024,2423,1496.4590638893403
medium_002,medium,646.8607864522588,118,2231,1068,1024,2608,1499.874281769405
medium_002,medium,646.8607864522588,118,2231,1068,1024,2611,1521.3218916075411
medium_002,medium,646.8607864522588,118,2231,1068,1024,2613,1521.3218916075411
medium_002,medium,646.8607864522588,118,2231,1068,1024,2617,1529.295216340196
medium_002,medium,646.8607864522588,118,2231,1068,1024,2620,1532.8137641994008
medium_002,medium,646.8607864522588,118,2231,1068,1024,2639,1524.7221830490598
medium_002,medium,646.8607864522588,118,2231,1068,1024,2642,1526.7217236310066
medium_002,medium,646.8607864522588,118,2231,1068,1024,2714,823.7363753270425
medium_002,medium,646.8607864522588,118,2231,1068,1024,2837,1609.4613999846351
medium_002,medium,646.8607864522588,118,2231,1068,1024,2843,1619.4172541830949
medium_002,medium,646.8607864522588,118,2231,1068,1024,2847,1576.8621553601515
medium_002,medium,646.8607864522588,118,2231,1068,1024,2852,1548.6466789890844
medium_002,medium,646.8607864522588,118,2231,1068,1024,2863,1562.8262645356635
medium_002,medium,646.8607864522588,118,2231,1068,1024,2882,1591.0753418554243
medium_002,medium,646.8607864522588,118,2231,1068,1024,2889,1592.1498641165845
medium_002,medium,646.8607864522588,118,2231,1068,1024,2891,1635.0051588528352
medium_002,medium,646.8607864522588,118,2231,1068,1024,2894,1548.3652442113023
medium_002,medium,646.8607864522588,118,2231,1068,1024,2896,1550.4679480595516
medium_002,medium,646.8607864522588,118,2231,1068,1024,2904,1690.1350361180896
medium_002,medium,646.8607864522588,118,2231,1068,1024,2909,1672.543070972036
medium_002,medium,646.8607864522588,118,2231,1068,1024,2910,1673.1728478422826
medium_002,medium,646.8607864522588,118,2231,1068,1024,2913,1677.3755579664628
medium_002,medium,646.8607864522588,118,2231,1068,1024,2915,1681.513950290136
medium_002,medium,646.8607864522588,118,2231,1068,1024,2917,1682.4725144488807
medium_002,medium,646.8607864522588,118,2231,1068,1024,2919,1673.313405081435
medium_002,medium,646.8607864522588,118,2231,1068,1024,2924,1679.0370945461525
medium_002,medium,646.8607864522588,118,2231,1068,1024,2930,1684.5922832033095
medium_002,medium,646.8607864522588,118,2231,1068,1024,2957,1716.3672431638167
medium_002,medium,646.8607864522588,118,2231,1068,1024,2985,1707.0618320002543
medium_002,medium,646.8607864522588,118,2231,1068,1024,2989,1709.2931675592315
medium_002,medium,646.8607864522588,118,2231,1068,1024,2992,1711.524503118209
medium_002,medium,646.8607864522588,118,2231,1068,1024,3024,1786.0691783120474
medium_002,medium,646.8607864522588,118,2231,1068,1024,3033,1791.6402126166415
medium_002,medium,646.8607864522588,118,2231,1068,1024,3036,1793.8881737618574
medium_002,medium,646.8607864522588,118,2231,1068,1024,3062,1789.853907781148
medium_002,medium,646.8607864522588,118,2231,1068,1024,3067,1767.987751334362
medium_002,medium,646.8607864522588,118,2231,1068,1024,3078,1829.9624585596853
medium_002,medium,646.8607864522588,118,2231,1068,1024,3087,1847.520607182489
medium_002,medium,646.8607864522588,118,2231,1068,1024,3088,1847.520607182489
medium_002,medium,646.8607864522588,118,2231,1068,1024,3101,1902.2434747830373
medium_002,medium,646.8607864522588,118,2231,1068,1024,3102,1894.9279984769137
medium_002,medium,646.8607864522588,118,2231,1068,1024,3124,1896.687272406516
medium_002,medium,646.8607864522588,118,2231,1068,1024,3129,1890.940310755566
medium_002,medium,646.8607864522588,118,2231,1068,1024,3144,1941.5787821381264
medium_002,medium,646.8607864522588,118,2231,1068,1024,3146,1941.9562615813063
medium_002,medium,646.8607864522588,118,2231,1068,1024,3150,1967.7192334869248
medium_002,medium,646.8607864522588,118,2231,1068,1024,3159,1953.2913343591788
medium_002,medium,646.8607864522588,118,2231,1068,1024,3164,1943.0241181031288
medium_002,medium,646.8607864522588,118,2231,1068,1024,3181,1961.207713099104
medium_002,medium,646.8607864522588,118,2231,1068,1024,3185,1945.512863213404
medium_002,medium,646.8607864522588,118,2231,1068,1024,3190,1946.634567796278
medium_002,medium,646.8607864522588,118,2231,1068,1024,3195,1947.5371802195648
medium_002,medium,646.8607864522588,118,2231,1068,1024,3203,1975.8354332246015
medium_002,medium,646.8607864522588,118,2231,1068,1024,3214,1965.8318362991504
medium_002,medium,646.8607864522588,118,2231,1068,1024,3216,1969.9841102022529
medium_002,medium,646.8607864522588,118,2231,1068,1024,3226,1986.3316838512972
medium_002,medium,646.8607864522588,118,2231,1068,1024,3234,1983.6394292202956
medium_002,medium,646.8607864522588,118,2231,1068,1024,3238,1985.0361031009995
medium_002,medium,646.8607864522588,118,2231,1068,1024,3245,1989.867839906203
medium_002,medium,646.8607864522588,118,2231,1068,1024,3248,2000.0597846751875
medium_002,medium,646.8607864522588,118,2231,1068,1024,3259,2015.4770430705069
medium_002,medium,646.8607864522588,118,2231,1068,1024,3272,2013.842388976543
medium_003,medium,891.4722833703049,78,2435,864,824,249,925.0043288991376
medium_003,medium,891.4722833703049,78,2435,864,824,288,941.633573116336
medium_003,medium,891.4722833703049,78,2435,864,824,299,991.9099808771454
medium_003,medium,891.4722833703049,78,2435,864,824,304,994.0804875980872
medium_003,medium,891.4722833703049,78,2435,864,824,315,1047.224476463216
medium_003,medium,891.4722833703049,78,2435,864,824,682,1114.1545586568684
medium_003,medium,891.4722833703049,78,2435,864,824,689,1185.8182802309989
medium_003,medium,891.4722833703049,78,2435,864,824,739,1314.6178805476118
medium_003,medium,891.4722833703049,78,2435,864,824,742,1374.3908450516374
medium_003,medium,891.4722833703049,78,2435,864,824,745,1394.2257038834232
medium_003,medium,891.4722833703049,78,2435,864,824,754,1383.8667095828885
medium_003,medium,891.4722833703049,78,2435,864,824,758,1342.2825773940383
medium_003,medium,891.4722833703049,78,2435,864,824,773,1315.1437611981728
medium_003,medium,891.4722833703049,78,2435,864,824,775,1331.2074615202282
medium_003,medium,891.4722833703049,78,2435,864,824,784,1316.276199555837
medium_003,medium,891.4722833703049,78,2435,864,824,786,1316.2775143082483
medium_003,medium,891.4722833703049,78,2435,864,824,792,1352.7617543264284
medium_003,medium,891.4722833703049,78,2435,864,824,810,1319.6735146288283
medium_003,medium,891.4722833703049,78,2435,864,824,819,1325.7800062436615
medium_003,medium,891.4722833703049,78,2435,864,824,828,1329.7737940679524
medium_003,medium,891.4722833703049,78,2435,864,824,836,1393.9531028749157
medium_003,medium,891.4722833703049,78,2435,864,824,841,1321.9910278635764
medium_003,medium,891.4722833703049,78,2435,864,824,843,1322.0297864957597
medium_003,medium,891.4722833703049,78,2435,864,824,845,1337.1392245998377
medium_003,medium,891.4722833703049,78,2435,864,824,851,1341.7483331008743
medium_003,medium,891.4722833703049,78,2435,864,824,860,1365.4115040289248
medium_003,medium,891.4722833703049,78,2435,864,824,862,1338.9270853322766
medium_003,medium,891.4722833703049,78,2435,864,824,864,1387.2683352251754
medium_003,medium,891.4722833703049,78,2435,864,824,867,1358.6255445476208
medium_003,medium,891.4722833703049,78,2435,864,824,868,1354.9855111890683
medium_003,medium,891.4722833703049,78,2435,864,824,871,1478.3076643941588
medium_003,medium,891.4722833703049,78,2435,864,824,2127,1301.0184539099898
medium_003,medium,891.4722833703049,78,2435,864,824,2616,1527.1449925448933
medium_003,medium,891.4722833703049,78,2435,864,824,2838,1610.8163590018842
medium_003,medium,891.4722833703049,78,2435,864,824,2849,1542.354052749332
medium_003,medium,891.4722833703049,78,2435,864,824,2855,1557.2491677696253
medium_003,medium,891.4722833703049,78,2435,864,824,2876,1586.5148759603824
medium_003,medium,891.4722833703049,78,2435,864,824,2891,1635.0051588528352
medium_003,medium,891.4722833703049,78,2435,864,824,2894,1548.3652442113023
medium_003,medium,891.4722833703049,78,2435,864,824,2897,1596.3512176993647
medium_003,medium,891.4722833703049,78,2435,864,824,2912,1676.7826086138914
medium_003,medium,891.4722833703049,78,2435,864,824,2931,1684.3149164514716
medium_003,medium,891.4722833703049,78,2435,864,824,2947,1702.757978503035
medium_003,medium,891.4722833703049,78,2435,864,824,2961,1754.1690878183208
medium_003,medium,891.4722833703049,78,2435,864,824,3004,1819.142636240427
medium_003,medium,891.4722833703049,78,2435,864,824,3007,1769.2140537276102
medium_003,medium,891.4722833703049,78,2435,864,824,3009,1772.3379234569793
medium_003,medium,891.4722833703049,78,2435,864,824,3022,1785.9199159143488
medium_003,medium,891.4722833703049,78,2435,864,824,3024,1786.0691783120474
medium_003,medium,891.4722833703049,78,2435,864,824,3026,1780.595881473878
medium_003,medium,891.4722833703049,78,2435,864,824,3029,1770.3599074874378
medium_003,medium,891.4722833703049,78,2435,864,824,3048,1813.5704710926996
medium_003,medium,891.4722833703049,78,2435,864,824,3061,1802.0056001779917
medium_003,medium,891.4722833703049,78,2435,864,824,3076,1826.8385888303164
medium_003,medium,891.4722833703049,78,2435,864,824,3077,1826.7871361452585
medium_003,medium,891.4722833703049,78,2435,864,824,3082,1831.0284017406632
medium_003,medium,891.4722833703049,78,2435,864,824,3096,1908.1714222064488
medium_003,medium,891.4722833703049,78,2435,864,824,3105,1888.225386035621
medium_003,medium,891.4722833703049,78,2435,864,824,3126,1889.7674613914896
medium_003,medium,891.4722833703049,78,2435,864,824,3135,1886.210358002804
medium_003,medium,891.4722833703049,78,2435,864,824,3147,1942.234332257971
medium_003,medium,891.4722833703049,78,2435,864,824,3155,1951.7117626688632
medium_003,medium,891.4722833703049,78,2435,864,824,3170,1944.0323984766087
medium_003,medium,891.4722833703049,78,2435,864,824,3180,1960.5906079382369
medium_003,medium,891.4722833703049,78,2435,864,824,3190,1946.634567796278
medium_003,medium,891.4722833703049,78,2435,864,824,3194,1962.7176308718235
medium_003,medium,891.4722833703049,78,2435,864,824,3215,1965.927908285203
medium_003,medium,891.4722833703049,78,2435,864,824,3222,1999.7671963312464
medium_003,medium,891.4722833703049,78,2435,864,824,3223,1988.250055497344
medium_003,medium,891.4722833703049,78,2435,864,824,3227,1995.1384984974616
medium_003,medium,891.4722833703049,78,2435,864,824,3235,1983.6691585740657
medium_003,medium,891.4722833703049,78,2435,864,824,3237,1984.451159275892
medium_003,medium,891.4722833703049,78,2435,864,824,3241,1985.998675648765
medium_003,medium,891.4722833703049,78,2435,864,824,3245,1989.867839906203
medium_003,medium,891.4722833703049,78,2435,864,824,3248,2000.0597846751875
medium_003,medium,891.4722833703049,78,2435,864,824,3264,2013.1341408399792
medium_003,medium,891.4722833703049,78,2435,864,824,3266,2016.3364784781363
medium_003,medium,891.4722833703049,78,2435,864,824,3291,2041.4453072957035
medium_004,medium,941.7581950169617,81,2481,818,780,254,959.8662604502157
medium_004,medium,941.7581950169617,81,2481,818,780,310,1068.1963013135046
medium_004,medium,941.7581950169617,81,2481,818,780,557,1045.6023663619817
medium_004,medium,941.7581950169617,81,2481,818,780,662,1092.7828264373989
medium_004,medium,941.7581950169617,81,2481,818,780,668,1100.1993943007278
medium_004,medium,941.7581950169617,81,2481,818,780,683,1130.2141862907374
medium_004,medium,941.7581950169617,81,2481,818,780,728,1359.780704756543
medium_004,medium,941.7581950169617,81,2481,818,780,740,1335.500747459204
medium_004,medium,941.7581950169617,81,2481,818,780,747,1424.8516470617349
medium_004,medium,941.7581950169617,81,2481,818,780,773,1315.1437611981728
medium_004,medium,941.7581950169617,81,2481,818,780,783,1315.846738433606
medium_004,medium,941.7581950169617,81,2481,818,780,787,1343.0804873206446
medium_004,medium,941.7581950169617,81,2481,818,780,799,1362.6552069628856
medium_004,medium,941.7581950169617,81,2481,818,780,801,1318.304454205594
medium_004,medium,941.7581950169617,81,2481,818,780,804,1319.153650402004
medium_004,medium,941.7581950169617,81,2481,818,780,821,1320.5917184488817
medium_004,medium,941.7581950169617,81,2481,818,780,825,1313.521217242209
medium_004,medium,941.7581950169617,81,2481,818,780,828,1329.7737940679524
medium_004,medium,941.7581950169617,81,2481,818,780,835,1321.938391344156
medium_004,medium,941.7581950169617,81,2481,818,780,857,1347.229513615338
medium_004,medium,941.7581950169617,81,2481,818,780,880,1481.3190353941864
medium_004,medium,941.7581950169617,81,2481,818,780,884,1483.0979301732502
medium_004,medium,941.7581950169617,81,2481,818,780,2120,1267.4227854075684
medium_004,medium,941.7581950169617,81,2481,818,780,2411,1491.8790686661278
medium_004,medium,941.7581950169617,81,2481,818,780,2414,1492.3926181768747
medium_004,medium,941.7581950169617,81,2481,818,780,2416,1495.1884771753512
medium_004,medium,941.7581950169617,81,2481,818,780,2418,1495.1884771753512
medium_004,medium,941.7581950169617,81,2481,818,780,2419,1497.827388069755
medium_004,medium,941.7581950169617,81,2481,818,780,2424,1496.6388452354872
medium_004,medium,941.7581950169617,81,2481,818,780,2608,1499.874281769405
medium_004,medium,941.7581950169617,81,2481,818,780,2612,1521.3218916075411
medium_004,medium,941.7581950169617,81,2481,818,780,2616,1527.1449925448933
medium_004,medium,941.7581950169617,81,2481,818,780,2621,1530.761277987035
medium_004,medium,941.7581950169617,81,2481,818,780,2625,1528.2201044425449
medium_004,medium,941.7581950169617,81,2481,818,780,2630,1532.411629332998
medium_004,medium,941.7581950169617,81,2481,818,780,2638,1524.6038190586587
medium_004,medium,941.7581950169617,81,2481,818,780,2639,1524.7221830490598
medium_004,medium,941.7581950169617,81,2481,818,780,2824,1539.5576479845838
medium_004,medium,941.7581950169617,81,2481,818,780,2830,1603.2905760678614
medium_004,medium,941.7581950169617,81,2481,818,780,2831,1542.0571326665552
medium_004,medium,941.7581950169617,81,2481,818,780,2833,1600.9429946135954
medium_004,medium,941.7581950169617,81,2481,818,780,2845,1634.2405846350066
medium_004,medium,941.7581950169617,81,2481,818,780,2855,1557.2491677696253
medium_004,medium,941.7581950169617,81,2481,818,780,2878,1585.8208920442405
medium_004,medium,941.7581950169617,81,2481,818,780,2882,1591.0753418554243
medium_004,medium,941.7581950169617,81,2481,818,780,2901,1675.7140213867733
medium_004,medium,941.7581950169617,81,2481,818,780,2902,1687.4425146780004
medium_004,medium,941.7581950169617,81,2481,818,780,2910,1673.1728478422826
medium_004,medium,941.7581950169617,81,2481,818,780,2918,1683.5115189209064
medium_004,medium,941.7581950169617,81,2481,818,780,2959,1712.850956999697
medium_004,medium,941.7581950169617,81,2481,818,780,2962,1722.1337521682372
medium_004,medium,941.7581950169617,81,2481,818,780,2967,1727.9248195298906
medium_004,medium,941.7581950169617,81,2481,818,780,2985,1707.0618320002543
medium_004,medium,941.7581950169617,81,2481,818,780,3012,1771.3108243772288
medium_004,medium,941.7581950169617,81,2481,818,780,3026,1780.595881473878
medium_004,medium,941.7581950169617,81,2481,818,780,3029,1770.3599074874378
medium_004,medium,941.7581950169617,81,2481,818,780,3038,1794.8744127888467
medium_004,medium,941.7581950169617,81,2481,818,780,3046,1816.93479730003
medium_004,medium,941.7581950169617,81,2481,818,780,3052,1787.3994386130737
medium_004,medium,941.7581950169617,81,2481,818,780,3053,1769.7470252639644
medium_004,medium,941.7581950169617,81,2481,818,780,3057,1789.4899888213392
medium_004,medium,941.7581950169617,81,2481,818,780,3061,1802.0056001779917
medium_004,medium,941.7581950169617,81,2481,818,780,3082,1831.0284017406632
medium_004,medium,941.7581950169617,81,2481,818,780,3092,1885.3692764509717
medium_004,medium,941.7581950169617,81,2481,818,780,3118,1899.1589303544083
medium_004,medium,941.7581950169617,81,2481,818,780,3134,1886.151176007604
medium_004,medium,941.7581950169617,81,2481,818,780,3143,1941.3900424165363
medium_004,medium,941.7581950169617,81,2481,818,780,3159,1953.2913343591788
medium_004,medium,941.7581950169617,81,2481,818,780,3163,1942.6857860774976
medium_004,medium,941.7581950169617,81,2481,818,780,3164,1943.0241181031288
medium_004,medium,941.7581950169617,81,2481,818,780,3169,1956.677959780946
medium_004,medium,941.7581950169617,81,2481,818,780,3174,1956.9017840523288
medium_004,medium,941.7581950169617,81,2481,818,780,3197,1964.122683438628
medium_004,medium,941.7581950169617,81,2481,818,780,3211,1949.282299394612
medium_004,medium,941.7581950169617,81,2481,818,780,3220,2002.7021406930733
medium_004,medium,941.7581950169617,81,2481,818,780,3232,1983.2902607360568
medium_004,medium,941.7581950169617,81,2481,818,780,3233,1986.8958748127247
medium_004,medium,941.7581950169617,81,2481,818,780,3236,1984.2426255671835
medium_004,medium,941.7581950169617,81,2481,818,780,3280,2019.366339121728
medium_004,medium,941.7581950169617,81,2481,818,780,3290,2038.1701155580124
medium_004,medium,941.7581950169617,81,2481,818,780,3292,2035.6396233783428
medium_005,medium,1109.2337239810317,73,2545,754,722,562,1187.2084049271398
medium_005,medium,1109.2337239810317,73,2545,754,722,714,1307.574701533219
medium_005,medium,1109.2337239810317,73,2545,754,722,727,1330.778033304735
medium_005,medium,1109.2337239810317,73,2545,754,722,744,1391.4889778711515
medium_005,medium,1109.2337239810317,73,2545,754,722,746,1404.5988566634628
medium_005,medium,1109.2337239810317,73,2545,754,722,752,1376.55653089222
medium_005,medium,1109.2337239810317,73,2545,754,722,764,1368.64715706297
medium_005,medium,1109.2337239810317,73,2545,754,722,796,1377.4278687322314
medium_005,medium,1109.2337239810317,73,2545,754,722,808,1313.4914275057963
medium_005,medium,1109.2337239810317,73,2545,754,722,815,1337.0096613173928
medium_005,medium,1109.2337239810317,73,2545,754,722,823,1340.2461440430711
medium_005,medium,1109.2337239810317,73,2545,754,722,848,1340.8445093471605
medium_005,medium,1109.2337239810317,73,2545,754,722,863,1348.6340442915534
medium_005,medium,1109.2337239810317,73,2545,754,722,881,1481.8262124863882
medium_005,medium,1109.2337239810317,73,2545,754,722,883,1482.657836782772
medium_005,medium,1109.2337239810317,73,2545,754,722,888,1477.5257648375266
medium_005,medium,1109.2337239810317,73,2545,754,722,2129,1302.4521213622656
medium_005,medium,1109.2337239810317,73,2545,754,722,2407,1490.8039567684764
medium_005,medium,1109.2337239810317,73,2545,754,722,2409,1490.9422501167387
medium_005,medium,1109.2337239810317,73,2545,754,722,2416,1495.1884771753512
medium_005,medium,1109.2337239810317,73,2545,754,722,2421,1496.4500995344329
medium_005,medium,1109.2337239810317,73,2545,754,722,2625,1528.2201044425449
medium_005,medium,1109.2337239810317,73,2545,754,722,2628,1523.0400199453943
medium_005,medium,1109.2337239810317,73,2545,754,722,2630,1532.411629332998
medium_005,medium,1109.2337239810317,73,2545,754,722,2643,1524.8250884191757
medium_005,medium,1109.2337239810317,73,2545,754,722,2829,1556.6236481784065
medium_005,medium,1109.2337239810317,73,2545,754,722,2838,1610.8163590018842
medium_005,medium,1109.2337239810317,73,2545,754,722,2840,1558.4280795951454
medium_005,medium,1109.2337239810317,73,2545,754,722,2852,1548.6466789890844
medium_005,medium,1109.2337239810317,73,2545,754,722,2859,1618.0926317993046
medium_005,medium,1109.2337239810317,73,2545,754,722,2867,1541.2160511147224
medium_005,medium,1109.2337239810317,73,2545,754,722,2879,1588.6291419030945
medium_005,medium,1109.2337239810317,73,2545,754,722,2882,1591.0753418554243
medium_005,medium,1109.2337239810317,73,2545,754,722,2900,1680.6986311258418
medium_005,medium,1109.2337239810317,73,2545,754,722,2912,1676.7826086138914
medium_005,medium,1109.2337239810317,73,2545,754,722,2929,1694.1870260005132
medium_005,medium,1109.2337239810317,73,2545,754,722,2960,1713.728332152901
medium_005,medium,1109.2337239810317,73,2545,754,722,2976,1742.6516345383357
medium_005,medium,1109.2337239810317,73,2545,754,722,2981,1747.560572874484
medium_005,medium,1109.2337239810317,73,2545,754,722,2983,1705.9093367030907
medium_005,medium,1109.2337239810317,73,2545,754,722,2986,1707.8640855655433
medium_005,medium,1109.2337239810317,73,2545,754,722,2990,1709.818834427996
medium_005,medium,1109.2337239810317,73,2545,754,722,3002,1817.8338468608529
medium_005,medium,1109.2337239810317,73,2545,754,722,3003,1818.6381363057571
medium_005,medium,1109.2337239810317,73,2545,754,722,3013,1773.0700983068311
medium_005,medium,1109.2337239810317,73,2545,754,722,3016,1780.0360311088511
medium_005,medium,1109.2337239810317,73,2545,754,722,3018,1782.555589832349
medium_005,medium,1109.2337239810317,73,2545,754,722,3053,1769.7470252639644
medium_005,medium,1109.2337239810317,73,2545,754,722,3063,1775.461793186348
medium_005,medium,1109.2337239810317,73,2545,754,722,3064,1775.9320726351657
medium_005,medium,1109.2337239810317,73,2545,754,722,3066,1767.2058517777298
medium_005,medium,1109.2337239810317,73,2545,754,722,3087,1847.520607182489
medium_005,medium,1109.2337239810317,73,2545,754,722,3091,1915.3918967587647
medium_005,medium,1109.2337239810317,73,2545,754,722,3104,1904.2352189638789
medium_005,medium,1109.2337239810317,73,2545,754,722,3116,1887.9976562612828
medium_005,medium,1109.2337239810317,73,2545,754,722,3135,1886.210358002804
medium_005,medium,1109.2337239810317,73,2545,754,722,3136,1886.933075564236
medium_005,medium,1109.2337239810317,73,2545,754,722,3139,1887.812712529037
medium_005,medium,1109.2337239810317,73,2545,754,722,3144,1941.5787821381264
medium_005,medium,1109.2337239810317,73,2545,754,722,3153,1968.1844393097967
medium_005,medium,1109.2337239810317,73,2545,754,722,3164,1943.0241181031288
medium_005,medium,1109.2337239810317,73,2545,754,722,3170,1944.0323984766087
medium_005,medium,1109.2337239810317,73,2545,754,722,3174,1956.9017840523288
medium_005,medium,1109.2337239810317,73,2545,754,722,3177,1958.7070088989035
medium_005,medium,1109.2337239810317,73,2545,754,722,3184,1944.8293429497032
medium_005,medium,1109.2337239810317,73,2545,754,722,3185,1945.512863213404
medium_005,medium,1109.2337239810317,73,2545,754,722,3197,1964.122683438628
medium_005,medium,1109.2337239810317,73,2545,754,722,3226,1986.3316838512972
medium_005,medium,1109.2337239810317,73,2545,754,722,3245,1989.867839906203
medium_005,medium,1109.2337239810317,73,2545,754,722,3248,2000.0597846751875
medium_005,medium,1109.2337239810317,73,2545,754,722,3287,2037.1676075508915
medium_005,medium,1109.2337239810317,73,2545,754,722,3296,2032.316550335476
medium_005,medium,1109.2337239810317,73,2545,754,722,3298,2033.1961873002767
medium_006,medium,976.3003207950924,73,2500,799,761,295,993.6256105391304
medium_006,medium,976.3003207950924,73,2500,799,761,306,1022.5801845034996
medium_006,medium,976.3003207950924,73,2500,799,761,308,1029.6081438175484
medium_006,medium,976.3003207950924,73,2500,799,761,557,1045.6023663619817
medium_006,medium,976.3003207950924,73,2500,799,761,562,1187.2084049271398
medium_006,medium,976.3003207950924,73,2500,799,761,662,1092.7828264373989
medium_006,medium,976.3003207950924,73,2500,799,761,665,1095.6696408700725
medium_006,medium,976.3003207950924,73,2500,799,761,670,1105.3463921911757
medium_006,medium,976.3003207950924,73,2500,799,761,683,1130.2141862907374
medium_006,medium,976.3003207950924,73,2500,799,761,686,1113.4355246334296
medium_006,medium,976.3003207950924,73,2500,799,761,712,1307.574701533219
medium_006,medium,976.3003207950924,73,2500,799,761,713,1307.574701533219
medium_006,medium,976.3003207950924,73,2500,799,761,714,1307.574701533219
medium_006,medium,976.3003207950924,73,2500,799,761,729,1335.092237302509
medium_006,medium,976.3003207950924,73,2500,799,761,744,1391.4889778711515
medium_006,medium,976.3003207950924,73,2500,799,761,750,1366.1034853805877
medium_006,medium,976.3003207950924,73,2500,799,761,754,1383.8667095828885
medium_006,medium,976.3003207950924,73,2500,799,761,767,1373.8002339690402
medium_006,medium,976.3003207950924,73,2500,799,761,768,1372.0026489818729
medium_006,medium,976.3003207950924,73,2500,799,761,770,1344.523654281781
medium_006,medium,976.3003207950924,73,2500,799,761,792,1352.7617543264284
medium_006,medium,976.3003207950924,73,2500,799,761,796,1377.4278687322314
medium_006,medium,976.3003207950924,73,2500,799,761,816,1360.878450631251
medium_006,medium,976.3003207950924,73,2500,799,761,833,1320.8059529864922
medium_006,medium,976.3003207950924,73,2500,799,761,836,1393.9531028749157
medium_006,medium,976.3003207950924,73,2500,799,761,874,1479.3130630960052
medium_006,medium,976.3003207950924,73,2500,799,761,2408,1490.8779342613743
medium_006,medium,976.3003207950924,73,2500,799,761,2409,1490.9422501167387
medium_006,medium,976.3003207950924,73,2500,799,761,2612,1521.3218916075411
medium_006,medium,976.3003207950924,73,2500,799,761,2616,1527.1449925448933
medium_006,medium,976.3003207950924,73,2500,799,761,2621,1530.761277987035
medium_006,medium,976.3003207950924,73,2500,799,761,2633,1525.7176226560664
medium_006,medium,976.3003207950924,73,2500,799,761,2640,1529.873807514869
medium_006,medium,976.3003207950924,73,2500,799,761,2643,1524.8250884191757
medium_006,medium,976.3003207950924,73,2500,799,761,2848,1581.981161001665
medium_006,medium,976.3003207950924,73,2500,799,761,2864,1642.2591571386442
medium_006,medium,976.3003207950924,73,2500,799,761,2872,1567.1672779775474
medium_006,medium,976.3003207950924,73,2500,799,761,2875,1584.432924211956
medium_006,medium,976.3003207950924,73,2500,799,761,2888,1546.4502455398774
medium_006,medium,976.3003207950924,73,2500,799,761,2926,1680.575879170551
medium_006,medium,976.3003207950924,73,2500,799,761,2932,1671.315836387999
medium_006,medium,976.3003207950924,73,2500,799,761,2933,1671.315836387999
medium_006,medium,976.3003207950924,73,2500,799,761,2942,1702.9338611629476
medium_006,medium,976.3003207950924,73,2500,799,761,2948,1721.8925834469032
medium_006,medium,976.3003207950924,73,2500,799,761,2974,1738.651380382195
medium_006,medium,976.3003207950924,73,2500,799,761,2984,1706.5428454549497
medium_006,medium,976.3003207950924,73,2500,799,761,2996,1811.089963425206
medium_006,medium,976.3003207950924,73,2500,799,761,3001,1814.1198240687977
medium_006,medium,976.3003207950924,73,2500,799,761,3022,1785.9199159143488
medium_006,medium,976.3003207950924,73,2500,799,761,3032,1789.9150533012207
medium_006,medium,976.3003207950924,73,2500,799,761,3038,1794.8744127888467
medium_006,medium,976.3003207950924,73,2500,799,761,3041,1808.3533150643773
medium_006,medium,976.3003207950924,73,2500,799,761,3058,1799.5874908026371
medium_006,medium,976.3003207950924,73,2500,799,761,3086,1850.1489869928
medium_006,medium,976.3003207950924,73,2500,799,761,3107,1888.6923494938385
medium_006,medium,976.3003207950924,73,2500,799,761,3109,1904.766719501201
medium_006,medium,976.3003207950924,73,2500,799,761,3140,1915.7460742814765
medium_006,medium,976.3003207950924,73,2500,799,761,3153,1968.1844393097967
medium_006,medium,976.3003207950924,73,2500,799,761,3160,1953.658124235508
medium_006,medium,976.3003207950924,73,2500,799,761,3161,1954.9364536664243
medium_006,medium,976.3003207950924,73,2500,799,761,3166,1943.6281451228
medium_006,medium,976.3003207950924,73,2500,799,761,3195,1947.5371802195648
medium_006,medium,976.3003207950924,73,2500,799,761,3197,1964.122683438628
medium_006,medium,976.3003207950924,73,2500,799,761,3218,2000.7372792996312
medium_006,medium,976.3003207950924,73,2500,799,761,3220,2002.7021406930733
medium_006,medium,976.3003207950924,73,2500,799,761,3223,1988.250055497344
medium_006,medium,976.3003207950924,73,2500,799,761,3243,1990.0476404845112
medium_006,medium,976.3003207950924,73,2500,799,761,3249,1992.5642593522584
medium_006,medium,976.3003207950924,73,2500,799,761,3262,2009.006170069171
medium_006,medium,976.3003207950924,73,2500,799,761,3263,2021.9479161383413
medium_006,medium,976.3003207950924,73,2500,799,761,3273,2012.036030887531
medium_006,medium,976.3003207950924,73,2500,799,761,3279,2019.204283689313
medium_006,medium,976.3003207950924,73,2500,799,761,3295,2032.316550335476
medium_007,medium,824.0503384343568,80,2426,873,833,231,911.0284888773832
medium_007,medium,824.0503384343568,80,2426,873,833,247,961.1685448957304
medium_007,medium,824.0503384343568,80,2426,873,833,250,923.7020391222486
medium_007,medium,824.0503384343568,80,2426,873,833,268,937.0648804761346
medium_007,medium,824.0503384343568,80,2426,873,833,276,950.1424311535302
medium_007,medium,824.0503384343568,80,2426,873,833,282,918.0247388823732
medium_007,medium,824.0503384343568,80,2426,873,833,284,919.9171722956652
medium_007,medium,824.0503384343568,80,2426,873,833,287,922.39542365141
medium_007,medium,824.0503384343568,80,2426,873,833,310,1068.1963013135046
medium_007,medium,824.0503384343568,80,2426,873,833,562,1187.2084049271398
medium_007,medium,824.0503384343568,80,2426,873,833,659,1086.6101340087612
medium_007,medium,824.0503384343568,80,2426,873,833,670,1105.3463921911757
medium_007,medium,824.0503384343568,80,2426,873,833,693,1120.7457036098162
medium_007,medium,824.0503384343568,80,2426,873,833,712,1307.574701533219
medium_007,medium,824.0503384343568,80,2426,873,833,718,1323.4678545426373
medium_007,medium,824.0503384343568,80,2426,873,833,737,1310.2144732245297
medium_007,medium,824.0503384343568,80,2426,873,833,746,1404.5988566634628
medium_007,medium,824.0503384343568,80,2426,873,833,747,1424.8516470617349
medium_007,medium,824.0503384343568,80,2426,873,833,763,1368.3557856485136
medium_007,medium,824.0503384343568,80,2426,873,833,764,1368.64715706297
medium_007,medium,824.0503384343568,80,2426,873,833,766,1385.3811167692236
medium_007,medium,824.0503384343568,80,2426,873,833,771,1349.6533946567477
medium_007,medium,824.0503384343568,80,2426,873,833,782,1310.9914872950703
medium_007,medium,824.0503384343568,80,2426,873,833,799,1362.6552069628856
medium_007,medium,824.0503384343568,80,2426,873,833,808,1313.4914275057963
medium_007,medium,824.0503384343568,80,2426,873,833,811,1411.5897579884515
medium_007,medium,824.0503384343568,80,2426,873,833,842,1381.4857728659435
medium_007,medium,824.0503384343568,80,2426,873,833,855,1310.1421585830713
medium_007,medium,824.0503384343568,80,2426,873,833,880,1481.3190353941864
medium_007,medium,824.0503384343568,80,2426,873,833,883,1482.657836782772
medium_007,medium,824.0503384343568,80,2426,873,833,2126,1301.0184539099898
medium_007,medium,824.0503384343568,80,2426,873,833,2128,1302.3396319189326
medium_007,medium,824.0503384343568,80,2426,873,833,2424,1496.6388452354872
medium_007,medium,824.0503384343568,80,2426,873,833,2613,1521.3218916075411
medium_007,medium,824.0503384343568,80,2426,873,833,2630,1532.411629332998
medium_007,medium,824.0503384343568,80,2426,873,833,2830,1603.2905760678614
medium_007,medium,824.0503384343568,80,2426,873,833,2833,1600.9429946135954
medium_007,medium,824.0503384343568,80,2426,873,833,2839,1551.6654594770755
medium_007,medium,824.0503384343568,80,2426,873,833,2848,1581.981161001665
medium_007,medium,824.0503384343568,80,2426,873,833,2850,1594.3469803256796
medium_007,medium,824.0503384343568,80,2426,873,833,2893,1546.5256914356917
medium_007,medium,824.0503384343568,80,2426,873,833,2897,1596.3512176993647
medium_007,medium,824.0503384343568,80,2426,873,833,2900,1680.6986311258418
medium_007,medium,824.0503384343568,80,2426,873,833,2902,1687.4425146780004
medium_007,medium,824.0503384343568,80,2426,873,833,2903,1688.6086871030702
medium_007,medium,824.0503384343568,80,2426,873,833,2909,1672.543070972036
medium_007,medium,824.0503384343568,80,2426,873,833,2915,1681.513950290136
medium_007,medium,824.0503384343568,80,2426,873,833,2927,1685.5090875516769
medium_007,medium,824.0503384343568,80,2426,873,833,2932,1671.315836387999
medium_007,medium,824.0503384343568,80,2426,873,833,2968,1730.0504852009844
medium_007,medium,824.0503384343568,80,2426,873,833,2973,1737.7426962021873
medium_007,medium,824.0503384343568,80,2426,873,833,2986,1707.8640855655433
medium_007,medium,824.0503384343568,80,2426,873,833,3002,1817.8338468608529
medium_007,medium,824.0503384343568,80,2426,873,833,3003,1818.6381363057571
medium_007,medium,824.0503384343568,80,2426,873,833,3012,1771.3108243772288
medium_007,medium,824.0503384343568,80,2426,873,833,3023,1784.309904382445
medium_007,medium,824.0503384343568,80,2426,873,833,3036,1793.8881737618574
medium_007,medium,824.0503384343568,80,2426,873,833,3042,1797.4404486284714
medium_007,medium,824.0503384343568,80,2426,873,833,3044,1813.0597975413125
medium_007,medium,824.0503384343568,80,2426,873,833,3060,1800.6320571975043
medium_007,medium,824.0503384343568,80,2426,873,833,3068,1768.0469333295623
medium_007,medium,824.0503384343568,80,2426,873,833,3099,1900.5479014564648
medium_007,medium,824.0503384343568,80,2426,873,833,3106,1895.0309596500997
medium_007,medium,824.0503384343568,80,2426,873,833,3119,1889.0490081854075
medium_007,medium,824.0503384343568,80,2426,873,833,3152,1950.4706705784367
medium_007,medium,824.0503384343568,80,2426,873,833,3162,1955.0965592057537
medium_007,medium,824.0503384343568,80,2426,873,833,3165,1943.277439590249
medium_007,medium,824.0503384343568,80,2426,873,833,3213,1948.5621517947664
medium_007,medium,824.0503384343568,80,2426,873,833,3216,1969.9841102022529
medium_007,medium,824.0503384343568,80,2426,873,833,3230,1987.4274154764817
medium_007,medium,824.0503384343568,80,2426,873,833,3233,1986.8958748127247
medium_007,medium,824.0503384343568,80,2426,873,833,3249,1992.5642593522584
medium_007,medium,824.0503384343568,80,2426,873,833,3254,1988.2635522515957
medium_007,medium,824.0503384343568,80,2426,873,833,3265,2011.7396851282936
medium_007,medium,824.0503384343568,80,2426,873,833,3269,2010.478062769212
medium_007,medium,824.0503384343568,80,2426,873,833,3271,2022.884015423749
medium_007,medium,824.0503384343568,80,2426,873,833,3282,2030.019720515304
medium_007,medium,824.0503384343568,80,2426,873,833,3288,2033.2627670421216
medium_007,medium,824.0503384343568,80,2426,873,833,3291,2041.4453072957035
medium_007,medium,824.0503384343568,80,2426,873,833,3293,2039.3536461703975
medium_008,medium,795.555973677295,90,2416,883,843,230,910.1068455239258
medium_008,medium,795.555973677295,90,2416,883,843,254,947.326680995918
medium_008,medium,795.555973677295,90,2416,883,843,262,898.3359031395036
medium_008,medium,795.555973677295,90,2416,883,843,268,937.0648804761346
medium_008,medium,795.555973677295,90,2416,883,843,271,914.0296014955017
medium_008,medium,795.555973677295,90,2416,883,843,288,941.633573116336
medium_008,medium,795.555973677295,90,2416,883,843,305,1008.7078153533512
medium_008,medium,795.555973677295,90,2416,883,843,355,822.0363057533182
medium_008,medium,795.555973677295,90,2416,883,843,562,1187.2084049271398
medium_008,medium,795.555973677295,90,2416,883,843,610,972.9444580575796
medium_008,medium,795.555973677295,90,2416,883,843,646,877.5034106146412
medium_008,medium,795.555973677295,90,2416,883,843,659,1086.6101340087612
medium_008,medium,795.555973677295,90,2416,883,843,679,1124.3408735841513
medium_008,medium,795.555973677295,90,2416,883,843,689,1185.8182802309989
medium_008,medium,795.555973677295,90,2416,883,843,690,1246.037377301113
medium_008,medium,795.555973677295,90,2416,883,843,693,1120.7457036098162
medium_008,medium,795.555973677295,90,2416,883,843,713,1307.574701533219
medium_008,medium,795.555973677295,90,2416,883,843,721,1343.7378288854534
medium_008,medium,795.555973677295,90,2416,883,843,738,1314.011322840509
medium_008,medium,795.555973677295,90,2416,883,843,749,1428.022275172608
medium_008,medium,795.555973677295,90,2416,883,843,751,1376.0560377601814
medium_008,medium,795.555973677295,90,2416,883,843,779,1351.207574491588
medium_008,medium,795.555973677295,90,2416,883,843,782,1310.9914872950703
medium_008,medium,795.555973677295,90,2416,883,843,797,1317.715582355126
medium_008,medium,795.555973677295,90,2416,883,843,799,1362.6552069628856
medium_008,medium,795.555973677295,90,2416,883,843,804,1319.153650402004
medium_008,medium,795.555973677295,90,2416,883,843,816,1360.878450631251
medium_008,medium,795.555973677295,90,2416,883,843,834,1332.7435338166829
medium_008,medium,795.555973677295,90,2416,883,843,845,1337.1392245998377
medium_008,medium,795.555973677295,90,2416,883,843,863,1348.6340442915534
medium_008,medium,795.555973677295,90,2416,883,843,865,1348.928171039336
medium_008,medium,795.555973677295,90,2416,883,843,877,1480.5746854550869
medium_008,medium,795.555973677295,90,2416,883,843,887,1484.171911214541
medium_008,medium,795.555973677295,90,2416,883,843,2129,1302.4521213622656
medium_008,medium,795.555973677295,90,2416,883,843,2407,1490.8039567684764
medium_008,medium,795.555973677295,90,2416,883,843,2411,1491.8790686661278
medium_008,medium,795.555973677295,90,2416,883,843,2412,1493.5063140716857
medium_008,medium,795.555973677295,90,2416,883,843,2623,1528.6121851557873
medium_008,medium,795.555973677295,90,2416,883,843,2624,1527.8373914104952
medium_008,medium,795.555973677295,90,2416,883,843,2633,1525.7176226560664
medium_008,medium,795.555973677295,90,2416,883,843,2634,1523.881101497227
medium_008,medium,795.555973677295,90,2416,883,843,2635,1526.265355580092
medium_008,medium,795.555973677295,90,2416,883,843,2711,824.0107714063834
medium_008,medium,795.555973677295,90,2416,883,843,2828,1561.92768363145
medium_008,medium,795.555973677295,90,2416,883,843,2833,1600.9429946135954
medium_008,medium,795.555973677295,90,2416,883,843,2840,1558.4280795951454
medium_008,medium,795.555973677295,90,2416,883,843,2848,1581.981161001665
medium_008,medium,795.555973677295,90,2416,883,843,2863,1562.8262645356635
medium_008,medium,795.555973677295,90,2416,883,843,2883,1591.4038330099263
medium_008,medium,795.555973677295,90,2416,883,843,2887,1546.2625403630534
medium_008,medium,795.555973677295,90,2416,883,843,2890,1598.699826184514
medium_008,medium,795.555973677295,90,2416,883,843,2898,1633.9312643935948
medium_008,medium,795.555973677295,90,2416,883,843,2912,1676.7826086138914
medium_008,medium,795.555973677295,90,2416,883,843,2917,1682.4725144488807
medium_008,medium,795.555973677295,90,2416,883,843,2920,1673.770305556073
medium_008,medium,795.555973677295,90,2416,883,843,2927,1685.5090875516769
medium_008,medium,795.555973677295,90,2416,883,843,2955,1720.00357840192
medium_008,medium,795.555973677295,90,2416,883,843,2961,1754.1690878183208
medium_008,medium,795.555973677295,90,2416,883,843,2972,1734.9293474063122
medium_008,medium,795.555973677295,90,2416,883,843,2977,1704.4401416067003
medium_008,medium,795.555973677295,90,2416,883,843,2983,1705.9093367030907
medium_008,medium,795.555973677295,90,2416,883,843,2985,1707.0618320002543
medium_008,medium,795.555973677295,90,2416,883,843,2986,1707.8640855655433
medium_008,medium,795.555973677295,90,2416,883,843,2990,1709.818834427996
medium_008,medium,795.555973677295,90,2416,883,843,3004,1819.142636240427
medium_008,medium,795.555973677295,90,2416,883,843,3015,1778.4456576785756
medium_008,medium,795.555973677295,90,2416,883,843,3026,1780.595881473878
medium_008,medium,795.555973677295,90,2416,883,843,3027,1782.490500276925
medium_008,medium,795.555973677295,90,2416,883,843,3028,1805.0269894757948
medium_008,medium,795.555973677295,90,2416,883,843,3036,1793.8881737618574
medium_008,medium,795.555973677295,90,2416,883,843,3042,1797.4404486284714
medium_008,medium,795.555973677295,90,2416,883,843,3047,1816.5183675513283
medium_008,medium,795.555973677295,90,2416,883,843,3052,1787.3994386130737
medium_008,medium,795.555973677295,90,2416,883,843,3054,1774.0396392218738
medium_008,medium,795.555973677295,90,2416,883,843,3081,1825.9460545934255
medium_008,medium,795.555973677295,90,2416,883,843,3085,1847.520607182489
medium_008,medium,795.555973677295,90,2416,883,843,3090,1893.3574579808665
medium_008,medium,795.555973677295,90,2416,883,843,3091,1915.3918967587647
medium_008,medium,795.555973677295,90,2416,883,843,3096,1908.1714222064488
medium_008,medium,795.555973677295,90,2416,883,843,3112,1886.2618106878624
medium_008,medium,795.555973677295,90,2416,883,843,3114,1905.23929891277
medium_008,medium,795.555973677295,90,2416,883,843,3135,1886.210358002804
medium_008,medium,795.555973677295,90,2416,883,843,3136,1886.933075564236
medium_008,medium,795.555973677295,90,2416,883,843,3143,1941.3900424165363
medium_008,medium,795.555973677295,90,2416,883,843,3183,1944.7873573629684
medium_008,medium,795.555973677295,90,2416,883,843,3185,1945.512863213404
medium_008,medium,795.555973677295,90,2416,883,843,3198,1948.33994034931
medium_008,medium,795.555973677295,90,2416,883,843,3250,1992.8855924138315
medium_008,medium,795.555973677295,90,2416,883,843,3258,2016.2604983518968
medium_008,medium,795.555973677295,90,2416,883,843,3289,2033.8784852001604
medium_009,medium,1113.0416398689529,71,2545,754,722,563,1227.315595167354
medium_009,medium,1113.0416398689529,71,2545,754,722,712,1307.574701533219
medium_009,medium,1113.0416398689529,71,2545,754,722,754,1383.8667095828885
medium_009,medium,1113.0416398689529,71,2545,754,722,761,1324.203268059484
medium_009,medium,1113.0416398689529,71,2545,754,722,763,1368.3557856485136
medium_009,medium,1113.0416398689529,71,2545,754,722,768,1372.0026489818729
medium_009,medium,1113.0416398689529,71,2545,754,722,770,1344.523654281781
medium_009,medium,1113.0416398689529,71,2545,754,722,778,1350.791146219011
medium_009,medium,1113.0416398689529,71,2545,754,722,791,1333.7740082833477
medium_009,medium,1113.0416398689529,71,2545,754,722,794,1331.752856585587
medium_009,medium,1113.0416398689529,71,2545,754,722,797,1317.715582355126
medium_009,medium,1113.0416398689529,71,2545,754,722,800,1363.973435982047
medium_009,medium,1113.0416398689529,71,2545,754,722,803,1318.5410762711645
medium_009,medium,1113.0416398689529,71,2545,754,722,805,1319.5333120915882
medium_009,medium,1113.0416398689529,71,2545,754,722,807,1331.97642329618
medium_009,medium,1113.0416398689529,71,2545,754,722,813,1309.2928298710722
medium_009,medium,1113.0416398689529,71,2545,754,722,821,1320.5917184488817
medium_009,medium,1113.0416398689529,71,2545,754,722,826,1320.7621699775823
medium_009,medium,1113.0416398689529,71,2545,754,722,835,1321.938391344156
medium_009,medium,1113.0416398689529,71,2545,754,722,841,1321.9910278635764
medium_009,medium,1113.0416398689529,71,2545,754,722,843,1322.0297864957597
medium_009,medium,1113.0416398689529,71,2545,754,722,852,1361.951211477485
medium_009,medium,1113.0416398689529,71,2545,754,722,859,1323.07082970182
medium_009,medium,1113.0416398689529,71,2545,754,722,860,1365.4115040289248
medium_009,medium,1113.0416398689529,71,2545,754,722,2128,1302.3396319189326
medium_009,medium,1113.0416398689529,71,2545,754,722,2407,1490.8039567684764
medium_009,medium,1113.0416398689529,71,2545,754,722,2411,1491.8790686661278
medium_009,medium,1113.0416398689529,71,2545,754,722,2421,1496.4500995344329
medium_009,medium,1113.0416398689529,71,2545,754,722,2617,1529.295216340196
medium_009,medium,1113.0416398689529,71,2545,754,722,2621,1530.761277987035
medium_009,medium,1113.0416398689529,71,2545,754,722,2629,1523.0400199453943
medium_009,medium,1113.0416398689529,71,2545,754,722,2632,1523.8219195020265
medium_009,medium,1113.0416398689529,71,2545,754,722,2834,1600.9585790327797
medium_009,medium,1113.0416398689529,71,2545,754,722,2859,1618.0926317993046
medium_009,medium,1113.0416398689529,71,2545,754,722,2861,1629.4353421031635
medium_009,medium,1113.0416398689529,71,2545,754,722,2879,1588.6291419030945
medium_009,medium,1113.0416398689529,71,2545,754,722,2882,1591.0753418554243
medium_009,medium,1113.0416398689529,71,2545,754,722,2891,1635.0051588528352
medium_009,medium,1113.0416398689529,71,2545,754,722,2902,1687.4425146780004
medium_009,medium,1113.0416398689529,71,2545,754,722,2909,1672.543070972036
medium_009,medium,1113.0416398689529,71,2545,754,722,2940,1701.7066265789106
medium_009,medium,1113.0416398689529,71,2545,754,722,2948,1721.8925834469032
medium_009,medium,1113.0416398689529,71,2545,754,722,2964,1713.755838677186
medium_009,medium,1113.0416398689529,71,2545,754,722,2972,1734.9293474063122
medium_009,medium,1113.0416398689529,71,2545,754,722,2988,1708.6455493031988
medium_009,medium,1113.0416398689529,71,2545,754,722,3001,1814.1198240687977
medium_009,medium,1113.0416398689529,71,2545,754,722,3003,1818.6381363057571
medium_009,medium,1113.0416398689529,71,2545,754,722,3018,1782.555589832349
medium_009,medium,1113.0416398689529,71,2545,754,722,3028,1805.0269894757948
medium_009,medium,1113.0416398689529,71,2545,754,722,3049,1773.453591236468
medium_009,medium,1113.0416398689529,71,2545,754,722,3054,1774.0396392218738
medium_009,medium,1113.0416398689529,71,2545,754,722,3056,1776.490908816123
medium_009,medium,1113.0416398689529,71,2545,754,722,3080,1828.1940157968968
medium_009,medium,1113.0416398689529,71,2545,754,722,3106,1895.0309596500997
medium_009,medium,1113.0416398689529,71,2545,754,722,3108,1895.8302281461424
medium_009,medium,1113.0416398689529,71,2545,754,722,3119,1889.0490081854075
medium_009,medium,1113.0416398689529,71,2545,754,722,3124,1896.687272406516
medium_009,medium,1113.0416398689529,71,2545,754,722,3126,1889.7674613914896
medium_009,medium,1113.0416398689529,71,2545,754,722,3157,1949.34240506614
medium_009,medium,1113.0416398689529,71,2545,754,722,3168,1955.1680420082268
medium_009,medium,1113.0416398689529,71,2545,754,722,3181,1961.207713099104
medium_009,medium,1113.0416398689529,71,2545,754,722,3195,1947.5371802195648
medium_009,medium,1113.0416398689529,71,2545,754,722,3205,1964.2275486445424
medium_009,medium,1113.0416398689529,71,2545,754,722,3219,2002.3273168253368
medium_009,medium,1113.0416398689529,71,2545,754,722,3234,1983.6394292202956
medium_009,medium,1113.0416398689529,71,2545,754,722,3238,1985.0361031009995
medium_009,medium,1113.0416398689529,71,2545,754,722,3250,1992.8855924138315
medium_009,medium,1113.0416398689529,71,2545,754,722,3266,2016.3364784781363
medium_009,medium,1113.0416398689529,71,2545,754,722,3269,2010.478062769212
medium_009,medium,1113.0416398689529,71,2545,754,722,3273,2012.036030887531
medium_009,medium,1113.0416398689529,71,2545,754,722,3291,2041.4453072957035
medium_010,medium,1070.7808481596446,68,2527,772,738,687,1124.3259090322522
medium_010,medium,1070.7808481596446,68,2527,772,738,689,1185.8182802309989
medium_010,medium,1070.7808481596446,68,2527,772,738,692,1235.7899249575255
medium_010,medium,1070.7808481596446,68,2527,772,738,693,1120.7457036098162
medium_010,medium,1070.7808481596446,68,2527,772,738,723,1353.2691844812198
medium_010,medium,1070.7808481596446,68,2527,772,738,730,1352.468892178462
medium_010,medium,1070.7808481596446,68,2527,772,738,739,1314.6178805476118
medium_010,medium,1070.7808481596446,68,2527,772,738,740,1335.500747459204
medium_010,medium,1070.7808481596446,68,2527,772,738,744,1391.4889778711515
medium_010,medium,1070.7808481596446,68,2527,772,738,756,1312.2029882230477
medium_010,medium,1070.7808481596446,68,2527,772,738,765,1380.274525902225
medium_010,medium,1070.7808481596446,68,2527,772,738,768,1372.0026489818729
medium_010,medium,1070.7808481596446,68,2527,772,738,780,1368.7458413984732
medium_010,medium,1070.7808481596446,68,2527,772,738,783,1315.846738433606
medium_010,medium,1070.7808481596446,68,2527,772,738,799,1362.6552069628856
medium_010,medium,1070.7808481596446,68,2527,772,738,810,1319.6735146288283
medium_010,medium,1070.7808481596446,68,2527,772,738,822,1326.6568843135929
medium_010,medium,1070.7808481596446,68,2527,772,738,836,1393.9531028749157
medium_010,medium,1070.7808481596446,68,2527,772,738,839,1328.4425314598554
medium_010,medium,1070.7808481596446,68,2527,772,738,845,1337.1392245998377
medium_010,medium,1070.7808481596446,68,2527,772,738,846,1337.603787912688
medium_010,medium,1070.7808481596446,68,2527,772,738,853,1309.926047267874
medium_010,medium,1070.7808481596446,68,2527,772,738,872,1477.5257648375266
medium_010,medium,1070.7808481596446,68,2527,772,738,2406,1489.82658233725
medium_010,medium,1070.7808481596446,68,2527,772,738,2413,1492.0344214029776
medium_010,medium,1070.7808481596446,68,2527,772,738,2419,1497.827388069755
medium_010,medium,1070.7808481596446,68,2527,772,738,2420,1497.921992203141
medium_010,medium,1070.7808481596446,68,2527,772,738,2612,1521.3218916075411
medium_010,medium,1070.7808481596446,68,2527,772,738,2630,1532.411629332998
medium_010,medium,1070.7808481596446,68,2527,772,738,2845,1634.2405846350066
medium_010,medium,1070.7808481596446,68,2527,772,738,2851,1629.9394196784217
medium_010,medium,1070.7808481596446,68,2527,772,738,2860,1623.000586670196
medium_010,medium,1070.7808481596446,68,2527,772,738,2863,1562.8262645356635
medium_010,medium,1070.7808481596446,68,2527,772,738,2869,1544.1598365148045
medium_010,medium,1070.7808481596446,68,2527,772,738,2879,1588.6291419030945
medium_010,medium,1070.7808481596446,68,2527,772,738,2885,1588.2002654878968
medium_010,medium,1070.7808481596446,68,2527,772,738,2896,1550.4679480595516
medium_010,medium,1070.7808481596446,68,2527,772,738,2931,1684.3149164514716
medium_010,medium,1070.7808481596446,68,2527,772,738,2945,1752.4695112106324
medium_010,medium,1070.7808481596446,68,2527,772,738,2948,1721.8925834469032
medium_010,medium,1070.7808481596446,68,2527,772,738,2952,1758.382550654719
medium_010,medium,1070.7808481596446,68,2527,772,738,2983,1705.9093367030907
medium_010,medium,1070.7808481596446,68,2527,772,738,2984,1706.5428454549497
medium_010,medium,1070.7808481596446,68,2527,772,738,3004,1819.142636240427
medium_010,medium,1070.7808481596446,68,2527,772,738,3011,1777.9296412659362
medium_010,medium,1070.7808481596446,68,2527,772,738,3020,1810.605328373238
medium_010,medium,1070.7808481596446,68,2527,772,738,3043,1798.384096052289
medium_010,medium,1070.7808481596446,68,2527,772,738,3052,1787.3994386130737
medium_010,medium,1070.7808481596446,68,2527,772,738,3057,1789.4899888213392
medium_010,medium,1070.7808481596446,68,2527,772,738,3058,1799.5874908026371
medium_010,medium,1070.7808481596446,68,2527,772,738,3065,1767.2058517777298
medium_010,medium,1070.7808481596446,68,2527,772,738,3069,1768.20995275267
medium_010,medium,1070.7808481596446,68,2527,772,738,3087,1847.520607182489
medium_010,medium,1070.7808481596446,68,2527,772,738,3114,1905.23929891277
medium_010,medium,1070.7808481596446,68,2527,772,738,3133,1894.2006327138815
medium_010,medium,1070.7808481596446,68,2527,772,738,3134,1886.151176007604
medium_010,medium,1070.7808481596446,68,2527,772,738,3143,1941.3900424165363
medium_010,medium,1070.7808481596446,68,2527,772,738,3149,1966.362557117041
medium_010,medium,1070.7808481596446,68,2527,772,738,3162,1955.0965592057537
medium_010,medium,1070.7808481596446,68,2527,772,738,3172,1941.3900424165363
medium_010,medium,1070.7808481596446,68,2527,772,738,3197,1964.122683438628
medium_010,medium,1070.7808481596446,68,2527,772,738,3240,1985.6735170443087
medium_010,medium,1070.7808481596446,68,2527,772,738,3241,1985.998675648765
medium_010,medium,1070.7808481596446,68,2527,772,738,3246,1990.6326863302008
medium_010,medium,1070.7808481596446,68,2527,772,738,3253,1983.2902607360568
medium_010,medium,1070.7808481596446,68,2527,772,738,3261,2009.6903321593784
medium_010,medium,1070.7808481596446,68,2527,772,738,3277,2023.6667867123333
medium_010,medium,1070.7808481596446,68,2527,772,738,3290,2038.1701155580124
medium_011,medium,885.4131719537836,67,2435,864,824,246,914.9758182021476
medium_011,medium,885.4131719537836,67,2435,864,824,257,955.7837585805148
medium_011,medium,885.4131719537836,67,2435,864,824,269,937.6231964796068
medium_011,medium,885.4131719537836,67,2435,864,824,277,943.6126582038628
medium_011,medium,885.4131719537836,67,2435,864,824,278,924.2387103583252
medium_011,medium,885.4131719537836,67,2435,864,824,313,1048.422866454661
medium_011,medium,885.4131719537836,67,2435,864,824,667,1099.5941200036643
medium_011,medium,885.4131719537836,67,2435,864,824,678,1119.067957650365
medium_011,medium,885.4131719537836,67,2435,864,824,685,1126.617814539325
medium_011,medium,885.4131719537836,67,2435,864,824,687,1124.3259090322522
medium_011,medium,885.4131719537836,67,2435,864,824,689,1185.8182802309989
medium_011,medium,885.4131719537836,67,2435,864,824,719,1334.5839523672494
medium_011,medium,885.4131719537836,67,2435,864,824,751,1376.0560377601814
medium_011,medium,885.4131719537836,67,2435,864,824,765,1380.274525902225
medium_011,medium,885.4131719537836,67,2435,864,824,794,1331.752856585587
medium_011,medium,885.4131719537836,67,2435,864,824,795,1371.4825674107449
medium_011,medium,885.4131719537836,67,2435,864,824,797,1317.715582355126
medium_011,medium,885.4131719537836,67,2435,864,824,799,1362.6552069628856
medium_011,medium,885.4131719537836,67,2435,864,824,802,1339.1137056854072
medium_011,medium,885.4131719537836,67,2435,864,824,813,1309.2928298710722
medium_011,medium,885.4131719537836,67,2435,864,824,816,1360.878450631251
medium_011,medium,885.4131719537836,67,2435,864,824,821,1320.5917184488817
medium_011,medium,885.4131719537836,67,2435,864,824,851,1341.7483331008743
medium_011,medium,885.4131719537836,67,2435,864,824,874,1479.3130630960052
medium_011,medium,885.4131719537836,67,2435,864,824,2632,1523.8219195020265
medium_011,medium,885.4131719537836,67,2435,864,824,2635,1526.265355580092
medium_011,medium,885.4131719537836,67,2435,864,824,2834,1600.9585790327797
medium_011,medium,885.4131719537836,67,2435,864,824,2840,1558.4280795951454
medium_011,medium,885.4131719537836,67,2435,864,824,2847,1576.8621553601515
medium_011,medium,885.4131719537836,67,2435,864,824,2848,1581.981161001665
medium_011,medium,885.4131719537836,67,2435,864,824,2851,1629.9394196784217
medium_011,medium,885.4131719537836,67,2435,864,824,2861,1629.4353421031635
medium_011,medium,885.4131719537836,67,2435,864,824,2883,1591.4038330099263
medium_011,medium,885.4131719537836,67,2435,864,824,2914,1677.9393536478476
medium_011,medium,885.4131719537836,67,2435,864,824,2946,1702.6840010101369
medium_011,medium,885.4131719537836,67,2435,864,824,2952,1758.382550654719
medium_011,medium,885.4131719537836,67,2435,864,824,2962,1722.1337521682372
medium_011,medium,885.4131719537836,67,2435,864,824,2967,1727.9248195298906
medium_011,medium,885.4131719537836,67,2435,864,824,2972,1734.9293474063122
medium_011,medium,885.4131719537836,67,2435,864,824,2980,1747.2522755634054
medium_011,medium,885.4131719537836,67,2435,864,824,3002,1817.8338468608529
medium_011,medium,885.4131719537836,67,2435,864,824,3004,1819.142636240427
medium_011,medium,885.4131719537836,67,2435,864,824,3022,1785.9199159143488
medium_011,medium,885.4131719537836,67,2435,864,824,3026,1780.595881473878
medium_011,medium,885.4131719537836,67,2435,864,824,3040,1797.169381427283
medium_011,medium,885.4131719537836,67,2435,864,824,3045,1772.147205808582
medium_011,medium,885.4131719537836,67,2435,864,824,3053,1769.7470252639644
medium_011,medium,885.4131719537836,67,2435,864,824,3087,1847.520607182489
medium_011,medium,885.4131719537836,67,2435,864,824,3092,1885.3692764509717
medium_011,medium,885.4131719537836,67,2435,864,824,3100,1901.5576161867075
medium_011,medium,885.4131719537836,67,2435,864,824,3102,1894.9279984769137
medium_011,medium,885.4131719537836,67,2435,864,824,3105,1888.225386035621
medium_011,medium,885.4131719537836,67,2435,864,824,3110,1897.03916159998
medium_011,medium,885.4131719537836,67,2435,864,824,3127,1890.2054953270103
medium_011,medium,885.4131719537836,67,2435,864,824,3151,1950.3424532766949
medium_011,medium,885.4131719537836,67,2435,864,824,3160,1953.658124235508
medium_011,medium,885.4131719537836,67,2435,864,824,3170,1944.0323984766087
medium_011,medium,885.4131719537836,67,2435,864,824,3173,1956.8211717570284
medium_011,medium,885.4131719537836,67,2435,864,824,3176,1958.7058898476323
medium_011,medium,885.4131719537836,67,2435,864,824,3203,1975.8354332246015
medium_011,medium,885.4131719537836,67,2435,864,824,3209,1951.204507868901
medium_011,medium,885.4131719537836,67,2435,864,824,3210,1951.6381969727613
medium_011,medium,885.4131719537836,67,2435,864,824,3221,1995.718771233304
medium_011,medium,885.4131719537836,67,2435,864,824,3223,1988.250055497344
medium_011,medium,885.4131719537836,67,2435,864,824,3246,1990.6326863302008
medium_011,medium,885.4131719537836,67,2435,864,824,3259,2015.4770430705069
medium_011,medium,885.4131719537836,67,2435,864,824,3287,2037.1676075508915
medium_012,medium,968.9796145697201,78,2498,801,763,294,999.7896773372357
medium_012,medium,968.9796145697201,78,2498,801,763,296,1003.6984827266716
medium_012,medium,968.9796145697201,78,2498,801,763,301,989.2392544219998
medium_012,medium,968.9796145697201,78,2498,801,763,308,1029.6081438175484
medium_012,medium,968.9796145697201,78,2498,801,763,311,1095.240542209387
medium_012,medium,968.9796145697201,78,2498,801,763,660,1088.875010724089
medium_012,medium,968.9796145697201,78,2498,801,763,672,1104.7291477313834
medium_012,medium,968.9796145697201,78,2498,801,763,682,1114.1545586568684
medium_012,medium,968.9796145697201,78,2498,801,763,687,1124.3259090322522
medium_012,medium,968.9796145697201,78,2498,801,763,693,1120.7457036098162
medium_012,medium,968.9796145697201,78,2498,801,763,719,1334.5839523672494
medium_012,medium,968.9796145697201,78,2498,801,763,724,1353.9297734856912
medium_012,medium,968.9796145697201,78,2498,801,763,747,1424.8516470617349
medium_012,medium,968.9796145697201,78,2498,801,763,754,1383.8667095828885
medium_012,medium,968.9796145697201,78,2498,801,763,755,1344.3198404366383
medium_012,medium,968.9796145697201,78,2498,801,763,780,1368.7458413984732
medium_012,medium,968.9796145697201,78,2498,801,763,787,1343.0804873206446
medium_012,medium,968.9796145697201,78,2498,801,763,799,1362.6552069628856
medium_012,medium,968.9796145697201,78,2498,801,763,815,1337.0096613173928
medium_012,medium,968.9796145697201,78,2498,801,763,824,1356.4750434302453
medium_012,medium,968.9796145697201,78,2498,801,763,847,1340.416178881104
medium_012,medium,968.9796145697201,78,2498,801,763,848,1340.8445093471605
medium_012,medium,968.9796145697201,78,2498,801,763,865,1348.928171039336
medium_012,medium,968.9796145697201,78,2498,801,763,875,1479.4805137582352
medium_012,medium,968.9796145697201,78,2498,801,763,889,1483.9966381713575
medium_012,medium,968.9796145697201,78,2498,801,763,2408,1490.8779342613743
medium_012,medium,968.9796145697201,78,2498,801,763,2623,1528.6121851557873
medium_012,medium,968.9796145697201,78,2498,801,763,2631,1535.5912823981423
medium_012,medium,968.9796145697201,78,2498,801,763,2640,1529.873807514869
medium_012,medium,968.9796145697201,78,2498,801,763,2823,1553.9793661000438
medium_012,medium,968.9796145697201,78,2498,801,763,2829,1556.6236481784065
medium_012,medium,968.9796145697201,78,2498,801,763,2830,1603.2905760678614
medium_012,medium,968.9796145697201,78,2498,801,763,2844,1621.0268806880636
medium_012,medium,968.9796145697201,78,2498,801,763,2850,1594.3469803256796
medium_012,medium,968.9796145697201,78,2498,801,763,2873,1538.4825360869324
medium_012,medium,968.9796145697201,78,2498,801,763,2897,1596.3512176993647
medium_012,medium,968.9796145697201,78,2498,801,763,2898,1633.9312643935948
medium_012,medium,968.9796145697201,78,2498,801,763,2901,1675.7140213867733
medium_012,medium,968.9796145697201,78,2498,801,763,2926,1680.575879170551
medium_012,medium,968.9796145697201,78,2498,801,763,2927,1685.5090875516769
medium_012,medium,968.9796145697201,78,2498,801,763,2929,1694.1870260005132
medium_012,medium,968.9796145697201,78,2498,801,763,2937,1699.9884982410574
medium_012,medium,968.9796145697201,78,2498,801,763,2940,1701.7066265789106
medium_012,medium,968.9796145697201,78,2498,801,763,2943,1704.2478001234012
medium_012,medium,968.9796145697201,78,2498,801,763,2979,1744.1812445391377
medium_012,medium,968.9796145697201,78,2498,801,763,2990,1709.818834427996
medium_012,medium,968.9796145697201,78,2498,801,763,2992,1711.524503118209
medium_012,medium,968.9796145697201,78,2498,801,763,2998,1804.4237095533451
medium_012,medium,968.9796145697201,78,2498,801,763,3016,1780.0360311088511
medium_012,medium,968.9796145697201,78,2498,801,763,3053,1769.7470252639644
medium_012,medium,968.9796145697201,78,2498,801,763,3056,1776.490908816123
medium_012,medium,968.9796145697201,78,2498,801,763,3058,1799.5874908026371
medium_012,medium,968.9796145697201,78,2498,801,763,3060,1800.6320571975043
medium_012,medium,968.9796145697201,78,2498,801,763,3062,1789.853907781148
medium_012,medium,968.9796145697201,78,2498,801,763,3079,1826.727954150058
medium_012,medium,968.9796145697201,78,2498,801,763,3080,1828.1940157968968
medium_012,medium,968.9796145697201,78,2498,801,763,3090,1893.3574579808665
medium_012,medium,968.9796145697201,78,2498,801,763,3092,1885.3692764509717
medium_012,medium,968.9796145697201,78,2498,801,763,3110,1897.03916159998
medium_012,medium,968.9796145697201,78,2498,801,763,3132,1893.4130681551176
medium_012,medium,968.9796145697201,78,2498,801,763,3143,1941.3900424165363
medium_012,medium,968.9796145697201,78,2498,801,763,3148,1942.6168505857777
medium_012,medium,968.9796145697201,78,2498,801,763,3160,1953.658124235508
medium_012,medium,968.9796145697201,78,2498,801,763,3162,1955.0965592057537
medium_012,medium,968.9796145697201,78,2498,801,763,3165,1943.277439590249
medium_012,medium,968.9796145697201,78,2498,801,763,3194,1962.7176308718235
medium_012,medium,968.9796145697201,78,2498,801,763,3198,1948.33994034931
medium_012,medium,968.9796145697201,78,2498,801,763,3204,1977.013502796584
medium_012,medium,968.9796145697201,78,2498,801,763,3226,1986.3316838512972
medium_012,medium,968.9796145697201,78,2498,801,763,3233,1986.8958748127247
medium_012,medium,968.9796145697201,78,2498,801,763,3239,1985.2871547092404
medium_012,medium,968.9796145697201,78,2498,801,763,3245,1989.867839906203
medium_012,medium,968.9796145697201,78,2498,801,763,3268,2009.7871375015131
medium_012,medium,968.9796145697201,78,2498,801,763,3272,2013.842388976543
medium_012,medium,968.9796145697201,78,2498,801,763,3287,2037.1676075508915
medium_012,medium,968.9796145697201,78,2498,801,763,3289,2033.8784852001604
medium_012,medium,968.9796145697201,78,2498,801,763,3290,2038.1701155580124
medium_012,medium,968.9796145697201,78,2498,801,763,3296,2032.316550335476
medium_013,medium,1024.520156177151,68,2517,782,747,692,1235.7899249575255
medium_013,medium,1024.520156177151,68,2517,782,747,717,1309.2928298710722
medium_013,medium,1024.520156177151,68,2517,782,747,723,1353.2691844812198
medium_013,medium,1024.520156177151,68,2517,782,747,726,1311.238521422166
medium_013,medium,1024.520156177151,68,2517,782,747,750,1366.1034853805877
medium_013,medium,1024.520156177151,68,2517,782,747,774,1324.4487436355646
medium_013,medium,1024.520156177151,68,2517,782,747,795,1371.4825674107449
medium_013,medium,1024.520156177151,68,2517,782,747,802,1339.1137056854072
medium_013,medium,1024.520156177151,68,2517,782,747,808,1313.4914275057963
medium_013,medium,1024.520156177151,68,2517,782,747,812,1445.9403882459223
medium_013,medium,1024.520156177151,68,2517,782,747,814,1325.4300761865384
medium_013,medium,1024.520156177151,68,2517,782,747,822,1326.6568843135929
medium_013,medium,1024.520156177151,68,2517,782,747,839,1328.4425314598554
medium_013,medium,1024.520156177151,68,2517,782,747,860,1365.4115040289248
medium_013,medium,1024.520156177151,68,2517,782,747,882,1481.8363078141683
medium_013,medium,1024.520156177151,68,2517,782,747,2406,1489.82658233725
medium_013,medium,1024.520156177151,68,2517,782,747,2423,1496.4590638893403
medium_013,medium,1024.520156177151,68,2517,782,747,2635,1526.265355580092
medium_013,medium,1024.520156177151,68,2517,782,747,2641,1529.0646259945322
medium_013,medium,1024.520156177151,68,2517,782,747,2821,1571.980140716375
medium_013,medium,1024.520156177151,68,2517,782,747,2822,1550.546438330423
medium_013,medium,1024.520156177151,68,2517,782,747,2823,1553.9793661000438
medium_013,medium,1024.520156177151,68,2517,782,747,2828,1561.92768363145
medium_013,medium,1024.520156177151,68,2517,782,747,2844,1621.0268806880636
medium_013,medium,1024.520156177151,68,2517,782,747,2854,1554.8117941530031
medium_013,medium,1024.520156177151,68,2517,782,747,2855,1557.2491677696253
medium_013,medium,1024.520156177151,68,2517,782,747,2865,1553.4643009430415
medium_013,medium,1024.520156177151,68,2517,782,747,2909,1672.543070972036
medium_013,medium,1024.520156177151,68,2517,782,747,2915,1681.513950290136
medium_013,medium,1024.520156177151,68,2517,782,747,2924,1679.0370945461525
medium_013,medium,1024.520156177151,68,2517,782,747,2928,1674.247959739934
medium_013,medium,1024.520156177151,68,2517,782,747,2929,1694.1870260005132
medium_013,medium,1024.520156177151,68,2517,782,747,2955,1720.00357840192
medium_013,medium,1024.520156177151,68,2517,782,747,2960,1713.728332152901
medium_013,medium,1024.520156177151,68,2517,782,747,2973,1737.7426962021873
medium_013,medium,1024.520156177151,68,2517,782,747,2976,1742.6516345383357
medium_013,medium,1024.520156177151,68,2517,782,747,2977,1704.4401416067003
medium_013,medium,1024.520156177151,68,2517,782,747,2979,1744.1812445391377
medium_013,medium,1024.520156177151,68,2517,782,747,2982,1704.830496441277
medium_013,medium,1024.520156177151,68,2517,782,747,2996,1811.089963425206
medium_013,medium,1024.520156177151,68,2517,782,747,3005,1767.2058517777298
medium_013,medium,1024.520156177151,68,2517,782,747,3015,1778.4456576785756
medium_013,medium,1024.520156177151,68,2517,782,747,3025,1782.7461052691806
medium_013,medium,1024.520156177151,68,2517,782,747,3029,1770.3599074874378
medium_013,medium,1024.520156177151,68,2517,782,747,3040,1797.169381427283
medium_013,medium,1024.520156177151,68,2517,782,747,3053,1769.7470252639644
medium_013,medium,1024.520156177151,68,2517,782,747,3059,1800.006484468096
medium_013,medium,1024.520156177151,68,2517,782,747,3067,1767.987751334362
medium_013,medium,1024.520156177151,68,2517,782,747,3068,1768.0469333295623
medium_013,medium,1024.520156177151,68,2517,782,747,3077,1826.7871361452585
medium_013,medium,1024.520156177151,68,2517,782,747,3100,1901.5576161867075
medium_013,medium,1024.520156177151,68,2517,782,747,3112,1886.2618106878624
medium_013,medium,1024.520156177151,68,2517,782,747,3118,1899.1589303544083
medium_013,medium,1024.520156177151,68,2517,782,747,3123,1911.885444998504
medium_013,medium,1024.520156177151,68,2517,782,747,3130,1891.467117686092
medium_013,medium,1024.520156177151,68,2517,782,747,3133,1894.2006327138815
medium_013,medium,1024.520156177151,68,2517,782,747,3158,1953.05173557582
medium_013,medium,1024.520156177151,68,2517,782,747,3160,1953.658124235508
medium_013,medium,1024.520156177151,68,2517,782,747,3165,1943.277439590249
medium_013,medium,1024.520156177151,68,2517,782,747,3166,1943.6281451228
medium_013,medium,1024.520156177151,68,2517,782,747,3176,1958.7058898476323
medium_013,medium,1024.520156177151,68,2517,782,747,3182,1962.3174585920533
medium_013,medium,1024.520156177151,68,2517,782,747,3184,1944.8293429497032
medium_013,medium,1024.520156177151,68,2517,782,747,3186,1945.542316249328
medium_013,medium,1024.520156177151,68,2517,782,747,3214,1965.8318362991504
medium_013,medium,1024.520156177151,68,2517,782,747,3224,1988.840601984337
medium_013,medium,1024.520156177151,68,2517,782,747,3239,1985.2871547092404
medium_013,medium,1024.520156177151,68,2517,782,747,3271,2022.884015423749
medium_014,medium,1013.7204580828499,86,2516,783,748,307,1029.2834780299893
medium_014,medium,1013.7204580828499,86,2516,783,748,559,1132.8255091458798
medium_014,medium,1013.7204580828499,86,2516,783,748,675,1129.1344334070725
medium_014,medium,1013.7204580828499,86,2516,783,748,679,1124.3408735841513
medium_014,medium,1013.7204580828499,86,2516,783,748,681,1131.7109720029666
medium_014,medium,1013.7204580828499,86,2516,783,748,689,1185.8182802309989
medium_014,medium,1013.7204580828499,86,2516,783,748,713,1307.574701533219
medium_014,medium,1013.7204580828499,86,2516,783,748,714,1307.574701533219
medium_014,medium,1013.7204580828499,86,2516,783,748,724,1353.9297734856912
medium_014,medium,1013.7204580828499,86,2516,783,748,734,1357.7989377431288
medium_014,medium,1013.7204580828499,86,2516,783,748,740,1335.500747459204
medium_014,medium,1013.7204580828499,86,2516,783,748,751,1376.0560377601814
medium_014,medium,1013.7204580828499,86,2516,783,748,753,1381.5897686277146
medium_014,medium,1013.7204580828499,86,2516,783,748,754,1383.8667095828885
medium_014,medium,1013.7204580828499,86,2516,783,748,757,1314.8394462613703
medium_014,medium,1013.7204580828499,86,2516,783,748,780,1368.7458413984732
medium_014,medium,1013.7204580828499,86,2516,783,748,794,1331.752856585587
medium_014,medium,1013.7204580828499,86,2516,783,748,796,1377.4278687322314
medium_014,medium,1013.7204580828499,86,2516,783,748,799,1362.6552069628856
medium_014,medium,1013.7204580828499,86,2516,783,748,802,1339.1137056854072
medium_014,medium,1013.7204580828499,86,2516,783,748,803,1318.5410762711645
medium_014,medium,1013.7204580828499,86,2516,783,748,807,1331.97642329618
medium_014,medium,1013.7204580828499,86,2516,783,748,814,1325.4300761865384
medium_014,medium,1013.7204580828499,86,2516,783,748,817,1346.366940988696
medium_014,medium,1013.7204580828499,86,2516,783,748,831,1363.8386086652597
medium_014,medium,1013.7204580828499,86,2516,783,748,842,1381.4857728659435
medium_014,medium,1013.7204580828499,86,2516,783,748,846,1337.603787912688
medium_014,medium,1013.7204580828499,86,2516,783,748,850,1341.378582400735
medium_014,medium,1013.7204580828499,86,2516,783,748,851,1341.7483331008743
medium_014,medium,1013.7204580828499,86,2516,783,748,852,1361.951211477485
medium_014,medium,1013.7204580828499,86,2516,783,748,857,1347.229513615338
medium_014,medium,1013.7204580828499,86,2516,783,748,873,1478.6414326170152
medium_014,medium,1013.7204580828499,86,2516,783,748,883,1482.657836782772
medium_014,medium,1013.7204580828499,86,2516,783,748,887,1484.171911214541
medium_014,medium,1013.7204580828499,86,2516,783,748,888,1477.5257648375266
medium_014,medium,1013.7204580828499,86,2516,783,748,2129,1302.4521213622656
medium_014,medium,1013.7204580828499,86,2516,783,748,2416,1495.1884771753512
medium_014,medium,1013.7204580828499,86,2516,783,748,2418,1495.1884771753512
medium_014,medium,1013.7204580828499,86,2516,783,748,2629,1523.0400199453943
medium_014,medium,1013.7204580828499,86,2516,783,748,2643,1524.8250884191757
medium_014,medium,1013.7204580828499,86,2516,783,748,2828,1561.92768363145
medium_014,medium,1013.7204580828499,86,2516,783,748,2845,1634.2405846350066
medium_014,medium,1013.7204580828499,86,2516,783,748,2867,1541.2160511147224
medium_014,medium,1013.7204580828499,86,2516,783,748,2875,1584.432924211956
medium_014,medium,1013.7204580828499,86,2516,783,748,2876,1586.5148759603824
medium_014,medium,1013.7204580828499,86,2516,783,748,2882,1591.0753418554243
medium_014,medium,1013.7204580828499,86,2516,783,748,2886,1577.790506686672
medium_014,medium,1013.7204580828499,86,2516,783,748,2900,1680.6986311258418
medium_014,medium,1013.7204580828499,86,2516,783,748,2932,1671.315836387999
medium_014,medium,1013.7204580828499,86,2516,783,748,2937,1699.9884982410574
medium_014,medium,1013.7204580828499,86,2516,783,748,2941,1701.7066265789106
medium_014,medium,1013.7204580828499,86,2516,783,748,2959,1712.850956999697
medium_014,medium,1013.7204580828499,86,2516,783,748,2971,1734.3509327915897
medium_014,medium,1013.7204580828499,86,2516,783,748,3010,1777.581561940777
medium_014,medium,1013.7204580828499,86,2516,783,748,3033,1791.6402126166415
medium_014,medium,1013.7204580828499,86,2516,783,748,3034,1792.308376949222
medium_014,medium,1013.7204580828499,86,2516,783,748,3044,1813.0597975413125
medium_014,medium,1013.7204580828499,86,2516,783,748,3050,1787.3397650260367
medium_014,medium,1013.7204580828499,86,2516,783,748,3060,1800.6320571975043
medium_014,medium,1013.7204580828499,86,2516,783,748,3064,1775.9320726351657
medium_014,medium,1013.7204580828499,86,2516,783,748,3068,1768.0469333295623
medium_014,medium,1013.7204580828499,86,2516,783,748,3076,1826.8385888303164
medium_014,medium,1013.7204580828499,86,2516,783,748,3107,1888.6923494938385
medium_014,medium,1013.7204580828499,86,2516,783,748,3111,1899.8253654076836
medium_014,medium,1013.7204580828499,86,2516,783,748,3115,1897.7226615594343
medium_014,medium,1013.7204580828499,86,2516,783,748,3121,1892.7287400451737
medium_014,medium,1013.7204580828499,86,2516,783,748,3154,1949.3171106811265
medium_014,medium,1013.7204580828499,86,2516,783,748,3163,1942.6857860774976
medium_014,medium,1013.7204580828499,86,2516,783,748,3167,1943.926730526416
medium_014,medium,1013.7204580828499,86,2516,783,748,3175,1958.1878775536652
medium_014,medium,1013.7204580828499,86,2516,783,748,3176,1958.7058898476323
medium_014,medium,1013.7204580828499,86,2516,783,748,3198,1948.33994034931
medium_014,medium,1013.7204580828499,86,2516,783,748,3199,1969.1896343231583
medium_014,medium,1013.7204580828499,86,2516,783,748,3206,1964.3600441194449
medium_014,medium,1013.7204580828499,86,2516,783,748,3221,1995.718771233304
medium_014,medium,1013.7204580828499,86,2516,783,748,3224,1988.840601984337
medium_014,medium,1013.7204580828499,86,2516,783,748,3232,1983.2902607360568
medium_014,medium,1013.7204580828499,86,2516,783,748,3246,1990.6326863302008
medium_014,medium,1013.7204580828499,86,2516,783,748,3247,1991.5664973302007
medium_014,medium,1013.7204580828499,86,2516,783,748,3250,1992.8855924138315
medium_014,medium,1013.7204580828499,86,2516,783,748,3258,2016.2604983518968
medium_014,medium,1013.7204580828499,86,2516,783,748,3263,2021.9479161383413
medium_014,medium,1013.7204580828499,86,2516,783,748,3265,2011.7396851282936
medium_014,medium,1013.7204580828499,86,2516,783,748,3271,2022.884015423749
medium_014,medium,1013.7204580828499,86,2516,783,748,3286,2042.02227396615
medium_014,medium,1013.7204580828499,86,2516,783,748,3291,2041.4453072957035
medium_015,medium,1079.2207518272235,62,2527,772,738,658,1113.2651002719726
medium_015,medium,1079.2207518272235,62,2527,772,738,671,1109.0327738942456
medium_015,medium,1079.2207518272235,62,2527,772,738,684,1115.2930291344553
medium_015,medium,1079.2207518272235,62,2527,772,738,685,1126.617814539325
medium_015,medium,1079.2207518272235,62,2527,772,738,687,1124.3259090322522
medium_015,medium,1079.2207518272235,62,2527,772,738,693,1120.7457036098162
medium_015,medium,1079.2207518272235,62,2527,772,738,721,1343.7378288854534
medium_015,medium,1079.2207518272235,62,2527,772,738,726,1311.238521422166
medium_015,medium,1079.2207518272235,62,2527,772,738,729,1335.092237302509
medium_015,medium,1079.2207518272235,62,2527,772,738,734,1357.7989377431288
medium_015,medium,1079.2207518272235,62,2527,772,738,735,1359.0257458701833
medium_015,medium,1079.2207518272235,62,2527,772,738,749,1428.022275172608
medium_015,medium,1079.2207518272235,62,2527,772,738,754,1383.8667095828885
medium_015,medium,1079.2207518272235,62,2527,772,738,757,1314.8394462613703
medium_015,medium,1079.2207518272235,62,2527,772,738,777,1350.6268284633345
medium_015,medium,1079.2207518272235,62,2527,772,738,790,1312.9732543647333
medium_015,medium,1079.2207518272235,62,2527,772,738,803,1318.5410762711645
medium_015,medium,1079.2207518272235,62,2527,772,738,815,1337.0096613173928
medium_015,medium,1079.2207518272235,62,2527,772,738,818,1348.2102276956111
medium_015,medium,1079.2207518272235,62,2527,772,738,835,1321.938391344156
medium_015,medium,1079.2207518272235,62,2527,772,738,856,1346.476942364096
medium_015,medium,1079.2207518272235,62,2527,772,738,863,1348.6340442915534
medium_015,medium,1079.2207518272235,62,2527,772,738,877,1480.5746854550869
medium_015,medium,1079.2207518272235,62,2527,772,738,879,1480.6533631223117
medium_015,medium,1079.2207518272235,62,2527,772,738,884,1483.0979301732502
medium_015,medium,1079.2207518272235,62,2527,772,738,2623,1528.6121851557873
medium_015,medium,1079.2207518272235,62,2527,772,738,2634,1523.881101497227
medium_015,medium,1079.2207518272235,62,2527,772,738,2642,1526.7217236310066
medium_015,medium,1079.2207518272235,62,2527,772,738,2833,1600.9429946135954
medium_015,medium,1079.2207518272235,62,2527,772,738,2844,1621.0268806880636
medium_015,medium,1079.2207518272235,62,2527,772,738,2849,1542.354052749332
medium_015,medium,1079.2207518272235,62,2527,772,738,2860,1623.000586670196
medium_015,medium,1079.2207518272235,62,2527,772,738,2862,1570.730831536988
medium_015,medium,1079.2207518272235,62,2527,772,738,2863,1562.8262645356635
medium_015,medium,1079.2207518272235,62,2527,772,738,2869,1544.1598365148045
medium_015,medium,1079.2207518272235,62,2527,772,738,2881,1587.668944947341
medium_015,medium,1079.2207518272235,62,2527,772,738,2887,1546.2625403630534
medium_015,medium,1079.2207518272235,62,2527,772,738,2894,1548.3652442113023
medium_015,medium,1079.2207518272235,62,2527,772,738,2945,1752.4695112106324
medium_015,medium,1079.2207518272235,62,2527,772,738,2978,1742.9518279728002
medium_015,medium,1079.2207518272235,62,2527,772,738,3022,1785.9199159143488
medium_015,medium,1079.2207518272235,62,2527,772,738,3023,1784.309904382445
medium_015,medium,1079.2207518272235,62,2527,772,738,3025,1782.7461052691806
medium_015,medium,1079.2207518272235,62,2527,772,738,3048,1813.5704710926996
medium_015,medium,1079.2207518272235,62,2527,772,738,3062,1789.853907781148
medium_015,medium,1079.2207518272235,62,2527,772,738,3107,1888.6923494938385
medium_015,medium,1079.2207518272235,62,2527,772,738,3123,1911.885444998504
medium_015,medium,1079.2207518272235,62,2527,772,738,3140,1915.7460742814765
medium_015,medium,1079.2207518272235,62,2527,772,738,3146,1941.9562615813063
medium_015,medium,1079.2207518272235,62,2527,772,738,3147,1942.234332257971
medium_015,medium,1079.2207518272235,62,2527,772,738,3149,1966.362557117041
medium_015,medium,1079.2207518272235,62,2527,772,738,3154,1949.3171106811265
medium_015,medium,1079.2207518272235,62,2527,772,738,3158,1953.05173557582
medium_015,medium,1079.2207518272235,62,2527,772,738,3160,1953.658124235508
medium_015,medium,1079.2207518272235,62,2527,772,738,3170,1944.0323984766087
medium_015,medium,1079.2207518272235,62,2527,772,738,3172,1941.3900424165363
medium_015,medium,1079.2207518272235,62,2527,772,738,3201,1974.6081986405648
medium_015,medium,1079.2207518272235,62,2527,772,738,3204,1977.013502796584
medium_015,medium,1079.2207518272235,62,2527,772,738,3245,1989.867839906203
medium_015,medium,1079.2207518272235,62,2527,772,738,3254,1988.2635522515957
medium_015,medium,1079.2207518272235,62,2527,772,738,3258,2016.2604983518968
medium_015,medium,1079.2207518272235,62,2527,772,738,3292,2035.6396233783428
medium_016,medium,974.0693232280944,91,2500,799,761,304,994.0804875980872
medium_016,medium,974.0693232280944,91,2500,799,761,306,1022.5801845034996
medium_016,medium,974.0693232280944,91,2500,799,761,666,1097.9345175854
medium_016,medium,974.0693232280944,91,2500,799,761,669,1102.4642710160556
medium_016,medium,974.0693232280944,91,2500,799,761,677,1117.7497286312037
medium_016,medium,974.0693232280944,91,2500,799,761,683,1130.2141862907374
medium_016,medium,974.0693232280944,91,2500,799,761,684,1115.2930291344553
medium_016,medium,974.0693232280944,91,2500,799,761,690,1246.037377301113
medium_016,medium,974.0693232280944,91,2500,799,761,691,1122.4234495692674
medium_016,medium,974.0693232280944,91,2500,799,761,692,1235.7899249575255
medium_016,medium,974.0693232280944,91,2500,799,761,720,1342.511020758399
medium_016,medium,974.0693232280944,91,2500,799,761,735,1359.0257458701833
medium_016,medium,974.0693232280944,91,2500,799,761,741,1370.9090810820128
medium_016,medium,974.0693232280944,91,2500,799,761,754,1383.8667095828885
medium_016,medium,974.0693232280944,91,2500,799,761,756,1312.2029882230477
medium_016,medium,974.0693232280944,91,2500,799,761,762,1365.6914772089729
medium_016,medium,974.0693232280944,91,2500,799,761,771,1349.6533946567477
medium_016,medium,974.0693232280944,91,2500,799,761,785,1388.899947318383
medium_016,medium,974.0693232280944,91,2500,799,761,796,1377.4278687322314
medium_016,medium,974.0693232280944,91,2500,799,761,818,1348.2102276956111
medium_016,medium,974.0693232280944,91,2500,799,761,823,1340.2461440430711
medium_016,medium,974.0693232280944,91,2500,799,761,828,1329.7737940679524
medium_016,medium,974.0693232280944,91,2500,799,761,829,1327.1112688517585
medium_016,medium,974.0693232280944,91,2500,799,761,831,1363.8386086652597
medium_016,medium,974.0693232280944,91,2500,799,761,833,1320.8059529864922
medium_016,medium,974.0693232280944,91,2500,799,761,838,1327.883692440647
medium_016,medium,974.0693232280944,91,2500,799,761,846,1337.603787912688
medium_016,medium,974.0693232280944,91,2500,799,761,860,1365.4115040289248
medium_016,medium,974.0693232280944,91,2500,799,761,864,1387.2683352251754
medium_016,medium,974.0693232280944,91,2500,799,761,866,1323.2198857495705
medium_016,medium,974.0693232280944,91,2500,799,761,877,1480.5746854550869
medium_016,medium,974.0693232280944,91,2500,799,761,878,1478.2617111718807
medium_016,medium,974.0693232280944,91,2500,799,761,883,1482.657836782772
medium_016,medium,974.0693232280944,91,2500,799,761,884,1483.0979301732502
medium_016,medium,974.0693232280944,91,2500,799,761,2120,1267.4227854075684
medium_016,medium,974.0693232280944,91,2500,799,761,2126,1301.0184539099898
medium_016,medium,974.0693232280944,91,2500,799,761,2421,1496.4500995344329
medium_016,medium,974.0693232280944,91,2500,799,761,2607,1499.874281769405
medium_016,medium,974.0693232280944,91,2500,799,761,2630,1532.411629332998
medium_016,medium,974.0693232280944,91,2500,799,761,2821,1571.980140716375
medium_016,medium,974.0693232280944,91,2500,799,761,2838,1610.8163590018842
medium_016,medium,974.0693232280944,91,2500,799,761,2839,1551.6654594770755
medium_016,medium,974.0693232280944,91,2500,799,761,2844,1621.0268806880636
medium_016,medium,974.0693232280944,91,2500,799,761,2846,1580.6256014775545
medium_016,medium,974.0693232280944,91,2500,799,761,2862,1570.730831536988
medium_016,medium,974.0693232280944,91,2500,799,761,2863,1562.8262645356635
medium_016,medium,974.0693232280944,91,2500,799,761,2867,1541.2160511147224
medium_016,medium,974.0693232280944,91,2500,799,761,2874,1583.8380808214956
medium_016,medium,974.0693232280944,91,2500,799,761,2883,1591.4038330099263
medium_016,medium,974.0693232280944,91,2500,799,761,2909,1672.543070972036
medium_016,medium,974.0693232280944,91,2500,799,761,2913,1677.3755579664628
medium_016,medium,974.0693232280944,91,2500,799,761,2916,1682.457905055444
medium_016,medium,974.0693232280944,91,2500,799,761,2922,1674.99754014011
medium_016,medium,974.0693232280944,91,2500,799,761,2923,1678.6792438922212
medium_016,medium,974.0693232280944,91,2500,799,761,2942,1702.9338611629476
medium_016,medium,974.0693232280944,91,2500,799,761,2946,1702.6840010101369
medium_016,medium,974.0693232280944,91,2500,799,761,2958,1701.7066265789106
medium_016,medium,974.0693232280944,91,2500,799,761,2965,1725.6774502734868
medium_016,medium,974.0693232280944,91,2500,799,761,2967,1727.9248195298906
medium_016,medium,974.0693232280944,91,2500,799,761,2969,1730.3033988398995
medium_016,medium,974.0693232280944,91,2500,799,761,2985,1707.0618320002543
medium_016,medium,974.0693232280944,91,2500,799,761,2992,1711.524503118209
medium_016,medium,974.0693232280944,91,2500,799,761,2996,1811.089963425206
medium_016,medium,974.0693232280944,91,2500,799,761,3032,1789.9150533012207
medium_016,medium,974.0693232280944,91,2500,799,761,3040,1797.169381427283
medium_016,medium,974.0693232280944,91,2500,799,761,3047,1816.5183675513283
medium_016,medium,974.0693232280944,91,2500,799,761,3048,1813.5704710926996
medium_016,medium,974.0693232280944,91,2500,799,761,3066,1767.2058517777298
medium_016,medium,974.0693232280944,91,2500,799,761,3080,1828.1940157968968
medium_016,medium,974.0693232280944,91,2500,799,761,3081,1825.9460545934255
medium_016,medium,974.0693232280944,91,2500,799,761,3095,1907.2899642193647
medium_016,medium,974.0693232280944,91,2500,799,761,3099,1900.5479014564648
medium_016,medium,974.0693232280944,91,2500,799,761,3111,1899.8253654076836
medium_016,medium,974.0693232280944,91,2500,799,761,3130,1891.467117686092
medium_016,medium,974.0693232280944,91,2500,799,761,3144,1941.5787821381264
medium_016,medium,974.0693232280944,91,2500,799,761,3152,1950.4706705784367
medium_016,medium,974.0693232280944,91,2500,799,761,3167,1943.926730526416
medium_016,medium,974.0693232280944,91,2500,799,761,3174,1956.9017840523288
medium_016,medium,974.0693232280944,91,2500,799,761,3196,1947.807192908407
medium_016,medium,974.0693232280944,91,2500,799,761,3200,1974.6081986405648
medium_016,medium,974.0693232280944,91,2500,799,761,3203,1975.8354332246015
medium_016,medium,974.0693232280944,91,2500,799,761,3212,1948.4397926428528
medium_016,medium,974.0693232280944,91,2500,799,761,3218,2000.7372792996312
medium_016,medium,974.0693232280944,91,2500,799,761,3225,1997.8420930695504
medium_016,medium,974.0693232280944,91,2500,799,761,3244,1997.861143205876
medium_016,medium,974.0693232280944,91,2500,799,761,3252,1993.6426342817524
medium_016,medium,974.0693232280944,91,2500,799,761,3264,2013.1341408399792
medium_016,medium,974.0693232280944,91,2500,799,761,3266,2016.3364784781363
medium_016,medium,974.0693232280944,91,2500,799,761,3269,2010.478062769212
medium_016,medium,974.0693232280944,91,2500,799,761,3273,2012.036030887531
medium_016,medium,974.0693232280944,91,2500,799,761,3292,2035.6396233783428
medium_017,medium,904.7789990616412,70,2443,856,818,236,934.6683400169821
medium_017,medium,904.7789990616412,70,2443,856,818,276,950.1424311535302
medium_017,medium,904.7789990616412,70,2443,856,818,282,931.657695987591
medium_017,medium,904.7789990616412,70,2443,856,818,289,941.6505658589195
medium_017,medium,904.7789990616412,70,2443,856,818,293,983.416693757154
medium_017,medium,904.7789990616412,70,2443,856,818,294,978.8869405514936
medium_017,medium,904.7789990616412,70,2443,856,818,312,1054.2949775270292
medium_017,medium,904.7789990616412,70,2443,856,818,315,1047.224476463216
medium_017,medium,904.7789990616412,70,2443,856,818,647,970.347757826291
medium_017,medium,904.7789990616412,70,2443,856,818,661,1091.1398874394167
medium_017,medium,904.7789990616412,70,2443,856,818,666,1097.9345175854
medium_017,medium,904.7789990616412,70,2443,856,818,689,1185.8182802309989
medium_017,medium,904.7789990616412,70,2443,856,818,726,1311.238521422166
medium_017,medium,904.7789990616412,70,2443,856,818,730,1352.468892178462
medium_017,medium,904.7789990616412,70,2443,856,818,735,1359.0257458701833
medium_017,medium,904.7789990616412,70,2443,856,818,770,1344.523654281781
medium_017,medium,904.7789990616412,70,2443,856,818,778,1350.791146219011
medium_017,medium,904.7789990616412,70,2443,856,818,795,1371.4825674107449
medium_017,medium,904.7789990616412,70,2443,856,818,797,1317.715582355126
medium_017,medium,904.7789990616412,70,2443,856,818,808,1313.4914275057963
medium_017,medium,904.7789990616412,70,2443,856,818,813,1309.2928298710722
medium_017,medium,904.7789990616412,70,2443,856,818,835,1321.938391344156
medium_017,medium,904.7789990616412,70,2443,856,818,837,1327.542380413549
medium_017,medium,904.7789990616412,70,2443,856,818,846,1337.603787912688
medium_017,medium,904.7789990616412,70,2443,856,818,855,1310.1421585830713
medium_017,medium,904.7789990616412,70,2443,856,818,865,1348.928171039336
medium_017,medium,904.7789990616412,70,2443,856,818,866,1323.2198857495705
medium_017,medium,904.7789990616412,70,2443,856,818,875,1479.4805137582352
medium_017,medium,904.7789990616412,70,2443,856,818,880,1481.3190353941864
medium_017,medium,904.7789990616412,70,2443,856,818,2120,1267.4227854075684
medium_017,medium,904.7789990616412,70,2443,856,818,2407,1490.8039567684764
medium_017,medium,904.7789990616412,70,2443,856,818,2417,1495.1884771753512
medium_017,medium,904.7789990616412,70,2443,856,818,2613,1521.3218916075411
medium_017,medium,904.7789990616412,70,2443,856,818,2639,1524.7221830490598
medium_017,medium,904.7789990616412,70,2443,856,818,2824,1539.5576479845838
medium_017,medium,904.7789990616412,70,2443,856,818,2831,1542.0571326665552
medium_017,medium,904.7789990616412,70,2443,856,818,2836,1538.4825360869324
medium_017,medium,904.7789990616412,70,2443,856,818,2850,1594.3469803256796
medium_017,medium,904.7789990616412,70,2443,856,818,2855,1557.2491677696253
medium_017,medium,904.7789990616412,70,2443,856,818,2866,1540.3749695628896
medium_017,medium,904.7789990616412,70,2443,856,818,2872,1567.1672779775474
medium_017,medium,904.7789990616412,70,2443,856,818,2894,1548.3652442113023
medium_017,medium,904.7789990616412,70,2443,856,818,2908,1672.1569179398318
medium_017,medium,904.7789990616412,70,2443,856,818,2921,1674.469892223038
medium_017,medium,904.7789990616412,70,2443,856,818,2935,1699.9884982410574
medium_017,medium,904.7789990616412,70,2443,856,818,2954,1723.462148411936
medium_017,medium,904.7789990616412,70,2443,856,818,2981,1747.560572874484
medium_017,medium,904.7789990616412,70,2443,856,818,2988,1708.6455493031988
medium_017,medium,904.7789990616412,70,2443,856,818,3006,1768.9931500362084
medium_017,medium,904.7789990616412,70,2443,856,818,3011,1777.9296412659362
medium_017,medium,904.7789990616412,70,2443,856,818,3028,1805.0269894757948
medium_017,medium,904.7789990616412,70,2443,856,818,3077,1826.7871361452585
medium_017,medium,904.7789990616412,70,2443,856,818,3085,1847.520607182489
medium_017,medium,904.7789990616412,70,2443,856,818,3092,1885.3692764509717
medium_017,medium,904.7789990616412,70,2443,856,818,3098,1911.2851014809053
medium_017,medium,904.7789990616412,70,2443,856,818,3101,1902.2434747830373
medium_017,medium,904.7789990616412,70,2443,856,818,3116,1887.9976562612828
medium_017,medium,904.7789990616412,70,2443,856,818,3126,1889.7674613914896
medium_017,medium,904.7789990616412,70,2443,856,818,3146,1941.9562615813063
medium_017,medium,904.7789990616412,70,2443,856,818,3168,1955.1680420082268
medium_017,medium,904.7789990616412,70,2443,856,818,3174,1956.9017840523288
medium_017,medium,904.7789990616412,70,2443,856,818,3181,1961.207713099104
medium_017,medium,904.7789990616412,70,2443,856,818,3183,1944.7873573629684
medium_017,medium,904.7789990616412,70,2443,856,818,3187,1945.7319553729903
medium_017,medium,904.7789990616412,70,2443,856,818,3196,1947.807192908407
medium_017,medium,904.7789990616412,70,2443,856,818,3201,1974.6081986405648
medium_017,medium,904.7789990616412,70,2443,856,818,3231,1983.2902607360568
medium_017,medium,904.7789990616412,70,2443,856,818,3261,2009.6903321593784
medium_017,medium,904.7789990616412,70,2443,856,818,3290,2038.1701155580124
medium_017,medium,904.7789990616412,70,2443,856,818,3295,2032.316550335476
medium_018,medium,791.5260500325384,78,2415,884,844,233,950.6660796618472
medium_018,medium,791.5260500325384,78,2415,884,844,242,967.993885449732
medium_018,medium,791.5260500325384,78,2415,884,844,252,906.1295767616926
medium_018,medium,791.5260500325384,78,2415,884,844,260,896.0627482500782
medium_018,medium,791.5260500325384,78,2415,884,844,262,898.3359031395036
medium_018,medium,791.5260500325384,78,2415,884,844,273,945.4424218227036
medium_018,medium,791.5260500325384,78,2415,884,844,278,924.2387103583252
medium_018,medium,791.5260500325384,78,2415,884,844,284,919.9171722956652
medium_018,medium,791.5260500325384,78,2415,884,844,285,920.552136944495
medium_018,medium,791.5260500325384,78,2415,884,844,298,989.7394741562034
medium_018,medium,791.5260500325384,78,2415,884,844,559,1132.8255091458798
medium_018,medium,791.5260500325384,78,2415,884,844,560,1134.8867055945834
medium_018,medium,791.5260500325384,78,2415,884,844,658,1084.3452572934334
medium_018,medium,791.5260500325384,78,2415,884,844,663,1093.4047641547445
medium_018,medium,791.5260500325384,78,2415,884,844,676,1116.4314996120422
medium_018,medium,791.5260500325384,78,2415,884,844,686,1113.4355246334296
medium_018,medium,791.5260500325384,78,2415,884,844,688,1180.005969221297
medium_018,medium,791.5260500325384,78,2415,884,844,770,1344.523654281781
medium_018,medium,791.5260500325384,78,2415,884,844,775,1331.2074615202282
medium_018,medium,791.5260500325384,78,2415,884,844,791,1333.7740082833477
medium_018,medium,791.5260500325384,78,2415,884,844,815,1337.0096613173928
medium_018,medium,791.5260500325384,78,2415,884,844,821,1320.5917184488817
medium_018,medium,791.5260500325384,78,2415,884,844,824,1356.4750434302453
medium_018,medium,791.5260500325384,78,2415,884,844,864,1387.2683352251754
medium_018,medium,791.5260500325384,78,2415,884,844,865,1348.928171039336
medium_018,medium,791.5260500325384,78,2415,884,844,876,1479.9802340056008
medium_018,medium,791.5260500325384,78,2415,884,844,1633,804.3060595108929
medium_018,medium,791.5260500325384,78,2415,884,844,1635,832.073073525235
medium_018,medium,791.5260500325384,78,2415,884,844,2405,1489.82658233725
medium_018,medium,791.5260500325384,78,2415,884,844,2416,1495.1884771753512
medium_018,medium,791.5260500325384,78,2415,884,844,2612,1521.3218916075411
medium_018,medium,791.5260500325384,78,2415,884,844,2621,1530.761277987035
medium_018,medium,791.5260500325384,78,2415,884,844,2623,1528.6121851557873
medium_018,medium,791.5260500325384,78,2415,884,844,2633,1525.7176226560664
medium_018,medium,791.5260500325384,78,2415,884,844,2634,1523.881101497227
medium_018,medium,791.5260500325384,78,2415,884,844,2711,811.6579004000346
medium_018,medium,791.5260500325384,78,2415,884,844,2837,1609.4613999846351
medium_018,medium,791.5260500325384,78,2415,884,844,2846,1580.6256014775545
medium_018,medium,791.5260500325384,78,2415,884,844,2863,1562.8262645356635
medium_018,medium,791.5260500325384,78,2415,884,844,2891,1635.0051588528352
medium_018,medium,791.5260500325384,78,2415,884,844,2905,1692.3293868341316
medium_018,medium,791.5260500325384,78,2415,884,844,2910,1673.1728478422826
medium_018,medium,791.5260500325384,78,2415,884,844,2913,1677.3755579664628
medium_018,medium,791.5260500325384,78,2415,884,844,2931,1684.3149164514716
medium_018,medium,791.5260500325384,78,2415,884,844,2935,1699.9884982410574
medium_018,medium,791.5260500325384,78,2415,884,844,2937,1699.9884982410574
medium_018,medium,791.5260500325384,78,2415,884,844,2956,1715.6896072449656
medium_018,medium,791.5260500325384,78,2415,884,844,2975,1739.555295972725
medium_018,medium,791.5260500325384,78,2415,884,844,2999,1805.6166667035488
medium_018,medium,791.5260500325384,78,2415,884,844,3014,1802.5725203077209
medium_018,medium,791.5260500325384,78,2415,884,844,3024,1786.0691783120474
medium_018,medium,791.5260500325384,78,2415,884,844,3036,1793.8881737618574
medium_018,medium,791.5260500325384,78,2415,884,844,3039,1796.136134907073
medium_018,medium,791.5260500325384,78,2415,884,844,3045,1772.147205808582
medium_018,medium,791.5260500325384,78,2415,884,844,3048,1813.5704710926996
medium_018,medium,791.5260500325384,78,2415,884,844,3052,1787.3994386130737
medium_018,medium,791.5260500325384,78,2415,884,844,3062,1789.853907781148
medium_018,medium,791.5260500325384,78,2415,884,844,3066,1767.2058517777298
medium_018,medium,791.5260500325384,78,2415,884,844,3073,1828.4062180683045
medium_018,medium,791.5260500325384,78,2415,884,844,3097,1911.1523592499077
medium_018,medium,791.5260500325384,78,2415,884,844,3124,1896.687272406516
medium_018,medium,791.5260500325384,78,2415,884,844,3128,1890.6798552036955
medium_018,medium,791.5260500325384,78,2415,884,844,3140,1915.7460742814765
medium_018,medium,791.5260500325384,78,2415,884,844,3150,1967.7192334869248
medium_018,medium,791.5260500325384,78,2415,884,844,3160,1953.658124235508
medium_018,medium,791.5260500325384,78,2415,884,844,3169,1956.677959780946
medium_018,medium,791.5260500325384,78,2415,884,844,3173,1956.8211717570284
medium_018,medium,791.5260500325384,78,2415,884,844,3187,1945.7319553729903
medium_018,medium,791.5260500325384,78,2415,884,844,3199,1969.1896343231583
medium_018,medium,791.5260500325384,78,2415,884,844,3229,1986.9612481965307
medium_018,medium,791.5260500325384,78,2415,884,844,3250,1992.8855924138315
medium_018,medium,791.5260500325384,78,2415,884,844,3261,2009.6903321593784
medium_018,medium,791.5260500325384,78,2415,884,844,3263,2021.9479161383413
medium_018,medium,791.5260500325384,78,2415,884,844,3264,2013.1341408399792
medium_018,medium,791.5260500325384,78,2415,884,844,3272,2013.842388976543
medium_018,medium,791.5260500325384,78,2415,884,844,3278,2009.006170069171
medium_018,medium,791.5260500325384,78,2415,884,844,3291,2041.4453072957035
medium_018,medium,791.5260500325384,78,2415,884,844,3298,2033.1961873002767
medium_019,medium,1066.751067244263,74,2526,773,739,671,1102.47025609742
medium_019,medium,1066.751067244263,74,2526,773,739,721,1343.7378288854534
medium_019,medium,1066.751067244263,74,2526,773,739,730,1352.468892178462
medium_019,medium,1066.751067244263,74,2526,773,739,738,1314.011322840509
medium_019,medium,1066.751067244263,74,2526,773,739,742,1374.3908450516374
medium_019,medium,1066.751067244263,74,2526,773,739,772,1324.426566550079
medium_019,medium,1066.751067244263,74,2526,773,739,777,1350.6268284633345
medium_019,medium,1066.751067244263,74,2526,773,739,783,1315.846738433606
medium_019,medium,1066.751067244263,74,2526,773,739,803,1318.5410762711645
medium_019,medium,1066.751067244263,74,2526,773,739,805,1319.5333120915882
medium_019,medium,1066.751067244263,74,2526,773,739,810,1319.6735146288283
medium_019,medium,1066.751067244263,74,2526,773,739,817,1346.366940988696
medium_019,medium,1066.751067244263,74,2526,773,739,829,1327.1112688517585
medium_019,medium,1066.751067244263,74,2526,773,739,832,1311.0045982316026
medium_019,medium,1066.751067244263,74,2526,773,739,845,1337.1392245998377
medium_019,medium,1066.751067244263,74,2526,773,739,850,1341.378582400735
medium_019,medium,1066.751067244263,74,2526,773,739,853,1309.926047267874
medium_019,medium,1066.751067244263,74,2526,773,739,855,1310.1421585830713
medium_019,medium,1066.751067244263,74,2526,773,739,860,1365.4115040289248
medium_019,medium,1066.751067244263,74,2526,773,739,861,1338.7777017404708
medium_019,medium,1066.751067244263,74,2526,773,739,875,1479.4805137582352
medium_019,medium,1066.751067244263,74,2526,773,739,882,1481.8363078141683
medium_019,medium,1066.751067244263,74,2526,773,739,2129,1302.4521213622656
medium_019,medium,1066.751067244263,74,2526,773,739,2420,1497.921992203141
medium_019,medium,1066.751067244263,74,2526,773,739,2608,1499.874281769405
medium_019,medium,1066.751067244263,74,2526,773,739,2624,1527.8373914104952
medium_019,medium,1066.751067244263,74,2526,773,739,2636,1526.5094813075384
medium_019,medium,1066.751067244263,74,2526,773,739,2828,1561.92768363145
medium_019,medium,1066.751067244263,74,2526,773,739,2839,1551.6654594770755
medium_019,medium,1066.751067244263,74,2526,773,739,2840,1558.4280795951454
medium_019,medium,1066.751067244263,74,2526,773,739,2844,1621.0268806880636
medium_019,medium,1066.751067244263,74,2526,773,739,2854,1554.8117941530031
medium_019,medium,1066.751067244263,74,2526,773,739,2863,1562.8262645356635
medium_019,medium,1066.751067244263,74,2526,773,739,2865,1553.4643009430415
medium_019,medium,1066.751067244263,74,2526,773,739,2882,1591.0753418554243
medium_019,medium,1066.751067244263,74,2526,773,739,2891,1635.0051588528352
medium_019,medium,1066.751067244263,74,2526,773,739,2898,1633.9312643935948
medium_019,medium,1066.751067244263,74,2526,773,739,2911,1676.1520553267037
medium_019,medium,1066.751067244263,74,2526,773,739,2944,1751.552723154011
medium_019,medium,1066.751067244263,74,2526,773,739,2954,1723.462148411936
medium_019,medium,1066.751067244263,74,2526,773,739,2956,1715.6896072449656
medium_019,medium,1066.751067244263,74,2526,773,739,2965,1725.6774502734868
medium_019,medium,1066.751067244263,74,2526,773,739,2991,1710.748253151448
medium_019,medium,1066.751067244263,74,2526,773,739,3002,1817.8338468608529
medium_019,medium,1066.751067244263,74,2526,773,739,3005,1767.2058517777298
medium_019,medium,1066.751067244263,74,2526,773,739,3009,1772.3379234569793
medium_019,medium,1066.751067244263,74,2526,773,739,3024,1786.0691783120474
medium_019,medium,1066.751067244263,74,2526,773,739,3030,1821.547869652908
medium_019,medium,1066.751067244263,74,2526,773,739,3032,1789.9150533012207
medium_019,medium,1066.751067244263,74,2526,773,739,3038,1794.8744127888467
medium_019,medium,1066.751067244263,74,2526,773,739,3048,1813.5704710926996
medium_019,medium,1066.751067244263,74,2526,773,739,3053,1769.7470252639644
medium_019,medium,1066.751067244263,74,2526,773,739,3054,1774.0396392218738
medium_019,medium,1066.751067244263,74,2526,773,739,3058,1799.5874908026371
medium_019,medium,1066.751067244263,74,2526,773,739,3059,1800.006484468096
medium_019,medium,1066.751067244263,74,2526,773,739,3060,1800.6320571975043
medium_019,medium,1066.751067244263,74,2526,773,739,3064,1775.9320726351657
medium_019,medium,1066.751067244263,74,2526,773,739,3088,1847.520607182489
medium_019,medium,1066.751067244263,74,2526,773,739,3102,1894.9279984769137
medium_019,medium,1066.751067244263,74,2526,773,739,3108,1895.8302281461424
medium_019,medium,1066.751067244263,74,2526,773,739,3120,1889.4526206196583
medium_019,medium,1066.751067244263,74,2526,773,739,3157,1949.34240506614
medium_019,medium,1066.751067244263,74,2526,773,739,3171,1944.5705041681017
medium_019,medium,1066.751067244263,74,2526,773,739,3180,1960.5906079382369
medium_019,medium,1066.751067244263,74,2526,773,739,3201,1974.6081986405648
medium_019,medium,1066.751067244263,74,2526,773,739,3203,1975.8354332246015
medium_019,medium,1066.751067244263,74,2526,773,739,3222,1999.7671963312464
medium_019,medium,1066.751067244263,74,2526,773,739,3226,1986.3316838512972
medium_019,medium,1066.751067244263,74,2526,773,739,3228,1995.2007173905813
medium_019,medium,1066.751067244263,74,2526,773,739,3234,1983.6394292202956
medium_019,medium,1066.751067244263,74,2526,773,739,3261,2009.6903321593784
medium_019,medium,1066.751067244263,74,2526,773,739,3276,2018.4893461283248
medium_019,medium,1066.751067244263,74,2526,773,739,3296,2032.316550335476
medium_019,medium,1066.751067244263,74,2526,773,739,3297,2032.316550335476
high_000,high,1056.2037946927483,130,2525,774,740,310,1086.5299692944902
high_000,high,1056.2037946927483,130,2525,774,740,558,1106.9940244467111
high_000,high,1056.2037946927483,130,2525,774,740,665,1112.98826346535
high_000,high,1056.2037946927483,130,2525,774,740,674,1128.0124825681582
high_000,high,1056.2037946927483,130,2525,774,740,675,1129.1344334070725
high_000,high,1056.2037946927483,130,2525,774,740,678,1119.067957650365
high_000,high,1056.2037946927483,130,2525,774,740,685,1126.617814539325
high_000,high,1056.2037946927483,130,2525,774,740,692,1235.7899249575255
high_000,high,1056.2037946927483,130,2525,774,740,713,1307.574701533219
high_000,high,1056.2037946927483,130,2525,774,740,714,1307.574701533219
high_000,high,1056.2037946927483,130,2525,774,740,722,1351.948006472277
high_000,high,1056.2037946927483,130,2525,774,740,725,1354.8734720795785
high_000,high,1056.2037946927483,130,2525,774,740,726,1311.238521422166
high_000,high,1056.2037946927483,130,2525,774,740,727,1330.778033304735
high_000,high,1056.2037946927483,130,2525,774,740,731,1354.2664771656296
high_000,high,1056.2037946927483,130,2525,774,740,733,1357.1383487386574
high_000,high,1056.2037946927483,130,2525,774,740,735,1359.0257458701833
high_000,high,1056.2037946927483,130,2525,774,740,746,1404.5988566634628
high_000,high,1056.2037946927483,130,2525,774,740,756,1312.2029882230477
high_000,high,1056.2037946927483,130,2525,774,740,762,1365.6914772089729
high_000,high,1056.2037946927483,130,2525,774,740,765,1380.274525902225
high_000,high,1056.2037946927483,130,2525,774,740,783,1315.846738433606
high_000,high,1056.2037946927483,130,2525,774,740,788,1336.0938701399689
high_000,high,1056.2037946927483,130,2525,774,740,789,1317.0755963196
high_000,high,1056.2037946927483,130,2525,774,740,799,1362.6552069628856
high_000,high,1056.2037946927483,130,2525,774,740,801,1318.304454205594
high_000,high,1056.2037946927483,130,2525,774,740,807,1331.97642329618
high_000,high,1056.2037946927483,130,2525,774,740,813,1309.2928298710722
high_000,high,1056.2037946927483,130,2525,774,740,820,1325.984473481814
high_000,high,1056.2037946927483,130,2525,774,740,824,1356.4750434302453
high_000,high,1056.2037946927483,130,2525,774,740,829,1327.1112688517585
high_000,high,1056.2037946927483,130,2525,774,740,833,1320.8059529864922
high_000,high,1056.2037946927483,130,2525,774,740,836,1393.9531028749157
high_000,high,1056.2037946927483,130,2525,774,740,837,1327.542380413549
high_000,high,1056.2037946927483,130,2525,774,740,849,1344.304048064285
high_000,high,1056.2037946927483,130,2525,774,740,850,1341.378582400735
high_000,high,1056.2037946927483,130,2525,774,740,852,1361.951211477485
high_000,high,1056.2037946927483,130,2525,774,740,854,1330.4316785766446
high_000,high,1056.2037946927483,130,2525,774,740,856,1346.476942364096
high_000,high,1056.2037946927483,130,2525,774,740,861,1338.7777017404708
high_000,high,1056.2037946927483,130,2525,774,740,862,1338.9270853322766
high_000,high,1056.2037946927483,130,2525,774,740,872,1477.5257648375266
high_000,high,1056.2037946927483,130,2525,774,740,873,1478.6414326170152
high_000,high,1056.2037946927483,130,2525,774,740,881,1481.8262124863882
high_000,high,1056.2037946927483,130,2525,774,740,884,1483.0979301732502
high_000,high,1056.2037946927483,130,2525,774,740,2408,1490.8779342613743
high_000,high,1056.2037946927483,130,2525,774,740,2414,1492.3926181768747
high_000,high,1056.2037946927483,130,2525,774,740,2423,1496.4590638893403
high_000,high,1056.2037946927483,130,2525,774,740,2617,1529.295216340196
high_000,high,1056.2037946927483,130,2525,774,740,2618,1525.385718615291
high_000,high,1056.2037946927483,130,2525,774,740,2622,1527.4556980141842
high_000,high,1056.2037946927483,130,2525,774,740,2628,1523.0400199453943
high_000,high,1056.2037946927483,130,2525,774,740,2638,1524.6038190586587
high_000,high,1056.2037946927483,130,2525,774,740,2644,1530.6265608592166
high_000,high,1056.2037946927483,130,2525,774,740,2833,1600.9429946135954
high_000,high,1056.2037946927483,130,2525,774,740,2838,1610.8163590018842
high_000,high,1056.2037946927483,130,2525,774,740,2848,1581.981161001665
high_000,high,1056.2037946927483,130,2525,774,740,2863,1562.8262645356635
high_000,high,1056.2037946927483,130,2525,774,740,2865,1553.4643009430415
high_000,high,1056.2037946927483,130,2525,774,740,2876,1586.5148759603824
high_000,high,1056.2037946927483,130,2525,774,740,2878,1585.8208920442405
high_000,high,1056.2037946927483,130,2525,774,740,2901,1675.7140213867733
high_000,high,1056.2037946927483,130,2525,774,740,2905,1692.3293868341316
high_000,high,1056.2037946927483,130,2525,774,740,2911,1676.1520553267037
high_000,high,1056.2037946927483,130,2525,774,740,2914,1677.9393536478476
high_000,high,1056.2037946927483,130,2525,774,740,2922,1674.99754014011
high_000,high,1056.2037946927483,130,2525,774,740,2924,1679.0370945461525
high_000,high,1056.2037946927483,130,2525,774,740,2929,1694.1870260005132
high_000,high,1056.2037946927483,130,2525,774,740,2933,1671.315836387999
high_000,high,1056.2037946927483,130,2525,774,740,2936,1699.9884982410574
high_000,high,1056.2037946927483,130,2525,774,740,2947,1702.757978503035
high_000,high,1056.2037946927483,130,2525,774,740,2957,1716.3672431638167
high_000,high,1056.2037946927483,130,2525,774,740,2961,1754.1690878183208
high_000,high,1056.2037946927483,130,2525,774,740,2962,1722.1337521682372
high_000,high,1056.2037946927483,130,2525,774,740,2971,1734.3509327915897
high_000,high,1056.2037946927483,130,2525,774,740,2981,1747.560572874484
high_000,high,1056.2037946927483,130,2525,774,740,2989,1709.2931675592315
high_000,high,1056.2037946927483,130,2525,774,740,2993,1711.7735832904484
high_000,high,1056.2037946927483,130,2525,774,740,2998,1804.4237095533451
high_000,high,1056.2037946927483,130,2525,774,740,3001,1814.1198240687977
high_000,high,1056.2037946927483,130,2525,774,740,3023,1784.309904382445
high_000,high,1056.2037946927483,130,2525,774,740,3025,1782.7461052691806
high_000,high,1056.2037946927483,130,2525,774,740,3028,1805.0269894757948
high_000,high,1056.2037946927483,130,2525,774,740,3036,1793.8881737618574
high_000,high,1056.2037946927483,130,2525,774,740,3045,1772.147205808582
high_000,high,1056.2037946927483,130,2525,774,740,3048,1813.5704710926996
high_000,high,1056.2037946927483,130,2525,774,740,3049,1773.453591236468
high_000,high,1056.2037946927483,130,2525,774,740,3051,1774.6338974200955
high_000,high,1056.2037946927483,130,2525,774,740,3054,1774.0396392218738
high_000,high,1056.2037946927483,130,2525,774,740,3055,1787.6020790180144
high_000,high,1056.2037946927483,130,2525,774,740,3059,1800.006484468096
high_000,high,1056.2037946927483,130,2525,774,740,3066,1767.2058517777298
high_000,high,1056.2037946927483,130,2525,774,740,3067,1767.987751334362
high_000,high,1056.2037946927483,130,2525,774,740,3092,1885.3692764509717
high_000,high,1056.2037946927483,130,2525,774,740,3094,1906.9128217410496
high_000,high,1056.2037946927483,130,2525,774,740,3096,1908.1714222064488
high_000,high,1056.2037946927483,130,2525,774,740,3098,1911.2851014809053
high_000,high,1056.2037946927483,130,2525,774,740,3103,1902.8936001846173
high_000,high,1056.2037946927483,130,2525,774,740,3107,1888.6923494938385
high_000,high,1056.2037946927483,130,2525,774,740,3118,1899.1589303544083
high_000,high,1056.2037946927483,130,2525,774,740,3121,1892.7287400451737
high_000,high,1056.2037946927483,130,2525,774,740,3126,1889.7674613914896
high_000,high,1056.2037946927483,130,2525,774,740,3135,1886.210358002804
high_000,high,1056.2037946927483,130,2525,774,740,3136,1886.933075564236
high_000,high,1056.2037946927483,130,2525,774,740,3144,1941.5787821381264
high_000,high,1056.2037946927483,130,2525,774,740,3149,1966.362557117041
high_000,high,1056.2037946927483,130,2525,774,740,3160,1953.658124235508
high_000,high,1056.2037946927483,130,2525,774,740,3162,1955.0965592057537
high_000,high,1056.2037946927483,130,2525,774,740,3170,1944.0323984766087
high_000,high,1056.2037946927483,130,2525,774,740,3176,1958.7058898476323
high_000,high,1056.2037946927483,130,2525,774,740,3177,1958.7070088989035
high_000,high,1056.2037946927483,130,2525,774,740,3181,1961.207713099104
high_000,high,1056.2037946927483,130,2525,774,740,3183,1944.7873573629684
high_000,high,1056.2037946927483,130,2525,774,740,3184,1944.8293429497032
high_000,high,1056.2037946927483,130,2525,774,740,3187,1945.7319553729903
high_000,high,1056.2037946927483,130,2525,774,740,3195,1947.5371802195648
high_000,high,1056.2037946927483,130,2525,774,740,3215,1965.927908285203
high_000,high,1056.2037946927483,130,2525,774,740,3216,1969.9841102022529
high_000,high,1056.2037946927483,130,2525,774,740,3223,1988.250055497344
high_000,high,1056.2037946927483,130,2525,774,740,3230,1987.4274154764817
high_000,high,1056.2037946927483,130,2525,774,740,3231,1983.2902607360568
high_000,high,1056.2037946927483,130,2525,774,740,3233,1986.8958748127247
high_000,high,1056.2037946927483,130,2525,774,740,3251,1997.4118855255128
high_000,high,1056.2037946927483,130,2525,774,740,3255,2004.4522881588236
high_000,high,1056.2037946927483,130,2525,774,740,3260,2009.006170069171
high_000,high,1056.2037946927483,130,2525,774,740,3272,2013.842388976543
high_000,high,1056.2037946927483,130,2525,774,740,3287,2037.1676075508915
high_000,high,1056.2037946927483,130,2525,774,740,3294,2042.188032114164
high_000,high,1056.2037946927483,130,2525,774,740,3295,2032.316550335476
high_000,high,1056.2037946927483,130,2525,774,740,3297,2032.316550335476
high_001,high,1049.3053819695836,122,2524,775,741,314,1098.2414323922385
high_001,high,1049.3053819695836,122,2524,775,741,658,1084.3452572934334
high_001,high,1049.3053819695836,122,2524,775,741,660,1102.6294644926854
high_001,high,1049.3053819695836,122,2524,775,741,668,1100.1993943007278
high_001,high,1049.3053819695836,122,2524,775,741,670,1105.3463921911757
high_001,high,1049.3053819695836,122,2524,775,741,674,1128.0124825681582
high_001,high,1049.3053819695836,122,2524,775,741,678,1119.067957650365
high_001,high,1049.3053819695836,122,2524,775,741,680,1126.0667910170644
high_001,high,1049.3053819695836,122,2524,775,741,690,1246.037377301113
high_001,high,1049.3053819695836,122,2524,775,741,714,1307.574701533219
high_001,high,1049.3053819695836,122,2524,775,741,719,1334.5839523672494
high_001,high,1049.3053819695836,122,2524,775,741,721,1343.7378288854534
high_001,high,1049.3053819695836,122,2524,775,741,731,1354.2664771656296
high_001,high,1049.3053819695836,122,2524,775,741,750,1366.1034853805877
high_001,high,1049.3053819695836,122,2524,775,741,754,1383.8667095828885
high_001,high,1049.3053819695836,122,2524,775,741,759,1309.2928298710722
high_001,high,1049.3053819695836,122,2524,775,741,762,1365.6914772089729
high_001,high,1049.3053819695836,122,2524,775,741,765,1380.274525902225
high_001,high,1049.3053819695836,122,2524,775,741,766,1385.3811167692236
high_001,high,1049.3053819695836,122,2524,775,741,768,1372.0026489818729
high_001,high,1049.3053819695836,122,2524,775,741,771,1349.6533946567477
high_001,high,1049.3053819695836,122,2524,775,741,780,1368.7458413984732
high_001,high,1049.3053819695836,122,2524,775,741,782,1310.9914872950703
high_001,high,1049.3053819695836,122,2524,775,741,787,1343.0804873206446
high_001,high,1049.3053819695836,122,2524,775,741,794,1331.752856585587
high_001,high,1049.3053819695836,122,2524,775,741,802,1339.1137056854072
high_001,high,1049.3053819695836,122,2524,775,741,813,1309.2928298710722
high_001,high,1049.3053819695836,122,2524,775,741,816,1360.878450631251
high_001,high,1049.3053819695836,122,2524,775,741,817,1346.366940988696
high_001,high,1049.3053819695836,122,2524,775,741,818,1348.2102276956111
high_001,high,1049.3053819695836,122,2524,775,741,832,1311.0045982316026
high_001,high,1049.3053819695836,122,2524,775,741,834,1332.7435338166829
high_001,high,1049.3053819695836,122,2524,775,741,835,1321.938391344156
high_001,high,1049.3053819695836,122,2524,775,741,839,1328.4425314598554
high_001,high,1049.3053819695836,122,2524,775,741,846,1337.603787912688
high_001,high,1049.3053819695836,122,2524,775,741,851,1341.7483331008743
high_001,high,1049.3053819695836,122,2524,775,741,854,1330.4316785766446
high_001,high,1049.3053819695836,122,2524,775,741,872,1477.5257648375266
high_001,high,1049.3053819695836,122,2524,775,741,873,1478.6414326170152
high_001,high,1049.3053819695836,122,2524,775,741,2120,1267.4227854075684
high_001,high,1049.3053819695836,122,2524,775,741,2407,1490.8039567684764
high_001,high,1049.3053819695836,122,2524,775,741,2411,1491.8790686661278
high_001,high,1049.3053819695836,122,2524,775,741,2417,1495.1884771753512
high_001,high,1049.3053819695836,122,2524,775,741,2422,1498.2007801001716
high_001,high,1049.3053819695836,122,2524,775,741,2612,1521.3218916075411
high_001,high,1049.3053819695836,122,2524,775,741,2617,1529.295216340196
high_001,high,1049.3053819695836,122,2524,775,741,2619,1531.5559706185345
high_001,high,1049.3053819695836,122,2524,775,741,2623,1528.6121851557873
high_001,high,1049.3053819695836,122,2524,775,741,2827,1574.0879854735133
high_001,high,1049.3053819695836,122,2524,775,741,2834,1600.9585790327797
high_001,high,1049.3053819695836,122,2524,775,741,2835,1538.4825360869324
high_001,high,1049.3053819695836,122,2524,775,741,2836,1538.4825360869324
high_001,high,1049.3053819695836,122,2524,775,741,2842,1572.5856272269668
high_001,high,1049.3053819695836,122,2524,775,741,2846,1580.6256014775545
high_001,high,1049.3053819695836,122,2524,775,741,2859,1618.0926317993046
high_001,high,1049.3053819695836,122,2524,775,741,2860,1623.000586670196
high_001,high,1049.3053819695836,122,2524,775,741,2865,1553.4643009430415
high_001,high,1049.3053819695836,122,2524,775,741,2868,1539.2184824212866
high_001,high,1049.3053819695836,122,2524,775,741,2895,1548.4983419351502
high_001,high,1049.3053819695836,122,2524,775,741,2898,1633.9312643935948
high_001,high,1049.3053819695836,122,2524,775,741,2900,1680.6986311258418
high_001,high,1049.3053819695836,122,2524,775,741,2907,1672.0977359446313
high_001,high,1049.3053819695836,122,2524,775,741,2917,1682.4725144488807
high_001,high,1049.3053819695836,122,2524,775,741,2918,1683.5115189209064
high_001,high,1049.3053819695836,122,2524,775,741,2919,1673.313405081435
high_001,high,1049.3053819695836,122,2524,775,741,2925,1679.7266519689915
high_001,high,1049.3053819695836,122,2524,775,741,2928,1674.247959739934
high_001,high,1049.3053819695836,122,2524,775,741,2940,1701.7066265789106
high_001,high,1049.3053819695836,122,2524,775,741,2946,1702.6840010101369
high_001,high,1049.3053819695836,122,2524,775,741,2947,1702.757978503035
high_001,high,1049.3053819695836,122,2524,775,741,2951,1748.8071931055504
high_001,high,1049.3053819695836,122,2524,775,741,2952,1758.382550654719
high_001,high,1049.3053819695836,122,2524,775,741,2954,1723.462148411936
high_001,high,1049.3053819695836,122,2524,775,741,2962,1722.1337521682372
high_001,high,1049.3053819695836,122,2524,775,741,2963,1756.7328078259293
high_001,high,1049.3053819695836,122,2524,775,741,2968,1730.0504852009844
high_001,high,1049.3053819695836,122,2524,775,741,2969,1730.3033988398995
high_001,high,1049.3053819695836,122,2524,775,741,2978,1742.9518279728002
high_001,high,1049.3053819695836,122,2524,775,741,2985,1707.0618320002543
high_001,high,1049.3053819695836,122,2524,775,741,2990,1709.818834427996
high_001,high,1049.3053819695836,122,2524,775,741,3012,1771.3108243772288
high_001,high,1049.3053819695836,122,2524,775,741,3035,1792.3331626765748
high_001,high,1049.3053819695836,122,2524,775,741,3044,1813.0597975413125
high_001,high,1049.3053819695836,122,2524,775,741,3045,1772.147205808582
high_001,high,1049.3053819695836,122,2524,775,741,3048,1813.5704710926996
high_001,high,1049.3053819695836,122,2524,775,741,3051,1774.6338974200955
high_001,high,1049.3053819695836,122,2524,775,741,3053,1769.7470252639644
high_001,high,1049.3053819695836,122,2524,775,741,3059,1800.006484468096
high_001,high,1049.3053819695836,122,2524,775,741,3062,1789.853907781148
high_001,high,1049.3053819695836,122,2524,775,741,3065,1767.2058517777298
high_001,high,1049.3053819695836,122,2524,775,741,3067,1767.987751334362
high_001,high,1049.3053819695836,122,2524,775,741,3069,1768.20995275267
high_001,high,1049.3053819695836,122,2524,775,741,3070,1768.8673882991632
high_001,high,1049.3053819695836,122,2524,775,741,3076,1826.8385888303164
high_001,high,1049.3053819695836,122,2524,775,741,3083,1831.770544275635
high_001,high,1049.3053819695836,122,2524,775,741,3085,1847.520607182489
high_001,high,1049.3053819695836,122,2524,775,741,3108,1895.8302281461424
high_001,high,1049.3053819695836,122,2524,775,741,3113,1892.1131601196423
high_001,high,1049.3053819695836,122,2524,775,741,3123,1911.885444998504
high_001,high,1049.3053819695836,122,2524,775,741,3126,1889.7674613914896
high_001,high,1049.3053819695836,122,2524,775,741,3129,1890.940310755566
high_001,high,1049.3053819695836,122,2524,775,741,3156,1952.3369462265648
high_001,high,1049.3053819695836,122,2524,775,741,3179,1960.5122337454784
high_001,high,1049.3053819695836,122,2524,775,741,3181,1961.207713099104
high_001,high,1049.3053819695836,122,2524,775,741,3187,1945.7319553729903
high_001,high,1049.3053819695836,122,2524,775,741,3188,1946.297275135688
high_001,high,1049.3053819695836,122,2524,775,741,3198,1948.33994034931
high_001,high,1049.3053819695836,122,2524,775,741,3199,1969.1896343231583
high_001,high,1049.3053819695836,122,2524,775,741,3205,1964.2275486445424
high_001,high,1049.3053819695836,122,2524,775,741,3206,1964.3600441194449
high_001,high,1049.3053819695836,122,2524,775,741,3214,1965.8318362991504
high_001,high,1049.3053819695836,122,2524,775,741,3215,1965.927908285203
high_001,high,1049.3053819695836,122,2524,775,741,3233,1986.8958748127247
high_001,high,1049.3053819695836,122,2524,775,741,3238,1985.0361031009995
high_001,high,1049.3053819695836,122,2524,775,741,3244,1997.861143205876
high_001,high,1049.3053819695836,122,2524,775,741,3246,1990.6326863302008
high_001,high,1049.3053819695836,122,2524,775,741,3247,1991.5664973302007
high_001,high,1049.3053819695836,122,2524,775,741,3254,1988.2635522515957
high_001,high,1049.3053819695836,122,2524,775,741,3266,2016.3364784781363
high_001,high,1049.3053819695836,122,2524,775,741,3267,2009.4267108450877
high_001,high,1049.3053819695836,122,2524,775,741,3271,2022.884015423749
high_001,high,1049.3053819695836,122,2524,775,741,3288,2033.2627670421216
high_002,high,1194.4955761503338,129,2568,731,700,563,1227.315595167354
high_002,high,1194.4955761503338,129,2568,731,700,713,1307.574701533219
high_002,high,1194.4955761503338,129,2568,731,700,730,1352.468892178462
high_002,high,1194.4955761503338,129,2568,731,700,731,1354.2664771656296
high_002,high,1194.4955761503338,129,2568,731,700,738,1314.011322840509
high_002,high,1194.4955761503338,129,2568,731,700,741,1370.9090810820128
high_002,high,1194.4955761503338,129,2568,731,700,742,1374.3908450516374
high_002,high,1194.4955761503338,129,2568,731,700,746,1404.5988566634628
high_002,high,1194.4955761503338,129,2568,731,700,748,1426.2729630709882
high_002,high,1194.4955761503338,129,2568,731,700,749,1428.022275172608
high_002,high,1194.4955761503338,129,2568,731,700,751,1376.0560377601814
high_002,high,1194.4955761503338,129,2568,731,700,760,1329.1002873452835
high_002,high,1194.4955761503338,129,2568,731,700,767,1373.8002339690402
high_002,high,1194.4955761503338,129,2568,731,700,770,1344.523654281781
high_002,high,1194.4955761503338,129,2568,731,700,771,1349.6533946567477
high_002,high,1194.4955761503338,129,2568,731,700,774,1324.4487436355646
high_002,high,1194.4955761503338,129,2568,731,700,780,1368.7458413984732
high_002,high,1194.4955761503338,129,2568,731,700,783,1315.846738433606
high_002,high,1194.4955761503338,129,2568,731,700,791,1333.7740082833477
high_002,high,1194.4955761503338,129,2568,731,700,792,1352.7617543264284
high_002,high,1194.4955761503338,129,2568,731,700,795,1371.4825674107449
high_002,high,1194.4955761503338,129,2568,731,700,796,1377.4278687322314
high_002,high,1194.4955761503338,129,2568,731,700,797,1317.715582355126
high_002,high,1194.4955761503338,129,2568,731,700,798,1359.8989100397057
high_002,high,1194.4955761503338,129,2568,731,700,802,1339.1137056854072
high_002,high,1194.4955761503338,129,2568,731,700,806,1354.4269470349725
high_002,high,1194.4955761503338,129,2568,731,700,819,1325.7800062436615
high_002,high,1194.4955761503338,129,2568,731,700,820,1325.984473481814
high_002,high,1194.4955761503338,129,2568,731,700,821,1320.5917184488817
high_002,high,1194.4955761503338,129,2568,731,700,828,1329.7737940679524
high_002,high,1194.4955761503338,129,2568,731,700,830,1363.2337614369849
high_002,high,1194.4955761503338,129,2568,731,700,841,1321.9910278635764
high_002,high,1194.4955761503338,129,2568,731,700,845,1337.1392245998377
high_002,high,1194.4955761503338,129,2568,731,700,851,1341.7483331008743
high_002,high,1194.4955761503338,129,2568,731,700,852,1361.951211477485
high_002,high,1194.4955761503338,129,2568,731,700,853,1309.926047267874
high_002,high,1194.4955761503338,129,2568,731,700,866,1323.2198857495705
high_002,high,1194.4955761503338,129,2568,731,700,867,1358.6255445476208
high_002,high,1194.4955761503338,129,2568,731,700,887,1484.171911214541
high_002,high,1194.4955761503338,129,2568,731,700,2120,1267.4227854075684
high_002,high,1194.4955761503338,129,2568,731,700,2129,1302.4521213622656
high_002,high,1194.4955761503338,129,2568,731,700,2406,1489.82658233725
high_002,high,1194.4955761503338,129,2568,731,700,2409,1490.9422501167387
high_002,high,1194.4955761503338,129,2568,731,700,2418,1495.1884771753512
high_002,high,1194.4955761503338,129,2568,731,700,2608,1499.874281769405
high_002,high,1194.4955761503338,129,2568,731,700,2622,1527.4556980141842
high_002,high,1194.4955761503338,129,2568,731,700,2623,1528.6121851557873
high_002,high,1194.4955761503338,129,2568,731,700,2630,1532.411629332998
high_002,high,1194.4955761503338,129,2568,731,700,2632,1523.8219195020265
high_002,high,1194.4955761503338,129,2568,731,700,2639,1524.7221830490598
high_002,high,1194.4955761503338,129,2568,731,700,2643,1524.8250884191757
high_002,high,1194.4955761503338,129,2568,731,700,2822,1550.546438330423
high_002,high,1194.4955761503338,129,2568,731,700,2823,1553.9793661000438
high_002,high,1194.4955761503338,129,2568,731,700,2824,1539.5576479845838
high_002,high,1194.4955761503338,129,2568,731,700,2828,1561.92768363145
high_002,high,1194.4955761503338,129,2568,731,700,2839,1551.6654594770755
high_002,high,1194.4955761503338,129,2568,731,700,2840,1558.4280795951454
high_002,high,1194.4955761503338,129,2568,731,700,2842,1572.5856272269668
high_002,high,1194.4955761503338,129,2568,731,700,2847,1576.8621553601515
high_002,high,1194.4955761503338,129,2568,731,700,2853,1561.0305362265815
high_002,high,1194.4955761503338,129,2568,731,700,2861,1629.4353421031635
high_002,high,1194.4955761503338,129,2568,731,700,2862,1570.730831536988
high_002,high,1194.4955761503338,129,2568,731,700,2868,1539.2184824212866
high_002,high,1194.4955761503338,129,2568,731,700,2870,1544.402149144605
high_002,high,1194.4955761503338,129,2568,731,700,2872,1567.1672779775474
high_002,high,1194.4955761503338,129,2568,731,700,2885,1588.2002654878968
high_002,high,1194.4955761503338,129,2568,731,700,2900,1680.6986311258418
high_002,high,1194.4955761503338,129,2568,731,700,2902,1687.4425146780004
high_002,high,1194.4955761503338,129,2568,731,700,2904,1690.1350361180896
high_002,high,1194.4955761503338,129,2568,731,700,2908,1672.1569179398318
high_002,high,1194.4955761503338,129,2568,731,700,2913,1677.3755579664628
high_002,high,1194.4955761503338,129,2568,731,700,2918,1683.5115189209064
high_002,high,1194.4955761503338,129,2568,731,700,2919,1673.313405081435
high_002,high,1194.4955761503338,129,2568,731,700,2926,1680.575879170551
high_002,high,1194.4955761503338,129,2568,731,700,2941,1701.7066265789106
high_002,high,1194.4955761503338,129,2568,731,700,2948,1721.8925834469032
high_002,high,1194.4955761503338,129,2568,731,700,2960,1713.728332152901
high_002,high,1194.4955761503338,129,2568,731,700,2967,1727.9248195298906
high_002,high,1194.4955761503338,129,2568,731,700,2974,1738.651380382195
high_002,high,1194.4955761503338,129,2568,731,700,2979,1744.1812445391377
high_002,high,1194.4955761503338,129,2568,731,700,2980,1747.2522755634054
high_002,high,1194.4955761503338,129,2568,731,700,2986,1707.8640855655433
high_002,high,1194.4955761503338,129,2568,731,700,2987,1716.7681417350043
high_002,high,1194.4955761503338,129,2568,731,700,2990,1709.818834427996
high_002,high,1194.4955761503338,129,2568,731,700,2997,1802.88001834272
high_002,high,1194.4955761503338,129,2568,731,700,3005,1767.2058517777298
high_002,high,1194.4955761503338,129,2568,731,700,3006,1768.9931500362084
high_002,high,1194.4955761503338,129,2568,731,700,3022,1785.9199159143488
high_002,high,1194.4955761503338,129,2568,731,700,3031,1784.9449694449995
high_002,high,1194.4955761503338,129,2568,731,700,3051,1774.6338974200955
high_002,high,1194.4955761503338,129,2568,731,700,3053,1769.7470252639644
high_002,high,1194.4955761503338,129,2568,731,700,3054,1774.0396392218738
high_002,high,1194.4955761503338,129,2568,731,700,3057,1789.4899888213392
high_002,high,1194.4955761503338,129,2568,731,700,3058,1799.5874908026371
high_002,high,1194.4955761503338,129,2568,731,700,3075,1825.9460545934255
high_002,high,1194.4955761503338,129,2568,731,700,3080,1828.1940157968968
high_002,high,1194.4955761503338,129,2568,731,700,3082,1831.0284017406632
high_002,high,1194.4955761503338,129,2568,731,700,3087,1847.520607182489
high_002,high,1194.4955761503338,129,2568,731,700,3094,1906.9128217410496
high_002,high,1194.4955761503338,129,2568,731,700,3102,1894.9279984769137
high_002,high,1194.4955761503338,129,2568,731,700,3112,1886.2618106878624
high_002,high,1194.4955761503338,129,2568,731,700,3119,1889.0490081854075
high_002,high,1194.4955761503338,129,2568,731,700,3121,1892.7287400451737
high_002,high,1194.4955761503338,129,2568,731,700,3122,1915.2802387424465
high_002,high,1194.4955761503338,129,2568,731,700,3129,1890.940310755566
high_002,high,1194.4955761503338,129,2568,731,700,3133,1894.2006327138815
high_002,high,1194.4955761503338,129,2568,731,700,3144,1941.5787821381264
high_002,high,1194.4955761503338,129,2568,731,700,3148,1942.6168505857777
high_002,high,1194.4955761503338,129,2568,731,700,3153,1968.1844393097967
high_002,high,1194.4955761503338,129,2568,731,700,3155,1951.7117626688632
high_002,high,1194.4955761503338,129,2568,731,700,3156,1952.3369462265648
high_002,high,1194.4955761503338,129,2568,731,700,3161,1954.9364536664243
high_002,high,1194.4955761503338,129,2568,731,700,3163,1942.6857860774976
high_002,high,1194.4955761503338,129,2568,731,700,3166,1943.6281451228
high_002,high,1194.4955761503338,129,2568,731,700,3174,1956.9017840523288
high_002,high,1194.4955761503338,129,2568,731,700,3179,1960.5122337454784
high_002,high,1194.4955761503338,129,2568,731,700,3197,1964.122683438628
high_002,high,1194.4955761503338,129,2568,731,700,3204,1977.013502796584
high_002,high,1194.4955761503338,129,2568,731,700,3212,1948.4397926428528
high_002,high,1194.4955761503338,129,2568,731,700,3213,1948.5621517947664
high_002,high,1194.4955761503338,129,2568,731,700,3218,2000.7372792996312
high_002,high,1194.4955761503338,129,2568,731,700,3222,1999.7671963312464
high_002,high,1194.4955761503338,129,2568,731,700,3235,1983.6691585740657
high_002,high,1194.4955761503338,129,2568,731,700,3246,1990.6326863302008
high_002,high,1194.4955761503338,129,2568,731,700,3260,2009.006170069171
high_002,high,1194.4955761503338,129,2568,731,700,3266,2016.3364784781363
high_002,high,1194.4955761503338,129,2568,731,700,3273,2012.036030887531
high_002,high,1194.4955761503338,129,2568,731,700,3282,2030.019720515304
high_002,high,1194.4955761503338,129,2568,731,700,3298,2033.1961873002767
high_003,high,1164.1570494025411,123,2565,734,703,563,1227.315595167354
high_003,high,1164.1570494025411,123,2565,734,703,714,1307.574701533219
high_003,high,1164.1570494025411,123,2565,734,703,719,1334.5839523672494
high_003,high,1164.1570494025411,123,2565,734,703,722,1351.948006472277
high_003,high,1164.1570494025411,123,2565,734,703,724,1353.9297734856912
high_003,high,1164.1570494025411,123,2565,734,703,737,1310.2144732245297
high_003,high,1164.1570494025411,123,2565,734,703,741,1370.9090810820128
high_003,high,1164.1570494025411,123,2565,734,703,742,1374.3908450516374
high_003,high,1164.1570494025411,123,2565,734,703,752,1376.55653089222
high_003,high,1164.1570494025411,123,2565,734,703,763,1368.3557856485136
high_003,high,1164.1570494025411,123,2565,734,703,764,1368.64715706297
high_003,high,1164.1570494025411,123,2565,734,703,766,1385.3811167692236
high_003,high,1164.1570494025411,123,2565,734,703,769,1374.69114271996
high_003,high,1164.1570494025411,123,2565,734,703,775,1331.2074615202282
high_003,high,1164.1570494025411,123,2565,734,703,781,1345.5308561913398
high_003,high,1164.1570494025411,123,2565,734,703,786,1316.2775143082483
high_003,high,1164.1570494025411,123,2565,734,703,791,1333.7740082833477
high_003,high,1164.1570494025411,123,2565,734,703,816,1360.878450631251
high_003,high,1164.1570494025411,123,2565,734,703,819,1325.7800062436615
high_003,high,1164.1570494025411,123,2565,734,703,822,1326.6568843135929
high_003,high,1164.1570494025411,123,2565,734,703,824,1356.4750434302453
high_003,high,1164.1570494025411,123,2565,734,703,833,1320.8059529864922
high_003,high,1164.1570494025411,123,2565,734,703,840,1334.2796061131376
high_003,high,1164.1570494025411,123,2565,734,703,841,1321.9910278635764
high_003,high,1164.1570494025411,123,2565,734,703,847,1340.416178881104
high_003,high,1164.1570494025411,123,2565,734,703,849,1344.304048064285
high_003,high,1164.1570494025411,123,2565,734,703,850,1341.378582400735
high_003,high,1164.1570494025411,123,2565,734,703,855,1310.1421585830713
high_003,high,1164.1570494025411,123,2565,734,703,875,1479.4805137582352
high_003,high,1164.1570494025411,123,2565,734,703,878,1478.2617111718807
high_003,high,1164.1570494025411,123,2565,734,703,879,1480.6533631223117
high_003,high,1164.1570494025411,123,2565,734,703,2120,1267.4227854075684
high_003,high,1164.1570494025411,123,2565,734,703,2405,1489.82658233725
high_003,high,1164.1570494025411,123,2565,734,703,2408,1490.8779342613743
high_003,high,1164.1570494025411,123,2565,734,703,2412,1493.5063140716857
high_003,high,1164.1570494025411,123,2565,734,703,2419,1497.827388069755
high_003,high,1164.1570494025411,123,2565,734,703,2423,1496.4590638893403
high_003,high,1164.1570494025411,123,2565,734,703,2424,1496.6388452354872
high_003,high,1164.1570494025411,123,2565,734,703,2625,1528.2201044425449
high_003,high,1164.1570494025411,123,2565,734,703,2627,1523.0400199453943
high_003,high,1164.1570494025411,123,2565,734,703,2631,1535.5912823981423
high_003,high,1164.1570494025411,123,2565,734,703,2637,1523.932554182285
high_003,high,1164.1570494025411,123,2565,734,703,2644,1530.6265608592166
high_003,high,1164.1570494025411,123,2565,734,703,2825,1539.7097706709694
high_003,high,1164.1570494025411,123,2565,734,703,2833,1600.9429946135954
high_003,high,1164.1570494025411,123,2565,734,703,2840,1558.4280795951454
high_003,high,1164.1570494025411,123,2565,734,703,2843,1619.4172541830949
high_003,high,1164.1570494025411,123,2565,734,703,2856,1566.8878861746682
high_003,high,1164.1570494025411,123,2565,734,703,2861,1629.4353421031635
high_003,high,1164.1570494025411,123,2565,734,703,2870,1544.402149144605
high_003,high,1164.1570494025411,123,2565,734,703,2894,1548.3652442113023
high_003,high,1164.1570494025411,123,2565,734,703,2895,1548.4983419351502
high_003,high,1164.1570494025411,123,2565,734,703,2896,1550.4679480595516
high_003,high,1164.1570494025411,123,2565,734,703,2901,1675.7140213867733
high_003,high,1164.1570494025411,123,2565,734,703,2902,1687.4425146780004
high_003,high,1164.1570494025411,123,2565,734,703,2905,1692.3293868341316
high_003,high,1164.1570494025411,123,2565,734,703,2906,1671.315836387999
high_003,high,1164.1570494025411,123,2565,734,703,2910,1673.1728478422826
high_003,high,1164.1570494025411,123,2565,734,703,2911,1676.1520553267037
high_003,high,1164.1570494025411,123,2565,734,703,2916,1682.457905055444
high_003,high,1164.1570494025411,123,2565,734,703,2928,1674.247959739934
high_003,high,1164.1570494025411,123,2565,734,703,2930,1684.5922832033095
high_003,high,1164.1570494025411,123,2565,734,703,2942,1702.9338611629476
high_003,high,1164.1570494025411,123,2565,734,703,2946,1702.6840010101369
high_003,high,1164.1570494025411,123,2565,734,703,2947,1702.757978503035
high_003,high,1164.1570494025411,123,2565,734,703,2950,1719.1038915246454
high_003,high,1164.1570494025411,123,2565,734,703,2962,1722.1337521682372
high_003,high,1164.1570494025411,123,2565,734,703,2967,1727.9248195298906
high_003,high,1164.1570494025411,123,2565,734,703,2969,1730.3033988398995
high_003,high,1164.1570494025411,123,2565,734,703,2970,1732.833757866039
high_003,high,1164.1570494025411,123,2565,734,703,2971,1734.3509327915897
high_003,high,1164.1570494025411,123,2565,734,703,2977,1704.4401416067003
high_003,high,1164.1570494025411,123,2565,734,703,2980,1747.2522755634054
high_003,high,1164.1570494025411,123,2565,734,703,2982,1704.830496441277
high_003,high,1164.1570494025411,123,2565,734,703,2986,1707.8640855655433
high_003,high,1164.1570494025411,123,2565,734,703,3005,1767.2058517777298
high_003,high,1164.1570494025411,123,2565,734,703,3006,1768.9931500362084
high_003,high,1164.1570494025411,123,2565,734,703,3008,1770.8875553968433
high_003,high,1164.1570494025411,123,2565,734,703,3014,1802.5725203077209
high_003,high,1164.1570494025411,123,2565,734,703,3022,1785.9199159143488
high_003,high,1164.1570494025411,123,2565,734,703,3029,1770.3599074874378
high_003,high,1164.1570494025411,123,2565,734,703,3036,1793.8881737618574
high_003,high,1164.1570494025411,123,2565,734,703,3053,1769.7470252639644
high_003,high,1164.1570494025411,123,2565,734,703,3061,1802.0056001779917
high_003,high,1164.1570494025411,123,2565,734,703,3062,1789.853907781148
high_003,high,1164.1570494025411,123,2565,734,703,3064,1775.9320726351657
high_003,high,1164.1570494025411,123,2565,734,703,3065,1767.2058517777298
high_003,high,1164.1570494025411,123,2565,734,703,3067,1767.987751334362
high_003,high,1164.1570494025411,123,2565,734,703,3069,1768.20995275267
high_003,high,1164.1570494025411,123,2565,734,703,3074,1825.9460545934255
high_003,high,1164.1570494025411,123,2565,734,703,3085,1847.520607182489
high_003,high,1164.1570494025411,123,2565,734,703,3088,1847.520607182489
high_003,high,1164.1570494025411,123,2565,734,703,3092,1885.3692764509717
high_003,high,1164.1570494025411,123,2565,734,703,3102,1894.9279984769137
high_003,high,1164.1570494025411,123,2565,734,703,3116,1887.9976562612828
high_003,high,1164.1570494025411,123,2565,734,703,3120,1889.4526206196583
high_003,high,1164.1570494025411,123,2565,734,703,3122,1915.2802387424465
high_003,high,1164.1570494025411,123,2565,734,703,3125,1885.3692764509717
high_003,high,1164.1570494025411,123,2565,734,703,3137,1887.051439554637
high_003,high,1164.1570494025411,123,2565,734,703,3148,1942.6168505857777
high_003,high,1164.1570494025411,123,2565,734,703,3150,1967.7192334869248
high_003,high,1164.1570494025411,123,2565,734,703,3151,1950.3424532766949
high_003,high,1164.1570494025411,123,2565,734,703,3161,1954.9364536664243
high_003,high,1164.1570494025411,123,2565,734,703,3166,1943.6281451228
high_003,high,1164.1570494025411,123,2565,734,703,3169,1956.677959780946
high_003,high,1164.1570494025411,123,2565,734,703,3175,1958.1878775536652
high_003,high,1164.1570494025411,123,2565,734,703,3177,1958.7070088989035
high_003,high,1164.1570494025411,123,2565,734,703,3184,1944.8293429497032
high_003,high,1164.1570494025411,123,2565,734,703,3185,1945.512863213404
high_003,high,1164.1570494025411,123,2565,734,703,3198,1948.33994034931
high_003,high,1164.1570494025411,123,2565,734,703,3200,1974.6081986405648
high_003,high,1164.1570494025411,123,2565,734,703,3212,1948.4397926428528
high_003,high,1164.1570494025411,123,2565,734,703,3223,1988.250055497344
high_003,high,1164.1570494025411,123,2565,734,703,3224,1988.840601984337
high_003,high,1164.1570494025411,123,2565,734,703,3227,1995.1384984974616
high_003,high,1164.1570494025411,123,2565,734,703,3247,1991.5664973302007
high_003,high,1164.1570494025411,123,2565,734,703,3250,1992.8855924138315
high_003,high,1164.1570494025411,123,2565,734,703,3262,2009.006170069171
high_003,high,1164.1570494025411,123,2565,734,703,3266,2016.3364784781363
high_003,high,1164.1570494025411,123,2565,734,703,3269,2010.478062769212
high_003,high,1164.1570494025411,123,2565,734,703,3275,2013.990779749984
high_003,high,1164.1570494025411,123,2565,734,703,3280,2019.366339121728
high_003,high,1164.1570494025411,123,2565,734,703,3286,2042.02227396615
high_004,high,1072.6969693889025,148,2527,772,738,560,1134.8867055945834
high_004,high,1072.6969693889025,148,2527,772,738,658,1107.6852293845711
high_004,high,1072.6969693889025,148,2527,772,738,667,1099.5941200036643
high_004,high,1072.6969693889025,148,2527,772,738,669,1104.932039862219
high_004,high,1072.6969693889025,148,2527,772,738,681,1131.7109720029666
high_004,high,1072.6969693889025,148,2527,772,738,685,1131.5041067461766
high_004,high,1072.6969693889025,148,2527,772,738,688,1180.005969221297
high_004,high,1072.6969693889025,148,2527,772,738,692,1235.7899249575255
high_004,high,1072.6969693889025,148,2527,772,738,726,1311.238521422166
high_004,high,1072.6969693889025,148,2527,772,738,735,1359.0257458701833
high_004,high,1072.6969693889025,148,2527,772,738,743,1386.3930053741617
high_004,high,1072.6969693889025,148,2527,772,738,747,1424.8516470617349
high_004,high,1072.6969693889025,148,2527,772,738,748,1426.2729630709882
high_004,high,1072.6969693889025,148,2527,772,738,752,1376.55653089222
high_004,high,1072.6969693889025,148,2527,772,738,765,1380.274525902225
high_004,high,1072.6969693889025,148,2527,772,738,767,1373.8002339690402
high_004,high,1072.6969693889025,148,2527,772,738,769,1374.69114271996
high_004,high,1072.6969693889025,148,2527,772,738,775,1331.2074615202282
high_004,high,1072.6969693889025,148,2527,772,738,778,1350.791146219011
high_004,high,1072.6969693889025,148,2527,772,738,787,1343.0804873206446
high_004,high,1072.6969693889025,148,2527,772,738,788,1336.0938701399689
high_004,high,1072.6969693889025,148,2527,772,738,794,1331.752856585587
high_004,high,1072.6969693889025,148,2527,772,738,800,1363.973435982047
high_004,high,1072.6969693889025,148,2527,772,738,802,1339.1137056854072
high_004,high,1072.6969693889025,148,2527,772,738,807,1331.97642329618
high_004,high,1072.6969693889025,148,2527,772,738,808,1313.4914275057963
high_004,high,1072.6969693889025,148,2527,772,738,809,1395.546881892366
high_004,high,1072.6969693889025,148,2527,772,738,814,1325.4300761865384
high_004,high,1072.6969693889025,148,2527,772,738,832,1311.0045982316026
high_004,high,1072.6969693889025,148,2527,772,738,834,1332.7435338166829
high_004,high,1072.6969693889025,148,2527,772,738,837,1327.542380413549
high_004,high,1072.6969693889025,148,2527,772,738,842,1381.4857728659435
high_004,high,1072.6969693889025,148,2527,772,738,843,1322.0297864957597
high_004,high,1072.6969693889025,148,2527,772,738,845,1337.1392245998377
high_004,high,1072.6969693889025,148,2527,772,738,847,1340.416178881104
high_004,high,1072.6969693889025,148,2527,772,738,848,1340.8445093471605
high_004,high,1072.6969693889025,148,2527,772,738,851,1341.7483331008743
high_004,high,1072.6969693889025,148,2527,772,738,873,1478.6414326170152
high_004,high,1072.6969693889025,148,2527,772,738,875,1479.4805137582352
high_004,high,1072.6969693889025,148,2527,772,738,885,1482.9990618504646
high_004,high,1072.6969693889025,148,2527,772,738,2129,1302.4521213622656
high_004,high,1072.6969693889025,148,2527,772,738,2130,1303.660809927875
high_004,high,1072.6969693889025,148,2527,772,738,2406,1489.82658233725
high_004,high,1072.6969693889025,148,2527,772,738,2409,1490.9422501167387
high_004,high,1072.6969693889025,148,2527,772,738,2414,1492.3926181768747
high_004,high,1072.6969693889025,148,2527,772,738,2421,1496.4500995344329
high_004,high,1072.6969693889025,148,2527,772,738,2608,1499.874281769405
high_004,high,1072.6969693889025,148,2527,772,738,2611,1521.3218916075411
high_004,high,1072.6969693889025,148,2527,772,738,2612,1521.3218916075411
high_004,high,1072.6969693889025,148,2527,772,738,2619,1531.5559706185345
high_004,high,1072.6969693889025,148,2527,772,738,2623,1528.6121851557873
high_004,high,1072.6969693889025,148,2527,772,738,2626,1525.5632646008926
high_004,high,1072.6969693889025,148,2527,772,738,2644,1530.6265608592166
high_004,high,1072.6969693889025,148,2527,772,738,2829,1556.6236481784065
high_004,high,1072.6969693889025,148,2527,772,738,2831,1542.0571326665552
high_004,high,1072.6969693889025,148,2527,772,738,2838,1610.8163590018842
high_004,high,1072.6969693889025,148,2527,772,738,2847,1576.8621553601515
high_004,high,1072.6969693889025,148,2527,772,738,2848,1581.981161001665
high_004,high,1072.6969693889025,148,2527,772,738,2849,1542.354052749332
high_004,high,1072.6969693889025,148,2527,772,738,2859,1618.0926317993046
high_004,high,1072.6969693889025,148,2527,772,738,2862,1570.730831536988
high_004,high,1072.6969693889025,148,2527,772,738,2864,1642.2591571386442
high_004,high,1072.6969693889025,148,2527,772,738,2879,1588.6291419030945
high_004,high,1072.6969693889025,148,2527,772,738,2880,1587.308000461299
high_004,high,1072.6969693889025,148,2527,772,738,2882,1591.0753418554243
high_004,high,1072.6969693889025,148,2527,772,738,2883,1591.4038330099263
high_004,high,1072.6969693889025,148,2527,772,738,2884,1587.9877814092715
high_004,high,1072.6969693889025,148,2527,772,738,2886,1577.790506686672
high_004,high,1072.6969693889025,148,2527,772,738,2907,1672.0977359446313
high_004,high,1072.6969693889025,148,2527,772,738,2919,1673.313405081435
high_004,high,1072.6969693889025,148,2527,772,738,2921,1674.469892223038
high_004,high,1072.6969693889025,148,2527,772,738,2928,1674.247959739934
high_004,high,1072.6969693889025,148,2527,772,738,2930,1684.5922832033095
high_004,high,1072.6969693889025,148,2527,772,738,2933,1671.315836387999
high_004,high,1072.6969693889025,148,2527,772,738,2935,1699.9884982410574
high_004,high,1072.6969693889025,148,2527,772,738,2944,1751.552723154011
high_004,high,1072.6969693889025,148,2527,772,738,2945,1752.4695112106324
high_004,high,1072.6969693889025,148,2527,772,738,2946,1702.6840010101369
high_004,high,1072.6969693889025,148,2527,772,738,2947,1702.757978503035
high_004,high,1072.6969693889025,148,2527,772,738,2949,1718.633392582382
high_004,high,1072.6969693889025,148,2527,772,738,2955,1720.00357840192
high_004,high,1072.6969693889025,148,2527,772,738,2959,1712.850956999697
high_004,high,1072.6969693889025,148,2527,772,738,2961,1754.1690878183208
high_004,high,1072.6969693889025,148,2527,772,738,2964,1713.755838677186
high_004,high,1072.6969693889025,148,2527,772,738,2970,1732.833757866039
high_004,high,1072.6969693889025,148,2527,772,738,2971,1734.3509327915897
high_004,high,1072.6969693889025,148,2527,772,738,2973,1737.7426962021873
high_004,high,1072.6969693889025,148,2527,772,738,2988,1708.6455493031988
high_004,high,1072.6969693889025,148,2527,772,738,2991,1710.748253151448
high_004,high,1072.6969693889025,148,2527,772,738,2993,1711.7735832904484
high_004,high,1072.6969693889025,148,2527,772,738,2996,1811.089963425206
high_004,high,1072.6969693889025,148,2527,772,738,2997,1802.88001834272
high_004,high,1072.6969693889025,148,2527,772,738,2998,1804.4237095533451
high_004,high,1072.6969693889025,148,2527,772,738,3004,1819.142636240427
high_004,high,1072.6969693889025,148,2527,772,738,3008,1770.8875553968433
high_004,high,1072.6969693889025,148,2527,772,738,3009,1772.3379234569793
high_004,high,1072.6969693889025,148,2527,772,738,3021,1784.027482501057
high_004,high,1072.6969693889025,148,2527,772,738,3034,1792.308376949222
high_004,high,1072.6969693889025,148,2527,772,738,3036,1793.8881737618574
high_004,high,1072.6969693889025,148,2527,772,738,3057,1789.4899888213392
high_004,high,1072.6969693889025,148,2527,772,738,3073,1828.4062180683045
high_004,high,1072.6969693889025,148,2527,772,738,3076,1826.8385888303164
high_004,high,1072.6969693889025,148,2527,772,738,3078,1829.9624585596853
high_004,high,1072.6969693889025,148,2527,772,738,3088,1847.520607182489
high_004,high,1072.6969693889025,148,2527,772,738,3094,1906.9128217410496
high_004,high,1072.6969693889025,148,2527,772,738,3098,1911.2851014809053
high_004,high,1072.6969693889025,148,2527,772,738,3106,1895.0309596500997
high_004,high,1072.6969693889025,148,2527,772,738,3108,1895.8302281461424
high_004,high,1072.6969693889025,148,2527,772,738,3112,1886.2618106878624
high_004,high,1072.6969693889025,148,2527,772,738,3114,1905.23929891277
high_004,high,1072.6969693889025,148,2527,772,738,3117,1898.4465463361184
high_004,high,1072.6969693889025,148,2527,772,738,3119,1889.0490081854075
high_004,high,1072.6969693889025,148,2527,772,738,3120,1889.4526206196583
high_004,high,1072.6969693889025,148,2527,772,738,3123,1911.885444998504
high_004,high,1072.6969693889025,148,2527,772,738,3124,1896.687272406516
high_004,high,1072.6969693889025,148,2527,772,738,3133,1894.2006327138815
high_004,high,1072.6969693889025,148,2527,772,738,3136,1886.933075564236
high_004,high,1072.6969693889025,148,2527,772,738,3139,1887.812712529037
high_004,high,1072.6969693889025,148,2527,772,738,3140,1915.7460742814765
high_004,high,1072.6969693889025,148,2527,772,738,3149,1966.362557117041
high_004,high,1072.6969693889025,148,2527,772,738,3157,1949.34240506614
high_004,high,1072.6969693889025,148,2527,772,738,3165,1943.277439590249
high_004,high,1072.6969693889025,148,2527,772,738,3175,1958.1878775536652
high_004,high,1072.6969693889025,148,2527,772,738,3178,1959.6977953263847
high_004,high,1072.6969693889025,148,2527,772,738,3180,1960.5906079382369
high_004,high,1072.6969693889025,148,2527,772,738,3182,1962.3174585920533
high_004,high,1072.6969693889025,148,2527,772,738,3190,1946.634567796278
high_004,high,1072.6969693889025,148,2527,772,738,3192,1947.397581304008
high_004,high,1072.6969693889025,148,2527,772,738,3193,1962.4753260288408
high_004,high,1072.6969693889025,148,2527,772,738,3195,1947.5371802195648
high_004,high,1072.6969693889025,148,2527,772,738,3205,1964.2275486445424
high_004,high,1072.6969693889025,148,2527,772,738,3212,1948.4397926428528
high_004,high,1072.6969693889025,148,2527,772,738,3213,1948.5621517947664
high_004,high,1072.6969693889025,148,2527,772,738,3214,1965.8318362991504
high_004,high,1072.6969693889025,148,2527,772,738,3223,1988.250055497344
high_004,high,1072.6969693889025,148,2527,772,738,3230,1987.4274154764817
high_004,high,1072.6969693889025,148,2527,772,738,3239,1985.2871547092404
high_004,high,1072.6969693889025,148,2527,772,738,3240,1985.6735170443087
high_004,high,1072.6969693889025,148,2527,772,738,3245,1989.867839906203
high_004,high,1072.6969693889025,148,2527,772,738,3252,1993.6426342817524
high_004,high,1072.6969693889025,148,2527,772,738,3254,1988.2635522515957
high_004,high,1072.6969693889025,148,2527,772,738,3262,2009.006170069171
high_004,high,1072.6969693889025,148,2527,772,738,3264,2013.1341408399792
high_004,high,1072.6969693889025,148,2527,772,738,3265,2011.7396851282936
high_004,high,1072.6969693889025,148,2527,772,738,3286,2042.02227396615
high_004,high,1072.6969693889025,148,2527,772,738,3288,2033.2627670421216
high_004,high,1072.6969693889025,148,2527,772,738,3289,2033.8784852001604
high_004,high,1072.6969693889025,148,2527,772,738,3296,2032.316550335476
high_005,high,1110.7571111592342,149,2545,754,722,677,1141.9707496067183
high_005,high,1110.7571111592342,149,2545,754,722,678,1149.1052021109385
high_005,high,1110.7571111592342,149,2545,754,722,681,1134.9799774712374
high_005,high,1110.7571111592342,149,2545,754,722,682,1167.4409008855362
high_005,high,1110.7571111592342,149,2545,754,722,683,1135.6706113218497
high_005,high,1110.7571111592342,149,2545,754,722,688,1180.005969221297
high_005,high,1110.7571111592342,149,2545,754,722,693,1162.041593705004
high_005,high,1110.7571111592342,149,2545,754,722,738,1314.011322840509
high_005,high,1110.7571111592342,149,2545,754,722,740,1335.500747459204
high_005,high,1110.7571111592342,149,2545,754,722,744,1391.4889778711515
high_005,high,1110.7571111592342,149,2545,754,722,755,1344.3198404366383
high_005,high,1110.7571111592342,149,2545,754,722,759,1309.2928298710722
high_005,high,1110.7571111592342,149,2545,754,722,770,1344.523654281781
high_005,high,1110.7571111592342,149,2545,754,722,771,1349.6533946567477
high_005,high,1110.7571111592342,149,2545,754,722,772,1324.426566550079
high_005,high,1110.7571111592342,149,2545,754,722,773,1315.1437611981728
high_005,high,1110.7571111592342,149,2545,754,722,778,1350.791146219011
high_005,high,1110.7571111592342,149,2545,754,722,779,1351.207574491588
high_005,high,1110.7571111592342,149,2545,754,722,781,1345.5308561913398
high_005,high,1110.7571111592342,149,2545,754,722,785,1388.899947318383
high_005,high,1110.7571111592342,149,2545,754,722,788,1336.0938701399689
high_005,high,1110.7571111592342,149,2545,754,722,791,1333.7740082833477
high_005,high,1110.7571111592342,149,2545,754,722,792,1352.7617543264284
high_005,high,1110.7571111592342,149,2545,754,722,800,1363.973435982047
high_005,high,1110.7571111592342,149,2545,754,722,801,1318.304454205594
high_005,high,1110.7571111592342,149,2545,754,722,804,1319.153650402004
high_005,high,1110.7571111592342,149,2545,754,722,810,1319.6735146288283
high_005,high,1110.7571111592342,149,2545,754,722,811,1411.5897579884515
high_005,high,1110.7571111592342,149,2545,754,722,813,1309.2928298710722
high_005,high,1110.7571111592342,149,2545,754,722,814,1325.4300761865384
high_005,high,1110.7571111592342,149,2545,754,722,817,1346.366940988696
high_005,high,1110.7571111592342,149,2545,754,722,818,1348.2102276956111
high_005,high,1110.7571111592342,149,2545,754,722,823,1340.2461440430711
high_005,high,1110.7571111592342,149,2545,754,722,836,1393.9531028749157
high_005,high,1110.7571111592342,149,2545,754,722,840,1334.2796061131376
high_005,high,1110.7571111592342,149,2545,754,722,846,1337.603787912688
high_005,high,1110.7571111592342,149,2545,754,722,856,1346.476942364096
high_005,high,1110.7571111592342,149,2545,754,722,861,1338.7777017404708
high_005,high,1110.7571111592342,149,2545,754,722,865,1348.928171039336
high_005,high,1110.7571111592342,149,2545,754,722,878,1478.2617111718807
high_005,high,1110.7571111592342,149,2545,754,722,880,1481.3190353941864
high_005,high,1110.7571111592342,149,2545,754,722,883,1482.657836782772
high_005,high,1110.7571111592342,149,2545,754,722,887,1484.171911214541
high_005,high,1110.7571111592342,149,2545,754,722,2128,1302.3396319189326
high_005,high,1110.7571111592342,149,2545,754,722,2411,1491.8790686661278
high_005,high,1110.7571111592342,149,2545,754,722,2421,1496.4500995344329
high_005,high,1110.7571111592342,149,2545,754,722,2424,1496.6388452354872
high_005,high,1110.7571111592342,149,2545,754,722,2608,1499.874281769405
high_005,high,1110.7571111592342,149,2545,754,722,2612,1521.3218916075411
high_005,high,1110.7571111592342,149,2545,754,722,2618,1525.385718615291
high_005,high,1110.7571111592342,149,2545,754,722,2621,1530.761277987035
high_005,high,1110.7571111592342,149,2545,754,722,2625,1528.2201044425449
high_005,high,1110.7571111592342,149,2545,754,722,2627,1523.0400199453943
high_005,high,1110.7571111592342,149,2545,754,722,2831,1542.0571326665552
high_005,high,1110.7571111592342,149,2545,754,722,2844,1621.0268806880636
high_005,high,1110.7571111592342,149,2545,754,722,2845,1634.2405846350066
high_005,high,1110.7571111592342,149,2545,754,722,2848,1581.981161001665
high_005,high,1110.7571111592342,149,2545,754,722,2862,1570.730831536988
high_005,high,1110.7571111592342,149,2545,754,722,2868,1539.2184824212866
high_005,high,1110.7571111592342,149,2545,754,722,2872,1567.1672779775474
high_005,high,1110.7571111592342,149,2545,754,722,2882,1591.0753418554243
high_005,high,1110.7571111592342,149,2545,754,722,2884,1587.9877814092715
high_005,high,1110.7571111592342,149,2545,754,722,2886,1577.790506686672
high_005,high,1110.7571111592342,149,2545,754,722,2887,1546.2625403630534
high_005,high,1110.7571111592342,149,2545,754,722,2889,1592.1498641165845
high_005,high,1110.7571111592342,149,2545,754,722,2891,1635.0051588528352
high_005,high,1110.7571111592342,149,2545,754,722,2897,1596.3512176993647
high_005,high,1110.7571111592342,149,2545,754,722,2901,1675.7140213867733
high_005,high,1110.7571111592342,149,2545,754,722,2902,1687.4425146780004
high_005,high,1110.7571111592342,149,2545,754,722,2904,1690.1350361180896
high_005,high,1110.7571111592342,149,2545,754,722,2926,1680.575879170551
high_005,high,1110.7571111592342,149,2545,754,722,2930,1684.5922832033095
high_005,high,1110.7571111592342,149,2545,754,722,2936,1699.9884982410574
high_005,high,1110.7571111592342,149,2545,754,722,2940,1701.7066265789106
high_005,high,1110.7571111592342,149,2545,754,722,2948,1721.8925834469032
high_005,high,1110.7571111592342,149,2545,754,722,2951,1748.8071931055504
high_005,high,1110.7571111592342,149,2545,754,722,2957,1716.3672431638167
high_005,high,1110.7571111592342,149,2545,754,722,2958,1701.7066265789106
high_005,high,1110.7571111592342,149,2545,754,722,2961,1754.1690878183208
high_005,high,1110.7571111592342,149,2545,754,722,2964,1713.755838677186
high_005,high,1110.7571111592342,149,2545,754,722,2969,1730.3033988398995
high_005,high,1110.7571111592342,149,2545,754,722,2973,1737.7426962021873
high_005,high,1110.7571111592342,149,2545,754,722,2977,1704.4401416067003
high_005,high,1110.7571111592342,149,2545,754,722,2984,1706.5428454549497
high_005,high,1110.7571111592342,149,2545,754,722,2990,1709.818834427996
high_005,high,1110.7571111592342,149,2545,754,722,2999,1805.6166667035488
high_005,high,1110.7571111592342,149,2545,754,722,3002,1817.8338468608529
high_005,high,1110.7571111592342,149,2545,754,722,3003,1818.6381363057571
high_005,high,1110.7571111592342,149,2545,754,722,3005,1767.2058517777298
high_005,high,1110.7571111592342,149,2545,754,722,3007,1769.2140537276102
high_005,high,1110.7571111592342,149,2545,754,722,3011,1777.9296412659362
high_005,high,1110.7571111592342,149,2545,754,722,3013,1773.0700983068311
high_005,high,1110.7571111592342,149,2545,754,722,3016,1780.0360311088511
high_005,high,1110.7571111592342,149,2545,754,722,3017,1780.2426155491426
high_005,high,1110.7571111592342,149,2545,754,722,3024,1786.0691783120474
high_005,high,1110.7571111592342,149,2545,754,722,3033,1791.6402126166415
high_005,high,1110.7571111592342,149,2545,754,722,3036,1793.8881737618574
high_005,high,1110.7571111592342,149,2545,754,722,3042,1797.4404486284714
high_005,high,1110.7571111592342,149,2545,754,722,3043,1798.384096052289
high_005,high,1110.7571111592342,149,2545,754,722,3046,1816.93479730003
high_005,high,1110.7571111592342,149,2545,754,722,3047,1816.5183675513283
high_005,high,1110.7571111592342,149,2545,754,722,3052,1787.3994386130737
high_005,high,1110.7571111592342,149,2545,754,722,3054,1774.0396392218738
high_005,high,1110.7571111592342,149,2545,754,722,3061,1802.0056001779917
high_005,high,1110.7571111592342,149,2545,754,722,3064,1775.9320726351657
high_005,high,1110.7571111592342,149,2545,754,722,3068,1768.0469333295623
high_005,high,1110.7571111592342,149,2545,754,722,3073,1828.4062180683045
high_005,high,1110.7571111592342,149,2545,754,722,3074,1825.9460545934255
high_005,high,1110.7571111592342,149,2545,754,722,3081,1825.9460545934255
high_005,high,1110.7571111592342,149,2545,754,722,3083,1831.770544275635
high_005,high,1110.7571111592342,149,2545,754,722,3085,1847.520607182489
high_005,high,1110.7571111592342,149,2545,754,722,3087,1847.520607182489
high_005,high,1110.7571111592342,149,2545,754,722,3100,1901.5576161867075
high_005,high,1110.7571111592342,149,2545,754,722,3106,1895.0309596500997
high_005,high,1110.7571111592342,149,2545,754,722,3116,1887.9976562612828
high_005,high,1110.7571111592342,149,2545,754,722,3121,1892.7287400451737
high_005,high,1110.7571111592342,149,2545,754,722,3123,1911.885444998504
high_005,high,1110.7571111592342,149,2545,754,722,3125,1885.3692764509717
high_005,high,1110.7571111592342,149,2545,754,722,3136,1886.933075564236
high_005,high,1110.7571111592342,149,2545,754,722,3139,1887.812712529037
high_005,high,1110.7571111592342,149,2545,754,722,3151,1950.3424532766949
high_005,high,1110.7571111592342,149,2545,754,722,3155,1951.7117626688632
high_005,high,1110.7571111592342,149,2545,754,722,3157,1949.34240506614
high_005,high,1110.7571111592342,149,2545,754,722,3158,1953.05173557582
high_005,high,1110.7571111592342,149,2545,754,722,3163,1942.6857860774976
high_005,high,1110.7571111592342,149,2545,754,722,3177,1958.7070088989035
high_005,high,1110.7571111592342,149,2545,754,722,3182,1962.3174585920533
high_005,high,1110.7571111592342,149,2545,754,722,3184,1944.8293429497032
high_005,high,1110.7571111592342,149,2545,754,722,3189,1946.4552222587056
high_005,high,1110.7571111592342,149,2545,754,722,3194,1962.7176308718235
high_005,high,1110.7571111592342,149,2545,754,722,3198,1948.33994034931
high_005,high,1110.7571111592342,149,2545,754,722,3206,1964.3600441194449
high_005,high,1110.7571111592342,149,2545,754,722,3209,1951.204507868901
high_005,high,1110.7571111592342,149,2545,754,722,3211,1949.282299394612
high_005,high,1110.7571111592342,149,2545,754,722,3216,1969.9841102022529
high_005,high,1110.7571111592342,149,2545,754,722,3219,2002.3273168253368
high_005,high,1110.7571111592342,149,2545,754,722,3221,1995.718771233304
high_005,high,1110.7571111592342,149,2545,754,722,3224,1988.840601984337
high_005,high,1110.7571111592342,149,2545,754,722,3229,1986.9612481965307
high_005,high,1110.7571111592342,149,2545,754,722,3236,1984.2426255671835
high_005,high,1110.7571111592342,149,2545,754,722,3237,1984.451159275892
high_005,high,1110.7571111592342,149,2545,754,722,3238,1985.0361031009995
high_005,high,1110.7571111592342,149,2545,754,722,3246,1990.6326863302008
high_005,high,1110.7571111592342,149,2545,754,722,3249,1992.5642593522584
high_005,high,1110.7571111592342,149,2545,754,722,3253,1983.2902607360568
high_005,high,1110.7571111592342,149,2545,754,722,3266,2016.3364784781363
high_005,high,1110.7571111592342,149,2545,754,722,3268,2009.7871375015131
high_005,high,1110.7571111592342,149,2545,754,722,3278,2009.006170069171
high_005,high,1110.7571111592342,149,2545,754,722,3295,2032.316550335476
high_006,high,1071.7097894398348,129,2527,772,738,659,1123.3004701683074
high_006,high,1071.7097894398348,129,2527,772,738,661,1111.4405244354734
high_006,high,1071.7097894398348,129,2527,772,738,667,1099.5941200036643
high_006,high,1071.7097894398348,129,2527,772,738,670,1112.5756961379534
high_006,high,1071.7097894398348,129,2527,772,738,684,1115.2930291344553
high_006,high,1071.7097894398348,129,2527,772,738,688,1180.005969221297
high_006,high,1071.7097894398348,129,2527,772,738,690,1246.037377301113
high_006,high,1071.7097894398348,129,2527,772,738,719,1334.5839523672494
high_006,high,1071.7097894398348,129,2527,772,738,723,1353.2691844812198
high_006,high,1071.7097894398348,129,2527,772,738,730,1352.468892178462
high_006,high,1071.7097894398348,129,2527,772,738,734,1357.7989377431288
high_006,high,1071.7097894398348,129,2527,772,738,738,1314.011322840509
high_006,high,1071.7097894398348,129,2527,772,738,742,1374.3908450516374
high_006,high,1071.7097894398348,129,2527,772,738,761,1324.203268059484
high_006,high,1071.7097894398348,129,2527,772,738,763,1368.3557856485136
high_006,high,1071.7097894398348,129,2527,772,738,764,1368.64715706297
high_006,high,1071.7097894398348,129,2527,772,738,778,1350.791146219011
high_006,high,1071.7097894398348,129,2527,772,738,782,1310.9914872950703
high_006,high,1071.7097894398348,129,2527,772,738,785,1388.899947318383
high_006,high,1071.7097894398348,129,2527,772,738,793,1317.4086379135006
high_006,high,1071.7097894398348,129,2527,772,738,796,1377.4278687322314
high_006,high,1071.7097894398348,129,2527,772,738,807,1331.97642329618
high_006,high,1071.7097894398348,129,2527,772,738,811,1411.5897579884515
high_006,high,1071.7097894398348,129,2527,772,738,812,1445.9403882459223
high_006,high,1071.7097894398348,129,2527,772,738,814,1325.4300761865384
high_006,high,1071.7097894398348,129,2527,772,738,819,1325.7800062436615
high_006,high,1071.7097894398348,129,2527,772,738,821,1320.5917184488817
high_006,high,1071.7097894398348,129,2527,772,738,837,1327.542380413549
high_006,high,1071.7097894398348,129,2527,772,738,848,1340.8445093471605
high_006,high,1071.7097894398348,129,2527,772,738,850,1341.378582400735
high_006,high,1071.7097894398348,129,2527,772,738,860,1365.4115040289248
high_006,high,1071.7097894398348,129,2527,772,738,862,1338.9270853322766
high_006,high,1071.7097894398348,129,2527,772,738,871,1478.3076643941588
high_006,high,1071.7097894398348,129,2527,772,738,878,1478.2617111718807
high_006,high,1071.7097894398348,129,2527,772,738,881,1481.8262124863882
high_006,high,1071.7097894398348,129,2527,772,738,884,1483.0979301732502
high_006,high,1071.7097894398348,129,2527,772,738,885,1482.9990618504646
high_006,high,1071.7097894398348,129,2527,772,738,889,1483.9966381713575
high_006,high,1071.7097894398348,129,2527,772,738,2120,1267.4227854075684
high_006,high,1071.7097894398348,129,2527,772,738,2127,1301.0184539099898
high_006,high,1071.7097894398348,129,2527,772,738,2128,1302.3396319189326
high_006,high,1071.7097894398348,129,2527,772,738,2420,1497.921992203141
high_006,high,1071.7097894398348,129,2527,772,738,2421,1496.4500995344329
high_006,high,1071.7097894398348,129,2527,772,738,2617,1529.295216340196
high_006,high,1071.7097894398348,129,2527,772,738,2622,1527.4556980141842
high_006,high,1071.7097894398348,129,2527,772,738,2625,1528.2201044425449
high_006,high,1071.7097894398348,129,2527,772,738,2626,1525.5632646008926
high_006,high,1071.7097894398348,129,2527,772,738,2633,1525.7176226560664
high_006,high,1071.7097894398348,129,2527,772,738,2642,1526.7217236310066
high_006,high,1071.7097894398348,129,2527,772,738,2643,1524.8250884191757
high_006,high,1071.7097894398348,129,2527,772,738,2823,1553.9793661000438
high_006,high,1071.7097894398348,129,2527,772,738,2824,1539.5576479845838
high_006,high,1071.7097894398348,129,2527,772,738,2826,1541.9811759334414
high_006,high,1071.7097894398348,129,2527,772,738,2827,1574.0879854735133
high_006,high,1071.7097894398348,129,2527,772,738,2838,1610.8163590018842
high_006,high,1071.7097894398348,129,2527,772,738,2841,1565.6656515192906
high_006,high,1071.7097894398348,129,2527,772,738,2847,1576.8621553601515
high_006,high,1071.7097894398348,129,2527,772,738,2851,1629.9394196784217
high_006,high,1071.7097894398348,129,2527,772,738,2864,1642.2591571386442
high_006,high,1071.7097894398348,129,2527,772,738,2883,1591.4038330099263
high_006,high,1071.7097894398348,129,2527,772,738,2886,1577.790506686672
high_006,high,1071.7097894398348,129,2527,772,738,2889,1592.1498641165845
high_006,high,1071.7097894398348,129,2527,772,738,2892,1651.929141537288
high_006,high,1071.7097894398348,129,2527,772,738,2895,1548.4983419351502
high_006,high,1071.7097894398348,129,2527,772,738,2897,1596.3512176993647
high_006,high,1071.7097894398348,129,2527,772,738,2902,1687.4425146780004
high_006,high,1071.7097894398348,129,2527,772,738,2907,1672.0977359446313
high_006,high,1071.7097894398348,129,2527,772,738,2910,1673.1728478422826
high_006,high,1071.7097894398348,129,2527,772,738,2912,1676.7826086138914
high_006,high,1071.7097894398348,129,2527,772,738,2915,1681.513950290136
high_006,high,1071.7097894398348,129,2527,772,738,2924,1679.0370945461525
high_006,high,1071.7097894398348,129,2527,772,738,2931,1684.3149164514716
high_006,high,1071.7097894398348,129,2527,772,738,2933,1671.315836387999
high_006,high,1071.7097894398348,129,2527,772,738,2936,1699.9884982410574
high_006,high,1071.7097894398348,129,2527,772,738,2947,1702.757978503035
high_006,high,1071.7097894398348,129,2527,772,738,2951,1748.8071931055504
high_006,high,1071.7097894398348,129,2527,772,738,2958,1701.7066265789106
high_006,high,1071.7097894398348,129,2527,772,738,2977,1704.4401416067003
high_006,high,1071.7097894398348,129,2527,772,738,2984,1706.5428454549497
high_006,high,1071.7097894398348,129,2527,772,738,2985,1707.0618320002543
high_006,high,1071.7097894398348,129,2527,772,738,3007,1769.2140537276102
high_006,high,1071.7097894398348,129,2527,772,738,3011,1777.9296412659362
high_006,high,1071.7097894398348,129,2527,772,738,3015,1778.4456576785756
high_006,high,1071.7097894398348,129,2527,772,738,3017,1780.2426155491426
high_006,high,1071.7097894398348,129,2527,772,738,3021,1784.027482501057
high_006,high,1071.7097894398348,129,2527,772,738,3023,1784.309904382445
high_006,high,1071.7097894398348,129,2527,772,738,3024,1786.0691783120474
high_006,high,1071.7097894398348,129,2527,772,738,3025,1782.7461052691806
high_006,high,1071.7097894398348,129,2527,772,738,3037,1794.751272051929
high_006,high,1071.7097894398348,129,2527,772,738,3064,1775.9320726351657
high_006,high,1071.7097894398348,129,2527,772,738,3073,1828.4062180683045
high_006,high,1071.7097894398348,129,2527,772,738,3077,1826.7871361452585
high_006,high,1071.7097894398348,129,2527,772,738,3078,1829.9624585596853
high_006,high,1071.7097894398348,129,2527,772,738,3079,1826.727954150058
high_006,high,1071.7097894398348,129,2527,772,738,3087,1847.520607182489
high_006,high,1071.7097894398348,129,2527,772,738,3101,1902.2434747830373
high_006,high,1071.7097894398348,129,2527,772,738,3105,1888.225386035621
high_006,high,1071.7097894398348,129,2527,772,738,3106,1895.0309596500997
high_006,high,1071.7097894398348,129,2527,772,738,3109,1904.766719501201
high_006,high,1071.7097894398348,129,2527,772,738,3113,1892.1131601196423
high_006,high,1071.7097894398348,129,2527,772,738,3124,1896.687272406516
high_006,high,1071.7097894398348,129,2527,772,738,3134,1886.151176007604
high_006,high,1071.7097894398348,129,2527,772,738,3135,1886.210358002804
high_006,high,1071.7097894398348,129,2527,772,738,3136,1886.933075564236
high_006,high,1071.7097894398348,129,2527,772,738,3137,1887.051439554637
high_006,high,1071.7097894398348,129,2527,772,738,3145,1941.8612219391875
high_006,high,1071.7097894398348,129,2527,772,738,3148,1942.6168505857777
high_006,high,1071.7097894398348,129,2527,772,738,3166,1943.6281451228
high_006,high,1071.7097894398348,129,2527,772,738,3169,1956.677959780946
high_006,high,1071.7097894398348,129,2527,772,738,3175,1958.1878775536652
high_006,high,1071.7097894398348,129,2527,772,738,3176,1958.7058898476323
high_006,high,1071.7097894398348,129,2527,772,738,3181,1961.207713099104
high_006,high,1071.7097894398348,129,2527,772,738,3188,1946.297275135688
high_006,high,1071.7097894398348,129,2527,772,738,3190,1946.634567796278
high_006,high,1071.7097894398348,129,2527,772,738,3206,1964.3600441194449
high_006,high,1071.7097894398348,129,2527,772,738,3215,1965.927908285203
high_006,high,1071.7097894398348,129,2527,772,738,3220,2002.7021406930733
high_006,high,1071.7097894398348,129,2527,772,738,3223,1988.250055497344
high_006,high,1071.7097894398348,129,2527,772,738,3236,1984.2426255671835
high_006,high,1071.7097894398348,129,2527,772,738,3239,1985.2871547092404
high_006,high,1071.7097894398348,129,2527,772,738,3251,1997.4118855255128
high_006,high,1071.7097894398348,129,2527,772,738,3253,1983.2902607360568
high_006,high,1071.7097894398348,129,2527,772,738,3254,1988.2635522515957
high_006,high,1071.7097894398348,129,2527,772,738,3255,2004.4522881588236
high_006,high,1071.7097894398348,129,2527,772,738,3263,2021.9479161383413
high_006,high,1071.7097894398348,129,2527,772,738,3269,2010.478062769212
high_006,high,1071.7097894398348,129,2527,772,738,3275,2013.990779749984
high_006,high,1071.7097894398348,129,2527,772,738,3279,2019.204283689313
high_006,high,1071.7097894398348,129,2527,772,738,3295,2032.316550335476
high_007,high,990.730682701436,153,2511,788,752,303,1039.7008848833211
high_007,high,990.730682701436,153,2511,788,752,305,1045.7736453713487
high_007,high,990.730682701436,153,2511,788,752,308,1029.6081438175484
high_007,high,990.730682701436,153,2511,788,752,557,1045.6023663619817
high_007,high,990.730682701436,153,2511,788,752,670,1105.3463921911757
high_007,high,990.730682701436,153,2511,788,752,677,1117.7497286312037
high_007,high,990.730682701436,153,2511,788,752,678,1119.067957650365
high_007,high,990.730682701436,153,2511,788,752,684,1115.2930291344553
high_007,high,990.730682701436,153,2511,788,752,686,1113.4355246334296
high_007,high,990.730682701436,153,2511,788,752,689,1185.8182802309989
high_007,high,990.730682701436,153,2511,788,752,713,1307.574701533219
high_007,high,990.730682701436,153,2511,788,752,719,1334.5839523672494
high_007,high,990.730682701436,153,2511,788,752,721,1343.7378288854534
high_007,high,990.730682701436,153,2511,788,752,733,1357.1383487386574
high_007,high,990.730682701436,153,2511,788,752,734,1357.7989377431288
high_007,high,990.730682701436,153,2511,788,752,735,1359.0257458701833
high_007,high,990.730682701436,153,2511,788,752,741,1370.9090810820128
high_007,high,990.730682701436,153,2511,788,752,743,1386.3930053741617
high_007,high,990.730682701436,153,2511,788,752,744,1391.4889778711515
high_007,high,990.730682701436,153,2511,788,752,751,1376.0560377601814
high_007,high,990.730682701436,153,2511,788,752,755,1344.3198404366383
high_007,high,990.730682701436,153,2511,788,752,758,1342.2825773940383
high_007,high,990.730682701436,153,2511,788,752,760,1329.1002873452835
high_007,high,990.730682701436,153,2511,788,752,762,1365.6914772089729
high_007,high,990.730682701436,153,2511,788,752,776,1312.3649744639813
high_007,high,990.730682701436,153,2511,788,752,779,1351.207574491588
high_007,high,990.730682701436,153,2511,788,752,783,1315.846738433606
high_007,high,990.730682701436,153,2511,788,752,788,1336.0938701399689
high_007,high,990.730682701436,153,2511,788,752,789,1317.0755963196
high_007,high,990.730682701436,153,2511,788,752,796,1377.4278687322314
high_007,high,990.730682701436,153,2511,788,752,799,1362.6552069628856
high_007,high,990.730682701436,153,2511,788,752,809,1395.546881892366
high_007,high,990.730682701436,153,2511,788,752,812,1445.9403882459223
high_007,high,990.730682701436,153,2511,788,752,826,1320.7621699775823
high_007,high,990.730682701436,153,2511,788,752,827,1329.1105005677018
high_007,high,990.730682701436,153,2511,788,752,830,1363.2337614369849
high_007,high,990.730682701436,153,2511,788,752,839,1328.4425314598554
high_007,high,990.730682701436,153,2511,788,752,849,1344.304048064285
high_007,high,990.730682701436,153,2511,788,752,851,1341.7483331008743
high_007,high,990.730682701436,153,2511,788,752,854,1330.4316785766446
high_007,high,990.730682701436,153,2511,788,752,860,1365.4115040289248
high_007,high,990.730682701436,153,2511,788,752,861,1338.7777017404708
high_007,high,990.730682701436,153,2511,788,752,863,1348.6340442915534
high_007,high,990.730682701436,153,2511,788,752,865,1348.928171039336
high_007,high,990.730682701436,153,2511,788,752,888,1477.5257648375266
high_007,high,990.730682701436,153,2511,788,752,2126,1301.0184539099898
high_007,high,990.730682701436,153,2511,788,752,2129,1302.4521213622656
high_007,high,990.730682701436,153,2511,788,752,2405,1489.82658233725
high_007,high,990.730682701436,153,2511,788,752,2416,1495.1884771753512
high_007,high,990.730682701436,153,2511,788,752,2417,1495.1884771753512
high_007,high,990.730682701436,153,2511,788,752,2421,1496.4500995344329
high_007,high,990.730682701436,153,2511,788,752,2423,1496.4590638893403
high_007,high,990.730682701436,153,2511,788,752,2607,1499.874281769405
high_007,high,990.730682701436,153,2511,788,752,2608,1499.874281769405
high_007,high,990.730682701436,153,2511,788,752,2616,1527.1449925448933
high_007,high,990.730682701436,153,2511,788,752,2624,1527.8373914104952
high_007,high,990.730682701436,153,2511,788,752,2632,1523.8219195020265
high_007,high,990.730682701436,153,2511,788,752,2638,1524.6038190586587
high_007,high,990.730682701436,153,2511,788,752,2640,1529.873807514869
high_007,high,990.730682701436,153,2511,788,752,2641,1529.0646259945322
high_007,high,990.730682701436,153,2511,788,752,2644,1530.6265608592166
high_007,high,990.730682701436,153,2511,788,752,2823,1553.9793661000438
high_007,high,990.730682701436,153,2511,788,752,2826,1541.9811759334414
high_007,high,990.730682701436,153,2511,788,752,2827,1574.0879854735133
high_007,high,990.730682701436,153,2511,788,752,2832,1646.5393941835748
high_007,high,990.730682701436,153,2511,788,752,2838,1610.8163590018842
high_007,high,990.730682701436,153,2511,788,752,2842,1572.5856272269668
high_007,high,990.730682701436,153,2511,788,752,2848,1581.981161001665
high_007,high,990.730682701436,153,2511,788,752,2849,1542.354052749332
high_007,high,990.730682701436,153,2511,788,752,2857,1609.711246319809
high_007,high,990.730682701436,153,2511,788,752,2858,1616.6787815628577
high_007,high,990.730682701436,153,2511,788,752,2863,1562.8262645356635
high_007,high,990.730682701436,153,2511,788,752,2868,1539.2184824212866
high_007,high,990.730682701436,153,2511,788,752,2888,1546.4502455398774
high_007,high,990.730682701436,153,2511,788,752,2893,1546.5256914356917
high_007,high,990.730682701436,153,2511,788,752,2896,1550.4679480595516
high_007,high,990.730682701436,153,2511,788,752,2905,1692.3293868341316
high_007,high,990.730682701436,153,2511,788,752,2914,1677.9393536478476
high_007,high,990.730682701436,153,2511,788,752,2921,1674.469892223038
high_007,high,990.730682701436,153,2511,788,752,2930,1684.5922832033095
high_007,high,990.730682701436,153,2511,788,752,2932,1671.315836387999
high_007,high,990.730682701436,153,2511,788,752,2944,1751.552723154011
high_007,high,990.730682701436,153,2511,788,752,2946,1702.6840010101369
high_007,high,990.730682701436,153,2511,788,752,2950,1719.1038915246454
high_007,high,990.730682701436,153,2511,788,752,2952,1758.382550654719
high_007,high,990.730682701436,153,2511,788,752,2953,1759.9515234010055
high_007,high,990.730682701436,153,2511,788,752,2957,1716.3672431638167
high_007,high,990.730682701436,153,2511,788,752,2960,1713.728332152901
high_007,high,990.730682701436,153,2511,788,752,2966,1725.7500376103792
high_007,high,990.730682701436,153,2511,788,752,2974,1738.651380382195
high_007,high,990.730682701436,153,2511,788,752,2979,1744.1812445391377
high_007,high,990.730682701436,153,2511,788,752,2989,1709.2931675592315
high_007,high,990.730682701436,153,2511,788,752,2991,1710.748253151448
high_007,high,990.730682701436,153,2511,788,752,3007,1769.2140537276102
high_007,high,990.730682701436,153,2511,788,752,3010,1777.581561940777
high_007,high,990.730682701436,153,2511,788,752,3023,1784.309904382445
high_007,high,990.730682701436,153,2511,788,752,3035,1792.3331626765748
high_007,high,990.730682701436,153,2511,788,752,3046,1816.93479730003
high_007,high,990.730682701436,153,2511,788,752,3055,1787.6020790180144
high_007,high,990.730682701436,153,2511,788,752,3057,1789.4899888213392
high_007,high,990.730682701436,153,2511,788,752,3058,1799.5874908026371
high_007,high,990.730682701436,153,2511,788,752,3062,1789.853907781148
high_007,high,990.730682701436,153,2511,788,752,3063,1775.461793186348
high_007,high,990.730682701436,153,2511,788,752,3076,1826.8385888303164
high_007,high,990.730682701436,153,2511,788,752,3081,1825.9460545934255
high_007,high,990.730682701436,153,2511,788,752,3086,1850.1489869928
high_007,high,990.730682701436,153,2511,788,752,3087,1847.520607182489
high_007,high,990.730682701436,153,2511,788,752,3091,1915.3918967587647
high_007,high,990.730682701436,153,2511,788,752,3093,1885.3692764509717
high_007,high,990.730682701436,153,2511,788,752,3097,1911.1523592499077
high_007,high,990.730682701436,153,2511,788,752,3105,1888.225386035621
high_007,high,990.730682701436,153,2511,788,752,3116,1887.9976562612828
high_007,high,990.730682701436,153,2511,788,752,3119,1889.0490081854075
high_007,high,990.730682701436,153,2511,788,752,3122,1915.2802387424465
high_007,high,990.730682701436,153,2511,788,752,3139,1887.812712529037
high_007,high,990.730682701436,153,2511,788,752,3144,1941.5787821381264
high_007,high,990.730682701436,153,2511,788,752,3148,1942.6168505857777
high_007,high,990.730682701436,153,2511,788,752,3152,1950.4706705784367
high_007,high,990.730682701436,153,2511,788,752,3164,1943.0241181031288
high_007,high,990.730682701436,153,2511,788,752,3167,1943.926730526416
high_007,high,990.730682701436,153,2511,788,752,3169,1956.677959780946
high_007,high,990.730682701436,153,2511,788,752,3170,1944.0323984766087
high_007,high,990.730682701436,153,2511,788,752,3180,1960.5906079382369
high_007,high,990.730682701436,153,2511,788,752,3181,1961.207713099104
high_007,high,990.730682701436,153,2511,788,752,3183,1944.7873573629684
high_007,high,990.730682701436,153,2511,788,752,3190,1946.634567796278
high_007,high,990.730682701436,153,2511,788,752,3199,1969.1896343231583
high_007,high,990.730682701436,153,2511,788,752,3200,1974.6081986405648
high_007,high,990.730682701436,153,2511,788,752,3202,1975.8108507185743
high_007,high,990.730682701436,153,2511,788,752,3205,1964.2275486445424
high_007,high,990.730682701436,153,2511,788,752,3210,1951.6381969727613
high_007,high,990.730682701436,153,2511,788,752,3216,1969.9841102022529
high_007,high,990.730682701436,153,2511,788,752,3218,2000.7372792996312
high_007,high,990.730682701436,153,2511,788,752,3221,1995.718771233304
high_007,high,990.730682701436,153,2511,788,752,3223,1988.250055497344
high_007,high,990.730682701436,153,2511,788,752,3224,1988.840601984337
high_007,high,990.730682701436,153,2511,788,752,3229,1986.9612481965307
high_007,high,990.730682701436,153,2511,788,752,3231,1983.2902607360568
high_007,high,990.730682701436,153,2511,788,752,3232,1983.2902607360568
high_007,high,990.730682701436,153,2511,788,752,3233,1986.8958748127247
high_007,high,990.730682701436,153,2511,788,752,3235,1983.6691585740657
high_007,high,990.730682701436,153,2511,788,752,3240,1985.6735170443087
high_007,high,990.730682701436,153,2511,788,752,3244,1997.861143205876
high_007,high,990.730682701436,153,2511,788,752,3247,1991.5664973302007
high_007,high,990.730682701436,153,2511,788,752,3248,2000.0597846751875
high_007,high,990.730682701436,153,2511,788,752,3250,1992.8855924138315
high_007,high,990.730682701436,153,2511,788,752,3252,1993.6426342817524
high_007,high,990.730682701436,153,2511,788,752,3258,2016.2604983518968
high_007,high,990.730682701436,153,2511,788,752,3259,2015.4770430705069
high_007,high,990.730682701436,153,2511,788,752,3267,2009.4267108450877
high_007,high,990.730682701436,153,2511,788,752,3272,2013.842388976543
high_007,high,990.730682701436,153,2511,788,752,3278,2009.006170069171
high_007,high,990.730682701436,153,2511,788,752,3287,2037.1676075508915
high_008,high,1256.7930000750305,134,2571,728,697,713,1307.574701533219
high_008,high,1256.7930000750305,134,2571,728,697,714,1307.574701533219
high_008,high,1256.7930000750305,134,2571,728,697,718,1323.4678545426373
high_008,high,1256.7930000750305,134,2571,728,697,724,1353.9297734856912
high_008,high,1256.7930000750305,134,2571,728,697,726,1311.238521422166
high_008,high,1256.7930000750305,134,2571,728,697,732,1355.6284309659382
high_008,high,1256.7930000750305,134,2571,728,697,745,1394.2257038834232
high_008,high,1256.7930000750305,134,2571,728,697,770,1344.523654281781
high_008,high,1256.7930000750305,134,2571,728,697,771,1349.6533946567477
high_008,high,1256.7930000750305,134,2571,728,697,773,1315.1437611981728
high_008,high,1256.7930000750305,134,2571,728,697,791,1333.7740082833477
high_008,high,1256.7930000750305,134,2571,728,697,792,1352.7617543264284
high_008,high,1256.7930000750305,134,2571,728,697,796,1377.4278687322314
high_008,high,1256.7930000750305,134,2571,728,697,799,1362.6552069628856
high_008,high,1256.7930000750305,134,2571,728,697,815,1337.0096613173928
high_008,high,1256.7930000750305,134,2571,728,697,822,1326.6568843135929
high_008,high,1256.7930000750305,134,2571,728,697,829,1327.1112688517585
high_008,high,1256.7930000750305,134,2571,728,697,830,1363.2337614369849
high_008,high,1256.7930000750305,134,2571,728,697,831,1363.8386086652597
high_008,high,1256.7930000750305,134,2571,728,697,832,1311.0045982316026
high_008,high,1256.7930000750305,134,2571,728,697,833,1320.8059529864922
high_008,high,1256.7930000750305,134,2571,728,697,835,1321.938391344156
high_008,high,1256.7930000750305,134,2571,728,697,837,1327.542380413549
high_008,high,1256.7930000750305,134,2571,728,697,841,1321.9910278635764
high_008,high,1256.7930000750305,134,2571,728,697,849,1344.304048064285
high_008,high,1256.7930000750305,134,2571,728,697,852,1361.951211477485
high_008,high,1256.7930000750305,134,2571,728,697,861,1338.7777017404708
high_008,high,1256.7930000750305,134,2571,728,697,865,1348.928171039336
high_008,high,1256.7930000750305,134,2571,728,697,872,1477.5257648375266
high_008,high,1256.7930000750305,134,2571,728,697,875,1479.4805137582352
high_008,high,1256.7930000750305,134,2571,728,697,878,1478.2617111718807
high_008,high,1256.7930000750305,134,2571,728,697,880,1481.3190353941864
high_008,high,1256.7930000750305,134,2571,728,697,882,1481.8363078141683
high_008,high,1256.7930000750305,134,2571,728,697,886,1484.4646876244797
high_008,high,1256.7930000750305,134,2571,728,697,887,1484.171911214541
high_008,high,1256.7930000750305,134,2571,728,697,2120,1285.2228878251835
high_008,high,1256.7930000750305,134,2571,728,697,2128,1302.3396319189326
high_008,high,1256.7930000750305,134,2571,728,697,2406,1489.82658233725
high_008,high,1256.7930000750305,134,2571,728,697,2412,1493.5063140716857
high_008,high,1256.7930000750305,134,2571,728,697,2416,1495.1884771753512
high_008,high,1256.7930000750305,134,2571,728,697,2613,1521.3218916075411
high_008,high,1256.7930000750305,134,2571,728,697,2622,1527.4556980141842
high_008,high,1256.7930000750305,134,2571,728,697,2628,1523.0400199453943
high_008,high,1256.7930000750305,134,2571,728,697,2629,1523.0400199453943
high_008,high,1256.7930000750305,134,2571,728,697,2633,1525.7176226560664
high_008,high,1256.7930000750305,134,2571,728,697,2642,1526.7217236310066
high_008,high,1256.7930000750305,134,2571,728,697,2827,1574.0879854735133
high_008,high,1256.7930000750305,134,2571,728,697,2832,1646.5393941835748
high_008,high,1256.7930000750305,134,2571,728,697,2840,1558.4280795951454
high_008,high,1256.7930000750305,134,2571,728,697,2842,1572.5856272269668
high_008,high,1256.7930000750305,134,2571,728,697,2845,1634.2405846350066
high_008,high,1256.7930000750305,134,2571,728,697,2861,1629.4353421031635
high_008,high,1256.7930000750305,134,2571,728,697,2862,1570.730831536988
high_008,high,1256.7930000750305,134,2571,728,697,2865,1553.4643009430415
high_008,high,1256.7930000750305,134,2571,728,697,2872,1567.1672779775474
high_008,high,1256.7930000750305,134,2571,728,697,2874,1583.8380808214956
high_008,high,1256.7930000750305,134,2571,728,697,2876,1586.5148759603824
high_008,high,1256.7930000750305,134,2571,728,697,2878,1585.8208920442405
high_008,high,1256.7930000750305,134,2571,728,697,2882,1591.0753418554243
high_008,high,1256.7930000750305,134,2571,728,697,2885,1588.2002654878968
high_008,high,1256.7930000750305,134,2571,728,697,2902,1687.4425146780004
high_008,high,1256.7930000750305,134,2571,728,697,2905,1692.3293868341316
high_008,high,1256.7930000750305,134,2571,728,697,2914,1677.9393536478476
high_008,high,1256.7930000750305,134,2571,728,697,2915,1681.513950290136
high_008,high,1256.7930000750305,134,2571,728,697,2924,1679.0370945461525
high_008,high,1256.7930000750305,134,2571,728,697,2929,1694.1870260005132
high_008,high,1256.7930000750305,134,2571,728,697,2933,1671.315836387999
high_008,high,1256.7930000750305,134,2571,728,697,2937,1699.9884982410574
high_008,high,1256.7930000750305,134,2571,728,697,2940,1701.7066265789106
high_008,high,1256.7930000750305,134,2571,728,697,2941,1701.7066265789106
high_008,high,1256.7930000750305,134,2571,728,697,2942,1702.9338611629476
high_008,high,1256.7930000750305,134,2571,728,697,2955,1720.00357840192
high_008,high,1256.7930000750305,134,2571,728,697,2963,1756.7328078259293
high_008,high,1256.7930000750305,134,2571,728,697,2964,1713.755838677186
high_008,high,1256.7930000750305,134,2571,728,697,2965,1725.6774502734868
high_008,high,1256.7930000750305,134,2571,728,697,2973,1737.7426962021873
high_008,high,1256.7930000750305,134,2571,728,697,2978,1742.9518279728002
high_008,high,1256.7930000750305,134,2571,728,697,2984,1706.5428454549497
high_008,high,1256.7930000750305,134,2571,728,697,2987,1716.7681417350043
high_008,high,1256.7930000750305,134,2571,728,697,2989,1709.2931675592315
high_008,high,1256.7930000750305,134,2571,728,697,2998,1804.4237095533451
high_008,high,1256.7930000750305,134,2571,728,697,3001,1814.1198240687977
high_008,high,1256.7930000750305,134,2571,728,697,3002,1817.8338468608529
high_008,high,1256.7930000750305,134,2571,728,697,3003,1818.6381363057571
high_008,high,1256.7930000750305,134,2571,728,697,3005,1767.2058517777298
high_008,high,1256.7930000750305,134,2571,728,697,3010,1777.581561940777
high_008,high,1256.7930000750305,134,2571,728,697,3015,1778.4456576785756
high_008,high,1256.7930000750305,134,2571,728,697,3024,1786.0691783120474
high_008,high,1256.7930000750305,134,2571,728,697,3026,1780.595881473878
high_008,high,1256.7930000750305,134,2571,728,697,3030,1821.547869652908
high_008,high,1256.7930000750305,134,2571,728,697,3036,1793.8881737618574
high_008,high,1256.7930000750305,134,2571,728,697,3041,1808.3533150643773
high_008,high,1256.7930000750305,134,2571,728,697,3044,1813.0597975413125
high_008,high,1256.7930000750305,134,2571,728,697,3046,1816.93479730003
high_008,high,1256.7930000750305,134,2571,728,697,3052,1787.3994386130737
high_008,high,1256.7930000750305,134,2571,728,697,3064,1775.9320726351657
high_008,high,1256.7930000750305,134,2571,728,697,3070,1768.8673882991632
high_008,high,1256.7930000750305,134,2571,728,697,3074,1825.9460545934255
high_008,high,1256.7930000750305,134,2571,728,697,3081,1825.9460545934255
high_008,high,1256.7930000750305,134,2571,728,697,3088,1847.520607182489
high_008,high,1256.7930000750305,134,2571,728,697,3093,1885.3692764509717
high_008,high,1256.7930000750305,134,2571,728,697,3095,1907.2899642193647
high_008,high,1256.7930000750305,134,2571,728,697,3096,1908.1714222064488
high_008,high,1256.7930000750305,134,2571,728,697,3100,1901.5576161867075
high_008,high,1256.7930000750305,134,2571,728,697,3103,1902.8936001846173
high_008,high,1256.7930000750305,134,2571,728,697,3105,1888.225386035621
high_008,high,1256.7930000750305,134,2571,728,697,3110,1897.03916159998
high_008,high,1256.7930000750305,134,2571,728,697,3113,1892.1131601196423
high_008,high,1256.7930000750305,134,2571,728,697,3117,1898.4465463361184
high_008,high,1256.7930000750305,134,2571,728,697,3118,1899.1589303544083
high_008,high,1256.7930000750305,134,2571,728,697,3130,1891.467117686092
high_008,high,1256.7930000750305,134,2571,728,697,3150,1967.7192334869248
high_008,high,1256.7930000750305,134,2571,728,697,3154,1949.3171106811265
high_008,high,1256.7930000750305,134,2571,728,697,3155,1951.7117626688632
high_008,high,1256.7930000750305,134,2571,728,697,3165,1943.277439590249
high_008,high,1256.7930000750305,134,2571,728,697,3176,1958.7058898476323
high_008,high,1256.7930000750305,134,2571,728,697,3179,1960.5122337454784
high_008,high,1256.7930000750305,134,2571,728,697,3182,1962.3174585920533
high_008,high,1256.7930000750305,134,2571,728,697,3194,1962.7176308718235
high_008,high,1256.7930000750305,134,2571,728,697,3198,1948.33994034931
high_008,high,1256.7930000750305,134,2571,728,697,3215,1965.927908285203
high_008,high,1256.7930000750305,134,2571,728,697,3220,2002.7021406930733
high_008,high,1256.7930000750305,134,2571,728,697,3227,1995.1384984974616
high_008,high,1256.7930000750305,134,2571,728,697,3228,1995.2007173905813
high_008,high,1256.7930000750305,134,2571,728,697,3231,1983.2902607360568
high_008,high,1256.7930000750305,134,2571,728,697,3239,1985.2871547092404
high_008,high,1256.7930000750305,134,2571,728,697,3240,1985.6735170443087
high_008,high,1256.7930000750305,134,2571,728,697,3259,2015.4770430705069
high_008,high,1256.7930000750305,134,2571,728,697,3260,2009.006170069171
high_008,high,1256.7930000750305,134,2571,728,697,3277,2023.6667867123333
high_008,high,1256.7930000750305,134,2571,728,697,3280,2019.366339121728
high_008,high,1256.7930000750305,134,2571,728,697,3282,2030.019720515304
high_008,high,1256.7930000750305,134,2571,728,697,3286,2042.02227396615
high_008,high,1256.7930000750305,134,2571,728,697,3290,2038.1701155580124
high_009,high,1016.7534284275691,153,2516,783,748,557,1070.596267250339
high_009,high,1016.7534284275691,153,2516,783,748,563,1227.315595167354
high_009,high,1016.7534284275691,153,2516,783,748,677,1117.7497286312037
high_009,high,1016.7534284275691,153,2516,783,748,679,1124.3408735841513
high_009,high,1016.7534284275691,153,2516,783,748,681,1131.7109720029666
high_009,high,1016.7534284275691,153,2516,783,748,682,1114.1545586568684
high_009,high,1016.7534284275691,153,2516,783,748,691,1122.4234495692674
high_009,high,1016.7534284275691,153,2516,783,748,693,1120.7457036098162
high_009,high,1016.7534284275691,153,2516,783,748,712,1307.574701533219
high_009,high,1016.7534284275691,153,2516,783,748,713,1307.574701533219
high_009,high,1016.7534284275691,153,2516,783,748,717,1309.2928298710722
high_009,high,1016.7534284275691,153,2516,783,748,719,1334.5839523672494
high_009,high,1016.7534284275691,153,2516,783,748,725,1354.8734720795785
high_009,high,1016.7534284275691,153,2516,783,748,728,1359.780704756543
high_009,high,1016.7534284275691,153,2516,783,748,732,1355.6284309659382
high_009,high,1016.7534284275691,153,2516,783,748,733,1357.1383487386574
high_009,high,1016.7534284275691,153,2516,783,748,735,1359.0257458701833
high_009,high,1016.7534284275691,153,2516,783,748,737,1310.2144732245297
high_009,high,1016.7534284275691,153,2516,783,748,742,1374.3908450516374
high_009,high,1016.7534284275691,153,2516,783,748,747,1424.8516470617349
high_009,high,1016.7534284275691,153,2516,783,748,753,1381.5897686277146
high_009,high,1016.7534284275691,153,2516,783,748,755,1344.3198404366383
high_009,high,1016.7534284275691,153,2516,783,748,759,1309.2928298710722
high_009,high,1016.7534284275691,153,2516,783,748,762,1365.6914772089729
high_009,high,1016.7534284275691,153,2516,783,748,763,1368.3557856485136
high_009,high,1016.7534284275691,153,2516,783,748,768,1372.0026489818729
high_009,high,1016.7534284275691,153,2516,783,748,771,1349.6533946567477
high_009,high,1016.7534284275691,153,2516,783,748,778,1350.791146219011
high_009,high,1016.7534284275691,153,2516,783,748,786,1316.2775143082483
high_009,high,1016.7534284275691,153,2516,783,748,791,1333.7740082833477
high_009,high,1016.7534284275691,153,2516,783,748,807,1331.97642329618
high_009,high,1016.7534284275691,153,2516,783,748,808,1313.4914275057963
high_009,high,1016.7534284275691,153,2516,783,748,809,1395.546881892366
high_009,high,1016.7534284275691,153,2516,783,748,813,1309.2928298710722
high_009,high,1016.7534284275691,153,2516,783,748,823,1340.2461440430711
high_009,high,1016.7534284275691,153,2516,783,748,825,1313.521217242209
high_009,high,1016.7534284275691,153,2516,783,748,828,1329.7737940679524
high_009,high,1016.7534284275691,153,2516,783,748,841,1321.9910278635764
high_009,high,1016.7534284275691,153,2516,783,748,845,1337.1392245998377
high_009,high,1016.7534284275691,153,2516,783,748,846,1337.603787912688
high_009,high,1016.7534284275691,153,2516,783,748,848,1340.8445093471605
high_009,high,1016.7534284275691,153,2516,783,748,853,1309.926047267874
high_009,high,1016.7534284275691,153,2516,783,748,870,1477.5257648375266
high_009,high,1016.7534284275691,153,2516,783,748,871,1478.3076643941588
high_009,high,1016.7534284275691,153,2516,783,748,877,1480.5746854550869
high_009,high,1016.7534284275691,153,2516,783,748,881,1481.8262124863882
high_009,high,1016.7534284275691,153,2516,783,748,883,1482.657836782772
high_009,high,1016.7534284275691,153,2516,783,748,886,1484.4646876244797
high_009,high,1016.7534284275691,153,2516,783,748,888,1477.5257648375266
high_009,high,1016.7534284275691,153,2516,783,748,2120,1267.4227854075684
high_009,high,1016.7534284275691,153,2516,783,748,2406,1489.82658233725
high_009,high,1016.7534284275691,153,2516,783,748,2407,1490.8039567684764
high_009,high,1016.7534284275691,153,2516,783,748,2416,1495.1884771753512
high_009,high,1016.7534284275691,153,2516,783,748,2424,1496.6388452354872
high_009,high,1016.7534284275691,153,2516,783,748,2608,1499.874281769405
high_009,high,1016.7534284275691,153,2516,783,748,2609,1499.874281769405
high_009,high,1016.7534284275691,153,2516,783,748,2622,1527.4556980141842
high_009,high,1016.7534284275691,153,2516,783,748,2626,1525.5632646008926
high_009,high,1016.7534284275691,153,2516,783,748,2628,1523.0400199453943
high_009,high,1016.7534284275691,153,2516,783,748,2633,1525.7176226560664
high_009,high,1016.7534284275691,153,2516,783,748,2636,1526.5094813075384
high_009,high,1016.7534284275691,153,2516,783,748,2821,1571.980140716375
high_009,high,1016.7534284275691,153,2516,783,748,2827,1574.0879854735133
high_009,high,1016.7534284275691,153,2516,783,748,2838,1610.8163590018842
high_009,high,1016.7534284275691,153,2516,783,748,2840,1558.4280795951454
high_009,high,1016.7534284275691,153,2516,783,748,2847,1576.8621553601515
high_009,high,1016.7534284275691,153,2516,783,748,2856,1566.8878861746682
high_009,high,1016.7534284275691,153,2516,783,748,2859,1618.0926317993046
high_009,high,1016.7534284275691,153,2516,783,748,2862,1570.730831536988
high_009,high,1016.7534284275691,153,2516,783,748,2871,1544.404703882299
high_009,high,1016.7534284275691,153,2516,783,748,2878,1585.8208920442405
high_009,high,1016.7534284275691,153,2516,783,748,2898,1633.9312643935948
high_009,high,1016.7534284275691,153,2516,783,748,2903,1688.6086871030702
high_009,high,1016.7534284275691,153,2516,783,748,2908,1672.1569179398318
high_009,high,1016.7534284275691,153,2516,783,748,2911,1676.1520553267037
high_009,high,1016.7534284275691,153,2516,783,748,2913,1677.3755579664628
high_009,high,1016.7534284275691,153,2516,783,748,2945,1752.4695112106324
high_009,high,1016.7534284275691,153,2516,783,748,2951,1748.8071931055504
high_009,high,1016.7534284275691,153,2516,783,748,2953,1759.9515234010055
high_009,high,1016.7534284275691,153,2516,783,748,2954,1723.462148411936
high_009,high,1016.7534284275691,153,2516,783,748,2962,1722.1337521682372
high_009,high,1016.7534284275691,153,2516,783,748,2963,1756.7328078259293
high_009,high,1016.7534284275691,153,2516,783,748,2964,1713.755838677186
high_009,high,1016.7534284275691,153,2516,783,748,2967,1727.9248195298906
high_009,high,1016.7534284275691,153,2516,783,748,2968,1730.0504852009844
high_009,high,1016.7534284275691,153,2516,783,748,2970,1732.833757866039
high_009,high,1016.7534284275691,153,2516,783,748,2972,1734.9293474063122
high_009,high,1016.7534284275691,153,2516,783,748,2974,1738.651380382195
high_009,high,1016.7534284275691,153,2516,783,748,2983,1705.9093367030907
high_009,high,1016.7534284275691,153,2516,783,748,2984,1706.5428454549497
high_009,high,1016.7534284275691,153,2516,783,748,2986,1707.8640855655433
high_009,high,1016.7534284275691,153,2516,783,748,2990,1709.818834427996
high_009,high,1016.7534284275691,153,2516,783,748,2992,1711.524503118209
high_009,high,1016.7534284275691,153,2516,783,748,3001,1814.1198240687977
high_009,high,1016.7534284275691,153,2516,783,748,3015,1778.4456576785756
high_009,high,1016.7534284275691,153,2516,783,748,3023,1784.309904382445
high_009,high,1016.7534284275691,153,2516,783,748,3044,1813.0597975413125
high_009,high,1016.7534284275691,153,2516,783,748,3046,1816.93479730003
high_009,high,1016.7534284275691,153,2516,783,748,3047,1816.5183675513283
high_009,high,1016.7534284275691,153,2516,783,748,3056,1776.490908816123
high_009,high,1016.7534284275691,153,2516,783,748,3062,1789.853907781148
high_009,high,1016.7534284275691,153,2516,783,748,3070,1768.8673882991632
high_009,high,1016.7534284275691,153,2516,783,748,3075,1825.9460545934255
high_009,high,1016.7534284275691,153,2516,783,748,3085,1847.520607182489
high_009,high,1016.7534284275691,153,2516,783,748,3086,1850.1489869928
high_009,high,1016.7534284275691,153,2516,783,748,3092,1885.3692764509717
high_009,high,1016.7534284275691,153,2516,783,748,3093,1885.3692764509717
high_009,high,1016.7534284275691,153,2516,783,748,3100,1901.5576161867075
high_009,high,1016.7534284275691,153,2516,783,748,3101,1902.2434747830373
high_009,high,1016.7534284275691,153,2516,783,748,3104,1904.2352189638789
high_009,high,1016.7534284275691,153,2516,783,748,3120,1889.4526206196583
high_009,high,1016.7534284275691,153,2516,783,748,3123,1911.885444998504
high_009,high,1016.7534284275691,153,2516,783,748,3124,1896.687272406516
high_009,high,1016.7534284275691,153,2516,783,748,3125,1885.3692764509717
high_009,high,1016.7534284275691,153,2516,783,748,3133,1894.2006327138815
high_009,high,1016.7534284275691,153,2516,783,748,3146,1941.9562615813063
high_009,high,1016.7534284275691,153,2516,783,748,3150,1967.7192334869248
high_009,high,1016.7534284275691,153,2516,783,748,3153,1968.1844393097967
high_009,high,1016.7534284275691,153,2516,783,748,3155,1951.7117626688632
high_009,high,1016.7534284275691,153,2516,783,748,3157,1949.34240506614
high_009,high,1016.7534284275691,153,2516,783,748,3161,1954.9364536664243
high_009,high,1016.7534284275691,153,2516,783,748,3162,1955.0965592057537
high_009,high,1016.7534284275691,153,2516,783,748,3167,1943.926730526416
high_009,high,1016.7534284275691,153,2516,783,748,3172,1941.3900424165363
high_009,high,1016.7534284275691,153,2516,783,748,3173,1956.8211717570284
high_009,high,1016.7534284275691,153,2516,783,748,3174,1956.9017840523288
high_009,high,1016.7534284275691,153,2516,783,748,3179,1960.5122337454784
high_009,high,1016.7534284275691,153,2516,783,748,3183,1944.7873573629684
high_009,high,1016.7534284275691,153,2516,783,748,3186,1945.542316249328
high_009,high,1016.7534284275691,153,2516,783,748,3188,1946.297275135688
high_009,high,1016.7534284275691,153,2516,783,748,3193,1962.4753260288408
high_009,high,1016.7534284275691,153,2516,783,748,3194,1962.7176308718235
high_009,high,1016.7534284275691,153,2516,783,748,3195,1947.5371802195648
high_009,high,1016.7534284275691,153,2516,783,748,3198,1948.33994034931
high_009,high,1016.7534284275691,153,2516,783,748,3201,1974.6081986405648
high_009,high,1016.7534284275691,153,2516,783,748,3210,1951.6381969727613
high_009,high,1016.7534284275691,153,2516,783,748,3212,1948.4397926428528
high_009,high,1016.7534284275691,153,2516,783,748,3213,1948.5621517947664
high_009,high,1016.7534284275691,153,2516,783,748,3216,1969.9841102022529
high_009,high,1016.7534284275691,153,2516,783,748,3220,2002.7021406930733
high_009,high,1016.7534284275691,153,2516,783,748,3222,1999.7671963312464
high_009,high,1016.7534284275691,153,2516,783,748,3233,1986.8958748127247
high_009,high,1016.7534284275691,153,2516,783,748,3234,1983.6394292202956
high_009,high,1016.7534284275691,153,2516,783,748,3238,1985.0361031009995
high_009,high,1016.7534284275691,153,2516,783,748,3243,1990.0476404845112
high_009,high,1016.7534284275691,153,2516,783,748,3248,2000.0597846751875
high_009,high,1016.7534284275691,153,2516,783,748,3250,1992.8855924138315
high_009,high,1016.7534284275691,153,2516,783,748,3253,1983.2902607360568
high_009,high,1016.7534284275691,153,2516,783,748,3270,2010.8631815234544
high_009,high,1016.7534284275691,153,2516,783,748,3273,2012.036030887531
high_009,high,1016.7534284275691,153,2516,783,748,3280,2019.366339121728
high_009,high,1016.7534284275691,153,2516,783,748,3294,2042.188032114164
high_009,high,1016.7534284275691,153,2516,783,748,3297,2032.316550335476
high_010,high,1299.5885640272695,130,2572,727,696,718,1333.858879521978
high_010,high,1299.5885640272695,130,2572,727,696,721,1350.5355457198355
high_010,high,1299.5885640272695,130,2572,727,696,734,1357.7989377431288
high_010,high,1299.5885640272695,130,2572,727,696,736,1326.5722215408507
high_010,high,1299.5885640272695,130,2572,727,696,748,1426.2729630709882
high_010,high,1299.5885640272695,130,2572,727,696,755,1344.3198404366383
high_010,high,1299.5885640272695,130,2572,727,696,760,1330.344943996272
high_010,high,1299.5885640272695,130,2572,727,696,763,1368.3557856485136
high_010,high,1299.5885640272695,130,2572,727,696,764,1368.64715706297
high_010,high,1299.5885640272695,130,2572,727,696,777,1350.6268284633345
high_010,high,1299.5885640272695,130,2572,727,696,782,1358.6099296224215
high_010,high,1299.5885640272695,130,2572,727,696,786,1339.322565165883
high_010,high,1299.5885640272695,130,2572,727,696,792,1352.7617543264284
high_010,high,1299.5885640272695,130,2572,727,696,803,1330.738246796245
high_010,high,1299.5885640272695,130,2572,727,696,805,1325.9491409563857
high_010,high,1299.5885640272695,130,2572,727,696,816,1360.878450631251
high_010,high,1299.5885640272695,130,2572,727,696,824,1356.4750434302453
high_010,high,1299.5885640272695,130,2572,727,696,825,1358.5355358559348
high_010,high,1299.5885640272695,130,2572,727,696,826,1358.038794835751
high_010,high,1299.5885640272695,130,2572,727,696,828,1348.5082651237112
high_010,high,1299.5885640272695,130,2572,727,696,833,1333.3008809583025
high_010,high,1299.5885640272695,130,2572,727,696,838,1338.3117669042094
high_010,high,1299.5885640272695,130,2572,727,696,856,1346.476942364096
high_010,high,1299.5885640272695,130,2572,727,696,857,1347.229513615338
high_010,high,1299.5885640272695,130,2572,727,696,858,1337.6858226931267
high_010,high,1299.5885640272695,130,2572,727,696,872,1477.5257648375266
high_010,high,1299.5885640272695,130,2572,727,696,875,1479.4805137582352
high_010,high,1299.5885640272695,130,2572,727,696,877,1480.5746854550869
high_010,high,1299.5885640272695,130,2572,727,696,882,1481.8363078141683
high_010,high,1299.5885640272695,130,2572,727,696,884,1483.0979301732502
high_010,high,1299.5885640272695,130,2572,727,696,889,1483.9966381713575
high_010,high,1299.5885640272695,130,2572,727,696,2128,1331.2507202733527
high_010,high,1299.5885640272695,130,2572,727,696,2129,1358.577554406384
high_010,high,1299.5885640272695,130,2572,727,696,2416,1495.1884771753512
high_010,high,1299.5885640272695,130,2572,727,696,2424,1496.6388452354872
high_010,high,1299.5885640272695,130,2572,727,696,2613,1521.3218916075411
high_010,high,1299.5885640272695,130,2572,727,696,2616,1527.1449925448933
high_010,high,1299.5885640272695,130,2572,727,696,2618,1525.385718615291
high_010,high,1299.5885640272695,130,2572,727,696,2619,1531.5559706185345
high_010,high,1299.5885640272695,130,2572,727,696,2626,1525.5632646008926
high_010,high,1299.5885640272695,130,2572,727,696,2629,1523.0400199453943
high_010,high,1299.5885640272695,130,2572,727,696,2643,1524.8250884191757
high_010,high,1299.5885640272695,130,2572,727,696,2644,1530.6265608592166
high_010,high,1299.5885640272695,130,2572,727,696,2822,1550.546438330423
high_010,high,1299.5885640272695,130,2572,727,696,2834,1600.9585790327797
high_010,high,1299.5885640272695,130,2572,727,696,2846,1580.6256014775545
high_010,high,1299.5885640272695,130,2572,727,696,2860,1623.000586670196
high_010,high,1299.5885640272695,130,2572,727,696,2861,1629.4353421031635
high_010,high,1299.5885640272695,130,2572,727,696,2868,1539.2184824212866
high_010,high,1299.5885640272695,130,2572,727,696,2869,1544.1598365148045
high_010,high,1299.5885640272695,130,2572,727,696,2876,1586.5148759603824
high_010,high,1299.5885640272695,130,2572,727,696,2881,1587.668944947341
high_010,high,1299.5885640272695,130,2572,727,696,2893,1546.5256914356917
high_010,high,1299.5885640272695,130,2572,727,696,2902,1687.4425146780004
high_010,high,1299.5885640272695,130,2572,727,696,2907,1672.0977359446313
high_010,high,1299.5885640272695,130,2572,727,696,2911,1676.1520553267037
high_010,high,1299.5885640272695,130,2572,727,696,2912,1676.7826086138914
high_010,high,1299.5885640272695,130,2572,727,696,2923,1678.6792438922212
high_010,high,1299.5885640272695,130,2572,727,696,2936,1699.9884982410574
high_010,high,1299.5885640272695,130,2572,727,696,2940,1701.7066265789106
high_010,high,1299.5885640272695,130,2572,727,696,2946,1702.6840010101369
high_010,high,1299.5885640272695,130,2572,727,696,2947,1702.757978503035
high_010,high,1299.5885640272695,130,2572,727,696,2951,1748.8071931055504
high_010,high,1299.5885640272695,130,2572,727,696,2953,1759.9515234010055
high_010,high,1299.5885640272695,130,2572,727,696,2958,1701.7066265789106
high_010,high,1299.5885640272695,130,2572,727,696,2965,1725.6774502734868
high_010,high,1299.5885640272695,130,2572,727,696,2976,1742.6516345383357
high_010,high,1299.5885640272695,130,2572,727,696,2977,1704.4401416067003
high_010,high,1299.5885640272695,130,2572,727,696,2978,1742.9518279728002
high_010,high,1299.5885640272695,130,2572,727,696,2981,1747.560572874484
high_010,high,1299.5885640272695,130,2572,727,696,2983,1705.9093367030907
high_010,high,1299.5885640272695,130,2572,727,696,2984,1706.5428454549497
high_010,high,1299.5885640272695,130,2572,727,696,2987,1716.7681417350043
high_010,high,1299.5885640272695,130,2572,727,696,2996,1811.089963425206
high_010,high,1299.5885640272695,130,2572,727,696,2998,1804.4237095533451
high_010,high,1299.5885640272695,130,2572,727,696,3007,1769.2140537276102
high_010,high,1299.5885640272695,130,2572,727,696,3010,1777.581561940777
high_010,high,1299.5885640272695,130,2572,727,696,3017,1780.2426155491426
high_010,high,1299.5885640272695,130,2572,727,696,3021,1784.027482501057
high_010,high,1299.5885640272695,130,2572,727,696,3029,1770.3599074874378
high_010,high,1299.5885640272695,130,2572,727,696,3040,1797.169381427283
high_010,high,1299.5885640272695,130,2572,727,696,3051,1774.6338974200955
high_010,high,1299.5885640272695,130,2572,727,696,3053,1769.7470252639644
high_010,high,1299.5885640272695,130,2572,727,696,3055,1787.6020790180144
high_010,high,1299.5885640272695,130,2572,727,696,3056,1776.490908816123
high_010,high,1299.5885640272695,130,2572,727,696,3069,1768.20995275267
high_010,high,1299.5885640272695,130,2572,727,696,3076,1826.8385888303164
high_010,high,1299.5885640272695,130,2572,727,696,3087,1847.520607182489
high_010,high,1299.5885640272695,130,2572,727,696,3093,1885.3692764509717
high_010,high,1299.5885640272695,130,2572,727,696,3094,1906.9128217410496
high_010,high,1299.5885640272695,130,2572,727,696,3095,1907.2899642193647
high_010,high,1299.5885640272695,130,2572,727,696,3103,1902.8936001846173
high_010,high,1299.5885640272695,130,2572,727,696,3104,1904.2352189638789
high_010,high,1299.5885640272695,130,2572,727,696,3105,1888.225386035621
high_010,high,1299.5885640272695,130,2572,727,696,3112,1886.2618106878624
high_010,high,1299.5885640272695,130,2572,727,696,3115,1897.7226615594343
high_010,high,1299.5885640272695,130,2572,727,696,3118,1899.1589303544083
high_010,high,1299.5885640272695,130,2572,727,696,3119,1889.0490081854075
high_010,high,1299.5885640272695,130,2572,727,696,3130,1891.467117686092
high_010,high,1299.5885640272695,130,2572,727,696,3139,1887.812712529037
high_010,high,1299.5885640272695,130,2572,727,696,3140,1915.7460742814765
high_010,high,1299.5885640272695,130,2572,727,696,3148,1942.6168505857777
high_010,high,1299.5885640272695,130,2572,727,696,3152,1950.4706705784367
high_010,high,1299.5885640272695,130,2572,727,696,3156,1952.3369462265648
high_010,high,1299.5885640272695,130,2572,727,696,3159,1953.2913343591788
high_010,high,1299.5885640272695,130,2572,727,696,3163,1942.6857860774976
high_010,high,1299.5885640272695,130,2572,727,696,3170,1944.0323984766087
high_010,high,1299.5885640272695,130,2572,727,696,3175,1958.1878775536652
high_010,high,1299.5885640272695,130,2572,727,696,3180,1960.5906079382369
high_010,high,1299.5885640272695,130,2572,727,696,3182,1962.3174585920533
high_010,high,1299.5885640272695,130,2572,727,696,3190,1946.634567796278
high_010,high,1299.5885640272695,130,2572,727,696,3191,1947.0522340220475
high_010,high,1299.5885640272695,130,2572,727,696,3193,1962.4753260288408
high_010,high,1299.5885640272695,130,2572,727,696,3215,1965.927908285203
high_010,high,1299.5885640272695,130,2572,727,696,3218,2000.7372792996312
high_010,high,1299.5885640272695,130,2572,727,696,3227,1995.1384984974616
high_010,high,1299.5885640272695,130,2572,727,696,3229,1986.9612481965307
high_010,high,1299.5885640272695,130,2572,727,696,3230,1987.4274154764817
high_010,high,1299.5885640272695,130,2572,727,696,3234,1983.6394292202956
high_010,high,1299.5885640272695,130,2572,727,696,3235,1983.6691585740657
high_010,high,1299.5885640272695,130,2572,727,696,3237,1984.451159275892
high_010,high,1299.5885640272695,130,2572,727,696,3247,1991.5664973302007
high_010,high,1299.5885640272695,130,2572,727,696,3253,1983.2902607360568
high_010,high,1299.5885640272695,130,2572,727,696,3254,1988.2635522515957
high_010,high,1299.5885640272695,130,2572,727,696,3261,2009.6903321593784
high_010,high,1299.5885640272695,130,2572,727,696,3262,2009.006170069171
high_010,high,1299.5885640272695,130,2572,727,696,3268,2009.7871375015131
high_010,high,1299.5885640272695,130,2572,727,696,3296,2032.316550335476
high_010,high,1299.5885640272695,130,2572,727,696,3297,2032.316550335476
high_010,high,1299.5885640272695,130,2572,727,696,3298,2033.1961873002767
high_011,high,1141.68571189901,133,2564,735,704,688,1196.0371994697168
high_011,high,1141.68571189901,133,2564,735,704,712,1307.574701533219
high_011,high,1141.68571189901,133,2564,735,704,741,1370.9090810820128
high_011,high,1141.68571189901,133,2564,735,704,742,1374.3908450516374
high_011,high,1141.68571189901,133,2564,735,704,743,1386.3930053741617
high_011,high,1141.68571189901,133,2564,735,704,747,1424.8516470617349
high_011,high,1141.68571189901,133,2564,735,704,748,1426.2729630709882
high_011,high,1141.68571189901,133,2564,735,704,750,1366.1034853805877
high_011,high,1141.68571189901,133,2564,735,704,755,1344.3198404366383
high_011,high,1141.68571189901,133,2564,735,704,758,1342.2825773940383
high_011,high,1141.68571189901,133,2564,735,704,760,1329.1002873452835
high_011,high,1141.68571189901,133,2564,735,704,764,1368.64715706297
high_011,high,1141.68571189901,133,2564,735,704,766,1385.3811167692236
high_011,high,1141.68571189901,133,2564,735,704,767,1373.8002339690402
high_011,high,1141.68571189901,133,2564,735,704,769,1374.69114271996
high_011,high,1141.68571189901,133,2564,735,704,770,1344.523654281781
high_011,high,1141.68571189901,133,2564,735,704,772,1324.426566550079
high_011,high,1141.68571189901,133,2564,735,704,776,1312.3649744639813
high_011,high,1141.68571189901,133,2564,735,704,777,1350.6268284633345
high_011,high,1141.68571189901,133,2564,735,704,782,1310.9914872950703
high_011,high,1141.68571189901,133,2564,735,704,785,1388.899947318383
high_011,high,1141.68571189901,133,2564,735,704,808,1313.4914275057963
high_011,high,1141.68571189901,133,2564,735,704,815,1337.0096613173928
high_011,high,1141.68571189901,133,2564,735,704,816,1360.878450631251
high_011,high,1141.68571189901,133,2564,735,704,822,1326.6568843135929
high_011,high,1141.68571189901,133,2564,735,704,824,1356.4750434302453
high_011,high,1141.68571189901,133,2564,735,704,833,1320.8059529864922
high_011,high,1141.68571189901,133,2564,735,704,834,1332.7435338166829
high_011,high,1141.68571189901,133,2564,735,704,835,1321.938391344156
high_011,high,1141.68571189901,133,2564,735,704,836,1393.9531028749157
high_011,high,1141.68571189901,133,2564,735,704,846,1337.603787912688
high_011,high,1141.68571189901,133,2564,735,704,859,1323.07082970182
high_011,high,1141.68571189901,133,2564,735,704,868,1354.9855111890683
high_011,high,1141.68571189901,133,2564,735,704,873,1478.6414326170152
high_011,high,1141.68571189901,133,2564,735,704,874,1479.3130630960052
high_011,high,1141.68571189901,133,2564,735,704,875,1479.4805137582352
high_011,high,1141.68571189901,133,2564,735,704,883,1482.657836782772
high_011,high,1141.68571189901,133,2564,735,704,2128,1302.3396319189326
high_011,high,1141.68571189901,133,2564,735,704,2404,1489.82658233725
high_011,high,1141.68571189901,133,2564,735,704,2407,1490.8039567684764
high_011,high,1141.68571189901,133,2564,735,704,2418,1495.1884771753512
high_011,high,1141.68571189901,133,2564,735,704,2419,1497.827388069755
high_011,high,1141.68571189901,133,2564,735,704,2623,1528.6121851557873
high_011,high,1141.68571189901,133,2564,735,704,2625,1528.2201044425449
high_011,high,1141.68571189901,133,2564,735,704,2635,1526.265355580092
high_011,high,1141.68571189901,133,2564,735,704,2640,1529.873807514869
high_011,high,1141.68571189901,133,2564,735,704,2643,1524.8250884191757
high_011,high,1141.68571189901,133,2564,735,704,2831,1542.0571326665552
high_011,high,1141.68571189901,133,2564,735,704,2833,1600.9429946135954
high_011,high,1141.68571189901,133,2564,735,704,2834,1600.9585790327797
high_011,high,1141.68571189901,133,2564,735,704,2844,1621.0268806880636
high_011,high,1141.68571189901,133,2564,735,704,2855,1557.2491677696253
high_011,high,1141.68571189901,133,2564,735,704,2861,1629.4353421031635
high_011,high,1141.68571189901,133,2564,735,704,2864,1642.2591571386442
high_011,high,1141.68571189901,133,2564,735,704,2869,1544.1598365148045
high_011,high,1141.68571189901,133,2564,735,704,2871,1544.404703882299
high_011,high,1141.68571189901,133,2564,735,704,2876,1586.5148759603824
high_011,high,1141.68571189901,133,2564,735,704,2878,1585.8208920442405
high_011,high,1141.68571189901,133,2564,735,704,2893,1546.5256914356917
high_011,high,1141.68571189901,133,2564,735,704,2897,1596.3512176993647
high_011,high,1141.68571189901,133,2564,735,704,2900,1680.6986311258418
high_011,high,1141.68571189901,133,2564,735,704,2914,1677.9393536478476
high_011,high,1141.68571189901,133,2564,735,704,2926,1680.575879170551
high_011,high,1141.68571189901,133,2564,735,704,2933,1671.315836387999
high_011,high,1141.68571189901,133,2564,735,704,2937,1699.9884982410574
high_011,high,1141.68571189901,133,2564,735,704,2940,1701.7066265789106
high_011,high,1141.68571189901,133,2564,735,704,2943,1704.2478001234012
high_011,high,1141.68571189901,133,2564,735,704,2966,1725.7500376103792
high_011,high,1141.68571189901,133,2564,735,704,2972,1734.9293474063122
high_011,high,1141.68571189901,133,2564,735,704,2974,1738.651380382195
high_011,high,1141.68571189901,133,2564,735,704,2975,1739.555295972725
high_011,high,1141.68571189901,133,2564,735,704,2981,1747.560572874484
high_011,high,1141.68571189901,133,2564,735,704,3003,1818.6381363057571
high_011,high,1141.68571189901,133,2564,735,704,3004,1819.142636240427
high_011,high,1141.68571189901,133,2564,735,704,3012,1771.3108243772288
high_011,high,1141.68571189901,133,2564,735,704,3016,1780.0360311088511
high_011,high,1141.68571189901,133,2564,735,704,3017,1780.2426155491426
high_011,high,1141.68571189901,133,2564,735,704,3018,1782.555589832349
high_011,high,1141.68571189901,133,2564,735,704,3026,1780.595881473878
high_011,high,1141.68571189901,133,2564,735,704,3039,1796.136134907073
high_011,high,1141.68571189901,133,2564,735,704,3046,1816.93479730003
high_011,high,1141.68571189901,133,2564,735,704,3057,1789.4899888213392
high_011,high,1141.68571189901,133,2564,735,704,3059,1800.006484468096
high_011,high,1141.68571189901,133,2564,735,704,3068,1768.0469333295623
high_011,high,1141.68571189901,133,2564,735,704,3073,1828.4062180683045
high_011,high,1141.68571189901,133,2564,735,704,3083,1831.770544275635
high_011,high,1141.68571189901,133,2564,735,704,3088,1847.520607182489
high_011,high,1141.68571189901,133,2564,735,704,3093,1885.3692764509717
high_011,high,1141.68571189901,133,2564,735,704,3094,1906.9128217410496
high_011,high,1141.68571189901,133,2564,735,704,3096,1908.1714222064488
high_011,high,1141.68571189901,133,2564,735,704,3099,1900.5479014564648
high_011,high,1141.68571189901,133,2564,735,704,3105,1888.225386035621
high_011,high,1141.68571189901,133,2564,735,704,3108,1895.8302281461424
high_011,high,1141.68571189901,133,2564,735,704,3114,1905.23929891277
high_011,high,1141.68571189901,133,2564,735,704,3115,1897.7226615594343
high_011,high,1141.68571189901,133,2564,735,704,3124,1896.687272406516
high_011,high,1141.68571189901,133,2564,735,704,3127,1890.2054953270103
high_011,high,1141.68571189901,133,2564,735,704,3134,1886.151176007604
high_011,high,1141.68571189901,133,2564,735,704,3136,1886.933075564236
high_011,high,1141.68571189901,133,2564,735,704,3143,1941.3900424165363
high_011,high,1141.68571189901,133,2564,735,704,3153,1968.1844393097967
high_011,high,1141.68571189901,133,2564,735,704,3154,1949.3171106811265
high_011,high,1141.68571189901,133,2564,735,704,3162,1955.0965592057537
high_011,high,1141.68571189901,133,2564,735,704,3170,1944.0323984766087
high_011,high,1141.68571189901,133,2564,735,704,3175,1958.1878775536652
high_011,high,1141.68571189901,133,2564,735,704,3178,1959.6977953263847
high_011,high,1141.68571189901,133,2564,735,704,3184,1944.8293429497032
high_011,high,1141.68571189901,133,2564,735,704,3186,1945.542316249328
high_011,high,1141.68571189901,133,2564,735,704,3188,1946.297275135688
high_011,high,1141.68571189901,133,2564,735,704,3189,1946.4552222587056
high_011,high,1141.68571189901,133,2564,735,704,3191,1947.0522340220475
high_011,high,1141.68571189901,133,2564,735,704,3193,1962.4753260288408
high_011,high,1141.68571189901,133,2564,735,704,3194,1962.7176308718235
high_011,high,1141.68571189901,133,2564,735,704,3204,1977.013502796584
high_011,high,1141.68571189901,133,2564,735,704,3210,1951.6381969727613
high_011,high,1141.68571189901,133,2564,735,704,3211,1949.282299394612
high_011,high,1141.68571189901,133,2564,735,704,3218,2000.7372792996312
high_011,high,1141.68571189901,133,2564,735,704,3228,1995.2007173905813
high_011,high,1141.68571189901,133,2564,735,704,3230,1987.4274154764817
high_011,high,1141.68571189901,133,2564,735,704,3232,1983.2902607360568
high_011,high,1141.68571189901,133,2564,735,704,3233,1986.8958748127247
high_011,high,1141.68571189901,133,2564,735,704,3239,1985.2871547092404
high_011,high,1141.68571189901,133,2564,735,704,3251,1997.4118855255128
high_011,high,1141.68571189901,133,2564,735,704,3262,2009.006170069171
high_011,high,1141.68571189901,133,2564,735,704,3268,2009.7871375015131
high_011,high,1141.68571189901,133,2564,735,704,3269,2010.478062769212
high_011,high,1141.68571189901,133,2564,735,704,3276,2018.4893461283248
high_011,high,1141.68571189901,133,2564,735,704,3277,2023.6667867123333
high_011,high,1141.68571189901,133,2564,735,704,3279,2019.204283689313
high_011,high,1141.68571189901,133,2564,735,704,3282,2030.019720515304
high_011,high,1141.68571189901,133,2564,735,704,3289,2033.8784852001604
high_011,high,1141.68571189901,133,2564,735,704,3291,2041.4453072957035
high_011,high,1141.68571189901,133,2564,735,704,3296,2032.316550335476
high_012,high,1127.7881812916849,135,2558,741,710,561,1158.7706049080316
high_012,high,1127.7881812916849,135,2558,741,710,675,1162.6491495534358
high_012,high,1127.7881812916849,135,2558,741,710,718,1323.4678545426373
high_012,high,1127.7881812916849,135,2558,741,710,725,1354.8734720795785
high_012,high,1127.7881812916849,135,2558,741,710,730,1352.468892178462
high_012,high,1127.7881812916849,135,2558,741,710,743,1386.3930053741617
high_012,high,1127.7881812916849,135,2558,741,710,744,1391.4889778711515
high_012,high,1127.7881812916849,135,2558,741,710,749,1428.022275172608
high_012,high,1127.7881812916849,135,2558,741,710,761,1324.203268059484
high_012,high,1127.7881812916849,135,2558,741,710,768,1372.0026489818729
high_012,high,1127.7881812916849,135,2558,741,710,769,1374.69114271996
high_012,high,1127.7881812916849,135,2558,741,710,776,1312.3649744639813
high_012,high,1127.7881812916849,135,2558,741,710,778,1350.791146219011
high_012,high,1127.7881812916849,135,2558,741,710,783,1315.846738433606
high_012,high,1127.7881812916849,135,2558,741,710,785,1388.899947318383
high_012,high,1127.7881812916849,135,2558,741,710,788,1336.0938701399689
high_012,high,1127.7881812916849,135,2558,741,710,792,1352.7617543264284
high_012,high,1127.7881812916849,135,2558,741,710,798,1359.8989100397057
high_012,high,1127.7881812916849,135,2558,741,710,799,1362.6552069628856
high_012,high,1127.7881812916849,135,2558,741,710,804,1319.153650402004
high_012,high,1127.7881812916849,135,2558,741,710,814,1325.4300761865384
high_012,high,1127.7881812916849,135,2558,741,710,829,1327.1112688517585
high_012,high,1127.7881812916849,135,2558,741,710,835,1321.938391344156
high_012,high,1127.7881812916849,135,2558,741,710,836,1393.9531028749157
high_012,high,1127.7881812916849,135,2558,741,710,845,1337.1392245998377
high_012,high,1127.7881812916849,135,2558,741,710,847,1340.416178881104
high_012,high,1127.7881812916849,135,2558,741,710,852,1361.951211477485
high_012,high,1127.7881812916849,135,2558,741,710,853,1309.926047267874
high_012,high,1127.7881812916849,135,2558,741,710,859,1323.07082970182
high_012,high,1127.7881812916849,135,2558,741,710,874,1479.3130630960052
high_012,high,1127.7881812916849,135,2558,741,710,884,1483.0979301732502
high_012,high,1127.7881812916849,135,2558,741,710,889,1483.9966381713575
high_012,high,1127.7881812916849,135,2558,741,710,2129,1302.4521213622656
high_012,high,1127.7881812916849,135,2558,741,710,2409,1490.9422501167387
high_012,high,1127.7881812916849,135,2558,741,710,2410,1493.149655380117
high_012,high,1127.7881812916849,135,2558,741,710,2413,1492.0344214029776
high_012,high,1127.7881812916849,135,2558,741,710,2417,1495.1884771753512
high_012,high,1127.7881812916849,135,2558,741,710,2421,1496.4500995344329
high_012,high,1127.7881812916849,135,2558,741,710,2422,1498.2007801001716
high_012,high,1127.7881812916849,135,2558,741,710,2608,1499.874281769405
high_012,high,1127.7881812916849,135,2558,741,710,2616,1527.1449925448933
high_012,high,1127.7881812916849,135,2558,741,710,2622,1527.4556980141842
high_012,high,1127.7881812916849,135,2558,741,710,2624,1527.8373914104952
high_012,high,1127.7881812916849,135,2558,741,710,2628,1523.0400199453943
high_012,high,1127.7881812916849,135,2558,741,710,2631,1535.5912823981423
high_012,high,1127.7881812916849,135,2558,741,710,2642,1526.7217236310066
high_012,high,1127.7881812916849,135,2558,741,710,2643,1524.8250884191757
high_012,high,1127.7881812916849,135,2558,741,710,2823,1553.9793661000438
high_012,high,1127.7881812916849,135,2558,741,710,2826,1541.9811759334414
high_012,high,1127.7881812916849,135,2558,741,710,2827,1574.0879854735133
high_012,high,1127.7881812916849,135,2558,741,710,2828,1561.92768363145
high_012,high,1127.7881812916849,135,2558,741,710,2841,1565.6656515192906
high_012,high,1127.7881812916849,135,2558,741,710,2858,1616.6787815628577
high_012,high,1127.7881812916849,135,2558,741,710,2862,1570.730831536988
high_012,high,1127.7881812916849,135,2558,741,710,2863,1562.8262645356635
high_012,high,1127.7881812916849,135,2558,741,710,2864,1642.2591571386442
high_012,high,1127.7881812916849,135,2558,741,710,2868,1539.2184824212866
high_012,high,1127.7881812916849,135,2558,741,710,2869,1544.1598365148045
high_012,high,1127.7881812916849,135,2558,741,710,2870,1544.402149144605
high_012,high,1127.7881812916849,135,2558,741,710,2881,1587.668944947341
high_012,high,1127.7881812916849,135,2558,741,710,2895,1548.4983419351502
high_012,high,1127.7881812916849,135,2558,741,710,2897,1596.3512176993647
high_012,high,1127.7881812916849,135,2558,741,710,2898,1633.9312643935948
high_012,high,1127.7881812916849,135,2558,741,710,2903,1688.6086871030702
high_012,high,1127.7881812916849,135,2558,741,710,2906,1671.315836387999
high_012,high,1127.7881812916849,135,2558,741,710,2919,1673.313405081435
high_012,high,1127.7881812916849,135,2558,741,710,2926,1680.575879170551
high_012,high,1127.7881812916849,135,2558,741,710,2929,1694.1870260005132
high_012,high,1127.7881812916849,135,2558,741,710,2931,1684.3149164514716
high_012,high,1127.7881812916849,135,2558,741,710,2932,1671.315836387999
high_012,high,1127.7881812916849,135,2558,741,710,2935,1699.9884982410574
high_012,high,1127.7881812916849,135,2558,741,710,2943,1704.2478001234012
high_012,high,1127.7881812916849,135,2558,741,710,2954,1723.462148411936
high_012,high,1127.7881812916849,135,2558,741,710,2959,1712.850956999697
high_012,high,1127.7881812916849,135,2558,741,710,2966,1725.7500376103792
high_012,high,1127.7881812916849,135,2558,741,710,2972,1734.9293474063122
high_012,high,1127.7881812916849,135,2558,741,710,2974,1738.651380382195
high_012,high,1127.7881812916849,135,2558,741,710,2984,1706.5428454549497
high_012,high,1127.7881812916849,135,2558,741,710,2995,1810.311280228178
high_012,high,1127.7881812916849,135,2558,741,710,3011,1777.9296412659362
high_012,high,1127.7881812916849,135,2558,741,710,3022,1785.9199159143488
high_012,high,1127.7881812916849,135,2558,741,710,3024,1786.0691783120474
high_012,high,1127.7881812916849,135,2558,741,710,3026,1780.595881473878
high_012,high,1127.7881812916849,135,2558,741,710,3031,1784.9449694449995
high_012,high,1127.7881812916849,135,2558,741,710,3032,1789.9150533012207
high_012,high,1127.7881812916849,135,2558,741,710,3033,1791.6402126166415
high_012,high,1127.7881812916849,135,2558,741,710,3042,1797.4404486284714
high_012,high,1127.7881812916849,135,2558,741,710,3046,1816.93479730003
high_012,high,1127.7881812916849,135,2558,741,710,3053,1769.7470252639644
high_012,high,1127.7881812916849,135,2558,741,710,3067,1767.987751334362
high_012,high,1127.7881812916849,135,2558,741,710,3068,1768.0469333295623
high_012,high,1127.7881812916849,135,2558,741,710,3082,1831.0284017406632
high_012,high,1127.7881812916849,135,2558,741,710,3090,1893.3574579808665
high_012,high,1127.7881812916849,135,2558,741,710,3093,1885.3692764509717
high_012,high,1127.7881812916849,135,2558,741,710,3094,1906.9128217410496
high_012,high,1127.7881812916849,135,2558,741,710,3099,1900.5479014564648
high_012,high,1127.7881812916849,135,2558,741,710,3101,1902.2434747830373
high_012,high,1127.7881812916849,135,2558,741,710,3106,1895.0309596500997
high_012,high,1127.7881812916849,135,2558,741,710,3116,1887.9976562612828
high_012,high,1127.7881812916849,135,2558,741,710,3117,1898.4465463361184
high_012,high,1127.7881812916849,135,2558,741,710,3123,1911.885444998504
high_012,high,1127.7881812916849,135,2558,741,710,3137,1887.051439554637
high_012,high,1127.7881812916849,135,2558,741,710,3138,1887.221285060681
high_012,high,1127.7881812916849,135,2558,741,710,3140,1915.7460742814765
high_012,high,1127.7881812916849,135,2558,741,710,3143,1941.3900424165363
high_012,high,1127.7881812916849,135,2558,741,710,3153,1968.1844393097967
high_012,high,1127.7881812916849,135,2558,741,710,3156,1952.3369462265648
high_012,high,1127.7881812916849,135,2558,741,710,3164,1943.0241181031288
high_012,high,1127.7881812916849,135,2558,741,710,3178,1959.6977953263847
high_012,high,1127.7881812916849,135,2558,741,710,3180,1960.5906079382369
high_012,high,1127.7881812916849,135,2558,741,710,3182,1962.3174585920533
high_012,high,1127.7881812916849,135,2558,741,710,3184,1944.8293429497032
high_012,high,1127.7881812916849,135,2558,741,710,3188,1946.297275135688
high_012,high,1127.7881812916849,135,2558,741,710,3193,1962.4753260288408
high_012,high,1127.7881812916849,135,2558,741,710,3195,1947.5371802195648
high_012,high,1127.7881812916849,135,2558,741,710,3202,1975.8108507185743
high_012,high,1127.7881812916849,135,2558,741,710,3216,1969.9841102022529
high_012,high,1127.7881812916849,135,2558,741,710,3221,1995.718771233304
high_012,high,1127.7881812916849,135,2558,741,710,3228,1995.2007173905813
high_012,high,1127.7881812916849,135,2558,741,710,3232,1983.2902607360568
high_012,high,1127.7881812916849,135,2558,741,710,3234,1983.6394292202956
high_012,high,1127.7881812916849,135,2558,741,710,3235,1983.6691585740657
high_012,high,1127.7881812916849,135,2558,741,710,3241,1985.998675648765
high_012,high,1127.7881812916849,135,2558,741,710,3242,1984.1679004351224
high_012,high,1127.7881812916849,135,2558,741,710,3243,1990.0476404845112
high_012,high,1127.7881812916849,135,2558,741,710,3248,2000.0597846751875
high_012,high,1127.7881812916849,135,2558,741,710,3250,1992.8855924138315
high_012,high,1127.7881812916849,135,2558,741,710,3251,1997.4118855255128
high_012,high,1127.7881812916849,135,2558,741,710,3252,1993.6426342817524
high_012,high,1127.7881812916849,135,2558,741,710,3265,2011.7396851282936
high_012,high,1127.7881812916849,135,2558,741,710,3269,2010.478062769212
high_012,high,1127.7881812916849,135,2558,741,710,3278,2009.006170069171
high_012,high,1127.7881812916849,135,2558,741,710,3283,2030.019720515304
high_012,high,1127.7881812916849,135,2558,741,710,3290,2038.1701155580124
high_012,high,1127.7881812916849,135,2558,741,710,3296,2032.316550335476
high_013,high,1182.8639439758676,115,2566,733,702,734,1357.7989377431288
high_013,high,1182.8639439758676,115,2566,733,702,742,1374.3908450516374
high_013,high,1182.8639439758676,115,2566,733,702,748,1426.2729630709882
high_013,high,1182.8639439758676,115,2566,733,702,752,1376.55653089222
high_013,high,1182.8639439758676,115,2566,733,702,755,1344.3198404366383
high_013,high,1182.8639439758676,115,2566,733,702,758,1342.2825773940383
high_013,high,1182.8639439758676,115,2566,733,702,771,1349.6533946567477
high_013,high,1182.8639439758676,115,2566,733,702,800,1363.973435982047
high_013,high,1182.8639439758676,115,2566,733,702,806,1354.4269470349725
high_013,high,1182.8639439758676,115,2566,733,702,809,1395.546881892366
high_013,high,1182.8639439758676,115,2566,733,702,814,1325.4300761865384
high_013,high,1182.8639439758676,115,2566,733,702,819,1325.7800062436615
high_013,high,1182.8639439758676,115,2566,733,702,820,1325.984473481814
high_013,high,1182.8639439758676,115,2566,733,702,821,1320.5917184488817
high_013,high,1182.8639439758676,115,2566,733,702,825,1313.521217242209
high_013,high,1182.8639439758676,115,2566,733,702,826,1320.7621699775823
high_013,high,1182.8639439758676,115,2566,733,702,827,1329.1105005677018
high_013,high,1182.8639439758676,115,2566,733,702,837,1327.542380413549
high_013,high,1182.8639439758676,115,2566,733,702,840,1334.2796061131376
high_013,high,1182.8639439758676,115,2566,733,702,845,1337.1392245998377
high_013,high,1182.8639439758676,115,2566,733,702,847,1340.416178881104
high_013,high,1182.8639439758676,115,2566,733,702,851,1341.7483331008743
high_013,high,1182.8639439758676,115,2566,733,702,853,1309.926047267874
high_013,high,1182.8639439758676,115,2566,733,702,860,1365.4115040289248
high_013,high,1182.8639439758676,115,2566,733,702,873,1478.6414326170152
high_013,high,1182.8639439758676,115,2566,733,702,879,1480.6533631223117
high_013,high,1182.8639439758676,115,2566,733,702,883,1482.657836782772
high_013,high,1182.8639439758676,115,2566,733,702,884,1483.0979301732502
high_013,high,1182.8639439758676,115,2566,733,702,2126,1301.0184539099898
high_013,high,1182.8639439758676,115,2566,733,702,2127,1301.0184539099898
high_013,high,1182.8639439758676,115,2566,733,702,2409,1490.9422501167387
high_013,high,1182.8639439758676,115,2566,733,702,2416,1495.1884771753512
high_013,high,1182.8639439758676,115,2566,733,702,2417,1495.1884771753512
high_013,high,1182.8639439758676,115,2566,733,702,2618,1525.385718615291
high_013,high,1182.8639439758676,115,2566,733,702,2621,1530.761277987035
high_013,high,1182.8639439758676,115,2566,733,702,2624,1527.8373914104952
high_013,high,1182.8639439758676,115,2566,733,702,2628,1523.0400199453943
high_013,high,1182.8639439758676,115,2566,733,702,2639,1524.7221830490598
high_013,high,1182.8639439758676,115,2566,733,702,2641,1529.0646259945322
high_013,high,1182.8639439758676,115,2566,733,702,2834,1600.9585790327797
high_013,high,1182.8639439758676,115,2566,733,702,2842,1572.5856272269668
high_013,high,1182.8639439758676,115,2566,733,702,2870,1544.402149144605
high_013,high,1182.8639439758676,115,2566,733,702,2887,1546.2625403630534
high_013,high,1182.8639439758676,115,2566,733,702,2888,1546.4502455398774
high_013,high,1182.8639439758676,115,2566,733,702,2892,1651.929141537288
high_013,high,1182.8639439758676,115,2566,733,702,2905,1692.3293868341316
high_013,high,1182.8639439758676,115,2566,733,702,2909,1672.543070972036
high_013,high,1182.8639439758676,115,2566,733,702,2914,1677.9393536478476
high_013,high,1182.8639439758676,115,2566,733,702,2921,1674.469892223038
high_013,high,1182.8639439758676,115,2566,733,702,2930,1684.5922832033095
high_013,high,1182.8639439758676,115,2566,733,702,2936,1699.9884982410574
high_013,high,1182.8639439758676,115,2566,733,702,2945,1752.4695112106324
high_013,high,1182.8639439758676,115,2566,733,702,2956,1715.6896072449656
high_013,high,1182.8639439758676,115,2566,733,702,2965,1725.6774502734868
high_013,high,1182.8639439758676,115,2566,733,702,2969,1730.3033988398995
high_013,high,1182.8639439758676,115,2566,733,702,2978,1742.9518279728002
high_013,high,1182.8639439758676,115,2566,733,702,2980,1747.2522755634054
high_013,high,1182.8639439758676,115,2566,733,702,2988,1708.6455493031988
high_013,high,1182.8639439758676,115,2566,733,702,2993,1711.7735832904484
high_013,high,1182.8639439758676,115,2566,733,702,3001,1814.1198240687977
high_013,high,1182.8639439758676,115,2566,733,702,3003,1818.6381363057571
high_013,high,1182.8639439758676,115,2566,733,702,3005,1767.2058517777298
high_013,high,1182.8639439758676,115,2566,733,702,3006,1768.9931500362084
high_013,high,1182.8639439758676,115,2566,733,702,3018,1782.555589832349
high_013,high,1182.8639439758676,115,2566,733,702,3020,1810.605328373238
high_013,high,1182.8639439758676,115,2566,733,702,3021,1784.027482501057
high_013,high,1182.8639439758676,115,2566,733,702,3033,1791.6402126166415
high_013,high,1182.8639439758676,115,2566,733,702,3035,1792.3331626765748
high_013,high,1182.8639439758676,115,2566,733,702,3036,1793.8881737618574
high_013,high,1182.8639439758676,115,2566,733,702,3040,1797.169381427283
high_013,high,1182.8639439758676,115,2566,733,702,3044,1813.0597975413125
high_013,high,1182.8639439758676,115,2566,733,702,3045,1772.147205808582
high_013,high,1182.8639439758676,115,2566,733,702,3050,1787.3397650260367
high_013,high,1182.8639439758676,115,2566,733,702,3051,1774.6338974200955
high_013,high,1182.8639439758676,115,2566,733,702,3052,1787.3994386130737
high_013,high,1182.8639439758676,115,2566,733,702,3055,1787.6020790180144
high_013,high,1182.8639439758676,115,2566,733,702,3070,1768.8673882991632
high_013,high,1182.8639439758676,115,2566,733,702,3085,1847.520607182489
high_013,high,1182.8639439758676,115,2566,733,702,3086,1850.1489869928
high_013,high,1182.8639439758676,115,2566,733,702,3087,1847.520607182489
high_013,high,1182.8639439758676,115,2566,733,702,3092,1885.3692764509717
high_013,high,1182.8639439758676,115,2566,733,702,3093,1885.3692764509717
high_013,high,1182.8639439758676,115,2566,733,702,3099,1900.5479014564648
high_013,high,1182.8639439758676,115,2566,733,702,3100,1901.5576161867075
high_013,high,1182.8639439758676,115,2566,733,702,3101,1902.2434747830373
high_013,high,1182.8639439758676,115,2566,733,702,3110,1897.03916159998
high_013,high,1182.8639439758676,115,2566,733,702,3111,1899.8253654076836
high_013,high,1182.8639439758676,115,2566,733,702,3114,1905.23929891277
high_013,high,1182.8639439758676,115,2566,733,702,3116,1887.9976562612828
high_013,high,1182.8639439758676,115,2566,733,702,3117,1898.4465463361184
high_013,high,1182.8639439758676,115,2566,733,702,3128,1890.6798552036955
high_013,high,1182.8639439758676,115,2566,733,702,3131,1892.0186565922809
high_013,high,1182.8639439758676,115,2566,733,702,3132,1893.4130681551176
high_013,high,1182.8639439758676,115,2566,733,702,3135,1886.210358002804
high_013,high,1182.8639439758676,115,2566,733,702,3149,1966.362557117041
high_013,high,1182.8639439758676,115,2566,733,702,3156,1952.3369462265648
high_013,high,1182.8639439758676,115,2566,733,702,3157,1949.34240506614
high_013,high,1182.8639439758676,115,2566,733,702,3164,1943.0241181031288
high_013,high,1182.8639439758676,115,2566,733,702,3166,1943.6281451228
high_013,high,1182.8639439758676,115,2566,733,702,3180,1960.5906079382369
high_013,high,1182.8639439758676,115,2566,733,702,3187,1945.7319553729903
high_013,high,1182.8639439758676,115,2566,733,702,3197,1964.122683438628
high_013,high,1182.8639439758676,115,2566,733,702,3208,1941.3900424165363
high_013,high,1182.8639439758676,115,2566,733,702,3209,1951.204507868901
high_013,high,1182.8639439758676,115,2566,733,702,3224,1988.840601984337
high_013,high,1182.8639439758676,115,2566,733,702,3226,1986.3316838512972
high_013,high,1182.8639439758676,115,2566,733,702,3244,1997.861143205876
high_013,high,1182.8639439758676,115,2566,733,702,3245,1989.867839906203
high_013,high,1182.8639439758676,115,2566,733,702,3249,1992.5642593522584
high_013,high,1182.8639439758676,115,2566,733,702,3254,1988.2635522515957
high_013,high,1182.8639439758676,115,2566,733,702,3274,2011.125938890099
high_013,high,1182.8639439758676,115,2566,733,702,3279,2019.204283689313
high_013,high,1182.8639439758676,115,2566,733,702,3292,2035.6396233783428
high_013,high,1182.8639439758676,115,2566,733,702,3295,2032.316550335476
high_013,high,1182.8639439758676,115,2566,733,702,3298,2033.1961873002767
high_014,high,1162.4856275131763,134,2565,734,703,712,1307.574701533219
high_014,high,1162.4856275131763,134,2565,734,703,731,1354.2664771656296
high_014,high,1162.4856275131763,134,2565,734,703,732,1355.6284309659382
high_014,high,1162.4856275131763,134,2565,734,703,736,1311.9351858889577
high_014,high,1162.4856275131763,134,2565,734,703,746,1404.5988566634628
high_014,high,1162.4856275131763,134,2565,734,703,749,1428.022275172608
high_014,high,1162.4856275131763,134,2565,734,703,753,1381.5897686277146
high_014,high,1162.4856275131763,134,2565,734,703,761,1324.203268059484
high_014,high,1162.4856275131763,134,2565,734,703,764,1368.64715706297
high_014,high,1162.4856275131763,134,2565,734,703,769,1374.69114271996
high_014,high,1162.4856275131763,134,2565,734,703,774,1324.4487436355646
high_014,high,1162.4856275131763,134,2565,734,703,778,1350.791146219011
high_014,high,1162.4856275131763,134,2565,734,703,779,1351.207574491588
high_014,high,1162.4856275131763,134,2565,734,703,784,1316.276199555837
high_014,high,1162.4856275131763,134,2565,734,703,794,1331.752856585587
high_014,high,1162.4856275131763,134,2565,734,703,798,1359.8989100397057
high_014,high,1162.4856275131763,134,2565,734,703,808,1313.4914275057963
high_014,high,1162.4856275131763,134,2565,734,703,821,1320.5917184488817
high_014,high,1162.4856275131763,134,2565,734,703,829,1327.1112688517585
high_014,high,1162.4856275131763,134,2565,734,703,830,1363.2337614369849
high_014,high,1162.4856275131763,134,2565,734,703,831,1363.8386086652597
high_014,high,1162.4856275131763,134,2565,734,703,832,1311.0045982316026
high_014,high,1162.4856275131763,134,2565,734,703,835,1321.938391344156
high_014,high,1162.4856275131763,134,2565,734,703,836,1393.9531028749157
high_014,high,1162.4856275131763,134,2565,734,703,849,1344.304048064285
high_014,high,1162.4856275131763,134,2565,734,703,853,1309.926047267874
high_014,high,1162.4856275131763,134,2565,734,703,856,1346.476942364096
high_014,high,1162.4856275131763,134,2565,734,703,867,1358.6255445476208
high_014,high,1162.4856275131763,134,2565,734,703,878,1478.2617111718807
high_014,high,1162.4856275131763,134,2565,734,703,2126,1301.0184539099898
high_014,high,1162.4856275131763,134,2565,734,703,2130,1303.660809927875
high_014,high,1162.4856275131763,134,2565,734,703,2405,1489.82658233725
high_014,high,1162.4856275131763,134,2565,734,703,2412,1493.5063140716857
high_014,high,1162.4856275131763,134,2565,734,703,2417,1495.1884771753512
high_014,high,1162.4856275131763,134,2565,734,703,2609,1499.874281769405
high_014,high,1162.4856275131763,134,2565,734,703,2617,1529.295216340196
high_014,high,1162.4856275131763,134,2565,734,703,2631,1535.5912823981423
high_014,high,1162.4856275131763,134,2565,734,703,2632,1523.8219195020265
high_014,high,1162.4856275131763,134,2565,734,703,2641,1529.0646259945322
high_014,high,1162.4856275131763,134,2565,734,703,2644,1530.6265608592166
high_014,high,1162.4856275131763,134,2565,734,703,2823,1553.9793661000438
high_014,high,1162.4856275131763,134,2565,734,703,2835,1538.4825360869324
high_014,high,1162.4856275131763,134,2565,734,703,2860,1623.000586670196
high_014,high,1162.4856275131763,134,2565,734,703,2865,1553.4643009430415
high_014,high,1162.4856275131763,134,2565,734,703,2869,1544.1598365148045
high_014,high,1162.4856275131763,134,2565,734,703,2871,1544.404703882299
high_014,high,1162.4856275131763,134,2565,734,703,2876,1586.5148759603824
high_014,high,1162.4856275131763,134,2565,734,703,2879,1588.6291419030945
high_014,high,1162.4856275131763,134,2565,734,703,2885,1588.2002654878968
high_014,high,1162.4856275131763,134,2565,734,703,2886,1577.790506686672
high_014,high,1162.4856275131763,134,2565,734,703,2888,1546.4502455398774
high_014,high,1162.4856275131763,134,2565,734,703,2893,1546.5256914356917
high_014,high,1162.4856275131763,134,2565,734,703,2898,1633.9312643935948
high_014,high,1162.4856275131763,134,2565,734,703,2901,1675.7140213867733
high_014,high,1162.4856275131763,134,2565,734,703,2902,1687.4425146780004
high_014,high,1162.4856275131763,134,2565,734,703,2905,1692.3293868341316
high_014,high,1162.4856275131763,134,2565,734,703,2906,1671.315836387999
high_014,high,1162.4856275131763,134,2565,734,703,2911,1676.1520553267037
high_014,high,1162.4856275131763,134,2565,734,703,2912,1676.7826086138914
high_014,high,1162.4856275131763,134,2565,734,703,2913,1677.3755579664628
high_014,high,1162.4856275131763,134,2565,734,703,2914,1677.9393536478476
high_014,high,1162.4856275131763,134,2565,734,703,2924,1679.0370945461525
high_014,high,1162.4856275131763,134,2565,734,703,2936,1699.9884982410574
high_014,high,1162.4856275131763,134,2565,734,703,2944,1751.552723154011
high_014,high,1162.4856275131763,134,2565,734,703,2953,1759.9515234010055
high_014,high,1162.4856275131763,134,2565,734,703,2964,1713.755838677186
high_014,high,1162.4856275131763,134,2565,734,703,2965,1725.6774502734868
high_014,high,1162.4856275131763,134,2565,734,703,2967,1727.9248195298906
high_014,high,1162.4856275131763,134,2565,734,703,2975,1739.555295972725
high_014,high,1162.4856275131763,134,2565,734,703,2984,1706.5428454549497
high_014,high,1162.4856275131763,134,2565,734,703,2988,1708.6455493031988
high_014,high,1162.4856275131763,134,2565,734,703,2990,1709.818834427996
high_014,high,1162.4856275131763,134,2565,734,703,3004,1819.142636240427
high_014,high,1162.4856275131763,134,2565,734,703,3006,1768.9931500362084
high_014,high,1162.4856275131763,134,2565,734,703,3007,1769.2140537276102
high_014,high,1162.4856275131763,134,2565,734,703,3008,1770.8875553968433
high_014,high,1162.4856275131763,134,2565,734,703,3010,1777.581561940777
high_014,high,1162.4856275131763,134,2565,734,703,3011,1777.9296412659362
high_014,high,1162.4856275131763,134,2565,734,703,3017,1780.2426155491426
high_014,high,1162.4856275131763,134,2565,734,703,3027,1782.490500276925
high_014,high,1162.4856275131763,134,2565,734,703,3039,1796.136134907073
high_014,high,1162.4856275131763,134,2565,734,703,3040,1797.169381427283
high_014,high,1162.4856275131763,134,2565,734,703,3041,1808.3533150643773
high_014,high,1162.4856275131763,134,2565,734,703,3042,1797.4404486284714
high_014,high,1162.4856275131763,134,2565,734,703,3044,1813.0597975413125
high_014,high,1162.4856275131763,134,2565,734,703,3045,1772.147205808582
high_014,high,1162.4856275131763,134,2565,734,703,3049,1773.453591236468
high_014,high,1162.4856275131763,134,2565,734,703,3061,1802.0056001779917
high_014,high,1162.4856275131763,134,2565,734,703,3064,1775.9320726351657
high_014,high,1162.4856275131763,134,2565,734,703,3069,1768.20995275267
high_014,high,1162.4856275131763,134,2565,734,703,3080,1828.1940157968968
high_014,high,1162.4856275131763,134,2565,734,703,3083,1831.770544275635
high_014,high,1162.4856275131763,134,2565,734,703,3090,1893.3574579808665
high_014,high,1162.4856275131763,134,2565,734,703,3092,1885.3692764509717
high_014,high,1162.4856275131763,134,2565,734,703,3094,1906.9128217410496
high_014,high,1162.4856275131763,134,2565,734,703,3096,1908.1714222064488
high_014,high,1162.4856275131763,134,2565,734,703,3098,1911.2851014809053
high_014,high,1162.4856275131763,134,2565,734,703,3100,1901.5576161867075
high_014,high,1162.4856275131763,134,2565,734,703,3105,1888.225386035621
high_014,high,1162.4856275131763,134,2565,734,703,3107,1888.6923494938385
high_014,high,1162.4856275131763,134,2565,734,703,3108,1895.8302281461424
high_014,high,1162.4856275131763,134,2565,734,703,3110,1897.03916159998
high_014,high,1162.4856275131763,134,2565,734,703,3117,1898.4465463361184
high_014,high,1162.4856275131763,134,2565,734,703,3118,1899.1589303544083
high_014,high,1162.4856275131763,134,2565,734,703,3119,1889.0490081854075
high_014,high,1162.4856275131763,134,2565,734,703,3121,1892.7287400451737
high_014,high,1162.4856275131763,134,2565,734,703,3130,1891.467117686092
high_014,high,1162.4856275131763,134,2565,734,703,3131,1892.0186565922809
high_014,high,1162.4856275131763,134,2565,734,703,3137,1887.051439554637
high_014,high,1162.4856275131763,134,2565,734,703,3148,1942.6168505857777
high_014,high,1162.4856275131763,134,2565,734,703,3153,1968.1844393097967
high_014,high,1162.4856275131763,134,2565,734,703,3155,1951.7117626688632
high_014,high,1162.4856275131763,134,2565,734,703,3161,1954.9364536664243
high_014,high,1162.4856275131763,134,2565,734,703,3184,1944.8293429497032
high_014,high,1162.4856275131763,134,2565,734,703,3186,1945.542316249328
high_014,high,1162.4856275131763,134,2565,734,703,3192,1947.397581304008
high_014,high,1162.4856275131763,134,2565,734,703,3194,1962.7176308718235
high_014,high,1162.4856275131763,134,2565,734,703,3197,1964.122683438628
high_014,high,1162.4856275131763,134,2565,734,703,3204,1977.013502796584
high_014,high,1162.4856275131763,134,2565,734,703,3207,1950.2608092750136
high_014,high,1162.4856275131763,134,2565,734,703,3208,1941.3900424165363
high_014,high,1162.4856275131763,134,2565,734,703,3213,1948.5621517947664
high_014,high,1162.4856275131763,134,2565,734,703,3222,1999.7671963312464
high_014,high,1162.4856275131763,134,2565,734,703,3227,1995.1384984974616
high_014,high,1162.4856275131763,134,2565,734,703,3243,1990.0476404845112
high_014,high,1162.4856275131763,134,2565,734,703,3251,1997.4118855255128
high_014,high,1162.4856275131763,134,2565,734,703,3254,1988.2635522515957
high_014,high,1162.4856275131763,134,2565,734,703,3264,2013.1341408399792
high_014,high,1162.4856275131763,134,2565,734,703,3265,2011.7396851282936
high_014,high,1162.4856275131763,134,2565,734,703,3272,2013.842388976543
high_014,high,1162.4856275131763,134,2565,734,703,3273,2012.036030887531
high_014,high,1162.4856275131763,134,2565,734,703,3274,2011.125938890099
high_014,high,1162.4856275131763,134,2565,734,703,3294,2042.188032114164
high_014,high,1162.4856275131763,134,2565,734,703,3298,2033.1961873002767
high_015,high,1026.709596629129,126,2517,782,747,311,1095.240542209387
high_015,high,1026.709596629129,126,2517,782,747,313,1073.761994065953
high_015,high,1026.709596629129,126,2517,782,747,560,1134.8867055945834
high_015,high,1026.709596629129,126,2517,782,747,663,1093.4047641547445
high_015,high,1026.709596629129,126,2517,782,747,670,1105.3463921911757
high_015,high,1026.709596629129,126,2517,782,747,671,1102.47025609742
high_015,high,1026.709596629129,126,2517,782,747,674,1128.0124825681582
high_015,high,1026.709596629129,126,2517,782,747,675,1129.1344334070725
high_015,high,1026.709596629129,126,2517,782,747,678,1119.067957650365
high_015,high,1026.709596629129,126,2517,782,747,684,1115.2930291344553
high_015,high,1026.709596629129,126,2517,782,747,723,1353.2691844812198
high_015,high,1026.709596629129,126,2517,782,747,727,1330.778033304735
high_015,high,1026.709596629129,126,2517,782,747,728,1359.780704756543
high_015,high,1026.709596629129,126,2517,782,747,730,1352.468892178462
high_015,high,1026.709596629129,126,2517,782,747,739,1314.6178805476118
high_015,high,1026.709596629129,126,2517,782,747,748,1426.2729630709882
high_015,high,1026.709596629129,126,2517,782,747,749,1428.022275172608
high_015,high,1026.709596629129,126,2517,782,747,761,1324.203268059484
high_015,high,1026.709596629129,126,2517,782,747,773,1315.1437611981728
high_015,high,1026.709596629129,126,2517,782,747,774,1324.4487436355646
high_015,high,1026.709596629129,126,2517,782,747,777,1350.6268284633345
high_015,high,1026.709596629129,126,2517,782,747,781,1345.5308561913398
high_015,high,1026.709596629129,126,2517,782,747,785,1388.899947318383
high_015,high,1026.709596629129,126,2517,782,747,792,1352.7617543264284
high_015,high,1026.709596629129,126,2517,782,747,803,1318.5410762711645
high_015,high,1026.709596629129,126,2517,782,747,814,1325.4300761865384
high_015,high,1026.709596629129,126,2517,782,747,817,1346.366940988696
high_015,high,1026.709596629129,126,2517,782,747,818,1348.2102276956111
high_015,high,1026.709596629129,126,2517,782,747,828,1329.7737940679524
high_015,high,1026.709596629129,126,2517,782,747,832,1311.0045982316026
high_015,high,1026.709596629129,126,2517,782,747,833,1320.8059529864922
high_015,high,1026.709596629129,126,2517,782,747,841,1321.9910278635764
high_015,high,1026.709596629129,126,2517,782,747,847,1340.416178881104
high_015,high,1026.709596629129,126,2517,782,747,857,1347.229513615338
high_015,high,1026.709596629129,126,2517,782,747,861,1338.7777017404708
high_015,high,1026.709596629129,126,2517,782,747,868,1354.9855111890683
high_015,high,1026.709596629129,126,2517,782,747,872,1477.5257648375266
high_015,high,1026.709596629129,126,2517,782,747,874,1479.3130630960052
high_015,high,1026.709596629129,126,2517,782,747,879,1480.6533631223117
high_015,high,1026.709596629129,126,2517,782,747,882,1481.8363078141683
high_015,high,1026.709596629129,126,2517,782,747,885,1482.9990618504646
high_015,high,1026.709596629129,126,2517,782,747,2128,1302.3396319189326
high_015,high,1026.709596629129,126,2517,782,747,2404,1489.82658233725
high_015,high,1026.709596629129,126,2517,782,747,2416,1495.1884771753512
high_015,high,1026.709596629129,126,2517,782,747,2419,1497.827388069755
high_015,high,1026.709596629129,126,2517,782,747,2424,1496.6388452354872
high_015,high,1026.709596629129,126,2517,782,747,2617,1529.295216340196
high_015,high,1026.709596629129,126,2517,782,747,2624,1527.8373914104952
high_015,high,1026.709596629129,126,2517,782,747,2633,1525.7176226560664
high_015,high,1026.709596629129,126,2517,782,747,2637,1523.932554182285
high_015,high,1026.709596629129,126,2517,782,747,2639,1524.7221830490598
high_015,high,1026.709596629129,126,2517,782,747,2642,1526.7217236310066
high_015,high,1026.709596629129,126,2517,782,747,2822,1550.546438330423
high_015,high,1026.709596629129,126,2517,782,747,2824,1539.5576479845838
high_015,high,1026.709596629129,126,2517,782,747,2826,1541.9811759334414
high_015,high,1026.709596629129,126,2517,782,747,2847,1576.8621553601515
high_015,high,1026.709596629129,126,2517,782,747,2848,1581.981161001665
high_015,high,1026.709596629129,126,2517,782,747,2861,1629.4353421031635
high_015,high,1026.709596629129,126,2517,782,747,2871,1544.404703882299
high_015,high,1026.709596629129,126,2517,782,747,2878,1585.8208920442405
high_015,high,1026.709596629129,126,2517,782,747,2883,1591.4038330099263
high_015,high,1026.709596629129,126,2517,782,747,2895,1548.4983419351502
high_015,high,1026.709596629129,126,2517,782,747,2896,1550.4679480595516
high_015,high,1026.709596629129,126,2517,782,747,2908,1672.1569179398318
high_015,high,1026.709596629129,126,2517,782,747,2910,1673.1728478422826
high_015,high,1026.709596629129,126,2517,782,747,2923,1678.6792438922212
high_015,high,1026.709596629129,126,2517,782,747,2925,1679.7266519689915
high_015,high,1026.709596629129,126,2517,782,747,2928,1674.247959739934
high_015,high,1026.709596629129,126,2517,782,747,2931,1684.3149164514716
high_015,high,1026.709596629129,126,2517,782,747,2932,1671.315836387999
high_015,high,1026.709596629129,126,2517,782,747,2933,1671.315836387999
high_015,high,1026.709596629129,126,2517,782,747,2948,1721.8925834469032
high_015,high,1026.709596629129,126,2517,782,747,2964,1713.755838677186
high_015,high,1026.709596629129,126,2517,782,747,2974,1738.651380382195
high_015,high,1026.709596629129,126,2517,782,747,2976,1742.6516345383357
high_015,high,1026.709596629129,126,2517,782,747,2981,1747.560572874484
high_015,high,1026.709596629129,126,2517,782,747,2988,1708.6455493031988
high_015,high,1026.709596629129,126,2517,782,747,2990,1709.818834427996
high_015,high,1026.709596629129,126,2517,782,747,3010,1777.581561940777
high_015,high,1026.709596629129,126,2517,782,747,3011,1777.9296412659362
high_015,high,1026.709596629129,126,2517,782,747,3016,1780.0360311088511
high_015,high,1026.709596629129,126,2517,782,747,3018,1782.555589832349
high_015,high,1026.709596629129,126,2517,782,747,3021,1784.027482501057
high_015,high,1026.709596629129,126,2517,782,747,3022,1785.9199159143488
high_015,high,1026.709596629129,126,2517,782,747,3028,1805.0269894757948
high_015,high,1026.709596629129,126,2517,782,747,3032,1789.9150533012207
high_015,high,1026.709596629129,126,2517,782,747,3041,1808.3533150643773
high_015,high,1026.709596629129,126,2517,782,747,3048,1813.5704710926996
high_015,high,1026.709596629129,126,2517,782,747,3059,1800.006484468096
high_015,high,1026.709596629129,126,2517,782,747,3060,1800.6320571975043
high_015,high,1026.709596629129,126,2517,782,747,3065,1767.2058517777298
high_015,high,1026.709596629129,126,2517,782,747,3068,1768.0469333295623
high_015,high,1026.709596629129,126,2517,782,747,3074,1825.9460545934255
high_015,high,1026.709596629129,126,2517,782,747,3075,1825.9460545934255
high_015,high,1026.709596629129,126,2517,782,747,3087,1847.520607182489
high_015,high,1026.709596629129,126,2517,782,747,3102,1894.9279984769137
high_015,high,1026.709596629129,126,2517,782,747,3103,1902.8936001846173
high_015,high,1026.709596629129,126,2517,782,747,3108,1895.8302281461424
high_015,high,1026.709596629129,126,2517,782,747,3115,1897.7226615594343
high_015,high,1026.709596629129,126,2517,782,747,3125,1885.3692764509717
high_015,high,1026.709596629129,126,2517,782,747,3143,1941.3900424165363
high_015,high,1026.709596629129,126,2517,782,747,3146,1941.9562615813063
high_015,high,1026.709596629129,126,2517,782,747,3168,1955.1680420082268
high_015,high,1026.709596629129,126,2517,782,747,3172,1941.3900424165363
high_015,high,1026.709596629129,126,2517,782,747,3180,1960.5906079382369
high_015,high,1026.709596629129,126,2517,782,747,3181,1961.207713099104
high_015,high,1026.709596629129,126,2517,782,747,3182,1962.3174585920533
high_015,high,1026.709596629129,126,2517,782,747,3183,1944.7873573629684
high_015,high,1026.709596629129,126,2517,782,747,3184,1944.8293429497032
high_015,high,1026.709596629129,126,2517,782,747,3187,1945.7319553729903
high_015,high,1026.709596629129,126,2517,782,747,3189,1946.4552222587056
high_015,high,1026.709596629129,126,2517,782,747,3207,1950.2608092750136
high_015,high,1026.709596629129,126,2517,782,747,3208,1941.3900424165363
high_015,high,1026.709596629129,126,2517,782,747,3211,1949.282299394612
high_015,high,1026.709596629129,126,2517,782,747,3218,2000.7372792996312
high_015,high,1026.709596629129,126,2517,782,747,3229,1986.9612481965307
high_015,high,1026.709596629129,126,2517,782,747,3233,1986.8958748127247
high_015,high,1026.709596629129,126,2517,782,747,3243,1990.0476404845112
high_015,high,1026.709596629129,126,2517,782,747,3248,2000.0597846751875
high_015,high,1026.709596629129,126,2517,782,747,3250,1992.8855924138315
high_015,high,1026.709596629129,126,2517,782,747,3259,2015.4770430705069
high_015,high,1026.709596629129,126,2517,782,747,3268,2009.7871375015131
high_015,high,1026.709596629129,126,2517,782,747,3276,2018.4893461283248
high_015,high,1026.709596629129,126,2517,782,747,3278,2009.006170069171
high_015,high,1026.709596629129,126,2517,782,747,3279,2019.204283689313
high_015,high,1026.709596629129,126,2517,782,747,3294,2042.188032114164
high_016,high,1353.1732496477466,115,2681,618,590,728,1395.3873679719861
high_016,high,1353.1732496477466,115,2681,618,590,742,1394.7714137997568
high_016,high,1353.1732496477466,115,2681,618,590,746,1406.8254314084893
high_016,high,1353.1732496477466,115,2681,618,590,748,1426.2729630709882
high_016,high,1353.1732496477466,115,2681,618,590,749,1428.022275172608
high_016,high,1353.1732496477466,115,2681,618,590,754,1406.1884444719706
high_016,high,1353.1732496477466,115,2681,618,590,765,1411.2417148507268
high_016,high,1353.1732496477466,115,2681,618,590,842,1410.2689081767596
high_016,high,1353.1732496477466,115,2681,618,590,868,1397.26440067593
high_016,high,1353.1732496477466,115,2681,618,590,877,1480.5746854550869
high_016,high,1353.1732496477466,115,2681,618,590,885,1482.9990618504646
high_016,high,1353.1732496477466,115,2681,618,590,887,1484.171911214541
high_016,high,1353.1732496477466,115,2681,618,590,2406,1489.82658233725
high_016,high,1353.1732496477466,115,2681,618,590,2408,1490.8779342613743
high_016,high,1353.1732496477466,115,2681,618,590,2410,1493.149655380117
high_016,high,1353.1732496477466,115,2681,618,590,2413,1492.0344214029776
high_016,high,1353.1732496477466,115,2681,618,590,2416,1495.1884771753512
high_016,high,1353.1732496477466,115,2681,618,590,2417,1495.1884771753512
high_016,high,1353.1732496477466,115,2681,618,590,2608,1499.874281769405
high_016,high,1353.1732496477466,115,2681,618,590,2616,1527.1449925448933
high_016,high,1353.1732496477466,115,2681,618,590,2619,1531.5559706185345
high_016,high,1353.1732496477466,115,2681,618,590,2632,1523.8219195020265
high_016,high,1353.1732496477466,115,2681,618,590,2644,1530.6265608592166
high_016,high,1353.1732496477466,115,2681,618,590,2828,1561.92768363145
high_016,high,1353.1732496477466,115,2681,618,590,2831,1542.0571326665552
high_016,high,1353.1732496477466,115,2681,618,590,2835,1538.4825360869324
high_016,high,1353.1732496477466,115,2681,618,590,2839,1551.6654594770755
high_016,high,1353.1732496477466,115,2681,618,590,2840,1558.4280795951454
high_016,high,1353.1732496477466,115,2681,618,590,2842,1572.5856272269668
high_016,high,1353.1732496477466,115,2681,618,590,2847,1576.8621553601515
high_016,high,1353.1732496477466,115,2681,618,590,2855,1557.2491677696253
high_016,high,1353.1732496477466,115,2681,618,590,2859,1618.0926317993046
high_016,high,1353.1732496477466,115,2681,618,590,2861,1629.4353421031635
high_016,high,1353.1732496477466,115,2681,618,590,2864,1642.2591571386442
high_016,high,1353.1732496477466,115,2681,618,590,2875,1584.432924211956
high_016,high,1353.1732496477466,115,2681,618,590,2880,1587.308000461299
high_016,high,1353.1732496477466,115,2681,618,590,2883,1591.4038330099263
high_016,high,1353.1732496477466,115,2681,618,590,2885,1588.2002654878968
high_016,high,1353.1732496477466,115,2681,618,590,2887,1546.2625403630534
high_016,high,1353.1732496477466,115,2681,618,590,2889,1592.1498641165845
high_016,high,1353.1732496477466,115,2681,618,590,2890,1598.699826184514
high_016,high,1353.1732496477466,115,2681,618,590,2897,1596.3512176993647
high_016,high,1353.1732496477466,115,2681,618,590,2898,1633.9312643935948
high_016,high,1353.1732496477466,115,2681,618,590,2902,1687.4425146780004
high_016,high,1353.1732496477466,115,2681,618,590,2904,1690.1350361180896
high_016,high,1353.1732496477466,115,2681,618,590,2909,1672.543070972036
high_016,high,1353.1732496477466,115,2681,618,590,2911,1676.1520553267037
high_016,high,1353.1732496477466,115,2681,618,590,2918,1683.5115189209064
high_016,high,1353.1732496477466,115,2681,618,590,2923,1678.6792438922212
high_016,high,1353.1732496477466,115,2681,618,590,2925,1679.7266519689915
high_016,high,1353.1732496477466,115,2681,618,590,2927,1685.5090875516769
high_016,high,1353.1732496477466,115,2681,618,590,2935,1699.9884982410574
high_016,high,1353.1732496477466,115,2681,618,590,2937,1699.9884982410574
high_016,high,1353.1732496477466,115,2681,618,590,2947,1702.757978503035
high_016,high,1353.1732496477466,115,2681,618,590,2948,1721.8925834469032
high_016,high,1353.1732496477466,115,2681,618,590,2961,1754.1690878183208
high_016,high,1353.1732496477466,115,2681,618,590,2964,1713.755838677186
high_016,high,1353.1732496477466,115,2681,618,590,2967,1727.9248195298906
high_016,high,1353.1732496477466,115,2681,618,590,2992,1711.524503118209
high_016,high,1353.1732496477466,115,2681,618,590,3006,1768.9931500362084
high_016,high,1353.1732496477466,115,2681,618,590,3009,1772.3379234569793
high_016,high,1353.1732496477466,115,2681,618,590,3017,1780.2426155491426
high_016,high,1353.1732496477466,115,2681,618,590,3018,1782.555589832349
high_016,high,1353.1732496477466,115,2681,618,590,3019,1807.481458643869
high_016,high,1353.1732496477466,115,2681,618,590,3020,1810.605328373238
high_016,high,1353.1732496477466,115,2681,618,590,3021,1784.027482501057
high_016,high,1353.1732496477466,115,2681,618,590,3029,1770.3599074874378
high_016,high,1353.1732496477466,115,2681,618,590,3031,1784.9449694449995
high_016,high,1353.1732496477466,115,2681,618,590,3046,1816.93479730003
high_016,high,1353.1732496477466,115,2681,618,590,3048,1813.5704710926996
high_016,high,1353.1732496477466,115,2681,618,590,3055,1787.6020790180144
high_016,high,1353.1732496477466,115,2681,618,590,3057,1789.4899888213392
high_016,high,1353.1732496477466,115,2681,618,590,3061,1802.0056001779917
high_016,high,1353.1732496477466,115,2681,618,590,3063,1775.461793186348
high_016,high,1353.1732496477466,115,2681,618,590,3069,1768.20995275267
high_016,high,1353.1732496477466,115,2681,618,590,3073,1828.4062180683045
high_016,high,1353.1732496477466,115,2681,618,590,3079,1826.727954150058
high_016,high,1353.1732496477466,115,2681,618,590,3102,1894.9279984769137
high_016,high,1353.1732496477466,115,2681,618,590,3103,1902.8936001846173
high_016,high,1353.1732496477466,115,2681,618,590,3121,1892.7287400451737
high_016,high,1353.1732496477466,115,2681,618,590,3124,1896.687272406516
high_016,high,1353.1732496477466,115,2681,618,590,3125,1885.3692764509717
high_016,high,1353.1732496477466,115,2681,618,590,3130,1891.467117686092
high_016,high,1353.1732496477466,115,2681,618,590,3134,1886.151176007604
high_016,high,1353.1732496477466,115,2681,618,590,3135,1886.210358002804
high_016,high,1353.1732496477466,115,2681,618,590,3147,1942.234332257971
high_016,high,1353.1732496477466,115,2681,618,590,3152,1950.4706705784367
high_016,high,1353.1732496477466,115,2681,618,590,3154,1949.3171106811265
high_016,high,1353.1732496477466,115,2681,618,590,3163,1942.6857860774976
high_016,high,1353.1732496477466,115,2681,618,590,3164,1943.0241181031288
high_016,high,1353.1732496477466,115,2681,618,590,3165,1943.277439590249
high_016,high,1353.1732496477466,115,2681,618,590,3166,1943.6281451228
high_016,high,1353.1732496477466,115,2681,618,590,3171,1944.5705041681017
high_016,high,1353.1732496477466,115,2681,618,590,3175,1958.1878775536652
high_016,high,1353.1732496477466,115,2681,618,590,3177,1958.7070088989035
high_016,high,1353.1732496477466,115,2681,618,590,3182,1962.3174585920533
high_016,high,1353.1732496477466,115,2681,618,590,3191,1947.0522340220475
high_016,high,1353.1732496477466,115,2681,618,590,3195,1947.5371802195648
high_016,high,1353.1732496477466,115,2681,618,590,3212,1948.4397926428528
high_016,high,1353.1732496477466,115,2681,618,590,3219,2002.3273168253368
high_016,high,1353.1732496477466,115,2681,618,590,3222,1999.7671963312464
high_016,high,1353.1732496477466,115,2681,618,590,3223,1988.250055497344
high_016,high,1353.1732496477466,115,2681,618,590,3231,1983.2902607360568
high_016,high,1353.1732496477466,115,2681,618,590,3232,1983.2902607360568
high_016,high,1353.1732496477466,115,2681,618,590,3246,1990.6326863302008
high_016,high,1353.1732496477466,115,2681,618,590,3248,2000.0597846751875
high_016,high,1353.1732496477466,115,2681,618,590,3249,1992.5642593522584
high_016,high,1353.1732496477466,115,2681,618,590,3252,1993.6426342817524
high_016,high,1353.1732496477466,115,2681,618,590,3254,1988.2635522515957
high_016,high,1353.1732496477466,115,2681,618,590,3265,2011.7396851282936
high_016,high,1353.1732496477466,115,2681,618,590,3267,2009.4267108450877
high_016,high,1353.1732496477466,115,2681,618,590,3271,2022.884015423749
high_016,high,1353.1732496477466,115,2681,618,590,3278,2009.006170069171
high_016,high,1353.1732496477466,115,2681,618,590,3288,2033.2627670421216
high_016,high,1353.1732496477466,115,2681,618,590,3292,2035.6396233783428
high_017,high,934.3993825407264,142,2474,825,787,234,968.2474213934186
high_017,high,934.3993825407264,142,2474,825,787,257,958.9629470700421
high_017,high,934.3993825407264,142,2474,825,787,268,956.2749154777141
high_017,high,934.3993825407264,142,2474,825,787,270,971.2125307204186
high_017,high,934.3993825407264,142,2474,825,787,288,990.2851074198728
high_017,high,934.3993825407264,142,2474,825,787,294,978.8869405514936
high_017,high,934.3993825407264,142,2474,825,787,299,991.9099808771454
high_017,high,934.3993825407264,142,2474,825,787,303,999.3651996338584
high_017,high,934.3993825407264,142,2474,825,787,304,994.0804875980872
high_017,high,934.3993825407264,142,2474,825,787,305,1008.7078153533512
high_017,high,934.3993825407264,142,2474,825,787,660,1088.875010724089
high_017,high,934.3993825407264,142,2474,825,787,674,1128.0124825681582
high_017,high,934.3993825407264,142,2474,825,787,680,1126.0667910170644
high_017,high,934.3993825407264,142,2474,825,787,683,1130.2141862907374
high_017,high,934.3993825407264,142,2474,825,787,692,1235.7899249575255
high_017,high,934.3993825407264,142,2474,825,787,693,1120.7457036098162
high_017,high,934.3993825407264,142,2474,825,787,717,1309.2928298710722
high_017,high,934.3993825407264,142,2474,825,787,728,1359.780704756543
high_017,high,934.3993825407264,142,2474,825,787,735,1359.0257458701833
high_017,high,934.3993825407264,142,2474,825,787,745,1394.2257038834232
high_017,high,934.3993825407264,142,2474,825,787,746,1404.5988566634628
high_017,high,934.3993825407264,142,2474,825,787,761,1324.203268059484
high_017,high,934.3993825407264,142,2474,825,787,765,1380.274525902225
high_017,high,934.3993825407264,142,2474,825,787,776,1312.3649744639813
high_017,high,934.3993825407264,142,2474,825,787,781,1345.5308561913398
high_017,high,934.3993825407264,142,2474,825,787,791,1333.7740082833477
high_017,high,934.3993825407264,142,2474,825,787,797,1317.715582355126
high_017,high,934.3993825407264,142,2474,825,787,809,1395.546881892366
high_017,high,934.3993825407264,142,2474,825,787,810,1319.6735146288283
high_017,high,934.3993825407264,142,2474,825,787,813,1309.2928298710722
high_017,high,934.3993825407264,142,2474,825,787,818,1348.2102276956111
high_017,high,934.3993825407264,142,2474,825,787,819,1325.7800062436615
high_017,high,934.3993825407264,142,2474,825,787,820,1325.984473481814
high_017,high,934.3993825407264,142,2474,825,787,823,1340.2461440430711
high_017,high,934.3993825407264,142,2474,825,787,826,1320.7621699775823
high_017,high,934.3993825407264,142,2474,825,787,837,1327.542380413549
high_017,high,934.3993825407264,142,2474,825,787,840,1334.2796061131376
high_017,high,934.3993825407264,142,2474,825,787,854,1330.4316785766446
high_017,high,934.3993825407264,142,2474,825,787,859,1323.07082970182
high_017,high,934.3993825407264,142,2474,825,787,872,1477.5257648375266
high_017,high,934.3993825407264,142,2474,825,787,877,1480.5746854550869
high_017,high,934.3993825407264,142,2474,825,787,879,1480.6533631223117
high_017,high,934.3993825407264,142,2474,825,787,880,1481.3190353941864
high_017,high,934.3993825407264,142,2474,825,787,883,1482.657836782772
high_017,high,934.3993825407264,142,2474,825,787,884,1483.0979301732502
high_017,high,934.3993825407264,142,2474,825,787,2128,1302.3396319189326
high_017,high,934.3993825407264,142,2474,825,787,2129,1302.4521213622656
high_017,high,934.3993825407264,142,2474,825,787,2130,1303.660809927875
high_017,high,934.3993825407264,142,2474,825,787,2406,1489.82658233725
high_017,high,934.3993825407264,142,2474,825,787,2414,1492.3926181768747
high_017,high,934.3993825407264,142,2474,825,787,2418,1495.1884771753512
high_017,high,934.3993825407264,142,2474,825,787,2422,1498.2007801001716
high_017,high,934.3993825407264,142,2474,825,787,2424,1496.6388452354872
high_017,high,934.3993825407264,142,2474,825,787,2609,1499.874281769405
high_017,high,934.3993825407264,142,2474,825,787,2634,1523.881101497227
high_017,high,934.3993825407264,142,2474,825,787,2636,1526.5094813075384
high_017,high,934.3993825407264,142,2474,825,787,2637,1523.932554182285
high_017,high,934.3993825407264,142,2474,825,787,2641,1529.0646259945322
high_017,high,934.3993825407264,142,2474,825,787,2642,1526.7217236310066
high_017,high,934.3993825407264,142,2474,825,787,2824,1539.5576479845838
high_017,high,934.3993825407264,142,2474,825,787,2827,1574.0879854735133
high_017,high,934.3993825407264,142,2474,825,787,2835,1538.4825360869324
high_017,high,934.3993825407264,142,2474,825,787,2844,1621.0268806880636
high_017,high,934.3993825407264,142,2474,825,787,2852,1548.6466789890844
high_017,high,934.3993825407264,142,2474,825,787,2857,1609.711246319809
high_017,high,934.3993825407264,142,2474,825,787,2859,1618.0926317993046
high_017,high,934.3993825407264,142,2474,825,787,2867,1541.2160511147224
high_017,high,934.3993825407264,142,2474,825,787,2868,1539.2184824212866
high_017,high,934.3993825407264,142,2474,825,787,2872,1567.1672779775474
high_017,high,934.3993825407264,142,2474,825,787,2877,1585.1269081280982
high_017,high,934.3993825407264,142,2474,825,787,2884,1587.9877814092715
high_017,high,934.3993825407264,142,2474,825,787,2917,1682.4725144488807
high_017,high,934.3993825407264,142,2474,825,787,2922,1674.99754014011
high_017,high,934.3993825407264,142,2474,825,787,2923,1678.6792438922212
high_017,high,934.3993825407264,142,2474,825,787,2929,1694.1870260005132
high_017,high,934.3993825407264,142,2474,825,787,2932,1671.315836387999
high_017,high,934.3993825407264,142,2474,825,787,2941,1701.7066265789106
high_017,high,934.3993825407264,142,2474,825,787,2942,1702.9338611629476
high_017,high,934.3993825407264,142,2474,825,787,2950,1719.1038915246454
high_017,high,934.3993825407264,142,2474,825,787,2955,1720.00357840192
high_017,high,934.3993825407264,142,2474,825,787,2962,1722.1337521682372
high_017,high,934.3993825407264,142,2474,825,787,2968,1730.0504852009844
high_017,high,934.3993825407264,142,2474,825,787,2969,1730.3033988398995
high_017,high,934.3993825407264,142,2474,825,787,2971,1734.3509327915897
high_017,high,934.3993825407264,142,2474,825,787,2981,1747.560572874484
high_017,high,934.3993825407264,142,2474,825,787,2985,1707.0618320002543
high_017,high,934.3993825407264,142,2474,825,787,2986,1707.8640855655433
high_017,high,934.3993825407264,142,2474,825,787,2987,1716.7681417350043
high_017,high,934.3993825407264,142,2474,825,787,2997,1802.88001834272
high_017,high,934.3993825407264,142,2474,825,787,2998,1804.4237095533451
high_017,high,934.3993825407264,142,2474,825,787,3000,1807.3674948907617
high_017,high,934.3993825407264,142,2474,825,787,3007,1769.2140537276102
high_017,high,934.3993825407264,142,2474,825,787,3013,1773.0700983068311
high_017,high,934.3993825407264,142,2474,825,787,3016,1780.0360311088511
high_017,high,934.3993825407264,142,2474,825,787,3017,1780.2426155491426
high_017,high,934.3993825407264,142,2474,825,787,3035,1792.3331626765748
high_017,high,934.3993825407264,142,2474,825,787,3038,1794.8744127888467
high_017,high,934.3993825407264,142,2474,825,787,3041,1808.3533150643773
high_017,high,934.3993825407264,142,2474,825,787,3062,1789.853907781148
high_017,high,934.3993825407264,142,2474,825,787,3064,1775.9320726351657
high_017,high,934.3993825407264,142,2474,825,787,3065,1767.2058517777298
high_017,high,934.3993825407264,142,2474,825,787,3079,1826.727954150058
high_017,high,934.3993825407264,142,2474,825,787,3081,1825.9460545934255
high_017,high,934.3993825407264,142,2474,825,787,3087,1847.520607182489
high_017,high,934.3993825407264,142,2474,825,787,3108,1895.8302281461424
high_017,high,934.3993825407264,142,2474,825,787,3114,1905.23929891277
high_017,high,934.3993825407264,142,2474,825,787,3115,1897.7226615594343
high_017,high,934.3993825407264,142,2474,825,787,3127,1890.2054953270103
high_017,high,934.3993825407264,142,2474,825,787,3129,1890.940310755566
high_017,high,934.3993825407264,142,2474,825,787,3130,1891.467117686092
high_017,high,934.3993825407264,142,2474,825,787,3134,1886.151176007604
high_017,high,934.3993825407264,142,2474,825,787,3136,1886.933075564236
high_017,high,934.3993825407264,142,2474,825,787,3137,1887.051439554637
high_017,high,934.3993825407264,142,2474,825,787,3139,1887.812712529037
high_017,high,934.3993825407264,142,2474,825,787,3140,1915.7460742814765
high_017,high,934.3993825407264,142,2474,825,787,3152,1950.4706705784367
high_017,high,934.3993825407264,142,2474,825,787,3158,1953.05173557582
high_017,high,934.3993825407264,142,2474,825,787,3176,1958.7058898476323
high_017,high,934.3993825407264,142,2474,825,787,3179,1960.5122337454784
high_017,high,934.3993825407264,142,2474,825,787,3188,1946.297275135688
high_017,high,934.3993825407264,142,2474,825,787,3191,1947.0522340220475
high_017,high,934.3993825407264,142,2474,825,787,3203,1975.8354332246015
high_017,high,934.3993825407264,142,2474,825,787,3209,1951.204507868901
high_017,high,934.3993825407264,142,2474,825,787,3214,1965.8318362991504
high_017,high,934.3993825407264,142,2474,825,787,3218,2000.7372792996312
high_017,high,934.3993825407264,142,2474,825,787,3223,1988.250055497344
high_017,high,934.3993825407264,142,2474,825,787,3225,1997.8420930695504
high_017,high,934.3993825407264,142,2474,825,787,3234,1983.6394292202956
high_017,high,934.3993825407264,142,2474,825,787,3237,1984.451159275892
high_017,high,934.3993825407264,142,2474,825,787,3242,1984.1679004351224
high_017,high,934.3993825407264,142,2474,825,787,3243,1990.0476404845112
high_017,high,934.3993825407264,142,2474,825,787,3244,1997.861143205876
high_017,high,934.3993825407264,142,2474,825,787,3245,1989.867839906203
high_017,high,934.3993825407264,142,2474,825,787,3252,1993.6426342817524
high_017,high,934.3993825407264,142,2474,825,787,3261,2009.6903321593784
high_017,high,934.3993825407264,142,2474,825,787,3262,2009.006170069171
high_017,high,934.3993825407264,142,2474,825,787,3267,2009.4267108450877
high_017,high,934.3993825407264,142,2474,825,787,3278,2009.006170069171
high_017,high,934.3993825407264,142,2474,825,787,3280,2019.366339121728
high_017,high,934.3993825407264,142,2474,825,787,3282,2030.019720515304
high_017,high,934.3993825407264,142,2474,825,787,3286,2042.02227396615
high_017,high,934.3993825407264,142,2474,825,787,3293,2039.3536461703975
high_018,high,1423.715477752935,108,2731,568,540,870,1477.5257648375266
high_018,high,1423.715477752935,108,2731,568,540,871,1478.3076643941588
high_018,high,1423.715477752935,108,2731,568,540,875,1479.4805137582352
high_018,high,1423.715477752935,108,2731,568,540,880,1481.3190353941864
high_018,high,1423.715477752935,108,2731,568,540,884,1483.0979301732502
high_018,high,1423.715477752935,108,2731,568,540,885,1482.9990618504646
high_018,high,1423.715477752935,108,2731,568,540,2407,1490.8039567684764
high_018,high,1423.715477752935,108,2731,568,540,2412,1493.5063140716857
high_018,high,1423.715477752935,108,2731,568,540,2416,1495.1884771753512
high_018,high,1423.715477752935,108,2731,568,540,2423,1496.4590638893403
high_018,high,1423.715477752935,108,2731,568,540,2620,1532.8137641994008
high_018,high,1423.715477752935,108,2731,568,540,2625,1528.2201044425449
high_018,high,1423.715477752935,108,2731,568,540,2639,1524.7221830490598
high_018,high,1423.715477752935,108,2731,568,540,2643,1524.8250884191757
high_018,high,1423.715477752935,108,2731,568,540,2822,1550.546438330423
high_018,high,1423.715477752935,108,2731,568,540,2823,1553.9793661000438
high_018,high,1423.715477752935,108,2731,568,540,2826,1541.9811759334414
high_018,high,1423.715477752935,108,2731,568,540,2834,1600.9585790327797
high_018,high,1423.715477752935,108,2731,568,540,2836,1538.4825360869324
high_018,high,1423.715477752935,108,2731,568,540,2850,1594.3469803256796
high_018,high,1423.715477752935,108,2731,568,540,2863,1562.8262645356635
high_018,high,1423.715477752935,108,2731,568,540,2869,1544.1598365148045
high_018,high,1423.715477752935,108,2731,568,540,2885,1588.2002654878968
high_018,high,1423.715477752935,108,2731,568,540,2890,1598.699826184514
high_018,high,1423.715477752935,108,2731,568,540,2892,1651.929141537288
high_018,high,1423.715477752935,108,2731,568,540,2895,1548.4983419351502
high_018,high,1423.715477752935,108,2731,568,540,2897,1596.3512176993647
high_018,high,1423.715477752935,108,2731,568,540,2902,1687.4425146780004
high_018,high,1423.715477752935,108,2731,568,540,2907,1672.0977359446313
high_018,high,1423.715477752935,108,2731,568,540,2919,1673.313405081435
high_018,high,1423.715477752935,108,2731,568,540,2923,1678.6792438922212
high_018,high,1423.715477752935,108,2731,568,540,2927,1685.5090875516769
high_018,high,1423.715477752935,108,2731,568,540,2944,1751.552723154011
high_018,high,1423.715477752935,108,2731,568,540,2950,1719.1038915246454
high_018,high,1423.715477752935,108,2731,568,540,2954,1723.462148411936
high_018,high,1423.715477752935,108,2731,568,540,2956,1715.6896072449656
high_018,high,1423.715477752935,108,2731,568,540,2961,1754.1690878183208
high_018,high,1423.715477752935,108,2731,568,540,2966,1725.7500376103792
high_018,high,1423.715477752935,108,2731,568,540,2975,1739.555295972725
high_018,high,1423.715477752935,108,2731,568,540,2981,1747.560572874484
high_018,high,1423.715477752935,108,2731,568,540,2983,1705.9093367030907
high_018,high,1423.715477752935,108,2731,568,540,2988,1708.6455493031988
high_018,high,1423.715477752935,108,2731,568,540,3010,1777.581561940777
high_018,high,1423.715477752935,108,2731,568,540,3014,1802.5725203077209
high_018,high,1423.715477752935,108,2731,568,540,3020,1810.605328373238
high_018,high,1423.715477752935,108,2731,568,540,3021,1784.027482501057
high_018,high,1423.715477752935,108,2731,568,540,3030,1821.547869652908
high_018,high,1423.715477752935,108,2731,568,540,3032,1789.9150533012207
high_018,high,1423.715477752935,108,2731,568,540,3039,1796.136134907073
high_018,high,1423.715477752935,108,2731,568,540,3042,1797.4404486284714
high_018,high,1423.715477752935,108,2731,568,540,3047,1816.5183675513283
high_018,high,1423.715477752935,108,2731,568,540,3049,1773.453591236468
high_018,high,1423.715477752935,108,2731,568,540,3053,1769.7470252639644
high_018,high,1423.715477752935,108,2731,568,540,3059,1800.006484468096
high_018,high,1423.715477752935,108,2731,568,540,3064,1775.9320726351657
high_018,high,1423.715477752935,108,2731,568,540,3068,1768.0469333295623
high_018,high,1423.715477752935,108,2731,568,540,3070,1768.8673882991632
high_018,high,1423.715477752935,108,2731,568,540,3073,1828.4062180683045
high_018,high,1423.715477752935,108,2731,568,540,3077,1826.7871361452585
high_018,high,1423.715477752935,108,2731,568,540,3080,1828.1940157968968
high_018,high,1423.715477752935,108,2731,568,540,3086,1850.1489869928
high_018,high,1423.715477752935,108,2731,568,540,3088,1847.520607182489
high_018,high,1423.715477752935,108,2731,568,540,3091,1915.3918967587647
high_018,high,1423.715477752935,108,2731,568,540,3097,1911.1523592499077
high_018,high,1423.715477752935,108,2731,568,540,3098,1911.2851014809053
high_018,high,1423.715477752935,108,2731,568,540,3101,1902.2434747830373
high_018,high,1423.715477752935,108,2731,568,540,3107,1888.6923494938385
high_018,high,1423.715477752935,108,2731,568,540,3109,1904.766719501201
high_018,high,1423.715477752935,108,2731,568,540,3114,1905.23929891277
high_018,high,1423.715477752935,108,2731,568,540,3116,1887.9976562612828
high_018,high,1423.715477752935,108,2731,568,540,3117,1898.4465463361184
high_018,high,1423.715477752935,108,2731,568,540,3119,1889.0490081854075
high_018,high,1423.715477752935,108,2731,568,540,3130,1891.467117686092
high_018,high,1423.715477752935,108,2731,568,540,3131,1892.0186565922809
high_018,high,1423.715477752935,108,2731,568,540,3137,1887.051439554637
high_018,high,1423.715477752935,108,2731,568,540,3144,1941.5787821381264
high_018,high,1423.715477752935,108,2731,568,540,3145,1941.8612219391875
high_018,high,1423.715477752935,108,2731,568,540,3151,1950.3424532766949
high_018,high,1423.715477752935,108,2731,568,540,3158,1953.05173557582
high_018,high,1423.715477752935,108,2731,568,540,3159,1953.2913343591788
high_018,high,1423.715477752935,108,2731,568,540,3167,1943.926730526416
high_018,high,1423.715477752935,108,2731,568,540,3168,1955.1680420082268
high_018,high,1423.715477752935,108,2731,568,540,3180,1960.5906079382369
high_018,high,1423.715477752935,108,2731,568,540,3183,1944.7873573629684
high_018,high,1423.715477752935,108,2731,568,540,3187,1945.7319553729903
high_018,high,1423.715477752935,108,2731,568,540,3188,1946.297275135688
high_018,high,1423.715477752935,108,2731,568,540,3194,1962.7176308718235
high_018,high,1423.715477752935,108,2731,568,540,3199,1969.1896343231583
high_018,high,1423.715477752935,108,2731,568,540,3202,1975.8108507185743
high_018,high,1423.715477752935,108,2731,568,540,3208,1941.3900424165363
high_018,high,1423.715477752935,108,2731,568,540,3213,1948.5621517947664
high_018,high,1423.715477752935,108,2731,568,540,3216,1969.9841102022529
high_018,high,1423.715477752935,108,2731,568,540,3223,1988.250055497344
high_018,high,1423.715477752935,108,2731,568,540,3232,1983.2902607360568
high_018,high,1423.715477752935,108,2731,568,540,3234,1983.6394292202956
high_018,high,1423.715477752935,108,2731,568,540,3241,1985.998675648765
high_018,high,1423.715477752935,108,2731,568,540,3243,1990.0476404845112
high_018,high,1423.715477752935,108,2731,568,540,3246,1990.6326863302008
high_018,high,1423.715477752935,108,2731,568,540,3247,1991.5664973302007
high_018,high,1423.715477752935,108,2731,568,540,3249,1992.5642593522584
high_018,high,1423.715477752935,108,2731,568,540,3267,2009.4267108450877
high_018,high,1423.715477752935,108,2731,568,540,3269,2010.478062769212
high_018,high,1423.715477752935,108,2731,568,540,3272,2013.842388976543
high_018,high,1423.715477752935,108,2731,568,540,3282,2030.019720515304
high_018,high,1423.715477752935,108,2731,568,540,3283,2030.019720515304
high_018,high,1423.715477752935,108,2731,568,540,3289,2033.8784852001604
high_018,high,1423.715477752935,108,2731,568,540,3290,2038.1701155580124
high_018,high,1423.715477752935,108,2731,568,540,3291,2041.4453072957035
high_019,high,1137.1222516336002,137,2564,735,704,712,1307.574701533219
high_019,high,1137.1222516336002,137,2564,735,704,717,1309.2928298710722
high_019,high,1137.1222516336002,137,2564,735,704,727,1330.778033304735
high_019,high,1137.1222516336002,137,2564,735,704,729,1335.092237302509
high_019,high,1137.1222516336002,137,2564,735,704,730,1352.468892178462
high_019,high,1137.1222516336002,137,2564,735,704,733,1357.1383487386574
high_019,high,1137.1222516336002,137,2564,735,704,736,1311.9351858889577
high_019,high,1137.1222516336002,137,2564,735,704,743,1386.3930053741617
high_019,high,1137.1222516336002,137,2564,735,704,744,1391.4889778711515
high_019,high,1137.1222516336002,137,2564,735,704,747,1424.8516470617349
high_019,high,1137.1222516336002,137,2564,735,704,751,1376.0560377601814
high_019,high,1137.1222516336002,137,2564,735,704,761,1324.203268059484
high_019,high,1137.1222516336002,137,2564,735,704,762,1365.6914772089729
high_019,high,1137.1222516336002,137,2564,735,704,763,1368.3557856485136
high_019,high,1137.1222516336002,137,2564,735,704,768,1372.0026489818729
high_019,high,1137.1222516336002,137,2564,735,704,774,1324.4487436355646
high_019,high,1137.1222516336002,137,2564,735,704,775,1331.2074615202282
high_019,high,1137.1222516336002,137,2564,735,704,776,1312.3649744639813
high_019,high,1137.1222516336002,137,2564,735,704,777,1350.6268284633345
high_019,high,1137.1222516336002,137,2564,735,704,780,1368.7458413984732
high_019,high,1137.1222516336002,137,2564,735,704,782,1310.9914872950703
high_019,high,1137.1222516336002,137,2564,735,704,783,1315.846738433606
high_019,high,1137.1222516336002,137,2564,735,704,788,1336.0938701399689
high_019,high,1137.1222516336002,137,2564,735,704,799,1362.6552069628856
high_019,high,1137.1222516336002,137,2564,735,704,806,1354.4269470349725
high_019,high,1137.1222516336002,137,2564,735,704,816,1360.878450631251
high_019,high,1137.1222516336002,137,2564,735,704,817,1346.366940988696
high_019,high,1137.1222516336002,137,2564,735,704,821,1320.5917184488817
high_019,high,1137.1222516336002,137,2564,735,704,823,1340.2461440430711
high_019,high,1137.1222516336002,137,2564,735,704,824,1356.4750434302453
high_019,high,1137.1222516336002,137,2564,735,704,825,1313.521217242209
high_019,high,1137.1222516336002,137,2564,735,704,831,1363.8386086652597
high_019,high,1137.1222516336002,137,2564,735,704,832,1311.0045982316026
high_019,high,1137.1222516336002,137,2564,735,704,834,1332.7435338166829
high_019,high,1137.1222516336002,137,2564,735,704,842,1381.4857728659435
high_019,high,1137.1222516336002,137,2564,735,704,849,1344.304048064285
high_019,high,1137.1222516336002,137,2564,735,704,850,1341.378582400735
high_019,high,1137.1222516336002,137,2564,735,704,860,1365.4115040289248
high_019,high,1137.1222516336002,137,2564,735,704,861,1338.7777017404708
high_019,high,1137.1222516336002,137,2564,735,704,862,1338.9270853322766
high_019,high,1137.1222516336002,137,2564,735,704,863,1348.6340442915534
high_019,high,1137.1222516336002,137,2564,735,704,867,1358.6255445476208
high_019,high,1137.1222516336002,137,2564,735,704,878,1478.2617111718807
high_019,high,1137.1222516336002,137,2564,735,704,880,1481.3190353941864
high_019,high,1137.1222516336002,137,2564,735,704,887,1484.171911214541
high_019,high,1137.1222516336002,137,2564,735,704,889,1483.9966381713575
high_019,high,1137.1222516336002,137,2564,735,704,2129,1302.4521213622656
high_019,high,1137.1222516336002,137,2564,735,704,2408,1490.8779342613743
high_019,high,1137.1222516336002,137,2564,735,704,2410,1493.149655380117
high_019,high,1137.1222516336002,137,2564,735,704,2418,1495.1884771753512
high_019,high,1137.1222516336002,137,2564,735,704,2607,1499.874281769405
high_019,high,1137.1222516336002,137,2564,735,704,2619,1531.5559706185345
high_019,high,1137.1222516336002,137,2564,735,704,2624,1527.8373914104952
high_019,high,1137.1222516336002,137,2564,735,704,2626,1525.5632646008926
high_019,high,1137.1222516336002,137,2564,735,704,2633,1525.7176226560664
high_019,high,1137.1222516336002,137,2564,735,704,2634,1523.881101497227
high_019,high,1137.1222516336002,137,2564,735,704,2637,1523.932554182285
high_019,high,1137.1222516336002,137,2564,735,704,2825,1539.7097706709694
high_019,high,1137.1222516336002,137,2564,735,704,2831,1542.0571326665552
high_019,high,1137.1222516336002,137,2564,735,704,2838,1610.8163590018842
high_019,high,1137.1222516336002,137,2564,735,704,2855,1557.2491677696253
high_019,high,1137.1222516336002,137,2564,735,704,2858,1616.6787815628577
high_019,high,1137.1222516336002,137,2564,735,704,2867,1541.2160511147224
high_019,high,1137.1222516336002,137,2564,735,704,2869,1544.1598365148045
high_019,high,1137.1222516336002,137,2564,735,704,2882,1591.0753418554243
high_019,high,1137.1222516336002,137,2564,735,704,2884,1587.9877814092715
high_019,high,1137.1222516336002,137,2564,735,704,2892,1651.929141537288
high_019,high,1137.1222516336002,137,2564,735,704,2898,1633.9312643935948
high_019,high,1137.1222516336002,137,2564,735,704,2903,1688.6086871030702
high_019,high,1137.1222516336002,137,2564,735,704,2904,1690.1350361180896
high_019,high,1137.1222516336002,137,2564,735,704,2907,1672.0977359446313
high_019,high,1137.1222516336002,137,2564,735,704,2909,1672.543070972036
high_019,high,1137.1222516336002,137,2564,735,704,2915,1681.513950290136
high_019,high,1137.1222516336002,137,2564,735,704,2917,1682.4725144488807
high_019,high,1137.1222516336002,137,2564,735,704,2923,1678.6792438922212
high_019,high,1137.1222516336002,137,2564,735,704,2924,1679.0370945461525
high_019,high,1137.1222516336002,137,2564,735,704,2940,1701.7066265789106
high_019,high,1137.1222516336002,137,2564,735,704,2944,1751.552723154011
high_019,high,1137.1222516336002,137,2564,735,704,2946,1702.6840010101369
high_019,high,1137.1222516336002,137,2564,735,704,2951,1748.8071931055504
high_019,high,1137.1222516336002,137,2564,735,704,2955,1720.00357840192
high_019,high,1137.1222516336002,137,2564,735,704,2957,1716.3672431638167
high_019,high,1137.1222516336002,137,2564,735,704,2961,1754.1690878183208
high_019,high,1137.1222516336002,137,2564,735,704,2963,1756.7328078259293
high_019,high,1137.1222516336002,137,2564,735,704,2966,1725.7500376103792
high_019,high,1137.1222516336002,137,2564,735,704,2970,1732.833757866039
high_019,high,1137.1222516336002,137,2564,735,704,2977,1704.4401416067003
high_019,high,1137.1222516336002,137,2564,735,704,2986,1707.8640855655433
high_019,high,1137.1222516336002,137,2564,735,704,3004,1819.142636240427
high_019,high,1137.1222516336002,137,2564,735,704,3014,1802.5725203077209
high_019,high,1137.1222516336002,137,2564,735,704,3015,1778.4456576785756
high_019,high,1137.1222516336002,137,2564,735,704,3026,1780.595881473878
high_019,high,1137.1222516336002,137,2564,735,704,3030,1821.547869652908
high_019,high,1137.1222516336002,137,2564,735,704,3050,1787.3397650260367
high_019,high,1137.1222516336002,137,2564,735,704,3058,1799.5874908026371
high_019,high,1137.1222516336002,137,2564,735,704,3065,1767.2058517777298
high_019,high,1137.1222516336002,137,2564,735,704,3067,1767.987751334362
high_019,high,1137.1222516336002,137,2564,735,704,3088,1847.520607182489
high_019,high,1137.1222516336002,137,2564,735,704,3093,1885.3692764509717
high_019,high,1137.1222516336002,137,2564,735,704,3101,1902.2434747830373
high_019,high,1137.1222516336002,137,2564,735,704,3102,1894.9279984769137
high_019,high,1137.1222516336002,137,2564,735,704,3111,1899.8253654076836
high_019,high,1137.1222516336002,137,2564,735,704,3114,1905.23929891277
high_019,high,1137.1222516336002,137,2564,735,704,3138,1887.221285060681
high_019,high,1137.1222516336002,137,2564,735,704,3143,1941.3900424165363
high_019,high,1137.1222516336002,137,2564,735,704,3150,1967.7192334869248
high_019,high,1137.1222516336002,137,2564,735,704,3155,1951.7117626688632
high_019,high,1137.1222516336002,137,2564,735,704,3158,1953.05173557582
high_019,high,1137.1222516336002,137,2564,735,704,3162,1955.0965592057537
high_019,high,1137.1222516336002,137,2564,735,704,3170,1944.0323984766087
high_019,high,1137.1222516336002,137,2564,735,704,3175,1958.1878775536652
high_019,high,1137.1222516336002,137,2564,735,704,3185,1945.512863213404
high_019,high,1137.1222516336002,137,2564,735,704,3186,1945.542316249328
high_019,high,1137.1222516336002,137,2564,735,704,3187,1945.7319553729903
high_019,high,1137.1222516336002,137,2564,735,704,3190,1946.634567796278
high_019,high,1137.1222516336002,137,2564,735,704,3192,1947.397581304008
high_019,high,1137.1222516336002,137,2564,735,704,3199,1969.1896343231583
high_019,high,1137.1222516336002,137,2564,735,704,3200,1974.6081986405648
high_019,high,1137.1222516336002,137,2564,735,704,3203,1975.8354332246015
high_019,high,1137.1222516336002,137,2564,735,704,3207,1950.2608092750136
high_019,high,1137.1222516336002,137,2564,735,704,3220,2002.7021406930733
high_019,high,1137.1222516336002,137,2564,735,704,3225,1997.8420930695504
high_019,high,1137.1222516336002,137,2564,735,704,3228,1995.2007173905813
high_019,high,1137.1222516336002,137,2564,735,704,3230,1987.4274154764817
high_019,high,1137.1222516336002,137,2564,735,704,3242,1984.1679004351224
high_019,high,1137.1222516336002,137,2564,735,704,3245,1989.867839906203
high_019,high,1137.1222516336002,137,2564,735,704,3254,1988.2635522515957
high_019,high,1137.1222516336002,137,2564,735,704,3263,2021.9479161383413
high_019,high,1137.1222516336002,137,2564,735,704,3265,2011.7396851282936
high_019,high,1137.1222516336002,137,2564,735,704,3269,2010.478062769212
high_019,high,1137.1222516336002,137,2564,735,704,3274,2011.125938890099
high_019,high,1137.1222516336002,137,2564,735,704,3276,2018.4893461283248
high_019,high,1137.1222516336002,137,2564,735,704,3278,2009.006170069171
high_019,high,1137.1222516336002,137,2564,735,704,3288,2033.2627670421216
high_019,high,1137.1222516336002,137,2564,735,704,3291,2041.4453072957035
high_019,high,1137.1222516336002,137,2564,735,704,3293,2039.3536461703975
high_019,high,1137.1222516336002,137,2564,735,704,3295,2032.316550335476
