TaskID,StationID,Team,Start,End,Duration
0,0,[],0.0,0.0,0.0
1,0,[],0.0,0.0,0.0
10,3,"[47, 28]",0.0,1.5164127474649185,1.5164127474649185
15,1,"[45, 86]",0.0,0.5427777847566762,0.5427777847566762
18,2,"[103, 53]",0.0,0.532478782545239,0.532478782545239
25,3,"[65, 125]",0.0,1.2303991364474374,1.2303991364474374
29,3,"[18, 118]",0.0,1.030672381808568,1.030672381808568
316,0,[],0.0,0.0,0.0
342,0,[],0.0,0.0,0.0
373,0,[],0.0,0.0,0.0
392,0,[],0.0,0.0,0.0
416,0,[],0.0,0.0,0.0
476,0,[],0.0,0.0,0.0
484,0,[],0.0,0.0,0.0
490,0,[],0.0,0.0,0.0
542,0,[],0.0,0.0,0.0
571,0,[],0.0,0.0,0.0
581,0,[],0.0,0.0,0.0
694,0,[],0.0,0.0,0.0
890,0,[],0.0,0.0,0.0
1115,0,[],0.0,0.0,0.0
1249,4,"[123, 76]",0.0,1.0058268172343947,1.0058268172343947
1292,0,[],0.0,0.0,0.0
1426,0,[],0.0,0.0,0.0
1527,0,[],0.0,0.0,0.0
1646,0,[],0.0,0.0,0.0
1707,0,[],0.0,0.0,0.0
1781,0,[],0.0,0.0,0.0
1913,0,[],0.0,0.0,0.0
1983,0,[],0.0,0.0,0.0
2133,0,[],0.0,0.0,0.0
2231,0,[],0.0,0.0,0.0
2249,0,[],0.0,0.0,0.0
2288,0,[],0.0,0.0,0.0
2331,0,[],0.0,0.0,0.0
2425,0,[],0.0,0.0,0.0
2447,0,[],0.0,0.0,0.0
2464,0,[],0.0,0.0,0.0
2483,0,[],0.0,0.0,0.0
2496,0,[],0.0,0.0,0.0
2519,0,[],0.0,0.0,0.0
2532,0,[],0.0,0.0,0.0
2547,0,[],0.0,0.0,0.0
2552,0,[],0.0,0.0,0.0
2557,4,"[116, 158]",0.0,0.5756789207643108,0.5756789207643108
2558,5,"[155, 146]",0.0,0.6310981904555953,0.6310981904555953
2562,0,[],0.0,0.0,0.0
2645,0,[],0.0,0.0,0.0
2659,0,[],0.0,0.0,0.0
2676,0,[],0.0,0.0,0.0
2689,0,[],0.0,0.0,0.0
2718,0,[],0.0,0.0,0.0
2755,0,[],0.0,0.0,0.0
2792,0,[],0.0,0.0,0.0
2816,0,[],0.0,0.0,0.0
2568,2,"[103, 53]",0.532478782545239,1.186400091512318,0.6539213089670791
16,1,"[142, 51]",0.5427777847566762,1.979581045237276,1.4368032604805998
2571,1,"[45, 86]",0.5427777847566762,1.2093469911197154,0.6665692063630393
20,4,"[116, 158]",0.5756789207643108,1.5735223071710358,0.997843386406725
2560,5,"[155, 146]",0.6310981904555953,1.36737937085781,0.7362811804022146
317,4,"[123, 76]",1.0058268172343947,2.1234121993229573,1.1175853820885626
1145,3,"[18, 118]",1.030672381808568,2.0313252074760193,1.0006528256674514
24,2,"[103, 53]",1.186400091512318,2.1766237513577646,0.9902236598454466
6,1,"[45, 86]",1.2093469911197154,2.2472905190598746,1.0379435279401592
1156,3,"[65, 125]",1.2303991364474374,2.2731103153794843,1.042711178932047
8,5,"[155, 146]",1.36737937085781,2.513874406403146,1.1464950355453363
1252,5,"[72, 82]",1.36737937085781,3.5961839666426,2.22880459578479
11,3,"[47, 28]",1.5164127474649185,3.1157543810502846,1.599341633585366
1251,4,"[116, 158]",1.5735223071710358,3.876237990228279,2.3027156830572433
1157,1,"[51, 142]",1.979581045237276,3.0438797379081954,1.0642986926709195
1172,3,"[18, 118]",2.0313252074760193,3.0319780331434707,1.0006528256674514
21,4,"[123, 76]",2.1234121993229573,4.9397273408698865,2.816315141546929
1173,4,"[12, 6]",2.1234121993229573,3.09716857290565,0.9737563735826926
12,2,"[103, 126]",2.1766237513577646,3.447956864337094,1.2713331129793293
1154,2,"[53, 55]",2.1766237513577646,3.143124657295794,0.9665009059380294
1155,1,"[45, 86]",2.2472905190598746,3.1995322586522255,0.9522417395923508
1178,3,"[65, 125]",2.2731103153794843,3.315821494311531,1.0427111789320467
1144,5,"[155, 146]",2.513874406403146,3.565704682033158,1.051830275630012
1179,3,"[18, 118]",3.0319780331434707,4.032630858810922,1.0006528256674514
1180,1,"[51, 142]",3.0438797379081954,4.108178430579115,1.0642986926709197
1181,4,"[12, 6]",3.09716857290565,4.070924946488343,0.9737563735826926
1192,3,"[47, 28]",3.1157543810502846,4.418921643276396,1.3031672622261112
23,2,"[55, 53]",3.143124657295794,4.148285562602261,1.0051609053064672
7,1,"[45, 86]",3.1995322586522255,4.485058629805111,1.2855263711528853
1195,3,"[65, 125]",3.315821494311531,4.4628038159969545,1.1469823216854236
1193,2,"[103, 126]",3.447956864337094,4.540508806404569,1.092551942067475
9,5,"[155, 72]",3.5961839666426,4.882054781953619,1.2858708153110192
1218,5,"[146, 82]",3.5961839666426,4.721317237077417,1.1251332704348171
1231,4,"[116, 158]",3.876237990228279,4.931649325899995,1.055411335671716
1234,3,"[18, 118]",4.032630858810922,5.133348990902541,1.100718132091619
1236,4,"[12, 6]",4.070924946488343,5.1420569806454655,1.0711320341571229
1238,1,"[51, 142]",4.108178430579115,5.278907017891985,1.1707285873128699
13,2,"[55, 53]",4.148285562602261,5.4530618086617775,1.3047762460595163
1242,3,"[47, 28]",4.418921643276396,5.722088905502507,1.3031672622261112
1246,3,"[65, 125]",4.4628038159969545,5.609786137682378,1.1469823216854236
1194,1,"[45, 86]",4.485058629805111,5.532524566059909,1.047465936254798
1241,2,"[103, 126]",4.540508806404569,5.633060748472044,1.092551942067475
1222,5,"[82, 146]",4.721317237077417,5.846450507512234,1.1251332704348167
1265,5,"[155, 72]",4.882054781953619,5.929801376412467,1.0477465944588475
1273,4,"[116, 158]",4.931649325899995,5.987060661571712,1.0554113356717165
22,4,"[123, 76]",4.9397273408698865,5.643806126256619,0.7040787853867325
2139,3,"[18, 118]",5.133348990902541,6.23406712299416,1.100718132091619
2155,4,"[12, 6]",5.1420569806454655,6.213189014802589,1.0711320341571238
1936,1,[51],5.278907017891985,6.499414190215999,1.2205071723240142
1253,1,"[45, 86]",5.532524566059909,6.579990502314707,1.047465936254798
2804,3,"[65, 125]",5.609786137682378,6.819331070439312,1.209544932756934
1263,2,"[103, 55]",5.633060748472044,6.639942322778762,1.0068815743067185
2251,2,"[53, 126]",5.633060748472044,6.855406080488777,1.222345332016733
1152,4,"[123, 76]",5.643806126256619,6.984908638053518,1.3411025117968993
1153,3,"[47, 28]",5.722088905502507,7.143725944517709,1.4216370390152022
1266,5,"[82, 155]",5.929801376412467,6.985069137252531,1.0552677608400645
1267,5,"[146, 72]",5.929801376412467,7.147896602122568,1.2180952257101012
318,4,"[116, 158]",5.987060661571712,7.234364894580118,1.247304233008406
321,4,"[12, 6]",6.213189014802589,7.479072254027768,1.2658832392251789
322,3,"[18, 118]",6.23406712299416,7.534915748647002,1.3008486256528418
1116,1,"[51, 86]",6.579990502314707,8.026609470914455,1.446618968599748
2758,1,"[142, 45]",6.579990502314707,7.643145301531543,1.0631547992168366
319,2,"[103, 55]",6.639942322778762,7.738358605498428,1.0984162827196657
1119,3,"[65, 125]",6.819331070439312,8.17485555333063,1.355524482891318
1118,2,"[53, 126]",6.855406080488777,8.225275838299227,1.3698697578104504
1175,4,"[123, 76]",6.984908638053518,8.437769581478026,1.4528609434245077
1274,5,"[155, 82]",6.985069137252531,8.136270351689248,1.1512012144367167
1177,3,"[47, 28]",7.143725944517709,8.683832619095057,1.5401066745773475
1176,5,"[72, 146]",7.147896602122568,8.467499662469441,1.3196030603468731
1183,4,"[116, 158]",7.234364894580118,8.481669127588525,1.247304233008407
1184,4,"[12, 6]",7.479072254027768,8.744955493252947,1.2658832392251789
1185,3,"[18, 118]",7.534915748647002,8.835764374299844,1.3008486256528418
1117,1,"[45, 142]",7.643145301531543,8.834611877442065,1.1914665759105212
1174,2,"[103, 55]",7.738358605498428,8.928309487513191,1.189950882014763
1226,1,"[86, 51]",8.026609470914455,9.473228439514203,1.4466189685997488
1182,5,"[155, 82]",8.136270351689248,9.383404905361058,1.2471345536718097
1151,3,"[65, 125]",8.17485555333063,9.321837875016053,1.1469823216854227
1227,2,"[53, 126]",8.225275838299227,9.595145596109678,1.3698697578104504
1229,4,"[123, 76]",8.437769581478026,9.890630524902534,1.4528609434245077
1228,5,"[72, 146]",8.467499662469441,9.787102722816314,1.3196030603468731
1272,4,"[116, 158]",8.481669127588525,9.728973360596932,1.247304233008407
706,3,"[47, 28]",8.683832619095057,10.342409070461496,1.6585764513664394
1162,4,"[12, 6]",8.744955493252947,10.108214393052556,1.3632588997996091
1148,1,"[45, 142]",8.834611877442065,9.84277596204311,1.0081640846010451
1163,3,"[18, 118]",8.835764374299844,10.236678306376852,1.4009139320770085
1150,2,"[103, 55]",8.928309487513191,9.935191061819909,1.0068815743067177
1260,3,"[65, 125]",9.321837875016053,10.781633500660746,1.4597956256446931
1237,5,"[82, 155]",9.383404905361058,10.630539459032867,1.2471345536718097
1149,1,"[86, 51]",9.473228439514203,10.697290715143161,1.2240622756289579
1275,2,"[53, 126]",9.595145596109678,11.070389979663158,1.4752443835534805
1934,4,"[116, 158]",9.728973360596932,11.072224099462243,1.3432507388653114
1270,5,"[72, 146]",9.787102722816314,11.208213738806844,1.4211110159905296
2,1,"[45, 142]",9.84277596204311,11.400847739086256,1.5580717770431463
1250,4,"[123, 76]",9.890630524902534,13.466903800876558,3.5762732759740246
1225,2,"[103, 55]",9.935191061819909,11.21667665224762,1.2814855904277103
1170,4,"[12, 6]",10.108214393052556,12.153102684711566,2.04488829165901
1171,3,"[18, 118]",10.236678306376852,12.33804914484881,2.101370838471958
1129,3,"[47, 28]",10.342409070461496,12.119455298617027,1.7770462281555304
1937,5,"[82, 155]",10.630539459032867,11.973607466301331,1.3430680072684638
1933,1,[86],10.697290715143161,11.790092862074772,1.0928021469316107
1158,3,"[65, 125]",10.781633500660746,12.345700269058817,1.564066768398071
1159,2,"[53, 126]",11.070389979663158,12.651008988959667,1.580619009296509
1160,4,"[116, 158]",11.072224099462243,12.511421344184459,1.4391972447222159
1130,5,"[72, 146]",11.208213738806844,12.730832710441028,1.5226189716341842
1128,2,"[103, 55]",11.21667665224762,12.589696951088277,1.3730202988406575
1131,1,"[51, 45]",11.400847739086256,13.0414398210574,1.6405920819711444
1167,1,"[142, 86]",11.790092862074772,13.184876905088752,1.3947840430139795
1161,5,"[82, 155]",11.973607466301331,13.412608927166447,1.439001460865116
1269,3,"[47, 28]",12.119455298617027,13.896501526772557,1.7770462281555304
1924,4,"[12, 6]",12.153102684711566,13.63321235398433,1.480109669272764
320,3,"[18, 118]",12.33804914484881,13.939093689774154,1.6010445449253439
1124,3,"[65, 125]",12.345700269058817,14.014038180210264,1.668337911151447
1125,4,"[116, 158]",12.511421344184459,14.046565094763581,1.5351437505791221
1166,2,"[103, 55]",12.589696951088277,13.962717249928934,1.3730202988406575
1126,2,"[53, 126]",12.651008988959667,14.337002623999206,1.685993635039539
1262,5,"[72, 146]",12.730832710441028,14.253451682075212,1.5226189716341842
1147,1,"[51, 142]",13.184876905088752,14.88775483873708,1.7028779336483293
1244,1,"[45, 86]",13.184876905088752,14.613239514477277,1.4283626093885253
1146,5,"[82, 155]",13.412608927166447,14.947543841628217,1.53493491446177
1188,4,"[123, 76]",13.466903800876558,15.25504043886357,1.7881366379870123
1189,4,"[12, 6]",13.63321235398433,15.1912225749328,1.5580102209484696
1200,3,"[47, 28]",13.896501526772557,15.91048730850627,2.0139857817337123
323,0,[],13.939093689774154,13.939093689774154,0.0
1202,3,"[18, 118]",13.939093689774154,15.640203541123666,1.7011098513495124
1127,2,"[103, 55]",13.962717249928934,15.427272257182539,1.4645550072536047
1206,3,"[65, 125]",14.014038180210264,15.786647234115087,1.772609053904823
329,4,"[116, 158]",14.046565094763581,15.293869327771988,1.247304233008407
1187,5,"[72, 146]",14.253451682075212,15.877578609353053,1.6241269272778407
1204,2,"[53, 126]",14.337002623999206,16.128370884781773,1.7913682607825674
1186,1,"[86, 45]",14.613239514477277,16.13682632052825,1.5235868060509734
1210,1,"[51, 142]",14.88775483873708,16.69706266702736,1.8093078282902795
334,5,"[82, 155]",14.947543841628217,16.194678395300027,1.2471345536718097
325,4,"[12, 6]",15.1912225749328,16.943984000949325,1.7527614260165247
326,4,"[123, 76]",15.25504043886357,17.26669407333236,2.0116536344687894
327,4,"[116, 158]",15.293869327771988,17.0209059756878,1.7270366479158117
1208,2,"[103, 55]",15.427272257182539,16.98336197284909,1.55608971566655
1203,3,"[18, 118]",15.640203541123666,18.742227205263074,3.1020236641394074
1207,3,"[65, 125]",15.786647234115087,19.019051789363743,3.2324045552486567
1201,3,"[47, 28]",15.91048730850627,19.583049400379473,3.6725620918732034
1214,2,"[53, 126]",16.128370884781773,17.919739145564343,1.7913682607825692
1212,1,"[45, 86]",16.13682632052825,17.75563732324167,1.6188110027134215
324,5,"[72, 82]",16.194678395300027,17.866281731432704,1.6716033361326765
328,5,"[146, 155]",16.194678395300027,18.087972841278873,1.8932944459788459
1216,1,"[51, 142]",16.69706266702736,18.50637049531764,1.8093078282902795
333,4,"[12, 6]",16.943984000949325,18.69674542696585,1.7527614260165265
1205,2,"[103, 55]",16.98336197284909,19.8209371698255,2.8375751969764096
332,4,"[116, 158]",17.0209059756878,19.707407453418423,2.686501477730623
1232,4,"[123, 76]",17.26669407333236,19.16658927617354,1.8998952028411793
1211,1,"[45, 86]",17.75563732324167,20.70758662516511,2.951949301923438
330,5,"[82, 72]",17.866281731432704,19.53788506756538,1.6716033361326765
1209,2,"[53, 126]",17.919739145564343,21.18635166428408,3.266612518719736
1254,5,"[155, 146]",18.087972841278873,19.87608436000507,1.788111518726197
1213,1,"[51, 142]",18.50637049531764,21.80569634109806,3.2993258457804195
1217,1,"[132, 91]",18.50637049531764,21.5980152676468,3.091644772329161
1927,4,"[12, 6]",18.69674542696585,20.361868862938113,1.6651234359722622
2253,3,"[18, 118]",18.742227205263074,20.443337056612584,1.7011098513495106
14,3,"[65, 125]",19.019051789363743,21.167036758299346,2.147984968935603
17,4,"[123, 76]",19.16658927617354,21.46881509932723,2.302225823153691
1268,5,"[82, 72]",19.53788506756538,21.116621637795287,1.578736570229907
1261,3,"[47, 28]",19.583049400379473,21.71550481767533,2.1324554172958585
1465,4,"[116, 158]",19.707407453418423,21.434444101334236,1.7270366479158135
1215,2,"[103, 55]",19.8209371698255,22.658512366801908,2.8375751969764096
1256,5,"[155, 146]",19.87608436000507,21.769378805983916,1.8932944459788459
1137,4,"[12, 6]",20.361868862938113,22.21200594952907,1.850137086590955
1138,3,"[18, 118]",20.443337056612584,22.34457740152332,1.901240344910736
1139,1,"[86, 45]",20.70758662516511,22.516845907687365,1.8092592825222553
1136,5,"[82, 72]",21.116621637795287,22.88109185053665,1.7644702127413616
1141,3,"[65, 125]",21.167036758299346,23.148187973410064,1.9811512151107173
1926,2,[53],21.18635166428408,22.54665297729833,1.3603013130142507
1143,4,"[116, 158]",21.434444101334236,23.257427255106954,1.822983153772718
19,4,"[123, 76]",21.46881509932723,22.9775553917921,1.5087402924648714
1235,1,"[91, 132]",21.5980152676468,23.492894356170865,1.894879088524064
1240,3,"[47, 28]",21.71550481767533,23.96643001176028,2.2509251940849495
1140,5,"[155, 146]",21.769378805983916,23.767856304603352,1.9984774986194367
1264,1,"[51, 142]",21.80569634109806,23.82786383179795,2.022167490699889
2269,4,"[12, 6]",22.21200594952907,24.062143036120023,1.850137086590955
1120,3,"[18, 118]",22.34457740152332,24.345883052858223,2.001305651334903
1121,1,"[86, 45]",22.516845907687365,24.421329386872067,1.9044834791847016
1122,2,"[53, 103]",22.658512366801908,24.52685899566846,1.8683466288665507
1142,2,"[126, 55]",22.658512366801908,24.61523348869569,1.9567211218937821
1257,5,"[82, 72]",22.88109185053665,24.459828420766556,1.578736570229907
1133,4,"[123, 76]",22.9775553917921,25.21272615596923,2.235170764177127
1134,3,"[65, 125]",23.148187973410064,25.233610331274157,2.0854223578640934
1135,4,"[116, 158]",23.257427255106954,25.176356914736576,1.9189296596296224
1164,1,"[91, 132]",23.492894356170865,25.487503948067353,1.994609591896488
1132,5,"[155, 146]",23.767856304603352,25.871516855863376,2.103660551260024
1190,1,"[51, 142]",23.82786383179795,25.95646121713979,2.128597385341841
1191,3,"[47, 28]",23.96643001176028,26.33582498263432,2.3693949708740405
1219,4,"[12, 6]",24.062143036120023,26.00965578328541,1.947512747165387
1220,3,"[18, 118]",24.345883052858223,26.347188704193126,2.001305651334903
1221,1,"[86, 45]",24.421329386872067,26.32581286605677,1.9044834791847016
1165,5,"[82, 72]",24.459828420766556,26.317165510116602,1.8573370893500467
1123,2,"[103, 55]",24.61523348869569,26.44592722048323,1.830693731787541
1230,2,"[53, 126]",24.61523348869569,26.722725501091038,2.1074920123953476
1247,4,"[116, 158]",25.176356914736576,27.0952865743662,1.9189296596296224
2134,4,"[123, 76]",25.21272615596923,27.447896920146356,2.235170764177127
2135,3,"[65, 125]",25.233610331274157,27.31903268913825,2.0854223578640934
2137,1,"[91, 132]",25.487503948067353,27.48211353996384,1.994609591896488
1224,5,"[155, 146]",25.871516855863376,27.9751774071234,2.103660551260024
2143,1,"[51, 142]",25.95646121713979,28.08505860248163,2.128597385341841
2146,4,"[12, 6]",26.00965578328541,27.957168530450797,1.947512747165387
2138,5,"[82, 72]",26.317165510116602,28.17450259946665,1.8573370893500467
1169,1,"[86, 45]",26.32581286605677,28.325520428387854,1.9997075623310856
1271,3,"[47, 28]",26.33582498263432,28.823689589070508,2.4878646064361867
2270,3,"[18, 118]",26.347188704193126,28.448559542665084,2.101370838471958
1239,2,"[103, 55]",26.44592722048323,28.276620952270772,1.830693731787541
2276,2,"[53, 126]",26.722725501091038,28.9355920136131,2.212866512522062
1255,4,"[116, 158]",27.0952865743662,29.206109245709634,2.110822671343435
1816,3,"[115, 100]",27.31903268913825,27.592908496992877,0.2738758078546262
1817,4,"[44, 150]",27.447896920146356,27.72693429715262,0.2790373770062651
1827,1,"[3, 48]",27.48211353996384,27.775605637201526,0.2934920972376851
1828,3,"[115, 100]",27.592908496992877,27.866784304847503,0.2738758078546262
1829,4,"[44, 150]",27.72693429715262,28.005971674158886,0.2790373770062651
1830,1,"[3, 48]",27.775605637201526,28.06909773443921,0.2934920972376851
1831,3,"[115, 100]",27.866784304847503,28.14066011270213,0.2738758078546262
1823,5,"[60, 105]",27.9751774071234,28.366105650072335,0.39092824294893447
1974,4,"[44, 150]",28.005971674158886,28.28500905116515,0.2790373770062651
511,1,"[3, 48]",28.06909773443921,28.558251210398137,0.48915347595892555
1682,3,"[115, 100]",28.14066011270213,28.597119774321765,0.45645966161963614
1168,5,"[155, 82]",28.17450259946665,30.189104553188564,2.0146019537219146
1686,2,"[157, 19]",28.276620952270772,28.773981689402987,0.4973607371322153
2277,2,"[103, 55]",28.276620952270772,30.19884928335341,1.9222283310826391
1826,4,"[44, 150]",28.28500905116515,28.657058877933547,0.3720498267683965
1684,5,"[60, 105]",28.366105650072335,28.854765946476896,0.48866029640456077
1680,1,"[3, 48]",28.558251210398137,29.047404686357062,0.48915347595892555
1877,3,"[115, 100]",28.597119774321765,29.14487139003102,0.5477516157092559
1822,4,"[44, 150]",28.657058877933547,29.122121154464075,0.4650622765305279
2679,2,"[157, 19]",28.773981689402987,29.370814597677654,0.5968329082746671
1854,5,"[60, 105]",28.854765946476896,29.44115832546351,0.5863923789866128
1867,1,"[3, 48]",29.047404686357062,29.536558162315988,0.48915347595892555
2212,4,"[44, 150]",29.122121154464075,29.680195908476605,0.5580747540125301
2209,3,"[115, 100]",29.14487139003102,29.692623005740277,0.5477516157092559
1923,2,"[157, 19]",29.370814597677654,30.017383532233527,0.6465689345558729
2741,5,"[60, 105]",29.44115832546351,30.02755070445012,0.5863923789866128
1878,1,"[3, 48]",29.536558162315988,30.123542356791354,0.5869841944753666
892,4,"[44, 150]",29.680195908476605,30.331283084531393,0.6510871760547872
2680,3,"[115, 100]",29.692623005740277,30.240374621449533,0.5477516157092559
1010,2,"[157, 19]",30.017383532233527,30.713688552360626,0.6963050201270988
1896,5,"[60, 105]",30.02755070445012,30.516211000854682,0.48866029640456077
891,1,"[3, 48]",30.123542356791354,30.808357211471524,0.6848148546801696
893,3,"[115, 100]",30.240374621449533,30.879418136834175,0.6390435153846425
894,4,"[44, 150]",30.331283084531393,30.98237026058618,0.6510871760547872
1818,5,"[60, 105]",30.516211000854682,31.2003354041705,0.6841244033158169
1815,2,"[157, 19]",30.713688552360626,31.409993572487725,0.6963050201270988
1868,1,"[3, 48]",30.808357211471524,31.98232560042226,1.1739683889507369
1012,3,"[115, 100]",30.879418136834175,31.518461652218818,0.6390435153846425
1011,4,"[44, 150]",30.98237026058618,31.633457436640967,0.6510871760547872
1820,5,"[60, 105]",31.2003354041705,31.884459807486316,0.6841244033158169
1821,2,"[157, 19]",31.409993572487725,32.10629859261482,0.6963050201270953
1825,3,"[115, 100]",31.518461652218818,32.15750516760346,0.6390435153846425
1858,4,"[44, 150]",31.633457436640967,32.284544612695754,0.6510871760547872
1915,5,"[60, 105]",31.884459807486316,32.56858421080213,0.6841244033158134
1819,1,"[3, 48]",31.98232560042226,32.667140455102434,0.6848148546801731
2203,2,"[157, 19]",32.10629859261482,32.80260361274192,0.6963050201270988
2677,3,"[115, 100]",32.15750516760346,32.7965486829881,0.6390435153846425
2678,4,"[44, 150]",32.284544612695754,32.93563178875054,0.6510871760547872
2722,5,"[60, 105]",32.56858421080213,33.25270861411794,0.6841244033158134
2206,1,"[3, 48]",32.667140455102434,33.3519553097826,0.6848148546801696
1788,3,"[115, 100]",32.7965486829881,33.526884152462365,0.7303354694742623
497,2,"[157, 19]",32.80260361274192,33.59838080401147,0.7957771912695506
1846,4,"[44, 150]",32.93563178875054,33.679731442287334,0.744099653536793
1847,5,"[60, 105]",33.25270861411794,34.03456510001581,0.7818564858978689
1848,1,"[3, 48]",33.3519553097826,34.134600882979214,0.7826455731966107
1850,3,"[115, 100]",33.526884152462365,34.25721962193663,0.7303354694742623
1849,2,"[157, 19]",33.59838080401147,34.39415799528102,0.7957771912695506
1839,4,"[44, 150]",33.679731442287334,34.88889331691491,1.2091618746275756
1852,5,"[60, 105]",34.03456510001581,34.81642158591368,0.7818564858978689
1258,1,"[86, 45]",34.134600882979214,36.324756838635196,2.1901559556559818
1853,1,"[3, 48]",34.134600882979214,34.917246456175825,0.7826455731966107
1259,3,"[18, 65]",34.25721962193663,36.50676231191265,2.2495426899760247
1855,3,"[115, 100]",34.25721962193663,34.98755509141089,0.7303354694742623
1859,2,"[157, 19]",34.39415799528102,35.18993518655057,0.7957771912695506
2250,2,"[103, 53]",34.39415799528102,36.5427565739327,2.1485985786516792
2235,5,"[155, 146]",34.81642158591368,35.86825186154369,1.0518302756300102
2723,5,"[60, 105]",34.81642158591368,35.500545989229494,0.6841244033158134
1860,4,"[44, 150]",34.88889331691491,35.6329929704517,0.744099653536793
2236,4,"[116, 158]",34.88889331691491,35.84835814672972,0.959464829814813
1862,1,"[3, 48]",34.917246456175825,35.699892029372435,0.7826455731966107
1863,3,"[115, 100]",34.98755509141089,35.71789056088515,0.7303354694742623
2241,3,"[125, 47]",34.98755509141089,36.088100241010174,1.1005451495992844
1233,2,"[55, 126]",35.18993518655057,37.66158304869858,2.4716478621480107
1876,2,"[157, 19]",35.18993518655057,35.98571237782012,0.7957771912695506
1891,5,"[60, 105]",35.500545989229494,36.28240247512736,0.7818564858978689
1276,4,"[12, 123]",35.6329929704517,38.129514117571695,2.496521147119992
1879,4,"[44, 150]",35.6329929704517,36.377092623988496,0.744099653536793
2237,1,"[51, 3]",35.699892029372435,36.818586951389044,1.1186949220166085
2267,1,"[91, 48]",35.699892029372435,38.0482861245291,2.3483940951566638
2162,3,"[28, 118]",35.71789056088515,38.58679533397998,2.868904773094826
2243,4,"[116, 158]",35.84835814672972,36.90376948240144,1.0554113356717139
2450,2,"[157, 19]",35.98571237782012,38.57198811604361,2.5862757382234918
2451,3,"[125, 47]",36.088100241010174,38.94951752501214,2.8614172840019663
2452,5,"[155, 146]",36.28240247512736,39.017161091455044,2.7347586163276816
2724,5,"[60, 105]",36.28240247512736,37.45518723310059,1.1727847579732256
2453,1,"[86, 45]",36.324756838635196,38.80058527076246,2.4758284321272654
2454,4,"[44, 76]",36.377092623988496,39.04673776044054,2.669645136452047
2469,3,"[18, 65]",36.50676231191265,39.04972357307022,2.542961261157565
3,1,"[51, 3]",36.818586951389044,40.062802331924274,3.2442153805352305
1893,5,"[60, 105]",37.45518723310059,38.23704371899846,0.7818564858978689
1009,5,"[60, 105]",38.23704371899846,39.11663222922553,0.8795885102270731
510,2,"[157, 19]",38.57198811604361,39.46723741916559,0.8952493031219788
2747,3,"[115, 100]",38.58679533397998,39.45406868017444,0.8672733461944588
1005,4,"[150, 44]",39.04673776044054,39.88384983601959,0.83711207557905
1785,5,"[60, 105]",39.11663222922553,39.9962207394526,0.8795885102270731
504,3,"[115, 100]",39.45406868017444,40.36698800341371,0.9129193232392723
1034,2,"[157, 19]",39.46723741916559,40.36248672228757,0.8952493031219788
1784,4,"[44, 150]",39.88384983601959,40.72096191159864,0.83711207557905
1025,5,"[60, 105]",39.9962207394526,40.973541332261725,0.9773205928091215
1035,1,"[48, 3]",40.062802331924274,40.943278565325684,0.88047623340141
1875,2,"[157, 19]",40.36248672228757,41.25773602540955,0.8952493031219788
1861,3,"[115, 100]",40.36698800341371,41.27990732665298,0.9129193232392723
1824,4,"[44, 150]",40.72096191159864,41.6510864646597,0.9301245530610558
496,1,"[48, 3]",40.943278565325684,41.921585517243535,0.9783069519178511
2721,5,"[60, 105]",40.973541332261725,41.950861925070846,0.9773205928091215
2760,2,"[157, 19]",41.25773602540955,43.943484053355526,2.6857480279459764
2735,3,"[115, 100]",41.27990732665298,42.192826649892254,0.9129193232392723
487,4,"[44, 150]",41.6510864646597,42.67422349520275,1.0231370305430545
939,1,"[48, 3]",41.921585517243535,42.99772318767783,1.0761376704342922
495,5,"[60, 105]",41.950861925070846,43.02591460046202,1.075052675391177
941,3,"[115, 100]",42.192826649892254,43.197037927221146,1.004211277328892
942,4,"[44, 150]",42.67422349520275,43.69736052574581,1.0231370305430545
1020,1,"[48, 3]",42.99772318767783,44.07386085811212,1.0761376704342922
1021,5,"[60, 105]",43.02591460046202,44.1009672758532,1.075052675391177
1023,3,"[115, 100]",43.197037927221146,44.20124920455004,1.004211277328892
1040,4,"[44, 150]",43.69736052574581,44.72049755628886,1.0231370305430545
940,2,"[157, 19]",43.943484053355526,45.03767769876241,1.0941936454068824
1041,1,"[48, 3]",44.07386085811212,45.14999852854641,1.0761376704342922
1042,5,"[60, 105]",44.1009672758532,45.17601995124438,1.075052675391177
1043,3,"[115, 100]",44.20124920455004,45.20546048187893,1.004211277328892
1832,4,"[44, 150]",44.72049755628886,45.74363458683192,1.0231370305430545
1022,2,"[157, 19]",45.03767769876241,46.13187134416929,1.0941936454068824
1842,1,"[48, 3]",45.14999852854641,46.226136198980704,1.0761376704342922
1851,5,"[60, 105]",45.17601995124438,46.251072626635555,1.075052675391177
1864,3,"[115, 100]",45.20546048187893,46.20967175920782,1.004211277328892
1869,4,"[44, 150]",45.74363458683192,46.76677161737497,1.0231370305430545
1872,2,"[157, 19]",46.13187134416929,47.22606498957617,1.0941936454068824
2738,3,"[115, 100]",46.20967175920782,47.213883036536714,1.004211277328892
1916,1,"[48, 3]",46.226136198980704,47.302273869415,1.0761376704342922
2497,5,"[60, 105]",46.251072626635555,47.32612530202673,1.075052675391177
1917,4,"[44, 150]",46.76677161737497,47.83641483121929,1.0696432138443157
950,3,"[115, 100]",47.213883036536714,48.309386267955226,1.0955032314185118
947,2,"[157, 19]",47.22606498957617,48.41973080612551,1.1936658165493341
948,1,"[48, 3]",47.302273869415,48.47624225836573,1.1739683889507333
949,5,"[60, 105]",47.32612530202673,48.49891005999996,1.1727847579732256
1833,4,"[44, 150]",47.83641483121929,49.13858918332886,1.3021743521095743
1038,3,"[115, 100]",48.309386267955226,49.40488949937374,1.0955032314185118
1037,2,"[157, 19]",48.41973080612551,49.61339662267484,1.1936658165493341
1039,1,"[48, 3]",48.47624225836573,49.65021064731646,1.1739683889507333
1834,5,"[60, 105]",48.49891005999996,49.86715886663159,1.3682488066316338
1105,4,"[44, 150]",49.13858918332886,50.25473869135392,1.1161495080250603
1812,3,"[115, 100]",49.40488949937374,50.50039273079225,1.0955032314185118
1813,2,"[157, 19]",49.61339662267484,50.807062439224175,1.1936658165493341
1814,1,"[48, 3]",49.65021064731646,50.824179036267196,1.1739683889507333
1856,5,"[60, 105]",49.86715886663159,51.03994362460482,1.1727847579732256
1857,4,"[44, 150]",50.25473869135392,51.37088819937898,1.1161495080250603
1865,3,"[115, 100]",50.50039273079225,51.59589596221076,1.0955032314185118
1866,2,"[157, 19]",50.807062439224175,52.00072825577351,1.1936658165493341
1870,1,"[48, 3]",50.824179036267196,51.99814742521793,1.1739683889507333
2533,5,"[60, 105]",51.03994362460482,52.21272838257804,1.1727847579732256
1894,4,"[44, 150]",51.37088819937898,51.835950475909506,0.46506227653052434
696,3,"[18, 125]",51.59589596221076,54.26623342514148,2.6703374629307177
2534,3,"[115, 100]",51.59589596221076,52.69139919362927,1.0955032314185118
1248,4,"[12, 116]",51.835950475909506,54.46636787260074,2.630417396691236
2537,4,"[44, 150]",51.835950475909506,52.952099983934566,1.1161495080250603
2536,1,"[48, 3]",51.99814742521793,53.17211581416866,1.1739683889507333
2535,2,"[157, 19]",52.00072825577351,53.194394072322844,1.1936658165493341
1223,5,"[155, 146]",52.21272838257804,55.1578531041869,2.945124721608856
1895,5,"[60, 105]",52.21272838257804,52.7013886789826,0.48866029640456077
2538,3,"[115, 100]",52.69139919362927,53.786902425047785,1.0955032314185118
2774,5,"[60, 105]",52.7013886789826,53.87417343695583,1.1727847579732256
2744,4,"[44, 150]",52.952099983934566,54.11475567526088,1.1626556913263144
2540,1,"[48, 3]",53.17211581416866,54.346084203119396,1.1739683889507333
2539,2,"[157, 19]",53.194394072322844,54.38805988887218,1.1936658165493341
901,3,"[115, 100]",53.786902425047785,54.97369750172745,1.1867950766796653
902,5,"[60, 105]",53.87417343695583,55.144690161005414,1.2705167240495854
903,4,"[44, 150]",54.11475567526088,55.323917549888456,1.2091618746275756
899,1,"[48, 3]",54.346084203119396,55.617883193963294,1.271798990843898
900,2,"[157, 19]",54.38805988887218,55.681197757983924,1.2931378691117459
2541,0,[],54.38805988887218,54.38805988887218,0.0
906,3,"[115, 100]",54.97369750172745,56.160492578407116,1.1867950766796653
907,5,"[60, 105]",55.144690161005414,56.415206885055,1.2705167240495854
908,4,"[44, 150]",55.323917549888456,56.53307942451603,1.2091618746275756
904,1,"[48, 3]",55.617883193963294,56.88968218480719,1.271798990843898
905,2,"[157, 19]",55.681197757983924,56.97433562709567,1.2931378691117459
909,3,"[115, 100]",56.160492578407116,57.34728765508678,1.1867950766796653
2545,5,"[60, 105]",56.415206885055,57.19706337095287,0.7818564858978689
1054,4,"[44, 150]",56.53307942451603,57.74224129914361,1.2091618746275756
1052,1,"[48, 3]",56.88968218480719,58.16148117565109,1.271798990843898
1053,2,"[157, 19]",56.97433562709567,58.267473496207415,1.2931378691117459
2542,5,"[60, 105]",57.19706337095287,58.272116046344046,1.075052675391177
1055,3,"[115, 100]",57.34728765508678,58.534082731766446,1.1867950766796653
1782,4,"[44, 150]",57.74224129914361,58.95140317377118,1.2091618746275756
1841,1,"[48, 3]",58.16148117565109,59.43328016649499,1.271798990843898
1892,2,"[157, 19]",58.267473496207415,59.56061136531916,1.2931378691117459
2543,5,"[60, 105]",58.272116046344046,59.34716872173522,1.075052675391177
2719,3,"[115, 100]",58.534082731766446,59.72087780844611,1.1867950766796653
509,4,"[44, 150]",58.95140317377118,60.25357752588076,1.3021743521095743
2544,5,"[60, 105]",59.34716872173522,60.4222213971264,1.075052675391177
910,1,"[48, 3]",59.43328016649499,60.80290987585533,1.3696297093603391
935,2,"[157, 19]",59.56061136531916,60.95322140557336,1.3926100402541977
936,3,"[115, 100]",59.72087780844611,60.9989648392154,1.278087030769285
937,4,"[44, 150]",60.25357752588076,61.55575187799033,1.3021743521095743
2546,5,"[60, 105]",60.4222213971264,61.49727407251758,1.075052675391177
938,1,"[48, 3]",60.80290987585533,62.17253958521567,1.3696297093603391
1036,2,"[157, 19]",60.95322140557336,62.34583144582756,1.3926100402541977
1056,3,"[115, 100]",60.9989648392154,62.27705186998468,1.278087030769285
1059,5,"[60, 105]",61.49727407251758,62.86552287914921,1.3682488066316338
1057,4,"[44, 150]",61.55575187799033,62.857926230099906,1.3021743521095743
1084,1,"[48, 3]",62.17253958521567,63.542169294576006,1.3696297093603391
1086,3,"[115, 100]",62.27705186998468,63.55513890075397,1.278087030769285
1085,2,"[157, 19]",62.34583144582756,63.738441486081754,1.3926100402541977
1087,4,"[44, 150]",62.857926230099906,64.16010058220948,1.3021743521095743
697,5,"[155, 146]",62.86552287914921,65.9158307787866,3.0503078996373887
1092,5,"[60, 105]",62.86552287914921,64.23377168578084,1.3682488066316267
704,1,"[86, 45]",63.542169294576006,66.30367043020667,2.7615011356306596
1093,1,"[48, 3]",63.542169294576006,64.91179900393635,1.3696297093603462
705,3,"[18, 65]",63.55513890075397,66.39151896628124,2.8363800655272726
1095,3,"[115, 100]",63.55513890075397,64.83322593152326,1.2780870307692922
707,2,"[103, 53]",63.738441486081754,66.44754418702796,2.709102700946204
1094,2,"[157, 19]",63.738441486081754,65.13105152633595,1.3926100402541977
1245,4,"[12, 116]",64.16010058220948,66.9853637550027,2.825263172793214
1786,4,"[44, 150]",64.16010058220948,65.46227493431905,1.3021743521095743
1783,5,"[60, 105]",64.23377168578084,65.60202049241246,1.3682488066316267
2136,5,"[82, 72]",64.23377168578084,66.92691055390314,2.693138868122304
1889,3,"[115, 100]",64.83322593152326,66.11131296229254,1.278087030769285
2144,3,"[125, 47]",64.83322593152326,68.02480697031734,3.1915810387940837
1787,1,"[48, 3]",64.91179900393635,66.28142871329669,1.3696297093603391
2145,1,"[51, 91]",64.91179900393635,68.15673697045735,3.244937966520993
1890,2,"[157, 19]",65.13105152633595,66.52366156659015,1.3926100402541977
2147,2,"[55, 126]",65.13105152633595,68.11762600597012,2.9865744796341716
1918,4,"[44, 150]",65.46227493431905,66.76444928642863,1.3021743521095743
2148,4,"[158, 123]",65.46227493431905,68.43014310187188,2.9678681675528225
2149,5,"[60, 105]",65.60202049241246,68.43625030476348,2.834229812351012
2201,5,"[155, 146]",65.9158307787866,68.96613867842399,3.0503078996373887
2202,3,"[28, 118]",66.11131296229254,69.43924260852258,3.3279296462300323
2266,1,"[48, 3]",66.28142871329669,69.21634956905025,2.9349208557535604
2244,1,"[86, 45]",66.30367043020667,68.01770551606647,1.7140350858598055
2246,3,"[18, 65]",66.39151896628124,68.15203062655864,1.7605116602774018
2247,2,"[103, 53]",66.44754418702796,68.129056108463,1.681511921435046
2271,2,"[157, 19]",66.52366156659015,69.60729804194585,3.0836364753557035
2273,4,"[44, 76]",66.76444928642863,69.94748773718338,3.1830384507547507
2159,5,"[82, 72]",66.92691055390314,69.62004942202545,2.693138868122304
2274,4,"[12, 116]",66.9853637550027,70.00547247162368,3.0201087166209817
2275,1,"[45, 86]",68.01770551606647,70.9696548179899,2.9519493019234346
931,3,"[115, 100]",68.02480697031734,69.39418595517625,1.369378984858912
1078,5,"[60, 105]",68.43625030476348,69.90223119397716,1.4659808892136823
1076,1,"[48, 3]",69.21634956905025,70.68380999692704,1.4674604278767873
934,3,"[115, 100]",69.39418595517625,70.76356494003517,1.369378984858912
1883,3,"[113, 153]",69.43924260852258,70.97720161237856,1.5379590038559883
932,2,"[157, 19]",69.60729804194585,71.0993802533425,1.4920822113966494
1079,5,"[60, 105]",69.90223119397716,71.36821208319084,1.4659808892136823
1077,4,"[150, 44]",69.94748773718338,71.34267456677496,1.3951868295915801
1873,1,"[48, 3]",70.68380999692704,72.15127042480383,1.4674604278767873
1874,3,"[115, 100]",70.76356494003517,72.13294392489408,1.369378984858912
2503,3,"[113, 153]",70.97720161237856,72.51516061623455,1.5379590038559883
933,2,"[157, 19]",71.0993802533425,72.59146246473915,1.4920822113966494
2500,4,"[44, 150]",71.34267456677496,72.73786139636654,1.3951868295915801
2498,5,"[60, 105]",71.36821208319084,72.83419297240452,1.4659808892136823
2505,3,"[115, 100]",72.13294392489408,73.50232290975299,1.369378984858912
2502,1,"[48, 3]",72.15127042480383,73.61873085268061,1.4674604278767873
2510,3,"[113, 153]",72.51516061623455,74.05311962009054,1.5379590038559883
1884,2,"[157, 19]",72.59146246473915,74.0835446761358,1.4920822113966494
2501,4,"[44, 150]",72.73786139636654,74.13304822595812,1.3951868295915801
2499,5,"[60, 105]",72.83419297240452,74.3001738616182,1.4659808892136823
911,3,"[115, 100]",73.50232290975299,74.96299384870152,1.4606709389485246
2504,1,"[48, 3]",73.61873085268061,75.0861912805574,1.4674604278767873
1013,3,"[113, 153]",74.05311962009054,75.6936092486488,1.6404896285582566
2506,2,"[157, 19]",74.0835446761358,75.57562688753245,1.4920822113966494
2508,4,"[44, 150]",74.13304822595812,75.5282350555497,1.3951868295915801
2509,5,"[60, 105]",74.3001738616182,75.76615475083189,1.4659808892136823
2736,3,"[115, 100]",74.96299384870152,76.42366478765004,1.4606709389485246
2748,1,"[48, 3]",75.0861912805574,76.55365170843419,1.4674604278767873
913,4,"[44, 150]",75.5282350555497,77.01643436262329,1.488199307073586
912,2,"[157, 19]",75.57562688753245,77.16718127007155,1.5915543825391012
895,3,"[113, 153]",75.6936092486488,77.43662950190932,1.743020253260525
914,5,"[60, 105]",75.76615475083189,77.32986772262763,1.5637129717957379
1014,3,"[115, 100]",76.42366478765004,77.51916801906854,1.0955032314185047
1871,1,"[48, 3]",76.55365170843419,78.11894285482741,1.5652911463932213
492,4,"[44, 150]",77.01643436262329,78.59764614717888,1.5812117845555917
491,2,"[157, 19]",77.16718127007155,78.8582078237531,1.691026553681553
502,5,"[60, 105]",77.32986772262763,78.9913127770054,1.6614450543777792
1102,3,"[113, 153]",77.43662950190932,79.17964975516985,1.743020253260525
1097,3,"[115, 100]",77.51916801906854,79.0711309121067,1.5519628930381515
896,1,"[48, 3]",78.11894285482741,79.78206471973708,1.6631218649096695
897,4,"[44, 150]",78.59764614717888,80.17885793173447,1.5812117845555917
898,2,"[157, 19]",78.8582078237531,80.54923437743466,1.691026553681553
2238,2,"[103, 53]",78.8582078237531,80.72655445261965,1.8683466288665471
1096,5,"[60, 105]",78.9913127770054,80.65275783138318,1.6614450543777792
1243,5,"[155, 146]",78.9913127770054,82.35716970917662,3.365856932171212
1103,3,"[115, 100]",79.0711309121067,80.62309380514485,1.5519628930381515
951,3,"[113, 153]",79.17964975516985,81.02520051090663,1.845550755736781
1098,1,"[48, 3]",79.78206471973708,81.44518658464675,1.6631218649096695
1099,4,"[44, 150]",80.17885793173447,81.76006971629006,1.5812117845555917
1100,2,"[157, 19]",80.54923437743466,82.24026093111621,1.691026553681553
952,3,"[115, 100]",80.62309380514485,82.26634854344415,1.643254738299305
1101,5,"[60, 105]",80.65275783138318,82.31420288576096,1.6614450543777792
1061,3,"[113, 153]",81.02520051090663,82.87075126664341,1.845550755736781
1108,1,"[48, 3]",81.44518658464675,83.10830844955642,1.6631218649096695
2737,4,"[44, 150]",81.76006971629006,83.34128150084565,1.5812117845555917
1060,2,"[157, 19]",82.24026093111621,84.03075953736017,1.7904986062439576
1106,3,"[115, 100]",82.26634854344415,83.90960328174346,1.643254738299305
1062,5,"[60, 105]",82.31420288576096,84.07337990621511,1.7591770204541461
514,3,"[113, 153]",82.87075126664341,84.81883264708246,1.9480813804390493
953,1,"[48, 3]",83.10830844955642,84.86926091635924,1.76095246680282
954,4,"[44, 150]",83.34128150084565,85.01550565200375,1.6742241511581
921,3,"[115, 100]",83.90960328174346,85.64414997413238,1.7345466923889177
1063,2,"[157, 19]",84.03075953736017,85.82125814360413,1.7904986062439576
919,5,"[60, 105]",84.07337990621511,85.93028900925131,1.8569091030362017
1044,3,"[113, 153]",84.81883264708246,86.76691402752151,1.9480813804390493
503,1,"[48, 3]",84.86926091635924,86.7280441016785,1.8587831853192682
512,4,"[44, 40]",85.01550565200375,86.91325067656767,1.8977450245639176
2746,4,"[150, 133]",85.01550565200375,85.52420402359223,0.5086983715884799
1069,4,"[133, 150]",85.52420402359223,87.45725781137185,1.9330537877796132
1047,3,"[115, 100]",85.64414997413238,87.3786966665213,1.7345466923889177
513,2,"[157, 19]",85.82125814360413,87.71122892099054,1.8899707773864094
920,5,"[60, 105]",85.93028900925131,87.78719811228751,1.8569091030362017
922,1,"[48, 3]",86.7280441016785,88.58682728699777,1.8587831853192682
1071,3,"[113, 153]",86.76691402752151,88.71499540796056,1.9480813804390493
1070,4,"[44, 40]",86.91325067656767,88.81099570113159,1.8977450245639176
1091,3,"[115, 100]",87.3786966665213,89.11324335891021,1.7345466923889177
2221,4,"[12, 158]",87.45725781137185,90.78907771155144,3.331819900179596
2742,4,"[133, 150]",87.45725781137185,89.44118163036335,1.9839238189914994
1045,2,"[157, 19]",87.71122892099054,89.60119969837694,1.8899707773864094
2222,2,"[103, 53]",87.71122892099054,90.88741827915338,3.176189358162844
331,5,"[155, 146]",87.78719811228751,92.83598363593228,5.048785523644767
1046,5,"[60, 105]",87.78719811228751,89.64410721532371,1.8569091030362017
1068,1,"[48, 3]",88.58682728699777,90.44561047231704,1.8587831853192682
2150,1,"[45, 86]",88.58682728699777,91.919673375571,3.33284608857322
1720,3,"[18, 65]",88.71499540796056,90.96453809793658,2.2495426899760247
2234,4,"[44, 116]",88.81099570113159,90.97621492903191,2.165219227900323
1064,3,"[115, 100]",89.11324335891021,90.93908200538876,1.8258386464785445
2239,3,"[125, 47]",89.11324335891021,91.64449715051047,2.531253791600264
2254,4,"[123, 76]",89.44118163036335,93.35273046767331,3.911548837309965
1088,2,"[157, 19]",89.60119969837694,91.49117047576335,1.8899707773864094
1089,5,"[60, 105]",89.64410721532371,91.50101631835992,1.8569091030362017
1090,1,"[48, 3]",90.44561047231704,92.30439365763631,1.8587831853192682
2272,1,"[51, 91]",90.44561047231704,94.36191478588104,3.916304313563998
28,4,"[12, 158]",90.78907771155144,94.51287627233962,3.7237985607881825
2245,2,"[126, 103]",90.88741827915338,93.17184497023818,2.2844266910848035
2240,3,"[28, 118]",90.93908200538876,93.69323069699982,2.7541486916110642
2242,3,"[18, 65]",90.96453809793658,93.31188713376524,2.347349035828657
1065,4,"[44, 40]",90.97621492903191,92.97384129574506,1.997626366713149
2233,2,"[53, 157]",91.49117047576335,93.86362175385429,2.372451278090935
2248,5,"[60, 77]",91.50101631835992,93.77203646269786,2.271020144337939
2776,3,"[115, 113]",91.64449715051047,93.58096468687528,1.9364675363648018
2777,1,"[48, 3]",92.30439365763631,94.26100756147201,1.9566139038357022
335,0,[],92.83598363593228,92.83598363593228,0.0
336,5,"[155, 146]",92.83598363593228,94.72927808191113,1.893294445978853
2156,4,"[116, 44]",92.97384129574506,97.39841963014901,4.424578334403947
2754,3,"[153, 100]",93.31188713376524,95.28703453301195,1.9751473992467083
1026,4,"[40, 133]",93.35273046767331,95.6630525598443,2.310322092170992
1027,3,"[115, 113]",93.58096468687528,95.61425550772036,2.0332908208450817
337,5,"[77, 82]",93.77203646269786,95.50209364443961,1.7300571817417563
1067,5,"[105, 60]",93.77203646269786,95.7266776483161,1.954641185618243
1066,2,"[19, 157]",93.86362175385429,95.85306470238315,1.9894429485288612
2801,1,"[48, 3]",94.26100756147201,96.21762146530772,1.9566139038357022
338,5,"[155, 146]",94.72927808191113,96.83293863317115,2.1036605512600204
339,5,"[77, 82]",95.50209364443961,98.19329373038838,2.691200085948765
1028,3,"[115, 100]",95.61425550772036,97.53138599946006,1.917130491739698
1886,3,"[153, 113]",95.61425550772036,97.76739801533795,2.153142507617588
1885,4,"[150, 40]",95.6630525598443,97.76293837729682,2.099885817452517
341,5,"[72, 60]",95.7266776483161,98.39552218228383,2.6688445339677287
1914,2,"[19, 157]",95.85306470238315,97.89224367719322,2.0391789748100706
1058,1,"[48, 3]",96.21762146530772,98.27206597103658,2.054444505728867
340,5,"[155, 146]",96.83293863317115,101.88172415681592,5.048785523644767
1888,4,"[133, 44]",97.39841963014901,99.53249078070651,2.134071150557503
1887,3,"[115, 100]",97.53138599946006,99.44851649119975,1.917130491739698
925,4,"[40, 150]",97.76293837729682,99.96281890506961,2.199880527772791
926,3,"[113, 153]",97.76739801533795,100.0230712698838,2.2556732545458544
1029,2,"[19, 157]",97.89224367719322,99.98115867828449,2.088915001091266
1843,1,"[48, 3]",98.27206597103658,100.32651047676545,2.054444505728867
2553,1,"[45, 86]",98.27206597103658,101.89058453608109,3.6185185650445106
1942,5,"[105, 60]",98.39552218228383,100.83882366430663,2.443301482022804
2289,3,"[115, 100]",99.44851649119975,101.54823089111869,2.0997143999189376
1104,4,"[44, 133]",99.53249078070651,101.7681845169919,2.235693736285384
1835,4,"[40, 150]",99.96281890506961,103.16264510561133,3.1998262005417217
923,2,"[19, 157]",99.98115867828449,102.16954596909825,2.1883872908137647
515,3,"[113, 153]",100.0230712698838,102.48380577383418,2.460734503950377
924,1,"[48, 3]",100.32651047676545,102.47878581763403,2.1522753408685844
1838,5,"[60, 105]",100.83882366430663,103.5753212775699,2.7364976132632677
1074,3,"[115, 100]",101.54823089111869,103.73923735395572,2.1910064628370236
1072,4,"[44, 133]",101.7681845169919,104.20712318244627,2.4389386654543728
2311,2,"[19, 157]",102.16954596909825,104.45740531247442,2.2878593433761694
1844,1,"[48, 3]",102.47878581763403,103.26143139083065,0.7826455731966178
2773,3,"[113, 153]",102.48380577383418,104.94454027778455,2.460734503950377
2791,4,"[40, 150]",103.16264510561133,105.56251481561904,2.3998697100077067
500,1,"[48, 3]",103.26143139083065,105.70719877062528,2.4457673797946313
1845,1,"[43, 35]",103.26143139083065,104.19672190508173,0.9352905142510792
1075,5,"[60, 105]",103.5753212775699,105.92089079351635,2.345569515946451
1837,5,"[95, 108]",103.5753212775699,107.1385259958941,3.563204718324201
508,3,"[115, 100]",103.73923735395572,106.02153566205389,2.282298308098177
1050,1,"[43, 35]",104.19672190508173,107.1195047185635,2.922782813481774
1048,4,"[44, 133]",104.20712318244627,106.74768419134176,2.5405610088954944
1073,2,"[19, 157]",104.45740531247442,106.84473694557309,2.3873316330986682
1049,3,"[113, 153]",104.94454027778455,107.5078052842112,2.563265006426647
1051,4,"[40, 150]",105.56251481561904,108.06237899754139,2.499864181922348
506,1,"[48, 3]",105.70719877062528,108.15296615041991,2.4457673797946313
1836,5,"[60, 105]",105.92089079351635,109.04831673710783,3.1274259435914757
1081,3,"[115, 100]",106.02153566205389,108.30383397015207,2.282298308098177
1082,4,"[44, 133]",106.74768419134176,109.28824520023724,2.54056100889548
505,2,"[19, 157]",106.84473694557309,109.33154063123416,2.486803685661073
1083,1,"[43, 35]",107.1195047185635,110.04228753204528,2.922782813481774
1107,5,"[108, 95]",107.1385259958941,109.92227964060372,2.78375364470962
2561,5,"[77, 155]",107.1385259958941,112.56531987346872,5.4267938775746245
1943,3,"[113, 153]",107.5078052842112,110.07107029063785,2.563265006426647
2095,3,"[18, 65]",107.5078052842112,108.19244871412987,0.6846434299186654
1947,4,"[40, 150]",108.06237899754139,110.56224317946374,2.499864181922348
2098,4,"[12, 116]",108.06237899754139,108.74433903969266,0.6819600421512746
2278,1,"[45, 86]",108.15296615041991,111.96193310878931,3.808966958369396
2725,1,"[48, 3]",108.15296615041991,110.59873353021455,2.4457673797946313
2279,3,"[18, 125]",108.19244871412987,112.14850414490152,3.956055430771656
2770,3,"[65, 47]",108.30383397015207,111.40178647830139,3.0979525081493193
2786,4,"[158, 116]",108.74433903969266,111.47881371316318,2.7344746734705154
1880,5,"[60, 105]",109.04831673710783,110.123369412499,1.075052675391177
2814,4,"[12, 123]",109.28824520023724,110.12041889527664,0.8321736950394012
702,2,"[103, 53]",109.33154063123416,113.16165113132088,3.830110500086718
1080,2,"[19, 157]",109.33154063123416,111.81834431689524,2.486803685661073
703,5,"[146, 82]",109.92227964060372,114.11595800560062,4.193678364996899
708,1,"[51, 91]",110.04228753204528,114.62995819265228,4.587670660607003
709,3,"[28, 118]",110.07107029063785,114.77607400907333,4.705003718435478
710,4,"[12, 76]",110.12041889527664,114.49087491331143,4.370456018034787
1944,5,"[60, 105]",110.123369412499,112.85986702576227,2.7364976132632677
2076,4,"[123, 44]",110.56224317946374,111.46483108393288,0.9025879044691436
2726,1,"[48, 3]",110.59873353021455,113.04450091000918,2.4457673797946313
1840,3,"[115, 113]",111.40178647830139,114.59695786713434,3.1951713888329465
2077,4,"[123, 44]",111.46483108393288,112.36741898840202,0.9025879044691436
1024,4,"[133, 40]",111.47881371316318,114.33921251892697,2.8603988057637935
1948,2,"[19, 157]",111.81834431689524,114.30514800255631,2.486803685661073
2739,1,"[43, 35]",111.96193310878931,115.00162712331503,3.039694014525722
2061,3,"[18, 125]",112.14850414490152,113.13751800259443,0.9890138576929104
2071,4,"[158, 116]",112.36741898840202,113.32688381821683,0.9594648298148059
2757,5,"[95, 108]",112.56531987346872,115.571773862851,3.0064539893822797
2058,5,"[155, 77]",112.85986702576227,113.94522582480171,1.0853587990394402
2059,1,"[142, 132]",113.04450091000918,114.09353003234168,1.0490291223324988
2060,3,"[18, 65]",113.13751800259443,114.21338629125022,1.0758682886557835
2066,2,"[103, 137]",113.16165113132088,114.22365154348738,1.0620004121664977
2743,4,"[44, 150]",113.32688381821683,115.88472633913473,2.5578425209179017
2745,5,"[60, 105]",113.94522582480171,116.6328574550268,2.6876316302250842
494,1,"[48, 3]",114.09353003234168,116.83278945106235,2.7392594187206782
963,3,"[153, 100]",114.21338629125022,116.91114860946864,2.697762318218423
1949,2,"[144, 151]",114.30514800255631,115.13829060811946,0.8331426055631539
2652,2,"[19, 157]",114.30514800255631,116.8914237407798,2.5862757382234918
1950,4,"[133, 40]",114.33921251892697,115.27434295826444,0.9351304393374704
1952,3,"[115, 113]",114.59695786713434,115.41995659317386,0.8229987260395291
965,1,"[43, 35]",115.00162712331503,118.27514381866695,3.2735166953519155
1969,2,"[144, 151]",115.13829060811946,115.4323409429313,0.2940503348118426
1951,4,"[133, 40]",115.27434295826444,116.20947339760191,0.9351304393374704
1953,3,"[115, 113]",115.41995659317386,116.2429553192134,0.8229987260395291
1954,2,"[144, 151]",115.4323409429313,116.26548354849446,0.8331426055631539
1970,4,"[44, 150]",115.88472633913473,116.16376371614099,0.2790373770062615
1956,4,"[44, 133]",116.20947339760191,117.07326416485506,0.8637907672531497
1973,4,"[150, 40]",116.20947339760191,116.50945711135287,0.29998371375096156
1967,3,"[115, 113]",116.2429553192134,117.59848257158427,1.3555272523708766
1959,2,"[144, 151]",116.26548354849446,117.09862615405761,0.8331426055631539
1957,4,"[40, 150]",116.50945711135287,117.35941095704703,0.8499538456941593
499,5,"[60, 95]",116.6328574550268,119.41408342165208,2.7812259666252857
1955,5,"[108, 105]",116.6328574550268,117.56230333515991,0.929445880133116
2740,1,"[48, 3]",116.83278945106235,118.15350385947612,1.3207144084137639
964,2,"[19, 157]",116.8914237407798,119.6766438212882,2.7852200805083953
1958,3,"[100, 153]",116.91114860946864,117.73011220727454,0.8189635978059044
1960,4,"[44, 133]",117.07326416485506,117.93705493210821,0.8637907672531497
1962,2,"[151, 144]",117.09862615405761,117.93176875962077,0.8331426055631539
1964,4,"[40, 150]",117.35941095704703,118.20936480274119,0.8499538456941593
1961,5,"[105, 108]",117.56230333515991,118.49174921529303,0.929445880133116
1963,3,"[115, 113]",117.59848257158427,118.4214812976238,0.8229987260395291
1972,3,"[153, 100]",117.73011220727454,119.84978268220084,2.119670474926295
1965,2,"[151, 144]",117.93176875962077,118.96094484382841,1.0291760842076485
1966,4,"[44, 133]",117.93705493210821,119.00409050738696,1.0670355752787515
966,1,"[48, 3]",118.15350385947612,120.8927632781968,2.7392594187206782
1945,1,"[43, 35]",118.27514381866695,121.54866051401886,3.2735166953519155
1968,3,"[115, 113]",118.4214812976238,120.6000072760342,2.1785259784104056
2787,5,"[105, 108]",118.49174921529303,120.6786806366174,2.186931421324374
1975,4,"[40, 44]",119.00409050738696,121.95058944591597,2.946498938529004
1976,4,"[150, 133]",119.00409050738696,122.00541094827229,3.0013204408853227
2778,5,"[60, 95]",119.41408342165208,121.40067343164442,1.9865900099923408
1971,2,"[19, 151]",119.6766438212882,122.53300653101246,2.856362709724266
2299,2,"[144, 157]",119.6766438212882,122.65023041119434,2.973586589906148
498,3,"[100, 153]",119.84978268220084,122.64389379411001,2.7941111119091744
2078,3,"[18, 65]",119.84978268220084,121.02345720011516,1.1736745179143213
2079,3,"[125, 47]",120.6000072760342,121.92066150803143,1.3206542319972243
2779,5,"[105, 108]",120.6786806366174,122.86561205794177,2.186931421324374
2727,1,"[48, 3]",120.8927632781968,124.02334557098324,3.1305822927864426
2089,3,"[18, 65]",121.02345720011516,122.19713171802948,1.1736745179143213
2780,5,"[60, 95]",121.40067343164442,123.38726344163676,1.9865900099923408
962,1,"[43, 35]",121.54866051401886,125.28982257102318,3.741162057004317
2090,1,"[51, 142]",121.54866051401886,122.82581899597368,1.2771584819548139
2107,3,"[125, 47]",121.92066150803143,123.24131574002865,1.3206542319972243
1977,4,"[44, 150]",122.00541094827229,124.74927842415418,2.743867475881899
1978,4,"[40, 133]",122.00541094827229,125.25086361092926,3.245452662656973
2062,3,"[18, 65]",122.19713171802948,123.38058684721025,1.1834551291807713
2555,2,"[103, 53]",122.53300653101246,126.64336920360859,4.110362672596125
2556,3,"[28, 118]",122.64389379411001,127.69316630419694,5.049272510086922
1986,2,"[137, 92]",122.65023041119434,124.0385150703575,1.388284659163162
2310,2,"[19, 157]",122.65023041119434,125.53492278142522,2.88469237023088
1988,1,"[51, 142]",122.82581899597368,124.20940724569616,1.3835882497224787
1990,3,"[125, 47]",123.24131574002865,124.67202438202963,1.4307086420009796
1991,3,"[18, 65]",123.38058684721025,124.65206747778903,1.271480630578779
2783,5,"[60, 105]",123.38726344163676,125.341904627255,1.954641185618243
2784,5,"[108, 95]",123.38726344163676,125.61426635740446,2.2270029157676987
1992,1,"[48, 3]",124.02334557098324,125.29514456182714,1.2717989908439051
1993,2,"[137, 92]",124.0385150703575,125.42679972952067,1.388284659163162
1994,1,"[51, 142]",124.20940724569616,125.59299549541863,1.3835882497224787
1995,3,"[18, 65]",124.65206747778903,125.92354810836781,1.271480630578779
1996,3,"[125, 47]",124.67202438202963,126.10273302403061,1.4307086420009796
1981,4,"[44, 150]",124.74927842415418,127.49314590003608,2.743867475881899
1982,4,"[40, 133]",125.25086361092926,128.49631627358625,3.2454526626569873
1000,1,"[43, 35]",125.28982257102318,127.16040359952534,1.8705810285021585
984,1,"[48, 3]",125.29514456182714,127.15392774714641,1.8587831853192682
2785,5,"[60, 105]",125.341904627255,127.29654581287325,1.954641185618243
1004,2,"[144, 151]",125.42679972952067,127.38713521703626,1.960335487515593
988,2,"[19, 157]",125.53492278142522,127.62383778251649,2.088915001091266
996,5,"[108, 95]",125.61426635740446,127.84126927317216,2.2270029157676987
980,3,"[115, 113]",125.92354810836781,128.63460261310956,2.711054504741753
1015,3,"[153, 100]",126.10273302403061,128.99319269991744,2.890459675886831
992,1,"[48, 3]",127.15392774714641,129.20837225287528,2.054444505728867
1031,1,"[43, 35]",127.16040359952534,130.66774297570345,3.507339376178109
2788,5,"[60, 105]",127.29654581287325,129.2511869984915,1.9546411856182573
1033,2,"[144, 151]",127.38713521703626,130.32763844830964,2.9405032312733823
1979,4,"[44, 150]",127.49314590003608,130.56255688078576,3.06941098074968
1030,2,"[19, 157]",127.62383778251649,130.6080022053098,2.984164422793299
2789,5,"[108, 95]",127.84126927317216,130.06827218893986,2.2270029157676987
1980,4,"[40, 133]",128.49631627358625,132.12682253083938,3.6305062572531313
2313,3,"[115, 113]",128.63460261310956,131.53930391765678,2.904701304547217
2315,3,"[153, 100]",128.99319269991744,131.88365237580427,2.890459675886831
1032,1,"[48, 3]",129.20837225287528,132.14329310862885,2.9349208557535746
2005,1,"[51, 142]",129.20837225287528,130.59196050259777,1.383588249722493
2781,5,"[60, 105]",129.2511869984915,131.59675651443794,2.345569515946437
1016,5,"[108, 95]",130.06827218893986,131.6271742034293,1.5589020144894334
2006,2,"[103, 137]",130.32763844830964,131.58272977126657,1.255091322956929
2314,4,"[44, 150]",130.56255688078576,133.35293053996892,2.7903736591831603
2007,1,"[51, 142]",130.59196050259777,131.97554875232026,1.383588249722493
2295,2,"[157, 19]",130.6080022053098,133.5921666281031,2.984164422793299
2010,1,"[132, 43]",130.66774297570345,132.06596633125025,1.3982233555468042
2009,2,"[92, 103]",131.58272977126657,132.84619878613853,1.2634690148719585
1017,5,"[60, 105]",131.59675651443794,133.25820156881574,1.6614450543777934
1946,5,"[108, 95]",131.6271742034293,134.57795317301327,2.950778969583979
2559,5,"[155, 77]",131.6271742034293,137.05396808100392,5.4267938775746245
959,3,"[113, 153]",131.88365237580427,135.36969288232532,3.48604050652105
1019,3,"[115, 100]",131.88365237580427,133.07044745248393,1.1867950766796582
2012,3,"[18, 125]",131.88365237580427,133.1693703436452,1.2857179678409238
2021,1,"[51, 142]",131.97554875232026,133.35913700204276,1.383588249722493
2022,1,"[132, 35]",132.06596633125025,133.50020978602893,1.4342434547786809
1018,4,"[40, 133]",132.12682253083938,133.99708340951432,1.8702608786749408
2023,4,"[12, 158]",132.12682253083938,133.400753586683,1.273931055843633
2024,1,"[48, 3]",132.14329310862885,133.41509209947276,1.2717989908439051
2011,2,"[137, 103]",132.84619878613853,134.10129010909546,1.255091322956929
2027,3,"[65, 28]",133.07044745248393,134.5237812576719,1.453333805187981
2028,3,"[18, 125]",133.1693703436452,134.45508831148612,1.2857179678409238
2032,5,"[72, 82]",133.25820156881574,134.4654706326109,1.2072690637951666
2088,4,"[116, 76]",133.35293053996892,134.7072360795897,1.354305539620782
2014,1,"[51, 142]",133.35913700204276,134.84915514640718,1.4900181443644271
2015,4,"[158, 12]",133.400753586683,134.7726793660882,1.3719257794051885
2019,1,"[48, 3]",133.41509209947276,134.7847218088331,1.3696297093603391
2020,1,"[132, 43]",133.50020978602893,135.00598881389848,1.5057790278695506
2025,2,"[92, 19]",133.5921666281031,134.9396157505754,1.3474491224723124
2063,4,"[123, 44]",133.99708340951432,135.4011090519721,1.404025642457782
2026,2,"[157, 103]",134.10129010909546,135.4103940106857,1.3091039015902481
2094,3,"[18, 125]",134.45508831148612,135.83970768867627,1.3846193771901483
2122,5,"[82, 72]",134.4654706326109,135.76560657301476,1.3001359404038624
2123,3,"[65, 47]",134.5237812576719,136.04558251475206,1.521801257080142
1711,5,"[60, 108]",134.57795317301327,136.23484263520655,1.656889462193277
2055,4,"[116, 76]",134.7072360795897,136.2698963749317,1.562660295341999
2096,4,"[158, 12]",134.7726793660882,136.2425998690549,1.4699205029667155
2097,1,"[48, 3]",134.7847218088331,136.25218223670987,1.467460427876773
2099,1,"[51, 142]",134.84915514640718,136.44560318541357,1.5964480390063898
2093,2,"[137, 19]",134.9396157505754,136.38045800131937,1.4408422507439695
2101,1,"[132, 35]",135.00598881389848,136.66088516857513,1.6548963546766515
997,3,"[115, 113]",135.36969288232532,136.91886693450166,1.5491740521763404
993,4,"[44, 40]",135.4011090519721,137.39873541868525,1.997626366713149
2100,2,"[92, 103]",135.4103940106857,136.8682429274731,1.457848916787384
1001,5,"[105, 95]",135.76560657301476,137.73418253232563,1.9685759593108685
981,3,"[153, 100]",135.83970768867627,137.8630293699118,2.0233216812355295
989,5,"[60, 108]",136.23484263520655,138.55448777693493,2.3196451417283868
2125,4,"[12, 158]",136.2425998690549,137.6145256484601,1.3719257794051885
2759,1,"[48, 3]",136.25218223670987,140.65456352034022,4.402381283630348
977,4,"[133, 150]",136.2698963749317,139.11860720731397,2.8487108323822667
961,2,"[144, 151]",136.38045800131937,139.71302842357196,3.332570422252587
2102,2,"[157, 19]",136.38045800131937,137.87254021271602,1.4920822113966494
501,1,"[43, 35]",136.66088516857513,140.28513574579722,3.624250577222085
985,3,"[115, 113]",136.91886693450166,138.95215775534675,2.0332908208450817
2103,3,"[18, 65]",136.91886693450166,138.38596002359753,1.4670930890958687
2106,4,"[116, 76]",137.39873541868525,138.96139571402725,1.562660295341999
425,4,"[12, 158, 123]",137.6145256484601,139.53555914005602,1.9210334915959209
2065,5,"[155, 77]",137.73418253232563,139.3128862293264,1.5787036970007762
2068,3,"[125, 28]",137.8630293699118,139.67467845152353,1.8116490816117334
960,2,"[157, 19]",137.87254021271602,141.25459332007912,3.382053107363106
2131,2,"[103, 137]",137.87254021271602,139.41726807449535,1.5447278617793359
2132,3,"[18, 65]",138.38596002359753,139.95085934195194,1.5648993183544064
2520,5,"[82, 72]",138.55448777693493,140.04035747055616,1.4858696936212255
2790,5,"[105, 60]",138.55448777693493,141.8773778856905,3.3228901087555585
2521,3,"[47, 115]",138.95215775534675,140.58892103119345,1.636763275846704
2522,4,"[116, 76]",138.96139571402725,140.62823338722987,1.6668376732026218
1466,4,"[6, 150]",139.11860720731397,140.5315527913114,1.4129455839974412
1467,5,"[155, 146]",139.3128862293264,140.89063164277144,1.5777454134450295
2523,2,"[103, 92]",139.41726807449535,140.97230694224044,1.5550388677450826
2524,4,"[158, 12]",139.53555914005602,141.1034743665843,1.567915226528271
2749,3,"[113, 153]",139.67467845152353,143.46831070992536,3.7936322584018285
999,2,"[144, 151]",139.71302842357196,141.28129683695346,1.568268413381503
1003,5,"[95, 108]",140.04035747055616,142.26736038632387,2.227002915767713
2434,1,"[43, 35]",140.28513574579722,144.02629780280154,3.741162057004317
983,4,"[44, 40]",140.5315527913114,142.62906038110597,2.09750758979456
995,3,"[100, 115]",140.58892103119345,142.41475967767198,1.8258386464785303
991,4,"[133, 150]",140.62823338722987,142.764766450875,2.1365330636451176
2160,1,"[45, 86]",140.65456352034022,145.13009951479856,4.47553599445834
2307,1,"[48, 3]",140.65456352034022,143.68731497798694,3.032751457646725
2448,2,"[103, 53]",140.97230694224044,145.36292134189742,4.390614399656982
479,4,"[116, 12]",141.1034743665843,142.7596631150398,1.65618874845552
2525,0,[],141.1034743665843,141.1034743665843,0.0
998,2,"[157, 19]",141.25459332007912,142.84614770261823,1.5915543825391012
994,2,"[144, 151]",141.28129683695346,143.24163232446907,1.9603354875156072
979,5,"[60, 105]",141.8773778856905,144.61387549895375,2.7364976132632535
1002,5,"[108, 95]",142.26736038632387,144.49436330209159,2.227002915767713
987,3,"[115, 100]",142.41475967767198,144.33189016941168,1.917130491739698
990,4,"[44, 40]",142.62906038110597,144.72656797090053,2.09750758979456
978,4,"[133, 150]",142.764766450875,145.61347728325725,2.8487108323822667
2294,2,"[157, 19]",142.84614770261823,146.12872852025882,3.282580817640593
2302,2,"[144, 151]",143.24163232446907,146.47618583213176,3.234553507662696
986,3,"[113, 153]",143.46831070992536,145.62145321754295,2.153142507617588
483,1,"[51, 142]",143.68731497798694,145.49662280627723,1.8093078282902866
1676,1,"[48, 3]",144.02629780280154,145.6894196677112,1.6631218649096695
1741,3,"[18, 125]",144.33189016941168,146.01321377464947,1.6813236052377931
2431,3,"[115, 100]",144.33189016941168,147.3445238925699,3.012633723158217
2526,5,"[155, 82]",144.49436330209159,146.31709846298176,1.8227351608901756
982,5,"[60, 105]",144.61387549895375,146.66624865064836,2.05237315169461
2527,5,"[77, 72]",144.61387549895375,146.4270070346644,1.813131535710653
486,4,"[44, 40]",144.72656797090053,148.0226514283501,3.296083457449555
1742,4,"[116, 158]",144.72656797090053,146.35765822733657,1.631090256436039
2161,1,"[45, 86]",145.13009951479856,147.8916006504292,2.7615011356306525
1763,2,"[103, 137]",145.36292134189742,147.00419471661758,1.641273374720157
2052,1,"[51, 142]",145.49662280627723,147.30593063456752,1.8093078282902866
2053,4,"[12, 123]",145.61347728325725,147.38184640846666,1.7683691252094036
2813,3,"[65, 47]",145.62145321754295,147.4693548272992,1.8479016097562635
2554,1,"[91, 48]",145.6894196677112,150.38620785802453,4.6967881903133275
426,3,"[18, 125]",146.01321377464947,147.79343867133687,1.7802248966874004
427,2,"[157, 19]",146.12872852025882,147.9192271265028,1.7904986062439718
2528,5,"[155, 82]",146.31709846298176,148.13983362387194,1.8227351608901756
430,4,"[116, 158]",146.35765822733657,148.08469487525238,1.72703664791581
2529,5,"[77, 72]",146.4270070346644,148.24013857037505,1.813131535710653
2530,5,"[60, 108]",146.66624865064836,148.76497527642428,2.0987266257759245
440,2,"[92, 103]",147.00419471661758,148.75361337041866,1.7494186538010865
464,1,"[51, 142]",147.30593063456752,149.22166823062545,1.9157375960579373
465,3,"[28, 115]",147.3445238925699,149.23513771848923,1.8906138259193312
466,4,"[12, 123]",147.38184640846666,149.2542371448031,1.872390736336456
467,3,"[65, 47]",147.4693548272992,149.42595642503358,1.9566015977343625
470,3,"[18, 125]",147.79343867133687,149.57366356802427,1.7802248966874004
471,1,"[3, 132]",147.8916006504292,149.686392937428,1.794792286998785
441,2,"[137, 157]",147.9192271265028,149.76173756513205,1.8425104386292617
475,4,"[76, 44]",148.0226514283501,149.87086731087882,1.8482158825287343
967,4,"[116, 158]",148.08469487525238,149.8117315231682,1.72703664791581
2531,5,"[155, 82]",148.13983362387194,149.9625687847621,1.8227351608901756
970,5,"[77, 72]",148.24013857037505,149.9578421065727,1.7177035361976607
474,2,"[19, 103]",148.75361337041866,150.44508869308095,1.691475322662285
442,5,"[60, 108]",148.76497527642428,150.7532425783851,1.988267301960832
1294,1,"[51, 142]",149.22166823062545,151.1374058266834,1.9157375960579373
1332,3,"[28, 115]",149.23513771848923,151.12575154440856,1.8906138259193312
1360,4,"[12, 123]",149.2542371448031,151.12662788113957,1.872390736336456
1362,3,"[65, 47]",149.42595642503358,151.38255802276794,1.9566015977343625
1364,3,"[18, 125]",149.57366356802427,151.35388846471167,1.7802248966874004
1366,1,"[3, 132]",149.686392937428,151.48118522442678,1.794792286998785
444,2,"[92, 157]",149.76173756513205,150.68951521053387,0.9277776454018181
443,4,"[116, 158]",149.8117315231682,151.538768171084,1.72703664791581
968,4,[44],149.87086731087882,151.01836087032902,1.1474935594501972
972,5,[105],149.9578421065727,151.15406265820152,1.1962205516288122
971,5,[95],149.9625687847621,151.19817741833367,1.2356086335715588
1397,1,"[48, 43]",150.38620785802453,152.28289362909544,1.8966857710709064
445,2,"[137, 103]",150.44508869308095,151.31399807936583,0.8689093862848836
1435,2,"[19, 157]",150.68951521053387,152.48001381677784,1.7904986062439718
969,5,[60],150.7532425783851,151.97119950892682,1.2179569305417033
1666,4,"[76, 44]",151.01836087032902,152.86657675285775,1.8482158825287343
1673,3,"[28, 115]",151.12575154440856,153.0163653703279,1.8906138259193312
1674,4,"[12, 123]",151.12662788113957,152.99901861747603,1.872390736336456
1531,1,"[51, 142]",151.1374058266834,153.05314342274133,1.9157375960579373
1675,5,"[155, 82]",151.15406265820152,152.88086436549503,1.7268017072935038
1700,5,"[77, 72]",151.19817741833367,152.91588095453133,1.7177035361976607
1484,2,"[92, 103]",151.31399807936583,153.06341673316692,1.7494186538010865
1701,3,"[18, 125]",151.35388846471167,153.13411336139907,1.7802248966874004
1723,3,"[65, 47]",151.38255802276794,153.3391596205023,1.9566015977343625
1538,1,"[3, 132]",151.48118522442678,153.27597751142557,1.794792286998785
1797,4,"[116, 158]",151.538768171084,153.2658048189998,1.72703664791581
1803,5,"[60, 108]",151.97119950892682,153.95946681088765,1.988267301960832
1563,1,"[48, 35]",152.28289362909544,154.22742326688746,1.9445296377920158
1534,2,"[137, 157]",152.48001381677784,154.3225242554071,1.8425104386292617
1805,4,"[76, 44]",152.86657675285775,154.7147926353865,1.8482158825287343
1808,5,"[155, 82]",152.88086436549503,154.60766607278853,1.7268017072935038
1919,5,"[77, 72]",152.91588095453133,154.633584490729,1.7177035361976607
1678,4,"[12, 123]",152.99901861747603,154.87140935381248,1.872390736336456
1920,3,"[28, 115]",153.0163653703279,154.90697919624722,1.8906138259193312
1928,1,"[51, 142]",153.05314342274133,154.96888101879927,1.9157375960579373
1596,2,"[19, 103]",153.06341673316692,154.7548920558292,1.691475322662285
2031,3,"[18, 125]",153.13411336139907,154.91433825808647,1.7802248966874004
2035,4,"[116, 158]",153.2658048189998,154.99284146691562,1.72703664791581
2140,1,"[3, 132]",153.27597751142557,155.07076979842435,1.794792286998785
2157,3,"[65, 47]",153.3391596205023,155.29576121823666,1.9566015977343625
1677,5,"[60, 108]",153.95946681088765,155.94773411284848,1.988267301960832
2182,1,"[48, 43]",154.22742326688746,156.12410903795836,1.8966857710709064
2002,2,"[92, 157]",154.3225242554071,156.17807954621074,1.8555552908036361
2223,5,"[155, 82]",154.60766607278853,156.33446778008204,1.7268017072935038
2255,5,"[77, 72]",154.633584490729,156.35128802692665,1.7177035361976607
2260,4,"[76, 44]",154.7147926353865,156.56300851791522,1.8482158825287343
2218,2,"[137, 103]",154.7548920558292,156.49271082839897,1.7378187725697671
2262,2,"[19, 110]",154.7548920558292,156.61706294661244,1.8621708907832328
2264,4,"[12, 123]",154.87140935381248,156.74380009014894,1.872390736336456
30,3,"[28, 115]",154.90697919624722,156.79759302216655,1.8906138259193312
1716,3,"[18, 125]",154.91433825808647,156.79346456412307,1.8791263060365964
1717,1,"[51, 142]",154.96888101879927,156.99104850949917,2.0221674906999
1718,4,"[116, 158]",154.99284146691562,156.81582462068835,1.822983153772725
2141,1,"[45, 86]",155.07076979842435,159.5463057928827,4.47553599445834
2158,3,"[65, 118]",155.29576121823666,157.40707436911813,2.1113131508814718
1679,5,"[60, 108]",155.94773411284848,157.9360014148093,1.988267301960832
2572,1,"[91, 1]",156.12410903795836,158.071453285982,1.9473442480236258
1997,2,"[157, 92]",156.17807954621074,158.1367212693676,1.958641723156859
2224,5,"[155, 146]",156.33446778008204,159.91069081753443,3.576223037452394
2256,5,"[82, 72]",156.35128802692665,157.93002459715655,1.5787365702298928
2219,2,"[103, 55]",156.49271082839897,159.60489025973206,3.1121794313330895
2220,4,"[76, 6]",156.56300851791522,160.10320257295433,3.540194055039109
2263,2,"[19, 53]",156.61706294661244,162.08242404225416,5.465361095641725
2265,4,"[12, 123]",156.74380009014894,162.46499415829243,5.72119406814349
2000,3,"[18, 125]",156.79346456412307,158.67259087015967,1.8791263060365964
2016,3,"[47, 28]",156.79759302216655,159.0485182162515,2.2509251940849424
2029,4,"[116, 158]",156.81582462068835,158.63880777446107,1.822983153772725
2080,1,"[51, 48]",156.99104850949917,159.12330930651942,2.132260797020251
2081,3,"[65, 115]",157.40707436911813,159.25543700772448,1.8483626386063463
2257,5,"[82, 72]",157.93002459715655,160.7160302311816,2.7860056340250594
2082,5,"[77, 60]",157.9360014148093,159.81206154939812,1.876060134588812
2083,1,"[3, 142]",158.071453285982,159.84601490987066,1.7745616238886726
2084,2,"[157, 110]",158.1367212693676,160.09167942877957,1.954958159411973
2085,4,"[116, 158]",158.63880777446107,160.4617909282338,1.822983153772725
2108,3,"[18, 125]",158.67259087015967,160.55171717619626,1.8791263060365964
2109,3,"[47, 28]",159.0485182162515,161.29944341033644,2.2509251940849424
2110,1,"[51, 48]",159.12330930651942,161.25557010353967,2.132260797020251
2111,3,"[65, 115]",159.25543700772448,161.10379964633083,1.8483626386063463
2142,1,"[45, 86]",159.5463057928827,161.4507892720674,1.9044834791847052
2112,2,"[103, 137]",159.60489025973206,161.43925454524265,1.8343642855105884
2693,5,"[77, 60]",159.81206154939812,163.36670175484755,3.554640205449431
1528,1,"[3, 35]",159.84601490987066,163.72323828764087,3.877223377770207
2225,5,"[155, 146]",159.91069081753443,162.54026650660947,2.6295756890750397
1576,2,"[157, 126]",160.09167942877957,163.8892921724237,3.797612743644123
2766,4,"[44, 76]",160.10320257295433,163.79963433801177,3.69643176505744
478,4,"[116, 158]",160.4617909282338,162.3807205878634,1.9189296596296117
1708,3,"[18, 125]",160.55171717619626,162.52974489158208,1.9780277153858208
2226,5,"[82, 72]",160.7160302311816,163.87350337164142,3.157473140459814
2037,3,"[65, 115]",161.10379964633083,163.04944455348897,1.9456449071581403
2018,1,"[51, 142]",161.25557010353967,163.49059725664915,2.2350271531094847
2105,3,"[47, 28]",161.29944341033644,163.7873080167726,2.487864606436176
2115,2,"[103, 110]",161.43925454524265,163.4766236717748,2.0373691265321554
2116,1,"[48, 132]",161.4507892720674,163.55063008793365,2.0998408158662585
2117,2,"[19, 137]",162.08242404225416,164.24368735702663,2.1612633147724694
2118,4,"[116, 158]",162.3807205878634,164.39559663897282,2.014876051109411
2119,4,"[12, 123]",162.46499415829243,164.6494499760171,2.1844558177246824
2300,3,"[113, 153]",162.52974489158208,166.01578539810313,3.48604050652105
2258,5,"[155, 146]",162.54026650660947,166.53722150384834,3.9969549972388734
2301,3,"[115, 100]",163.04944455348897,166.15337033956527,3.103925786076303
2304,5,"[60, 105]",163.36670175484755,166.6895918636031,3.3228901087555585
2720,2,"[144, 151]",163.4766236717748,166.8091940940274,3.332570422252587
507,1,[43],163.49059725664915,164.8960836629261,1.4054864062769354
1006,1,"[48, 3]",163.72323828764087,167.14731261935336,3.4240743317124895
2308,4,"[44, 40]",163.79963433801177,167.29548047975976,3.4958461417479896
2433,5,"[95, 108]",163.87350337164142,167.7707584742349,3.8972551025934763
1196,2,"[103, 55]",163.8892921724237,168.55756110118764,4.6682689287639505
2124,2,"[19, 157]",164.24368735702663,165.63629739728083,1.3926100402541977
1197,4,"[116, 158]",164.39559663897282,169.28886717952665,4.893270540553829
1198,4,"[12, 76]",164.6494499760171,170.08587090129413,5.4364209252770195
1761,1,"[51, 142]",164.8960836629261,167.23754083755182,2.341457174625731
1922,1,"[35, 43]",164.8960836629261,168.98797960180056,4.0918959388744724
1762,2,"[19, 157]",165.63629739728083,167.82468468809458,2.1883872908137505
2163,3,"[18, 118]",166.01578539810313,172.4199635778045,6.4041781797013755
1199,3,"[65, 125]",166.15337033956527,171.47119725267802,5.317826913112754
1940,3,"[115, 100]",166.15337033956527,169.3485879709027,3.1952176313374423
2259,5,"[155, 146]",166.53722150384834,168.9564310876422,2.419209583793844
1764,5,"[82, 72]",166.6895918636031,168.73266270617054,2.043070842567431
1765,2,"[110, 92]",166.8091940940274,169.17131300629055,2.3621189122631563
1007,1,"[3, 48]",167.14731261935336,169.29958796022194,2.1522753408685844
1772,1,"[51, 142]",167.23754083755182,168.4082694248647,1.1707285873128797
1773,4,"[123, 44]",167.29548047975976,168.39864352724518,1.103163047485424
1774,5,"[77, 60]",167.7707584742349,170.04177861857283,2.271020144337939
1770,2,"[19, 157]",167.82468468809458,170.21201632119323,2.387331633098654
1771,4,"[123, 44]",168.39864352724518,170.80554476523233,2.4069012379871424
1766,1,"[51, 142]",168.4082694248647,170.74972659949043,2.341457174625731
2051,2,"[103, 137]",168.55756110118764,170.68156192552064,2.1240008243329953
1775,5,"[82, 72]",168.73266270617054,170.86860031464073,2.1359376084701864
2261,5,"[155, 146]",168.9564310876422,174.74149760360726,5.78506651596507
2795,1,"[43, 35]",168.98797960180056,171.56002853341218,2.5720489316116186
1985,2,"[110, 92]",169.17131300629055,171.64080085529793,2.469487849007379
2013,4,"[116, 158]",169.28886717952665,171.49563624234986,2.206769062823213
1008,1,"[3, 48]",169.29958796022194,169.98440281490213,0.6848148546801838
2064,3,"[47, 28]",169.3485879709027,172.07339213091709,2.724804160014372
2001,1,"[3, 48]",169.98440281490213,172.3323395928036,2.347936777901481
2782,5,"[60, 105]",170.04177861857283,173.85332925674436,3.811550638171525
927,4,"[40, 133]",170.08587090129413,174.04642313424355,3.960552232949425
928,2,"[19, 157]",170.21201632119323,173.79301353368115,3.5809972124879152
929,2,"[144, 151]",170.68156192552064,174.21016570957264,3.5286037840519953
2303,4,"[44, 150]",170.80554476523233,174.15399306754853,3.3484483023162
2309,5,"[95, 108]",170.86860031464073,174.8772054568308,4.008605142190078
1277,0,[],171.47119725267802,171.47119725267802,0.0
2753,3,"[115, 113]",171.47119725267802,174.9568387257967,3.485641473118676
2232,1,"[45, 86]",171.56002853341218,175.3689954917816,3.8089669583694103
1436,2,"[55, 53]",171.64080085529793,173.09055221420496,1.4497513589070365
1333,3,"[65, 125]",172.07339213091709,173.63745889931516,1.564066768398078
572,1,"[91, 51]",172.3323395928036,178.26274348105073,5.9304038882471275
930,1,"[3, 48]",172.3323395928036,175.85424452640925,3.52190493360564
2164,3,"[18, 118]",172.4199635778045,177.9235541189755,5.503590541170979
573,2,"[103, 55]",173.09055221420496,177.9418907780305,4.85133856382555
574,3,"[65, 125]",173.63745889931516,179.16382834653638,5.526369447221214
575,2,"[19, 53]",173.79301353368115,179.0596344153786,5.266620881697463
1282,5,"[82, 72]",173.85332925674436,174.78199780141938,0.9286685446750198
448,4,"[12, 116]",174.04642313424355,177.74849195108436,3.702068816840807
449,4,"[158, 76]",174.15399306754853,178.13758986276886,3.983596795220336
489,4,"[44, 150]",174.15399306754853,177.59545395822622,3.441460890677689
1709,2,"[157, 110]",174.21016570957264,176.78247910949827,2.5723133999256333
1278,5,"[155, 146]",174.74149760360726,175.89851093187787,1.157013328270608
1279,5,"[82, 72]",174.78199780141938,175.8035332227031,1.0215354212837156
1280,5,"[77, 60]",174.8772054568308,175.96334557192137,1.0861401150905579
1722,3,"[47, 28]",174.9568387257967,177.91858243938924,2.96174371359254
1725,1,"[142, 132]",175.3689954917816,177.75315253631658,2.3841570445349873
1281,5,"[82, 72]",175.8035332227031,176.8250686439868,1.0215354212837156
1745,1,"[3, 48]",175.85424452640925,178.30001190620388,2.4457673797946313
1283,5,"[155, 146]",175.89851093187787,177.05552426014847,1.157013328270608
1290,5,"[77, 60]",175.96334557192137,177.24696563303286,1.2836200611114919
1729,2,"[157, 110]",176.78247910949827,178.99466873156027,2.2121896220619988
1287,5,"[82, 72]",176.8250686439868,178.31093833760804,1.4858696936212255
1288,5,"[155, 146]",177.05552426014847,178.73845272623407,1.682928466085599
1289,5,"[77, 60]",177.24696563303286,178.82680578973662,1.5798401567037672
2003,4,"[123, 44]",177.59545395822622,180.10264264816942,2.507188689943206
2008,4,"[116, 12]",177.74849195108436,180.18406357167362,2.4355716205892577
1726,1,"[142, 132]",177.75315253631658,180.13730958085156,2.3841570445349873
1724,3,"[47, 28]",177.91858243938924,181.4726748957003,3.5540924563110536
2165,3,"[18, 118]",177.9235541189755,183.42714466014647,5.503590541170979
2030,2,"[103, 137]",177.9418907780305,180.35552802609473,2.4136372480642194
2036,4,"[158, 76]",178.13758986276886,180.75837726093195,2.6207873981630883
481,1,"[51, 43]",178.26274348105073,181.43058347886037,3.1678399978096365
1746,1,"[3, 48]",178.30001190620388,180.7457792859985,2.4457673797946313
1291,5,"[82, 72]",178.31093833760804,179.79680803122926,1.4858696936212255
1284,5,"[155, 146]",178.73845272623407,180.63174717221293,1.893294445978853
1285,5,"[77, 105]",178.82680578973662,180.58810424887537,1.761298459138743
1739,2,"[157, 110]",178.99466873156027,181.66987456935695,2.675205837796682
577,2,"[19, 55]",179.0596344153786,184.213498081426,5.1538636660473855
576,3,"[65, 125]",179.16382834653638,184.6901977937576,5.526369447221214
1286,5,"[82, 72]",179.79680803122926,181.46841136736194,1.6716033361326765
447,4,"[123, 44]",180.10264264816942,183.91356940906226,3.8109267608928405
1727,1,"[142, 132]",180.13730958085156,182.52146662538655,2.3841570445349873
2004,4,"[12, 116]",180.18406357167362,182.71705796417675,2.5329943925031273
2809,2,"[103, 92]",180.35552802609473,182.88246605583865,2.526938029743917
446,5,"[77, 60]",180.58810424887537,184.340224518053,3.752120269177624
1743,5,"[155, 108]",180.63174717221293,183.55656328013913,2.9248161079262047
1754,1,"[3, 48]",180.7457792859985,183.04480052970683,2.2990212437083244
2017,4,"[158, 76]",180.75837726093195,183.58882770093564,2.8304504400036876
482,1,"[51, 35]",181.43058347886037,184.81659489211245,3.3860114132520778
2208,5,"[146, 82]",181.46841136736194,186.99179285459957,5.523381487237629
1752,3,"[47, 28]",181.4726748957003,184.43441860929283,2.96174371359254
2211,2,"[157, 53]",181.66987456935695,187.00788982722065,5.338015257863702
1728,1,"[142, 132]",182.52146662538655,184.90562366992154,2.3841570445349873
1755,4,"[12, 116]",182.71705796417675,185.44489813278187,2.727840168605127
2214,2,"[103, 126]",182.88246605583865,188.24590284082404,5.363436784985396
955,1,"[3, 48]",183.04480052970683,186.76236690034537,3.7175663706385365
2166,3,"[18, 118]",183.42714466014647,186.72929893713422,3.30215427698775
1757,5,"[155, 72]",183.55656328013913,186.41405393036518,2.8574906502260546
1485,4,"[158, 6]",183.58882770093564,185.2191392342162,1.6303115332805476
451,4,"[76, 123]",183.91356940906226,185.92522304353105,2.011653634468786
578,2,"[19, 55]",184.213498081426,189.36736174747338,5.1538636660473855
450,5,"[77, 60]",184.340224518053,186.1175446207777,1.7773201027247012
1747,3,"[47, 28]",184.43441860929283,187.39616232288537,2.96174371359254
1753,3,"[65, 125]",184.6901977937576,187.29697574108772,2.60677794733013
2181,1,"[45, 86]",184.81659489211245,190.0539244598704,5.237329567757939
1740,1,"[51, 142]",184.90562366992154,187.7260153069989,2.820391637077364
1778,4,"[158, 44]",185.2191392342162,187.58598445355443,2.366845219338245
1756,4,"[12, 116]",185.44489813278187,187.78304698145723,2.3381488486753597
455,4,"[76, 123]",185.92522304353105,187.93687667799983,2.011653634468786
454,5,"[77, 60]",186.1175446207777,187.8948647235024,1.7773201027247012
1758,5,"[155, 72]",186.41405393036518,189.6525434247919,3.238489494426716
2167,3,"[18, 118]",186.72929893713422,192.93334626541304,6.204047328278818
973,1,"[3, 48]",186.76236690034537,187.83850457077966,1.0761376704342922
452,5,"[82, 108]",186.99179285459957,191.06477133571747,4.0729784811179
956,2,"[157, 144]",187.00788982722065,190.90431345765506,3.8964236304344126
957,3,"[115, 113]",187.29697574108772,190.97626401401186,3.67928827292414
1748,3,"[65, 125]",187.39616232288537,190.15934704649598,2.763184723610607
453,4,"[158, 44]",187.58598445355443,191.18358914180456,3.5976046882501294
958,1,"[43, 35]",187.7260153069989,192.16864512774353,4.442629820744628
2756,4,"[40, 133]",187.78304698145723,191.96362995230317,4.180582970845933
2548,1,"[51, 3]",187.83850457077966,192.5370230298753,4.698518459095624
2549,5,"[77, 146]",187.8948647235024,192.32168484756158,4.426820124059191
2215,4,"[116, 12]",187.93687667799983,190.66471684660496,2.727840168605127
2205,2,"[103, 53]",188.24590284082404,193.38385607020706,5.137953229383015
580,2,"[19, 55]",189.36736174747338,194.91019587129168,5.542834123818295
1759,5,"[155, 72]",189.6525434247919,191.1765384609551,1.5239950361631998
2183,1,"[45, 86]",190.0539244598704,196.14827168407427,6.0943472242038865
1392,3,"[65, 125]",190.15934704649598,190.680702635962,0.521355589466026
2216,4,"[12, 116]",190.66471684660496,194.85390021983784,4.189183373232879
2379,3,"[65, 125]",190.680702635962,191.3063293681814,0.6256267322193878
974,2,"[157, 144]",190.90431345765506,192.03222559980213,1.1279121421470677
975,3,"[115, 113]",190.97626401401186,192.041321182097,1.0650571680851328
2217,5,"[82, 60]",191.06477133571747,195.19279621104266,4.128024875325195
1760,5,"[155, 72]",191.1765384609551,192.7005334971183,1.5239950361631998
2394,4,"[158, 6]",191.18358914180456,191.758993219099,0.5754040772944506
2343,3,"[65, 125]",191.3063293681814,191.98409160962706,0.677762241445663
2345,4,"[158, 6]",191.758993219099,192.38234758853363,0.6233543694346224
2762,4,"[44, 40]",191.96362995230317,195.85900170078367,3.8953717484804997
2449,3,"[65, 125]",191.98409160962706,197.92754513065836,5.9434535210313015
1738,2,"[157, 110]",192.03222559980213,195.11900167971288,3.0867760799107486
1999,3,"[47, 28]",192.041321182097,195.59541363840805,3.5540924563110536
976,1,"[48, 43]",192.16864512774353,193.32773093255912,1.1590858048155894
2057,5,"[77, 108]",192.32168484756158,195.63998106127374,3.318296213712159
2072,4,"[158, 76]",192.38234758853363,195.52729246632933,3.1449448777956945
2794,1,"[51, 142]",192.5370230298753,195.72991910788804,3.192896078012751
2797,5,"[155, 72]",192.7005334971183,195.55802414734436,2.8574906502260546
2168,3,"[18, 118]",192.93334626541304,196.83589261952002,3.9025463541069882
2337,1,"[91, 1]",193.32773093255912,194.04517354703677,0.7174426144776476
2353,2,"[103, 53]",193.38385607020706,194.03777737917414,0.6539213089670852
2383,2,"[103, 53]",194.03777737917414,194.69169868814123,0.6539213089670852
2359,1,"[91, 1]",194.04517354703677,194.81386207563924,0.7686885286024676
2360,2,"[103, 53]",194.69169868814123,195.39232867396618,0.7006299858249463
493,1,"[3, 48]",194.81386207563924,198.82492048520382,4.011058409564583
1710,4,"[116, 12]",194.85390021983784,197.87400893645884,3.020108716620996
2811,2,"[19, 137]",194.91019587129168,198.10063223983656,3.19043636854488
2815,2,"[157, 110]",195.11900167971288,198.30867019749468,3.189668517781797
480,5,"[82, 60]",195.19279621104266,198.2168143910817,3.024018180039036
2034,2,[103],195.39232867396618,196.5711067240333,1.1787780500671374
2268,4,"[158, 76]",195.52729246632933,202.9703285771374,7.443036110808066
477,5,"[155, 72]",195.55802414734436,198.60601421967073,3.047990072326371
1730,3,"[47, 28]",195.59541363840805,199.3864456482973,3.79103200988925
1731,5,"[77, 108]",195.63998106127374,199.17949707530963,3.5395160140358826
1732,1,"[51, 142]",195.72991910788804,199.13567497518468,3.405755867296648
2048,4,"[123, 44]",195.85900170078367,199.06820327173182,3.209201570948153
2184,1,"[45, 86]",196.14827168407427,201.3856012518322,5.237329567757939
2049,2,"[103, 92]",196.5711067240333,199.68118445952348,3.110077735490165
2169,3,"[18, 118]",196.83589261952002,202.1393527864169,5.303460166896883
1389,4,"[12, 6]",197.87400893645884,198.65301404693307,0.7790051104742304
2338,3,"[65, 125]",197.92754513065836,198.7617140862341,0.8341689555757341
2455,0,[],197.92754513065836,197.92754513065836,0.0
2377,2,"[53, 55]",198.10063223983656,198.87383297610856,0.7732007362720026
2458,5,"[146, 82]",198.2168143910817,200.56936567495475,2.352551283873055
2381,2,"[126, 144]",198.30867019749468,199.1852513004427,0.8765811029480233
2459,5,"[155, 72]",198.60601421967073,200.79675700609212,2.1907427864213957
2392,4,"[12, 6]",198.65301404693307,199.4320191574073,0.7790051104742304
2372,3,"[65, 125]",198.7617140862341,199.70015412241275,0.9384400361786618
516,0,[],198.82492048520382,198.82492048520382,0.0
2374,1,"[91, 1]",198.82492048520382,199.74734669509084,0.9224262098870213
2387,2,"[53, 55]",198.87383297610856,199.7436837684096,0.8698507923010368
2389,4,"[116, 123]",199.06820327173182,199.98365412012717,0.9154508483953521
1735,1,"[51, 142]",199.13567497518468,202.32857105319744,3.192896078012751
2460,5,"[77, 105]",199.17949707530963,201.43004511939205,2.2505480440824215
2334,2,"[126, 144]",199.1852513004427,200.22619133162019,1.0409400311774846
1733,3,"[47, 28]",199.3864456482973,202.94053810460835,3.5540924563110536
579,4,"[12, 6]",199.4320191574073,205.85881113018843,6.426791972781132
1296,2,"[103, 151]",199.68118445952348,200.57851700168877,0.8973325421652874
1348,3,"[65, 125]",199.70015412241275,200.7428653013448,1.042711178932052
2340,2,"[53, 55]",199.7436837684096,200.71018467434763,0.9665009059380338
2363,1,"[91, 1]",199.74734669509084,200.77226473322747,1.024918038136633
2364,4,"[116, 123]",199.98365412012717,201.00082175640108,1.0171676362739106
2382,2,"[126, 144]",200.22619133162019,201.3219176939776,1.095726362357425
2461,5,"[146, 82]",200.56936567495475,202.9219169588278,2.352551283873055
2069,2,"[103, 19]",200.57851700168877,203.58558436644617,3.007067364757404
2070,2,"[157, 110]",200.71018467434763,204.0027458753154,3.292561200967782
2800,3,"[65, 125]",200.7428653013448,204.0795411236477,3.3366758223028796
1744,1,"[3, 48]",200.77226473322747,203.9517623269605,3.179497593733032
2462,5,"[155, 72]",200.79675700609212,202.98749979251352,2.1907427864213957
1653,4,"[116, 123]",201.00082175640108,205.67979278625646,4.678971029855376
1984,2,"[137, 92]",201.3219176939776,204.846024984041,3.524107290063398
2185,1,"[45, 86]",201.3856012518322,206.62293081959015,5.237329567757939
531,5,"[105, 60]",201.43004511939205,202.11416952270787,0.6841244033158205
529,5,"[105, 60]",202.11416952270787,203.091490115517,0.9773205928091215
2173,3,"[18, 118]",202.1393527864169,205.641637676253,3.5022848898360905
1530,1,"[51, 43]",202.32857105319744,207.93321113870348,5.604640085506048
530,5,"[95, 108]",202.9219169588278,204.03541841671165,1.1135014578838422
2170,3,"[47, 28]",202.94053810460835,207.56085869324818,4.620320588639828
2172,4,"[158, 76]",202.9703285771374,208.00224058156073,5.031912004423333
2456,5,"[155, 146]",202.98749979251352,206.45853965193737,3.471039859423854
2457,5,"[77, 82]",203.091490115517,206.26326165356926,3.171771538052269
1537,2,"[103, 19]",203.58558436644617,207.9082435492547,4.322659182808536
2698,1,"[3, 48]",203.9517623269605,208.451974212484,4.500211885523498
2702,2,"[157, 53]",204.0027458753154,208.5499438833609,4.547198008045484
526,5,"[60, 105]",204.03541841671165,205.4036672233433,1.368248806631641
1736,3,"[65, 125]",204.0795411236477,206.68631907097782,2.60677794733013
2767,2,"[126, 110]",204.846024984041,209.90502199392648,5.0589970098854735
540,5,"[60, 105]",205.4036672233433,206.77191602997493,1.368248806631641
2176,3,"[18, 118]",205.641637676253,208.54353096611828,2.901893289865285
2174,4,"[116, 123]",205.67979278625646,209.2398795132152,3.5600867269587297
2067,4,"[12, 44]",205.85881113018843,209.03047376585081,3.1716626356623863
541,5,"[95, 108]",206.26326165356926,207.8221636680587,1.5589020144894334
2463,5,"[155, 146]",206.45853965193737,207.72073603284855,1.2621963809111776
2186,1,"[45, 86]",206.62293081959015,209.76532851483847,3.14239769524832
1297,3,"[65, 125]",206.68631907097782,207.83330139266323,1.1469823216854138
536,5,"[60, 105]",206.77191602997493,208.53109305042906,1.759177020454132
1298,3,"[47, 28]",207.56085869324818,208.8640259554743,1.3031672622261112
1299,3,"[65, 125]",207.83330139266323,208.98028371434864,1.1469823216854138
1319,2,"[103, 55]",207.9082435492547,208.91512512356144,1.0068815743067319
1320,1,"[91, 1]",207.93321113870348,209.06062100508973,1.1274098663862446
2171,4,"[158, 76]",208.00224058156073,213.7679728575195,5.765732275958783
1357,1,"[51, 142]",208.451974212484,209.62270279979688,1.1707285873128797
525,5,"[108, 105]",208.53109305042906,210.60867787461697,2.077584824187909
537,5,"[60, 95]",208.53109305042906,210.31902401205818,1.7879309616291152
2179,3,"[18, 118]",208.54353096611828,211.04516303028691,2.501632064168632
2354,2,"[53, 144]",208.5499438833609,209.6766644817245,1.1267205983635904
1300,3,"[47, 28]",208.8640259554743,210.1671932177004,1.3031672622261112
2378,2,"[103, 55]",208.91512512356144,209.92200669786817,1.0068815743067319
2393,3,"[65, 125]",208.98028371434864,210.12726603603406,1.1469823216854138
1433,4,"[12, 6]",209.03047376585081,210.19898146058236,1.1685076947315451
1434,1,"[91, 1]",209.06062100508973,210.29052269972559,1.2299016946358563
2177,4,"[116, 123]",209.2398795132152,211.78279860389998,2.5429190906847907
1438,1,"[51, 142]",209.62270279979688,210.8998612817517,1.2771584819548139
1442,2,"[53, 144]",209.6766644817245,210.90581424759478,1.2291497658702895
2187,1,"[45, 86]",209.76532851483847,215.66922711868534,5.903898603846869
1443,2,"[126, 151]",209.90502199392648,211.11354919564494,1.2085272017184536
1451,2,"[103, 55]",209.92200669786817,211.02042298058782,1.0984162827196542
1455,3,"[65, 125]",210.12726603603406,211.37851950047286,1.251253464438804
1301,3,"[47, 28]",210.1671932177004,211.23342092634832,1.066227708647915
1503,4,"[12, 6]",210.19898146058236,211.56224036038196,1.3632588997996038
1490,1,"[91, 1]",210.29052269972559,212.34035877599882,2.0498360762732375
528,5,"[95, 108]",210.60867787461697,212.83568079038469,2.227002915767713
535,5,"[60, 105]",210.60867787461697,212.46558697765317,1.8569091030362017
1463,1,"[51, 142]",210.8998612817517,212.1770197637065,1.2771584819548139
1512,2,"[53, 144]",210.90581424759478,213.15925544432196,2.253441196727181
1464,2,"[103, 55]",211.02042298058782,212.11883926330748,1.0984162827196542
1468,3,"[18, 118]",211.04516303028691,212.2459464688027,1.2007834385157992
1511,2,"[126, 151]",211.11354919564494,213.32918235877662,2.2156331631316846
1302,3,"[47, 28]",211.23342092634832,212.29964863499623,1.066227708647915
1471,3,"[65, 125]",211.37851950047286,212.62977296491167,1.251253464438804
1474,4,"[12, 6]",211.56224036038196,212.7307480551135,1.1685076947315451
2180,4,"[116, 123]",211.78279860389998,214.32571769458477,2.5429190906847907
1475,2,"[103, 55]",212.11883926330748,213.21725554602713,1.0984162827196542
1478,1,"[51, 142]",212.1770197637065,213.45417824566132,1.2771584819548139
1509,3,"[18, 118]",212.2459464688027,213.64686040087972,1.4009139320770032
1303,3,"[47, 28]",212.29964863499623,213.36587634364415,1.066227708647915
2350,1,"[91, 1]",212.34035877599882,213.57026047063468,1.2299016946358563
523,5,"[60, 105]",212.46558697765317,214.51796012934778,2.05237315169461
1304,3,"[65, 125]",212.62977296491167,215.02800862673504,2.398235661823378
2357,4,"[12, 6]",212.7307480551135,213.89925574984505,1.1685076947315451
532,5,"[95, 108]",212.83568079038469,215.174033745749,2.3383529553643143
2358,2,"[53, 144]",213.15925544432196,214.38840521019225,1.2291497658702895
2369,2,"[103, 55]",213.21725554602713,214.3156718287468,1.0984162827196542
2373,2,"[126, 151]",213.32918235877662,214.53770956049507,1.2085272017184536
2380,3,"[47, 28]",213.36587634364415,214.78751338265934,1.4216370390151951
2384,1,"[51, 142]",213.45417824566132,214.73133672761614,1.2771584819548139
2388,1,"[91, 1]",213.57026047063468,214.80016216527054,1.2299016946358563
2356,3,"[18, 118]",213.64686040087972,214.89767643296403,1.250816032084316
2175,4,"[158, 76]",213.7679728575195,215.86460277605,2.096629918530482
695,4,"[12, 6]",213.89925574984505,219.83916953583483,5.9399137859897735
1385,2,"[103, 55]",214.3156718287468,215.50562271076154,1.189950882014756
1387,4,"[116, 123]",214.32571769458477,215.64803557323853,1.322317878653763
1444,2,"[53, 144]",214.38840521019225,215.71998402146417,1.3315788112719247
538,5,"[60, 105]",214.51796012934778,216.5703332810424,2.05237315169461
1446,2,"[126, 151]",214.53770956049507,215.84694726230973,1.3092377018146522
1447,1,"[51, 142]",214.73133672761614,216.11492497733863,1.383588249722493
698,3,"[47, 28]",214.78751338265934,222.0141679308436,7.226654548184257
1448,1,"[91, 1]",214.80016216527054,216.13255556597625,1.3323934007057119
1449,3,"[18, 118]",214.89767643296403,216.19852505861687,1.3008486256528329
1305,3,"[65, 125]",215.02800862673504,217.3219732701059,2.293964643370856
539,5,"[95, 108]",215.174033745749,217.51238670111331,2.3383529553643143
1472,2,"[103, 55]",215.50562271076154,216.6955735927763,1.189950882014756
1306,4,"[116, 123]",215.64803557323853,217.8858044215435,2.2377688483049667
2188,1,"[45, 86]",215.66922711868534,219.38297022094048,3.713743102255137
1491,2,"[53, 144]",215.71998402146417,217.56370854816456,1.8437245267003846
1494,2,"[126, 151]",215.84694726230973,217.65973794483102,1.812790682521296
2178,4,"[158, 76]",215.86460277605,218.48539017421308,2.6207873981630883
1495,1,"[51, 142]",216.11492497733863,217.81780291098696,1.702877933648324
1496,1,"[91, 1]",216.13255556597625,217.56744079493157,1.4348852289553236
1497,3,"[18, 118]",216.19852505861687,217.99970009710344,1.8011750384865763
518,5,"[60, 105]",216.5703332810424,218.91590279698883,2.345569515946437
1473,2,"[103, 55]",216.6955735927763,217.88552447479105,1.189950882014756
2344,3,"[65, 125]",217.3219732701059,218.67749775299723,1.355524482891326
524,5,"[95, 108]",217.51238670111331,220.18479030622632,2.6724036051130042
2371,2,"[53, 144]",217.56370854816456,218.89528735943648,1.3315788112719247
2375,1,"[91, 1]",217.56744079493157,218.89983419563728,1.3323934007057119
2376,2,"[126, 151]",217.65973794483102,218.96897564664567,1.3092377018146522
2390,1,"[51, 142]",217.81780291098696,219.20139116070945,1.383588249722493
2391,2,"[103, 55]",217.88552447479105,219.0754753568058,1.189950882014756
2597,4,"[116, 123]",217.8858044215435,219.20812230019726,1.322317878653763
699,3,"[18, 118]",217.99970009710344,224.1036822382452,6.103982141141756
701,4,"[158, 76]",218.48539017421308,224.8801113257559,6.394721151542825
1498,3,"[65, 125]",218.67749775299723,221.80563128979335,3.1281335367961276
1295,2,"[53, 144]",218.89528735943648,221.6608742715921,2.7655869121556123
1356,1,"[91, 1]",218.89983419563728,220.3347194245926,1.4348852289553236
527,5,"[60, 105]",218.91590279698883,221.35920427901164,2.443301482022804
1375,2,"[126, 151]",218.96897564664567,220.37892396861292,1.4099483219672493
1450,2,"[103, 55]",219.0754753568058,220.35696094723352,1.2814855904277067
1453,1,"[51, 142]",219.20139116070945,220.69140930507388,1.4900181443644271
1462,4,"[116, 123]",219.20812230019726,220.63215696672958,1.4240346665323216
2189,1,"[45, 86]",219.38297022094048,224.42985162240564,5.046881401465157
1469,4,"[12, 6]",219.83916953583483,221.20242843563443,1.3632588997996038
533,5,"[95, 108]",220.18479030622632,223.07989399053255,2.8951036843062354
1477,1,"[91, 1]",220.3347194245926,221.76960465354793,1.4348852289553236
1500,2,"[103, 55]",220.35696094723352,222.00458526219518,1.6476243149616607
1507,2,"[126, 151]",220.37892396861292,221.78887229058017,1.4099483219672493
2332,4,"[116, 123]",220.63215696672958,222.0561916332619,1.4240346665323216
2333,1,"[51, 142]",220.69140930507388,222.1814274494383,1.4900181443644271
915,4,"[44, 40]",221.20242843563443,225.697087760739,4.494659325104578
534,5,"[60, 105]",221.35920427901164,223.9002377271108,2.5410334480991708
916,2,"[19, 157]",221.6608742715921,226.13712090578204,4.476246634189948
917,1,"[3, 48]",221.76960465354793,226.17198593717828,4.402381283630348
918,2,"[144, 151]",221.78887229058017,226.19962713749027,4.410754846910095
2435,3,"[115, 113]",221.80563128979335,226.16268324661417,4.357051956820811
2796,3,"[65, 125]",222.0141679308436,225.76792807555827,3.7537601447146756
428,4,[116],222.0561916332619,223.68750141088728,1.6313097776253755
429,1,[51],222.1814274494383,224.4231752139556,2.2417477645172994
2204,4,"[116, 12]",223.68750141088728,229.72771884412924,6.040217433241963
517,5,"[108, 60]",223.9002377271108,227.21401665149733,3.3137789243865257
519,5,"[155, 82]",223.9002377271108,225.6270394344043,1.7268017072935038
522,5,"[95, 105]",223.9002377271108,226.6562440232115,2.7560062961007077
700,3,"[18, 118]",224.1036822382452,224.90420451070787,0.8005222724626719
431,1,[51],224.4231752139556,226.6649229784729,2.2417477645172994
2190,1,"[45, 86]",224.42985162240564,228.14359472466077,3.713743102255137
2207,4,"[158, 123]",224.8801113257559,231.22520838356144,6.345097057805532
432,3,[18],224.90420451070787,226.49564257567292,1.5914380649650468
2367,4,"[76, 6]",225.697087760739,227.15481465886555,1.4577268981265377
2210,3,"[65, 125]",225.76792807555827,232.2327371860556,6.4648091104973275
2213,2,"[103, 53]",226.13712090578204,231.92899527708894,5.791874371306903
2660,2,"[19, 157]",226.13712090578204,230.71283959253438,4.575718686752339
1749,3,[47],226.16268324661417,228.1291844109629,1.9665011643487276
2352,1,"[91, 1]",226.17198593717828,227.65811714134827,1.4861312041699932
2362,2,"[55, 126]",226.19962713749027,227.69291437730735,1.4932872398170787
2365,3,"[18, 118]",226.49564257567292,227.94658922060557,1.4509466449326567
520,5,"[105, 95]",226.6562440232115,227.73896082429974,1.0827168010882247
1734,5,"[155, 82]",226.6562440232115,229.53424694494174,2.8780029217302285
1767,1,[51],226.6649229784729,228.9066707429902,2.2417477645172994
1768,4,[76],227.15481465886555,229.1168011115896,1.9619864527240622
521,5,"[60, 108]",227.21401665149733,231.74284774281674,4.528831091319404
1776,1,[142],227.65811714134827,229.18986176607595,1.5317446247276791
1706,2,"[110, 137]",227.69291437730735,231.63648870963294,3.9435743323255963
1330,5,"[146, 72]",227.73896082429974,229.26157979593393,1.5226189716341878
1331,3,"[18, 118]",227.94658922060557,229.44756845910675,1.5009792385011735
1750,3,"[47, 28]",228.1291844109629,229.37311671418098,1.243932303218088
2193,1,"[45, 86]",228.14359472466077,231.476440813234,3.332846088573234
2194,1,"[91, 1]",228.9066707429902,232.49388387646837,3.5872131334781727
2191,4,"[76, 6]",229.1168011115896,234.84358545175618,5.726784340166574
1386,1,"[51, 142]",229.18986176607595,230.78630980508234,1.5964480390063898
1777,5,"[77, 72]",229.26157979593393,231.83813521398943,2.5765554180555057
1751,3,"[47, 28]",229.37311671418098,231.742511685055,2.3693949708740263
1393,3,"[18, 118]",229.44756845910675,230.94854769760792,1.5009792385011735
1737,5,"[155, 82]",229.53424694494174,231.45291555942856,1.918668614486819
1769,4,"[12, 116]",229.72771884412924,232.35813624082047,2.6304173966912288
1394,2,"[55, 126]",230.71283959253438,232.25761944499286,1.5447798524584755
1400,1,"[51, 142]",230.78630980508234,232.38275784408873,1.5964480390063898
1441,3,"[18, 118]",230.94854769760792,232.4495269361091,1.5009792385011735
1445,4,"[158, 123]",231.22520838356144,232.76031255767532,1.535104174113883
1454,5,"[155, 146]",231.45291555942856,233.0306609728736,1.5777454134450295
2196,1,"[45, 86]",231.476440813234,234.23794194886466,2.7615011356306525
1470,2,"[144, 151]",231.63648870963294,233.10674032526964,1.4702516156366983
1502,3,"[47, 28]",231.742511685055,233.51955791321055,1.777046228155541
1508,5,"[82, 105]",231.74284774281674,233.17023239073836,1.4273846479216274
590,5,"[72, 95]",231.83813521398943,233.32580153590865,1.487666321919221
591,2,"[103, 53]",231.92899527708894,233.37696386991567,1.4479685928267259
1325,3,"[65, 125]",232.2327371860556,233.90107509720704,1.6683379111514398
1326,2,"[55, 126]",232.25761944499286,233.90538464550218,1.6477652005093262
1337,4,"[12, 116]",232.35813624082047,233.91690210122502,1.5587658604045487
1376,1,"[51, 142]",232.38275784408873,234.08563577773705,1.702877933648324
1377,3,"[18, 118]",232.4495269361091,234.05057148103444,1.6010445449253439
2197,1,"[91, 1]",232.49388387646837,235.0561789718099,2.5622950953415398
1492,4,"[158, 123]",232.76031255767532,233.9883959457661,1.2280833880907664
1501,5,"[155, 146]",233.0306609728736,234.39804028103742,1.3673793081638337
1390,2,"[144, 151]",233.10674032526964,234.67500873865114,1.568268413381503
1493,5,"[82, 105]",233.17023239073836,235.2637299197321,2.093497528993737
1439,5,"[72, 95]",233.32580153590865,234.8614571641443,1.535655628235645
1499,2,"[103, 53]",233.37696386991567,234.87164119528134,1.4946773253656715
1505,3,"[47, 28]",233.51955791321055,235.41507391815517,1.895516004944625
395,3,"[65, 125]",233.90107509720704,235.67368415111187,1.77260905390483
396,2,"[55, 126]",233.90538464550218,235.65613519406236,1.7507505485601769
1437,4,"[12, 116]",233.91690210122502,235.57309084968054,1.65618874845552
1519,4,"[158, 123]",233.9883959457661,235.72818072522816,1.7397847794620702
2485,3,"[18, 118]",234.05057148103444,235.75168133238395,1.7011098513495142
2385,1,"[51, 142]",234.08563577773705,235.94815848991115,1.8625227121740977
2199,1,"[45, 86]",234.23794194886466,236.61854629784554,2.3806043489808815
1398,5,"[155, 146]",234.39804028103742,237.55353110792745,3.1554908268900306
456,2,"[19, 157]",234.67500873865114,238.45495029342396,3.779941554772819
2195,4,"[76, 6]",234.84358545175618,237.86316274859834,3.019577296842158
2192,5,"[77, 72]",234.8614571641443,239.44200023069544,4.580543066551144
457,2,"[103, 110]",234.87164119528134,238.5583092596913,3.6866680644099574
2200,1,"[91, 1]",235.0561789718099,237.61847406715145,2.5622950953415398
1510,5,"[82, 105]",235.2637299197321,236.59595556843794,1.332225648705844
458,3,"[47, 28]",235.41507391815517,239.91692430632506,4.501850388169885
459,4,"[116, 12]",235.57309084968054,239.27515966652135,3.702068816840807
460,2,"[137, 92]",235.65613519406236,239.7141981418508,4.058062947788443
461,3,"[65, 125]",235.67368415111187,239.6359865813333,3.9623024302214276
462,4,"[158, 123]",235.72818072522816,239.61711125085037,3.8889305256222144
463,3,"[18, 115]",235.75168133238395,239.27017818540483,3.518496853020878
468,1,"[51, 142]",235.94815848991115,239.99249347131092,4.044334981399771
469,5,"[82, 60]",236.59595556843794,240.24397734369174,3.6480217752537953
472,1,"[48, 3]",236.61854629784554,240.33611266848408,3.7175663706385365
473,5,"[155, 108]",237.55353110792745,241.74760683271055,4.19407572478309
1649,1,"[43, 35]",237.61847406715145,242.06110388789608,4.442629820744628
2198,4,"[76, 6]",237.86316274859834,240.46624653958315,2.6030837909848117
1650,2,"[19, 157]",238.45495029342396,242.23489184819678,3.779941554772819
1658,2,"[103, 110]",238.5583092596913,242.24497732410126,3.6866680644099574
1659,3,"[18, 115]",239.27017818540483,242.7886750384257,3.518496853020878
1667,4,"[116, 12]",239.27515966652135,242.97722848336215,3.702068816840807
1668,5,"[77, 72]",239.44200023069544,243.06826330211675,3.626263071421306
1669,4,"[158, 123]",239.61711125085037,243.50604177647259,3.8889305256222144
1688,3,"[65, 125]",239.6359865813333,243.59828901155473,3.9623024302214276
1689,2,"[137, 92]",239.7141981418508,243.77226108963924,4.058062947788443
1690,3,"[47, 28]",239.91692430632506,244.41877469449494,4.501850388169885
1691,1,"[51, 142]",239.99249347131092,244.0368284527107,4.044334981399771
1702,5,"[82, 60]",240.24397734369174,243.89199911894553,3.6480217752537953
1703,1,"[3, 48]",240.33611266848408,244.0536790391226,3.7175663706385365
1704,4,"[76, 44]",240.46624653958315,244.36803567932267,3.9017891397395204
1705,5,"[155, 108]",241.74760683271055,245.94168255749364,4.19407572478309
1712,1,"[43, 35]",242.06110388789608,246.5037337086407,4.442629820744628
1714,2,"[19, 157]",242.23489184819678,246.0148334029696,3.779941554772819
1660,2,"[103, 110]",242.24497732410126,245.83462789917462,3.589650575073364
1661,3,"[18, 115]",242.7886750384257,246.3071718914466,3.518496853020878
1789,4,"[116, 12]",242.97722848336215,246.67929730020296,3.702068816840807
1670,5,"[77, 72]",243.06826330211675,246.5990984877841,3.5308351856673426
1671,4,"[158, 123]",243.50604177647259,246.37156951935222,2.8655277428796353
1692,3,"[65, 125]",243.59828901155473,246.5178802628441,2.9195912512893756
1693,2,"[137, 92]",243.77226108963924,246.76241272197757,2.990151632338325
1791,5,"[82, 60]",243.89199911894553,247.54002089419933,3.6480217752537953
1695,1,"[51, 142]",244.0368284527107,247.01686474143955,2.9800362887288543
1792,1,"[48, 3]",244.0536790391226,247.77124540976115,3.7175663706385365
1794,4,"[76, 44]",244.36803567932267,248.2698248190622,3.9017891397395204
1694,3,"[47, 28]",244.41877469449494,247.73592759722783,3.317152902732886
1662,2,"[103, 110]",245.83462789917462,247.58094432638902,1.7463164272143956
1796,5,"[155, 108]",245.94168255749364,250.13575828227673,4.19407572478309
2153,2,"[19, 157]",246.0148334029696,249.79477495774242,3.779941554772819
1663,3,"[18, 115]",246.3071718914466,247.8812363369644,1.5740644455178199
1987,4,"[158, 123]",246.37156951935222,250.36284071364588,3.9912711942936596
5,1,"[43, 132]",246.5037337086407,250.59084823117465,4.087114522533938
1696,3,"[65, 125]",246.5178802628441,247.45632029902276,0.9384400361786618
1672,5,"[77, 72]",246.5990984877841,248.31680202398175,1.7177035361976607
1790,4,"[40, 133]",246.67929730020296,248.3295274409814,1.650230140778433
1697,2,"[137, 92]",246.76241272197757,247.7235328804217,0.9611201584441176
1699,1,"[51, 142]",247.01686474143955,247.97473353946853,0.9578687980289828
1989,3,"[65, 125]",247.45632029902276,251.52289424490016,4.066573945877394
1713,5,"[82, 60]",247.54002089419933,250.80404050983248,3.2640196156331456
1664,2,"[103, 110]",247.58094432638902,248.45410253999623,0.873158213607212
2033,2,"[137, 92]",247.7235328804217,251.99517814222213,4.271645261800444
1698,3,"[47, 28]",247.73592759722783,248.80215530587574,1.066227708647915
2430,1,"[48, 3]",247.77124540976115,252.46711896556408,4.695873555802933
1665,3,"[18, 115]",247.8812363369644,248.7145645273769,0.8333281904124874
2087,1,"[51, 142]",247.97473353946853,252.33835807791988,4.363624538451347
1795,4,"[44, 150]",248.2698248190622,249.38597432708724,1.116149508025046
1715,5,"[77, 72]",248.31680202398175,251.56135332486915,3.2445513008873945
2761,4,"[40, 133]",248.3295274409814,254.05032505250898,5.720797611527587
2091,2,"[103, 110]",248.45410253999623,252.43182330372395,3.977720763727717
2092,3,"[18, 115]",248.7145645273769,252.51083740707583,3.7962728796989325
2817,3,"[47, 118]",248.80215530587574,256.04950152230583,7.247346216430088
1810,4,"[44, 150]",249.38597432708724,251.15321095572733,1.7672366286400916
585,2,"[53, 55]",249.79477495774242,251.53447654234452,1.739701584602102
1798,5,"[105, 95]",250.13575828227673,251.31690390479775,1.1811456225210293
1322,4,"[12, 116]",250.36284071364588,252.1164522340153,1.753611520369418
1323,1,"[45, 86]",250.59084823117465,252.30488331703447,1.7140350858598197
1371,5,"[155, 146]",250.80404050983248,252.69733495581133,1.893294445978853
1811,4,"[44, 150]",251.15321095572733,252.3623728303549,1.2091618746275685
1881,5,"[60, 105]",251.31690390479775,253.76020538682056,2.443301482022804
2291,3,"[153, 113]",251.52289424490016,256.5468937552772,5.0239995103770525
586,2,"[55, 53]",251.53447654234452,252.20136216513745,0.6668856227929325
588,5,"[82, 72]",251.56135332486915,252.20213461848078,0.6407812936116386
583,2,"[126, 144]",251.99517814222213,253.09090450457956,1.095726362357425
584,4,"[12, 116]",252.1164522340153,253.090680882251,0.9742286482357088
582,2,"[55, 53]",252.20136216513745,253.36116329834945,1.1598011332119995
589,5,"[82, 72]",252.20213461848078,253.2236700397645,1.0215354212837156
2293,1,"[43, 35]",252.30488331703447,258.033537742954,5.728654425919558
1532,1,"[45, 86]",252.33835807791988,258.62315346841655,6.284795390496669
1372,4,"[158, 123]",252.3623728303549,254.20449779049193,1.8421249601370278
1373,2,"[103, 151]",252.43182330372395,254.0470218368333,1.61519853310935
1374,1,"[91, 1]",252.46711896556408,254.3119713853381,1.8448524197740142
1430,3,"[18, 65]",252.51083740707583,254.27134906735324,1.760511660277416
1476,5,"[155, 146]",252.69733495581133,254.59062940179018,1.893294445978853
1481,4,"[12, 116]",253.090680882251,254.84429240262043,1.753611520369418
1482,2,"[126, 144]",253.09090450457956,255.06321190457462,1.97230739999506
1520,5,"[82, 72]",253.2236700397645,254.89527337589718,1.6716033361326765
587,2,"[55, 53]",253.36116329834945,254.42431431792446,1.0631510195750025
1882,5,"[60, 105]",253.76020538682056,255.03072211087013,1.2705167240495712
2595,2,"[103, 151]",254.0470218368333,255.66222036994264,1.61519853310935
2596,4,"[76, 6]",254.05032505250898,255.92454533236815,1.8742202798591734
2312,4,"[44, 40]",254.20449779049193,259.49820785279024,5.293710062298317
2154,3,"[18, 65]",254.27134906735324,261.41120275388,7.139853686526749
4,1,"[91, 1]",254.3119713853381,256.4642991676812,2.152327782343093
592,0,[],254.42431431792446,254.42431431792446,0.0
1314,2,"[53, 55]",254.42431431792446,256.26066601616355,1.836351698239099
655,5,"[155, 77]",254.59062940179018,256.36667098740196,1.7760415856117788
1334,4,"[12, 116]",254.84429240262043,256.69532681104084,1.8510344084204178
620,5,"[146, 82]",254.89527337589718,255.5089824435828,0.613709067685619
629,5,"[72, 105]",255.03072211087013,255.69212543202465,0.6614033211545234
1335,2,"[126, 144]",255.06321190457462,257.14509196692956,2.0818800623549407
635,5,"[146, 82]",255.5089824435828,256.22497631523834,0.7159938716555416
1336,2,"[103, 151]",255.66222036994264,257.3671521786626,1.704931808719948
644,5,"[72, 105]",255.69212543202465,256.3535287531792,0.6614033211545518
1350,4,"[158, 123]",255.92454533236815,257.86901059517925,1.944465262811093
1351,3,"[125, 118]",256.04950152230583,258.07951159941945,2.030010077113616
645,5,"[146, 82]",256.22497631523834,256.9409701868939,0.7159938716555416
2355,2,"[53, 55]",256.26066601616355,258.0970177144026,1.8363516982390706
642,5,"[72, 105]",256.3535287531792,257.203904443761,0.8503756905818136
643,5,"[155, 95]",256.36667098740196,257.25998955672077,0.8933185693188079
2563,1,"[91, 1]",256.4642991676812,258.4116434157048,1.9473442480236258
2292,3,"[115, 153]",256.5468937552772,258.2005523665093,1.6536586112321174
2564,4,"[12, 116]",256.69532681104084,258.54636121946123,1.8510344084203894
651,5,"[146, 82]",256.9409701868939,257.8615337274558,0.9205635405619432
2567,2,"[126, 144]",257.14509196692956,259.2269720292845,2.081880062354969
652,5,"[72, 105]",257.203904443761,258.05428013434283,0.8503756905818136
656,5,"[155, 95]",257.25998955672077,259.3940285123967,2.134038955675919
2573,2,"[103, 151]",257.3671521786626,259.07208398738254,1.704931808719948
648,5,"[146, 82]",257.8615337274558,258.8843821329542,1.0228484054983937
2574,4,"[158, 123]",257.86901059517925,259.81347585799034,1.944465262811093
2575,1,"[51, 142]",258.033537742954,260.0557052336539,2.0221674906998715
593,5,"[72, 105]",258.05428013434283,259.04638508791555,0.9921049535727207
2576,3,"[125, 118]",258.07951159941945,260.10952167653306,2.030010077113616
378,2,"[53, 55]",258.0970177144026,260.0300195262787,1.9330018118760677
380,3,"[47, 28]",258.2005523665093,260.5699473373834,2.3693949708740547
397,1,"[91, 1]",258.4116434157048,260.4614794919781,2.049836076273266
398,4,"[12, 116]",258.54636121946123,260.49481851593265,1.9484572964714175
1310,1,"[45, 86]",258.62315346841655,260.52763694760125,1.9044834791847052
594,5,"[146, 82]",258.8843821329542,259.9583729099543,1.0739907770000627
595,5,"[72, 105]",259.04638508791555,260.0384900414883,0.9921049535727207
1318,2,"[103, 151]",259.07208398738254,260.8667490717131,1.7946650843305747
1321,2,"[126, 144]",259.2269720292845,261.4184247539994,2.19145272471485
596,5,"[155, 95]",259.3940285123967,260.43623349021453,1.0422049778178462
1328,4,"[76, 6]",259.49820785279024,261.5806748855781,2.0824670327878607
1329,4,"[158, 123]",259.81347585799034,261.86028142347556,2.046805565485215
603,5,"[146, 82]",259.9583729099543,261.03236368695434,1.0739907770000627
1349,2,"[53, 55]",260.0300195262787,261.96302133815476,1.9330018118760677
604,5,"[72, 105]",260.0384900414883,261.030594995061,0.9921049535727207
1353,1,"[51, 142]",260.0557052336539,262.18430261899573,2.128597385341834
1354,3,"[125, 118]",260.10952167653306,262.2463744160982,2.1368527395651427
626,5,"[155, 95]",260.43623349021453,261.62732499485577,1.1910915046412356
1355,1,"[91, 1]",260.4614794919781,262.51131556825135,2.049836076273266
1381,4,"[12, 116]",260.49481851593265,262.44327581240407,1.9484572964714175
1382,1,"[45, 86]",260.52763694760125,262.43212042678596,1.9044834791847052
1388,3,"[47, 28]",260.5699473373834,262.93934230825744,2.3693949708740547
1395,2,"[103, 151]",260.8667490717131,262.6614141560437,1.7946650843305747
627,5,"[72, 105]",261.030594995061,262.16442932426094,1.1338343291999422
628,5,"[146, 82]",261.03236368695434,262.2597818223256,1.227418135371238
1431,3,"[18, 65]",261.41120275388,263.3673268726745,1.9561241187944916
1440,2,"[126, 144]",261.4184247539994,263.6098774787142,2.19145272471485
1461,4,"[76, 6]",261.5806748855781,263.66314191836597,2.0824670327878607
630,5,"[155, 95]",261.62732499485577,262.818416499497,1.1910915046412356
1487,4,"[158, 123]",261.86028142347556,263.90708698896077,2.046805565485215
1513,2,"[53, 55]",261.96302133815476,263.8960231500308,1.9330018118760677
632,5,"[72, 105]",262.16442932426094,263.2982636534609,1.1338343291999422
1514,1,"[51, 142]",262.18430261899573,264.31290000433756,2.128597385341834
376,3,"[125, 118]",262.2463744160982,264.4900696907485,2.2436952746502925
633,5,"[146, 82]",262.2597818223256,263.4871999576968,1.227418135371238
377,1,"[45, 86]",262.43212042678596,264.43182798911704,1.999707562331082
1293,4,"[12, 116]",262.44327581240407,264.4891558807894,2.0458800683853156
1352,1,"[91, 1]",262.51131556825135,264.66364335059444,2.152327782343093
1458,2,"[103, 151]",262.6614141560437,264.54581240901445,1.8843982529707546
634,5,"[155, 95]",262.818416499497,264.00950800413824,1.1910915046412356
1429,3,"[47, 28]",262.93934230825744,265.54567683270966,2.6063345244522225
636,5,"[72, 105]",263.2982636534609,264.4320979826608,1.1338343291999422
1452,3,"[18, 65]",263.3673268726745,265.51906344998605,2.151736577311567
653,5,"[146, 82]",263.4871999576968,264.8169028360715,1.3297028783746896
1539,2,"[19, 126]",263.6098774787142,270.7171988254903,7.107321346776075
2074,4,"[76, 44]",263.66314191836597,267.9756455626647,4.312503644298715
2075,2,"[157, 110]",263.8960231500308,268.21750946565396,4.321486315623133
2798,4,"[158, 123]",263.90708698896077,268.2053784812811,4.298291492320345
618,5,"[155, 95]",264.00950800413824,265.34948591727857,1.3399779131403307
1460,1,"[51, 142]",264.31290000433756,266.6543571789633,2.3414571746257593
1506,1,"[45, 86]",264.43182798911704,266.52675986162666,2.094931872509619
654,5,"[72, 105]",264.4320979826608,265.70766157485167,1.2755635921908492
2763,4,"[133, 40]",264.4891558807894,270.7600302059098,6.270874325120417
488,3,"[115, 153]",264.4900696907485,269.54831923298417,5.0582495422356715
2113,2,"[103, 92]",264.54581240901445,268.82216932427826,4.276356915263818
2114,1,"[3, 48]",264.66364335059444,268.9681940323316,4.304550681737169
631,5,"[146, 82]",264.8169028360715,266.24889057938265,1.43198774331114
637,5,"[155, 95]",265.34948591727857,266.7390925938105,1.389606676531912
2646,3,"[113, 100]",265.51906344998605,270.50620196703403,4.987138517047981
2775,3,"[22, 71]",265.54567683270966,270.6334750864931,5.087798253783433
639,5,"[72, 105]",265.70766157485167,267.0304682171607,1.3228066423090468
641,5,"[146, 82]",266.24889057938265,267.6808783226938,1.43198774331114
943,1,"[43, 35]",266.52675986162666,272.72305964919866,6.196299787572002
624,5,"[155, 95]",266.7390925938105,268.1783281520583,1.4392355582478444
601,5,"[72, 105]",267.0304682171607,268.44776107234253,1.4172928551818131
602,5,"[146, 82]",267.6808783226938,269.2151509309413,1.5342726082475338
945,4,"[44, 150]",267.9756455626647,272.90530587129547,4.929660308630787
606,5,"[155, 95]",268.1783281520583,269.7664501188052,1.5881219667468827
1515,2,"[53, 55]",268.21750946565396,270.34381150480397,2.126302039150005
608,5,"[72, 105]",268.44776107234253,269.95954014039705,1.5117790680545227
1315,2,"[103, 144]",268.82216932427826,271.0463115736442,2.2241422493659115
944,1,"[48, 3]",268.9681940323316,274.1532210640935,5.1850270317618765
1316,1,"[45, 86]",268.9681940323316,271.1583499879876,2.190155955655996
609,5,"[146, 82]",269.2151509309413,270.8517084041253,1.6365574731839843
1344,3,"[18, 65]",269.54831923298417,271.7978619229602,2.2495426899760105
622,5,"[155, 95]",269.7664501188052,271.6027161391587,1.8362660203534915
623,5,"[72, 105]",269.95954014039705,271.7075346843152,1.7479945439181392
1345,2,"[53, 55]",270.34381150480397,272.5667635423751,2.222952037571133
1346,3,"[125, 118]",270.50620196703403,272.9635825665874,2.457380599553346
1347,3,"[47, 28]",270.6334750864931,273.35827924650744,2.724804160014344
1378,2,"[126, 151]",270.7171988254903,273.0335424887182,2.316343663227883
946,4,"[40, 133]",270.7600302059098,276.5908435798312,5.830813373921387
1399,4,"[12, 116]",270.7600302059098,273.00075605039706,2.240725844487258
638,5,"[146, 82]",270.8517084041253,272.84626296555336,1.9945545614280604
2335,2,"[103, 144]",271.0463115736442,273.2704538230101,2.2241422493659115
2590,1,"[45, 86]",271.1583499879876,273.3485059436436,2.190155955655996
640,5,"[155, 95]",271.6027161391587,273.53823992294394,1.9355237837852428
614,5,"[72, 105]",271.7075346843152,273.64450154134244,1.9369668570272438
382,3,"[18, 65]",271.7978619229602,274.1452109587888,2.3473490358286426
1324,2,"[53, 55]",272.5667635423751,274.8863658087991,2.319602266423999
1488,1,"[51, 91]",272.72305964919866,275.4085255709248,2.68546592172612
616,5,"[146, 82]",272.84626296555336,274.9431021480518,2.0968391824984565
2577,4,"[158, 123]",272.90530587129547,275.361472647477,2.456166776181533
2578,3,"[125, 118]",272.9635825665874,275.5278059559586,2.56422338937125
2579,4,"[12, 116]",273.00075605039706,275.3389048990724,2.3381488486753597
2580,2,"[126, 151]",273.0335424887182,275.4505968921551,2.4170544034369073
2581,2,"[103, 144]",273.2704538230101,275.5912980496429,2.3208442266328007
2591,1,"[45, 86]",273.3485059436436,274.58642015970725,1.2379142160636434
2582,3,"[47, 28]",273.35827924650744,276.2015533245378,2.8432740780303902
611,5,"[155, 95]",273.53823992294394,275.6226498785797,2.084409955635749
617,5,"[72, 105]",273.64450154134244,275.6287114484879,1.9842099071454413
2584,3,"[18, 65]",274.1452109587888,276.49255999461747,2.3473490358286426
2585,1,"[1, 142]",274.1532210640935,276.5025371780744,2.349316113980933
2587,1,"[45, 86]",274.58642015970725,276.8718004255417,2.285380265834476
2588,2,"[53, 55]",274.8863658087991,277.2059680752231,2.319602266423999
597,5,"[146, 82]",274.9431021480518,277.19336868892145,2.2502665408696316
2592,4,"[12, 116]",275.3389048990724,277.6770537477478,2.3381488486753597
2593,4,"[158, 123]",275.361472647477,277.81763942365853,2.456166776181533
375,1,"[51, 91]",275.4085255709248,278.2058857948991,2.7973602239742945
379,2,"[126, 151]",275.4505968921551,277.9683617956882,2.517764903533134
381,3,"[125, 118]",275.5278059559586,278.198871880415,2.6710659244564
1313,2,"[103, 144]",275.5912980496429,278.0088440229874,2.417545973344488
598,5,"[155, 95]",275.6226498785797,277.8063175976472,2.1836677190675005
599,5,"[72, 105]",275.6287114484879,277.70740768114234,2.0786962326544653
1338,3,"[47, 28]",276.2015533245378,279.1632970381304,2.9617437135925684
2341,3,"[18, 65]",276.49255999461747,278.93771514311055,2.445155148493086
2486,1,"[1, 142]",276.5025371780744,278.94974136622807,2.4472041881536484
1109,0,[],276.5908435798312,276.5908435798312,0.0
2361,4,"[76, 6]",276.5908435798312,279.24598899698583,2.6551454171546425
2589,1,"[45, 86]",276.8718004255417,279.30001681609576,2.4282163905540415
1114,5,"[60, 108]",277.19336868892145,278.18750233990187,0.994133650980416
1540,2,"[19, 53]",277.2059680752231,282.8700693848091,5.664101309585988
2715,4,[116],277.6770537477478,280.93967330299853,3.262619555250751
1432,4,"[12, 158]",277.81763942365853,280.3655015353458,2.547862111687266
1541,2,"[157, 126]",277.9683617956882,283.9812485978738,6.012886802185562
1542,2,"[103, 110]",278.0088440229874,283.5388460039483,5.530001980960947
1110,5,"[105, 60]",278.18750233990187,279.26255501529306,1.0750526753911913
1111,5,"[95, 108]",278.18750233990187,279.41235397012207,1.2248516302202006
1480,3,"[125, 118]",278.198871880415,280.97678033995663,2.7779084595416066
1568,1,"[51, 3]",278.2058857948991,284.58244663701964,6.376560842120568
2366,3,"[18, 65]",278.93771514311055,281.48067640426814,2.5429612611575863
1577,1,"[48, 43]",278.94974136622807,284.95591293274845,6.006171566520379
2465,3,"[47, 28]",279.1632970381304,282.2435103872851,3.0802133491546897
2466,4,"[123, 76]",279.24598899698583,282.1517108838348,2.905721886848994
1112,5,"[60, 105]",279.26255501529306,280.33760769068425,1.0750526753911913
1592,1,"[45, 86]",279.30001681609576,284.7277945501465,5.427777734050721
600,5,"[155, 146]",279.41235397012207,281.7263806266633,2.314026656541216
605,5,"[82, 72]",280.33760769068425,282.3806785332517,2.043070842567431
1113,5,"[60, 95]",280.33760769068425,281.43023221986203,1.0926245291777832
2467,4,"[12, 158]",280.3655015353458,282.91336364703307,2.547862111687266
2468,4,"[116, 6]",280.93967330299853,283.41884990605416,2.4791766030556346
2594,3,"[125, 118]",280.97678033995663,283.75468879949824,2.7779084595416066
607,5,"[105, 95]",281.43023221986203,283.5956658220385,2.1654336021764493
2654,3,"[115, 153]",281.48067640426814,286.928022172177,5.447345767908871
613,5,"[155, 146]",281.7263806266633,284.0929987468308,2.366618120167516
2484,4,"[123, 76]",282.1517108838348,285.16919146876455,3.0174805849297286
2487,3,"[18, 65]",282.2435103872851,284.88427799429525,2.6407676070101616
615,5,"[82, 72]",282.3806785332517,284.4701827587705,2.0895042255187946
1543,2,"[19, 53]",282.8700693848091,288.5341706943951,5.664101309585988
2086,4,"[158, 12]",282.91336364703307,287.7151040501794,4.801740403146312
2470,0,[],283.41884990605416,283.41884990605416,0.0
2482,4,"[116, 6]",283.41884990605416,286.8515560067988,3.4327061007446105
1545,2,"[103, 110]",283.5388460039483,289.06884798490927,5.530001980960947
619,5,"[105, 95]",283.5956658220385,285.95795706708054,2.3622912450420586
1652,3,"[125, 47]",283.75468879949824,290.1378508770864,6.3831620775881674
1544,2,"[157, 126]",283.9812485978738,289.99413540005935,6.012886802185562
621,5,"[155, 146]",284.0929987468308,286.77516589953217,2.6821671527013677
1921,5,"[60, 108]",284.4701827587705,291.31865899181827,6.848476233047791
1602,1,"[51, 3]",284.58244663701964,290.9590074791402,6.376560842120568
1609,1,"[45, 86]",284.7277945501465,290.1555722841972,5.427777734050721
1651,3,"[18, 65]",284.88427799429525,290.5570381253498,5.672760131054531
1616,1,"[48, 35]",284.95591293274845,291.11359007616284,6.157677143414389
1369,4,"[123, 76]",285.16919146876455,288.2984304853219,3.129239016557335
1793,5,"[105, 95]",285.95795706708054,292.15897152664786,6.201014459567318
2681,5,"[155, 146]",286.77516589953217,290.772120896771,3.996954997238845
1479,4,"[116, 6]",286.8515560067988,289.52143855486,2.6698825480612527
374,3,"[28, 118]",286.928022172177,290.255951818407,3.327929646230018
2471,4,"[12, 158]",287.7151040501794,290.8509345032359,3.135830453056542
2472,4,"[123, 76]",288.2984304853219,291.8747037612959,3.5762732759740175
1617,2,"[19, 53]",288.5341706943951,294.19827200398106,5.664101309585988
1456,2,"[103, 55]",289.06884798490927,291.7233539832955,2.6545059983862416
2473,4,"[116, 6]",289.52143855486,292.5727329929325,3.051294438072489
2583,2,"[126, 144]",289.99413540005935,293.17174195539246,3.1776065553331136
2682,3,"[125, 47]",290.1378508770864,293.3294319158805,3.1915810387940837
2368,1,"[45, 86]",290.1555722841972,292.9646854614011,2.8091131772038693
383,0,[],290.255951818407,290.255951818407,0.0
391,3,"[118, 28]",290.255951818407,291.51826994592875,1.2623181275217235
389,3,[18],290.5570381253498,292.1484761903148,1.5914380649650184
1656,5,"[155, 82]",290.772120896771,292.49892260406455,1.7268017072935322
1657,4,"[12, 158]",290.8509345032359,292.61483906006845,1.7639045568325287
1327,1,"[51, 91]",290.9590074791402,294.31583974790937,3.3568322687691534
1358,1,"[1, 142]",291.11359007616284,294.0502351019472,2.936645025784344
1925,5,[60],291.31865899181827,292.8645274380246,1.5458684462063275
1359,3,"[65, 118]",291.51826994592875,294.68523967225093,3.166969726322179
1370,2,"[103, 55]",291.7233539832955,294.4693945809768,2.746040597681315
2474,4,"[123, 76]",291.8747037612959,295.4509770372699,3.5762732759740175
1489,3,"[18, 28]",292.1484761903148,295.3178308928328,3.1693547025179782
1804,5,"[105, 95]",292.15897152664786,294.718120179883,2.559148653235127
2475,4,"[116, 6]",292.5727329929325,295.624027431005,3.051294438072489
2476,4,"[12, 158]",292.61483906006845,295.750669513125,3.135830453056542
1799,5,"[108, 60]",292.8645274380246,295.0737133876156,2.209185949591017
1504,1,"[45, 86]",292.9646854614011,295.82141068017813,2.8567252187770578
552,2,"[157, 110]",293.17174195539246,298.4192611931148,5.247519237722315
2699,3,"[125, 47]",293.3294319158805,300.1528116334837,6.8233797176031885
2793,1,"[142, 3]",294.0502351019472,298.90692995539086,4.856694853443685
1307,2,"[53, 126]",294.19827200398106,297.4648845227008,3.2666125187197395
1308,1,"[51, 91]",294.31583974790937,297.78456631892664,3.468726571017271
1311,2,"[103, 55]",294.4693945809768,297.3069697779532,2.8375751969763883
1312,3,"[65, 118]",294.68523967225093,297.95777495544195,3.2725352831910186
1806,5,"[95, 108]",295.0737133876156,297.07801595871064,2.0043025710950246
1929,5,"[60, 105]",295.0737133876156,298.2988712972834,3.2251579096678142
1317,3,"[18, 28]",295.3178308928328,298.5928306513503,3.274999758517538
2477,4,"[123, 76]",295.4509770372699,299.02725031324394,3.5762732759740175
2478,4,"[116, 6]",295.624027431005,298.6753218690775,3.051294438072489
2479,4,"[12, 158]",295.750669513125,298.88649996618153,3.135830453056542
1339,1,"[45, 86]",295.82141068017813,298.77335998210157,2.9519493019234346
1800,5,"[95, 108]",297.07801595871064,297.9688171382917,0.8908011795810467
1340,2,"[103, 55]",297.3069697779532,300.1445449749296,2.8375751969763883
1341,2,"[53, 126]",297.4648845227008,300.73149704142054,3.2666125187197395
1342,1,"[51, 91]",297.78456631892664,301.2532928899439,3.468726571017271
1343,3,"[65, 118]",297.95777495544195,301.23031023863297,3.2725352831910186
1807,5,"[95, 108]",297.9688171382917,302.20012262515445,4.231305486862766
1801,5,"[60, 105]",298.2988712972834,300.25351248290167,1.954641185618243
1368,2,"[144, 151]",298.4192611931148,301.4577811052879,3.038519912173115
1379,3,"[18, 28]",298.5928306513503,301.86783040986785,3.274999758517538
2480,4,"[116, 6]",298.6753218690775,301.72661630715,3.051294438072489
1380,1,"[45, 86]",298.77335998210157,301.725309284025,2.9519493019234346
2481,4,"[12, 158]",298.88649996618153,302.0223304192381,3.135830453056542
1383,1,"[1, 142]",298.90692995539086,301.9414630553479,3.034533099957059
1384,4,"[123, 76]",299.02725031324394,302.4917648911372,3.464514577893283
1391,2,"[103, 55]",300.1445449749296,302.982120171906,2.8375751969763883
1396,3,"[125, 47]",300.1528116334837,303.5645014922853,3.4116898588015943
1930,5,"[60, 105]",300.25351248290167,300.59557468455955,0.3420622016578818
1802,5,"[60, 105]",300.59557468455955,301.37743117045744,0.7818564858978903
1428,2,"[53, 126]",300.73149704142054,304.10348431149964,3.371987270079103
2673,3,"[65, 118]",301.23031023863297,304.60841133038093,3.378101091747965
2586,1,"[51, 91]",301.2532928899439,304.88986118111046,3.6365682911665544
1931,5,"[60, 105]",301.37743117045744,301.96382354944404,0.5863923789866021
2488,2,"[144, 151]",301.4577811052879,304.69233461295056,3.2345535076626675
2764,1,"[45, 86]",301.725309284025,304.86770697927335,3.1423976952483486
2765,4,"[116, 6]",301.72661630715,304.8732636040557,3.146647296905712
2769,3,"[18, 28]",301.86783040986785,305.35412053226213,3.48629012239428
1483,1,"[1, 142]",301.9414630553479,305.2696608445903,3.328197789242381
1932,5,"[60, 105]",301.96382354944404,302.8434120596711,0.8795885102270518
2729,4,"[158, 44]",302.0223304192381,308.27080170800303,6.248471288764961
2731,4,"[123, 76]",302.4917648911372,309.86782830634047,7.376063415203248
1809,5,"[95, 105]",302.8434120596711,307.5679945497552,4.724582490084117
1935,5,"[60, 108]",302.8434120596711,309.08436247260795,6.240950412936854
1938,5,"[24, 10]",302.8434120596711,308.6184740737313,5.775062014060211
1533,2,"[103, 19]",302.982120171906,309.1841964296824,6.202076257776412
2750,3,"[125, 47]",303.5645014922853,310.82809937468437,7.263597882399097
2751,2,"[157, 53]",304.10348431149964,310.6277249727269,6.524240661227282
2803,3,"[65, 118]",304.60841133038093,311.5757446276145,6.9673332972335515
1648,2,"[110, 137]",304.69233461295056,310.66098747790386,5.968652864953299
2489,0,[],304.69233461295056,304.69233461295056,0.0
1998,1,"[48, 3]",304.86770697927335,310.3462258167147,5.4785188374413565
2768,4,"[40, 133]",304.8732636040557,310.4840459777835,5.6107823737278295
1574,1,"[45, 86]",304.88986118111046,311.26988065475354,6.380019473643074
1603,1,"[51, 43]",305.2696608445903,313.43294090598187,8.16328006139156
1647,3,"[18, 28]",305.35412053226213,311.4815398252991,6.127419293036951
1897,0,[],307.5679945497552,307.5679945497552,0.0
1898,5,"[105, 95]",307.5679945497552,308.25699612378037,0.6890015740251556
1899,5,"[105, 95]",308.25699612378037,308.9459976978055,0.6890015740251556
2494,4,"[12, 116]",308.27080170800303,310.21925900447445,1.9484572964714175
1906,5,"[24, 10]",308.6184740737313,309.33396845829117,0.7154943845598609
1907,5,"[105, 95]",308.9459976978055,309.6349992718307,0.6890015740251556
1908,5,"[60, 108]",309.08436247260795,309.857577541797,0.7732150691890638
1309,2,"[103, 55]",309.1841964296824,312.3879104603106,3.2037140306281913
1912,5,"[24, 10]",309.33396845829117,310.049462842851,0.7154943845598609
1909,5,"[105, 95]",309.6349992718307,310.7177160729189,1.0827168010882247
1910,5,"[60, 108]",309.857577541797,311.0726298404076,1.2150522986106012
2771,4,"[44, 150]",309.86782830634047,315.5415879913093,5.673759684968843
1900,5,"[24, 10]",310.049462842851,311.27602471458107,1.2265618717300413
2492,4,"[12, 116]",310.21925900447445,313.04452217726765,2.8252631727932
1570,1,"[48, 3]",310.3462258167147,316.9987132763534,6.652487459638678
2491,4,"[158, 123]",310.4840459777835,313.86127511203443,3.3772291342509106
1626,2,"[19, 53]",310.6277249727269,318.2792303170917,7.65150534436475
2395,2,[126],310.66098747790386,312.3778279654107,1.716840487506829
1903,5,"[105, 95]",310.7177160729189,311.89886169543996,1.1811456225210577
2752,3,"[115, 113]",310.82809937468437,312.61933186890633,1.7912324942219584
1904,5,"[60, 108]",311.0726298404076,312.39814146283334,1.3255116224257222
2687,1,"[45, 86]",311.26988065475354,314.88839921979803,3.6185185650444964
1911,5,"[24, 10]",311.27602471458107,312.60479997408197,1.328775259500901
388,3,"[18, 125]",311.4815398252991,315.2397924373723,3.7582526120731927
2805,3,"[65, 47]",311.5757446276145,317.3368496920007,5.761105064386243
1901,5,"[105, 95]",311.89886169543996,314.261152940482,2.3622912450420586
2038,2,"[157, 110]",312.3778279654107,318.5513801252322,6.173552159821497
2039,2,"[103, 92]",312.3879104603106,318.2193061274601,5.831395667149479
1902,5,"[60, 108]",312.39814146283334,315.0491647076848,2.6510232448514444
1905,5,"[24, 10]",312.60479997408197,315.057923717542,2.4531237434600257
2040,3,"[28, 115]",312.61933186890633,318.9213781222513,6.302046253344997
1654,4,"[116, 12]",313.04452217726765,314.89555658568804,1.8510344084203894
2041,1,"[51, 142]",313.43294090598187,319.81873306200737,6.385792156025502
1655,4,"[158, 123]",313.86127511203443,315.8057403748455,1.944465262811093
1939,5,"[105, 95]",314.261152940482,317.70616086927606,3.445007928794041
2042,1,"[132, 43]",314.88839921979803,321.3417380205672,6.453338800769188
2493,4,"[12, 116]",314.89555658568804,318.11051107841104,3.2149544927229954
625,5,"[155, 146]",315.0491647076848,318.52020456710864,3.471039859423854
2495,5,"[82, 72]",315.057923717542,318.12252987068723,3.0646061531452347
2043,3,"[18, 125]",315.2397924373723,321.17387558352976,5.934083146157491
2490,4,"[76, 6]",315.5415879913093,319.3941520516167,3.8525640603073725
2044,4,"[158, 123]",315.8057403748455,321.9461570713011,6.140416696455588
2045,1,"[48, 3]",316.9987132763534,322.86855498786053,5.869841711507149
2806,3,"[65, 47]",317.3368496920007,320.43480220015005,3.0979525081493193
1941,5,"[60, 105]",317.70616086927606,318.53688339646493,0.8307225271888683
2104,4,"[116, 12]",318.11051107841104,323.95588296782523,5.845371889414196
649,5,"[82, 72]",318.12252987068723,321.51217036872765,3.3896404980404213
2046,2,"[103, 137]",318.2193061274601,324.1085809206638,5.889274793203754
2047,2,"[19, 92]",318.2792303170917,324.60187633252673,6.322646015435055
650,5,"[155, 146]",318.52020456710864,322.3593854242444,3.839180857135773
2550,5,"[77, 60]",318.53688339646493,326.23860470479195,7.7017213083270235
2810,2,"[157, 110]",318.5513801252322,324.82782472292473,6.276444597692546
2073,3,"[28, 115]",318.9213781222513,325.4334923837045,6.512114261453178
2704,4,[76],319.3941520516167,324.40811745967534,5.013965408058652
1486,1,"[45, 86]",319.81873306200737,323.5324761642625,3.713743102255137
2807,3,"[65, 47]",320.43480220015005,328.0438086151313,7.609006414981252
1516,3,"[18, 125]",321.17387558352976,325.1299310143014,3.9560554307716416
2054,1,"[51, 142]",321.3417380205672,328.0468199873929,6.705081966825674
2056,5,"[82, 72]",321.51217036872765,327.36278237730977,5.850612008582118
2799,4,"[158, 123]",321.9461570713011,328.39359479777806,6.447437726476949
387,5,"[155, 146]",322.3593854242444,326.77707238126976,4.417686957025353
2668,1,"[91, 1]",322.86855498786053,327.0707188464769,4.202163858616359
1367,1,"[45, 86]",323.5324761642625,328.57935756572766,5.046881401465157
1361,4,"[12, 116]",323.95588296782523,329.1192949892938,5.1634120214685595
1629,2,"[103, 53]",324.1085809206638,330.9280467396547,6.819465818990864
1363,4,"[76, 6]",324.40811745967534,329.9266552951627,5.5185378354873365
2701,2,"[19, 126]",324.60187633252673,332.3456751464262,7.743798813899446
2507,2,"[157, 144]",324.82782472292473,332.00544729010807,7.1776225671833345
1517,3,"[18, 125]",325.1299310143014,328.09697258738015,2.9670415730787454
1518,3,"[28, 118]",325.4334923837045,328.8761781114183,3.4426857277138083
2551,5,"[77, 60]",326.23860470479195,333.64410532899035,7.405500624198396
2655,5,"[24, 105]",326.77707238126976,333.57717419318067,6.800101811910906
2657,1,"[48, 3]",327.0707188464769,334.01669811179505,6.945979265318158
2674,5,"[155, 146]",327.36278237730977,331.9908356903922,4.628053313082432
2808,3,"[65, 47]",328.0438086151313,332.71791276309165,4.67410414796035
1565,1,"[51, 35]",328.0468199873929,337.70322249693265,9.65640250953976
2252,3,"[18, 125]",328.09697258738015,338.9761250220022,10.879152434622029
2675,4,"[158, 123]",328.39359479777806,332.99890732011977,4.6053125223417055
1566,1,"[45, 86]",328.57935756572766,335.9116187789631,7.332261213235427
2305,3,"[115, 113]",328.8761781114183,336.0411080883061,7.164929976887777
1427,4,"[12, 116]",329.1192949892938,333.6007466782683,4.481451688974516
1365,4,"[76, 6]",329.9266552951627,335.44519313065,5.5185378354873365
1581,2,"[103, 53]",330.9280467396547,338.1211810826115,7.193134342956796
1457,5,"[155, 146]",331.9908356903922,336.8292548579799,4.838419167587688
1582,2,"[157, 110]",332.00544729010807,339.92817236562706,7.922725075518997
2511,0,[],332.00544729010807,332.00544729010807,0.0
1583,2,"[19, 126]",332.3456751464262,340.5137907542629,8.16811560783674
2688,3,"[65, 118]",332.71791276309165,337.5739329094438,4.856020146352137
2685,4,"[158, 123]",332.99890732011977,337.8089002038114,4.809992883691621
2512,5,"[105, 24]",333.57717419318067,335.3011436441097,1.7239694509290189
2686,4,"[12, 116]",333.6007466782683,338.1796211391567,4.578874460888414
2513,5,"[60, 95]",333.64410532899035,335.43203629061946,1.7879309616291152
1584,1,"[48, 3]",334.01669811179505,341.5496614549653,7.532963343170252
2515,5,"[105, 24]",335.3011436441097,337.0251130950387,1.7239694509290189
2516,5,"[60, 95]",335.43203629061946,337.2199672522486,1.7879309616291152
2151,4,"[76, 44]",335.44519313065,345.19966610240135,9.75447297175134
1625,1,"[45, 86]",335.9116187789631,344.19612173179087,8.28450295282778
2696,3,"[47, 28]",336.0411080883061,345.75562724292655,9.714519154620461
2517,5,"[10, 108]",336.8292548579799,338.9499808869056,2.1207260289257306
2514,5,"[105, 24]",337.0251130950387,339.61106738560625,2.5859542905675426
2518,5,"[60, 95]",337.2199672522486,340.0011932188739,2.7812259666253
2684,3,"[65, 118]",337.5739329094438,342.74665022977865,5.172717320334868
1628,1,"[51, 35]",337.70322249693265,347.3596250064724,9.65640250953976
2429,4,"[40, 133]",337.8089002038114,346.5001129080906,8.691212704279224
1589,2,"[103, 53]",338.1211810826115,345.3143154255683,7.193134342956796
1683,4,"[116, 158]",338.1796211391567,345.66344745222415,7.483826313067425
1459,5,"[155, 146]",338.9499808869056,344.2091322650557,5.259151378150079
1687,3,"[18, 125]",338.9761250220022,346.6904337722449,7.714308750242708
2280,0,[],338.9761250220022,338.9761250220022,0.0
2281,5,"[82, 72]",339.61106738560625,341.0040702026188,1.3930028170125297
1590,2,"[157, 110]",339.92817236562706,347.85089744114606,7.922725075518997
2282,5,"[77, 60]",340.0011932188739,341.48229334371354,1.4811001248396565
1591,2,"[19, 126]",340.5137907542629,346.66639767074525,6.152606916482341
2283,5,"[82, 72]",341.0040702026188,342.3970730196313,1.3930028170125297
2284,5,"[77, 60]",341.48229334371354,342.9633934685532,1.4811001248396565
1554,1,"[48, 3]",341.5496614549653,349.6696093424807,8.119947887515423
2285,5,"[82, 72]",342.3970730196313,343.79007583664384,1.3930028170125297
1681,3,"[65, 115]",342.74665022977865,350.33466601712445,7.588015787345796
2287,5,"[77, 60]",342.9633934685532,344.44449359339285,1.4811001248396565
2286,5,"[82, 72]",343.79007583664384,345.83314667921127,2.043070842567431
1608,1,"[45, 86]",344.19612173179087,352.0997283520331,7.903606620242215
1521,0,[],344.2091322650557,344.2091322650557,0.0
1526,5,"[155, 146]",344.2091322650557,346.73352502687806,2.524392761822355
1685,5,"[77, 60]",344.44449359339285,352.1462149017199,7.7017213083270235
26,4,"[44, 150]",345.19966610240135,352.9197000702153,7.720033967813947
1593,2,"[103, 53]",345.3143154255683,354.00212742797714,8.687812002408862
390,4,"[12, 116]",345.66344745222415,351.60624211355224,5.942794661328094
433,3,"[47, 28]",345.75562724292655,354.7593280192663,9.00370077633977
1525,5,"[82, 72]",345.83314667921127,350.84795690902115,5.014810229809882
2663,4,"[158, 123]",346.5001129080906,352.0264880324999,5.526375124409299
2664,2,"[55, 126]",346.66639767074525,352.2276052378102,5.561207567064969
2667,3,"[18, 125]",346.6904337722449,352.0311086981063,5.340674925861435
1401,5,"[155, 146]",346.73352502687806,354.2015198835408,7.467994856662756
2565,1,"[51, 91]",347.3596250064724,353.73760610371215,6.37798109723974
1594,2,"[19, 157]",347.85089744114606,356.6044466044011,8.753549163255059
2569,1,"[1, 142]",349.6696093424807,355.24923470476415,5.579625362283423
2728,3,"[65, 118]",350.33466601712445,356.35190829578613,6.0172422786616835
2651,5,"[105, 24]",350.84795690902115,359.08470042479354,8.236743515772389
2316,4,"[40, 133]",351.60624211355224,361.7276534338223,10.121411320270056
2297,3,"[115, 113]",352.0311086981063,360.5515660427874,8.520457344681063
1612,1,"[45, 86]",352.0997283520331,358.57497236288674,6.4752440108536575
2717,5,"[77, 60]",352.1462149017199,362.6126561605835,10.466441258863654
2818,2,"[126, 55]",352.2276052378102,363.2470346555851,11.019429417774859
343,4,"[44, 150]",352.9197000702153,361.0117835044393,8.09208343422398
485,4,"[0, 145]",352.9197000702153,362.212050360775,9.292350290559682
2566,1,"[51, 91]",353.73760610371215,355.86359984725493,2.1259937435427787
1595,2,"[103, 53]",354.00212742797714,360.26108845650066,6.258961028523515
1402,0,[],354.2015198835408,354.2015198835408,0.0
1403,5,"[155, 146]",354.2015198835408,355.67408224434524,1.4725623608044316
434,3,"[18, 125]",354.7593280192663,362.27583324341276,7.516505224146442
1529,1,"[48, 3]",355.24923470476415,364.24965847581115,9.000423771046997
2570,5,"[155, 82]",355.67408224434524,357.4968174052354,1.8227351608901472
2812,1,"[51, 142]",355.86359984725493,364.37798938862227,8.514389541367336
435,3,"[65, 28]",356.35190829578613,364.84832151576194,8.496413219975807
1597,2,"[19, 110]",356.6044466044011,366.7429330312329,10.138486426831776
2598,0,[],357.4968174052354,357.4968174052354,0.0
2730,5,"[95, 10]",357.4968174052354,359.6016256646648,2.104808259429433
1613,1,"[45, 86]",358.57497236288674,365.0502163737404,6.4752440108536575
2602,5,"[155, 146]",359.08470042479354,360.1365307004236,1.0518302756300386
2732,5,"[105, 24]",359.6016256646648,362.71434836685677,3.1127227021919452
2599,5,"[155, 146]",360.1365307004236,361.5039100085874,1.3673793081638337
1546,2,"[103, 53]",360.26108845650066,368.9489004589095,8.687812002408862
2298,3,"[115, 153]",360.5515660427874,363.56706098003707,3.0154949372496844
2653,4,"[44, 150]",361.0117835044393,369.4759172921092,8.464133787669937
2600,5,"[155, 146]",361.5039100085874,362.87128931675124,1.3673793081638337
2306,4,"[40, 133]",361.7276534338223,371.84906475409235,10.121411320270056
346,4,"[145, 0]",362.212050360775,372.02644282486534,9.81439246409036
437,3,"[18, 125]",362.27583324341276,366.330789965634,4.05495672222122
2601,5,"[82, 72]",362.6126561605835,363.81992522437866,1.2072690637951382
2733,5,"[60, 105]",362.71434836685677,364.37579342123456,1.6614450543777934
2603,5,"[155, 146]",362.87128931675124,364.2386686249151,1.3673793081638337
1547,2,"[157, 126]",363.2470346555851,373.0575347044267,9.810500048841618
2650,3,"[115, 153]",363.56706098003707,372.8080941365421,9.241033156505011
2604,5,"[82, 72]",363.81992522437866,365.0271942881738,1.2072690637951382
1404,5,"[155, 146]",364.2386686249151,365.7112309857195,1.4725623608044316
1567,1,"[48, 3]",364.24965847581115,373.34791331524445,9.09825483943331
2734,5,"[60, 105]",364.37579342123456,364.96218580022116,0.5863923789866021
1599,1,"[51, 43]",364.37798938862227,375.7091100288019,11.33112064017962
438,3,"[65, 47]",364.84832151576194,369.30502516944364,4.4567036536817
1405,5,"[105, 82]",365.0271942881738,366.35941993687965,1.332225648705844
1406,5,"[72, 95]",365.0271942881738,366.37089291997427,1.3436986318004642
1600,1,"[45, 86]",365.0502163737404,373.90606473357496,8.855848359834567
1407,5,"[155, 146]",365.7112309857195,367.18379334652394,1.4725623608044316
436,3,"[18, 125]",366.330789965634,373.8472951897804,7.516505224146442
1408,5,"[82, 105]",366.35941993687965,367.6916455855855,1.332225648705844
1409,5,"[72, 95]",366.37089291997427,367.71459155177473,1.3436986318004642
1558,2,"[19, 110]",366.7429330312329,376.77796512230174,10.035032091068842
1410,5,"[155, 146]",367.18379334652394,368.6563557073284,1.4725623608044316
1411,5,"[82, 105]",367.6916455855855,369.02387123429133,1.332225648705844
1412,5,"[72, 95]",367.71459155177473,369.0582901835752,1.3436986318004642
1413,5,"[155, 146]",368.6563557073284,370.1289180681328,1.4725623608044316
1579,2,"[103, 53]",368.9489004589095,378.10379911853505,9.15489865962553
1414,5,"[82, 105]",369.02387123429133,370.3560968829972,1.332225648705844
1415,5,"[72, 95]",369.0582901835752,370.40198881537566,1.3436986318004642
439,3,"[65, 28]",369.30502516944364,373.8886164626996,4.5835912932559495
384,4,"[12, 116]",369.4759172921092,375.7109807337274,6.235063441618195
1416,5,"[155, 146]",370.1289180681328,371.60148042893724,1.4725623608044316
1417,5,"[82, 105]",370.3560968829972,371.688322531703,1.332225648705844
1418,5,"[72, 95]",370.40198881537566,371.7456874471761,1.3436986318004642
1419,5,"[155, 146]",371.60148042893724,373.07404278974167,1.4725623608044316
1420,5,"[82, 105]",371.688322531703,373.02054818040887,1.332225648705844
1421,5,"[72, 95]",371.7456874471761,373.0893860789766,1.3436986318004642
385,4,"[158, 123]",371.84906475409235,378.39884266124426,6.549777907151906
2683,4,"[76, 6]",372.02644282486534,378.79446068142585,6.768017856560505
2662,3,"[47, 118]",372.8080941365421,380.16693788073866,7.358843744196577
1423,5,"[82, 105]",373.02054818040887,374.3527738291147,1.332225648705844
1548,2,"[157, 126]",373.0575347044267,382.8680347532683,9.810500048841618
1422,5,"[155, 146]",373.07404278974167,374.6517882031867,1.5777454134450295
1424,5,"[72, 95]",373.0893860789766,376.35265433188306,3.263268252906471
1580,1,"[48, 3]",373.34791331524445,382.9353216306367,9.587408315392224
2427,3,"[115, 113]",373.8472951897804,383.3359863026439,9.488691112863478
2428,3,"[153, 100]",373.8886164626996,383.3307849210337,9.442168458334095
1605,1,"[45, 86]",373.90606473357496,381.8096713538172,7.903606620242215
1425,5,"[82, 105]",374.3527738291147,377.9688148918075,3.616041062692773
1524,5,"[155, 146]",374.6517882031867,380.96276985696676,6.310981653780061
1604,1,"[51, 35]",375.7091100288019,386.1179599841685,10.408849955366634
2432,4,"[44, 40]",375.7109807337274,385.4993501211303,9.788369387402895
2656,5,"[60, 24]",376.35265433188306,385.8222652229706,9.469610891087541
1585,2,"[19, 110]",376.77796512230174,386.9164515491335,10.138486426831776
2716,5,[77],377.9688148918075,385.2004464687797,7.231631576972234
1586,2,"[103, 53]",378.10379911853505,387.2586977781606,9.15489865962553
1719,4,"[116, 12]",378.39884266124426,387.06947725890325,8.670634597658989
2772,4,"[133, 150]",378.79446068142585,389.57886654720784,10.784405865781991
2152,3,"[18, 65]",380.16693788073866,392.0992948188345,11.932356938095836
2697,5,"[155, 146]",380.96276985696676,392.1121711798863,11.149401322919516
1606,1,"[45, 86]",381.8096713538172,387.2374490878679,5.427777734050721
1550,2,"[157, 126]",382.8680347532683,392.67853480210994,9.810500048841618
1587,1,"[48, 3]",382.9353216306367,392.5227299460289,9.587408315392224
2672,3,"[125, 47]",383.3307849210337,390.9245465582249,7.593761637191221
393,3,"[28, 118]",383.3359863026439,391.3689196673094,8.032933364665496
394,5,"[82, 72]",385.2004464687797,391.70112628150486,6.500679812725139
2370,4,"[158, 123]",385.4993501211303,392.6631696003285,7.163819479198196
2386,5,"[105, 95]",385.8222652229706,392.7122810805587,6.890015857588082
1607,1,"[51, 43]",386.1179599841685,396.23068058049995,10.112720596331428
1588,2,"[19, 110]",386.9164515491335,397.0549379759653,10.138486426831776
345,4,"[44, 40]",387.06947725890325,397.55701568414725,10.487538425243997
1572,1,"[45, 86]",387.2374490878679,397.0455391872948,9.80809009942692
344,2,"[144, 151]",387.2586977781606,397.64847623589753,10.389778457736952
2290,4,"[133, 150]",389.57886654720784,401.58414831074913,12.00528176354129
386,3,"[125, 47]",390.9245465582249,399.06858077021576,8.144034211990856
2665,3,"[28, 118]",391.3689196673094,399.8608779051101,8.491958237800702
399,0,[],391.70112628150486,391.70112628150486,0.0
406,5,"[82, 72]",391.70112628150486,394.1156644090952,2.4145381275903333
2227,0,[],392.0992948188345,392.0992948188345,0.0
2648,3,"[115, 113]",392.0992948188345,403.137159406762,11.037864587927515
2229,5,"[155, 146]",392.1121711798863,394.2158317311463,2.1036605512600204
1551,1,"[48, 3]",392.5227299460289,403.5775986892979,11.054868743268969
2649,4,"[145, 0]",392.6631696003285,404.56573075854163,11.902561158213132
1555,2,"[103, 53]",392.67853480210994,403.23469343338536,10.556158631275423
2230,5,"[77, 60]",392.7122810805587,394.6870812470116,1.9748001664528942
2228,5,"[82, 72]",394.1156644090952,396.80880327721746,2.6931388681222757
400,5,"[155, 146]",394.2158317311463,398.002420623104,3.786588891957706
401,5,"[105, 95]",394.6870812470116,398.23051787990215,3.5434366328905753
1610,1,"[51, 35]",396.23068058049995,404.63300481098304,8.402324230483089
404,5,"[82, 72]",396.80880327721746,400.1520099494828,3.343206672265353
1556,1,"[45, 86]",397.0455391872948,407.8058710263141,10.760331839019273
1560,2,"[110, 126]",397.0549379759653,409.4824745763599,12.427536600394603
1721,4,"[116, 12]",397.55701568414725,409.15033622651333,11.593320542366087
1611,2,"[19, 157]",397.64847623589753,408.88882908481366,11.240352848916132
411,5,"[155, 146]",398.002420623104,401.7890095150617,3.786588891957706
413,5,"[105, 95]",398.23051787990215,401.7739545127927,3.5434366328905753
417,3,[18],399.06858077021576,405.964813157974,6.896232387758232
418,3,[65],399.8608779051101,407.49721835487463,7.636340449764532
414,5,"[82, 72]",400.1520099494828,403.49521662174817,3.343206672265353
2802,4,"[158, 123]",401.58414831074913,413.2509396436176,11.666791332868456
415,5,"[105, 95]",401.7739545127927,405.3173911456833,3.5434366328905753
407,5,"[155, 146]",401.7890095150617,405.78596451230055,3.996954997238845
419,3,[125],403.137159406762,410.95595389407976,7.818794487317746
1564,2,"[103, 53]",403.23469343338536,416.5933720079606,13.358678574575265
409,5,"[82, 72]",403.49521662174817,407.0241570472309,3.5289404254827446
420,1,[142],403.5775986892979,410.21515947370307,6.637560784405196
421,4,[76],404.56573075854163,413.0676730065523,8.501942248010664
422,1,[51],404.63300481098304,414.3472462126354,9.714241401652373
402,5,"[105, 95]",405.3173911456833,409.25454306430504,3.937151918621737
405,5,"[155, 146]",405.78596451230055,409.9932856148206,4.207321102520041
423,3,[18],405.964813157974,412.94945868958837,6.984645531614376
410,5,"[82, 72]",407.0241570472309,410.738831225931,3.714674178700079
424,3,[65],407.49721835487463,415.2314605035317,7.734242148657074
1552,1,"[45, 86]",407.8058710263141,419.5184446049257,11.712573578611625
1557,2,"[19, 157]",408.88882908481366,421.12390340799425,12.235074323180584
1779,0,[],409.15033622651333,409.15033622651333,0.0
2296,4,"[44, 40]",409.15033622651333,422.8340766479899,13.683740421476557
1780,5,"[77, 60]",409.25454306430504,411.821783186528,2.5672401222229837
1559,2,"[110, 126]",409.4824745763599,423.009793158226,13.527318581866098
403,5,"[155, 146]",409.9932856148206,414.41097257184595,4.417686957025353
1598,1,"[48, 3]",410.21515947370307,422.2483351688899,12.033175695186856
408,5,"[82, 72]",410.738831225931,414.63923893643664,3.9004077105056467
2695,3,"[125, 47]",410.95595389407976,425.5932045936625,14.63725069958275
412,5,"[105, 95]",411.821783186528,418.51494163592304,6.693158449395014
2050,3,"[18, 28]",412.94945868958837,426.1551032834133,13.205644593824957
2706,4,[116],413.0676730065523,422.628961296004,9.561288289451682
2694,4,"[158, 123]",413.2509396436176,427.88559963203534,14.634659988417752
1601,1,"[51, 43]",414.3472462126354,429.33356698435966,14.986320771724252
1522,5,"[155, 146]",414.41097257184595,423.87744505251607,9.46647248067012
1523,5,"[82, 72]",414.63923893643664,422.9972558385119,8.358016902075235
2661,3,"[65, 118]",415.2314605035317,425.5768951442014,10.34543464066968
1569,2,"[103, 53]",416.5933720079606,426.21535732480277,9.621985316842142
2666,5,"[105, 95]",418.51494163592304,427.7672482692081,9.252306633285059
1619,1,"[45, 86]",419.5184446049257,431.23101818353734,11.712573578611625
1620,2,"[19, 157]",421.12390340799425,433.35897773117483,12.235074323180584
1621,1,"[48, 3]",422.2483351688899,434.2815108640768,12.033175695186856
2670,4,"[12, 116]",422.628961296004,431.7867102177808,9.157748921776829
2317,0,[],422.8340766479899,422.8340766479899,0.0
2671,4,"[76, 6]",422.8340766479899,432.6216713048937,9.78759465690382
2329,5,"[60, 10]",422.9972558385119,425.1905859135912,2.1933300750793023
1561,2,"[110, 126]",423.009793158226,435.4373297586206,12.427536600394603
2321,5,"[24, 108]",423.87744505251607,426.25272368668357,2.3752786341675005
2323,5,"[60, 10]",425.1905859135912,429.159469037028,3.9688831234367967
348,3,"[115, 113]",425.5768951442014,442.0368692033022,16.45997405910083
2700,3,[65],425.5932045936625,437.5372230625238,11.944018468861316
2669,3,"[18, 125]",426.1551032834133,438.41887474152657,12.26377145811324
1571,2,"[103, 53]",426.21535732480277,435.8373426416449,9.621985316842142
2325,5,"[24, 108]",426.25272368668357,432.0829530380571,5.830229351373532
2319,5,"[105, 95]",427.7672482692081,433.2792608614095,5.512012592201415
2691,4,[158],427.88559963203534,434.89881532755396,7.013215695518625
2327,5,"[60, 10]",429.159469037028,435.11279359767593,5.953324560647957
1622,1,"[51, 43]",429.33356698435966,444.3198877560839,14.986320771724252
1549,1,"[45, 86]",431.23101818353734,444.8480752413337,13.61705705779633
347,4,[44],431.7867102177808,445.11529092187584,13.328580704095032
2322,5,"[24, 108]",432.0829530380571,440.8282973225313,8.745344284474186
2690,4,"[116, 123]",432.6216713048937,456.8302602721757,24.20858896728197
2320,5,"[105, 95]",433.2792608614095,441.44885128028767,8.169590418878158
1553,2,"[19, 157]",433.35897773117483,447.58349500288426,14.22451727170943
1618,1,"[48, 3]",434.2815108640768,448.27130046309935,13.989789599022572
2647,4,"[40, 133]",434.89881532755396,462.5126667695882,27.613851442034218
2318,5,"[60, 10]",435.11279359767593,444.095003282905,8.982209685229066
1562,2,"[110, 126]",435.4373297586206,446.76508437754376,11.327754618923166
1573,2,"[103, 53]",435.8373426416449,442.6568084606358,6.819465818990864
2713,3,"[65, 47]",437.5372230625238,440.36342534156665,2.826202279042832
2703,3,[18],438.41887474152657,442.48588315319205,4.067008411665483
2658,3,"[153, 100]",440.36342534156665,465.1250306334124,24.76160529184574
2326,5,"[24, 108]",440.8282973225313,450.11347764852474,9.285180325993451
2328,5,"[105, 95]",441.44885128028767,449.9137282808005,8.464877000512843
2426,3,"[115, 113]",442.0368692033022,477.2805798425492,35.243710639246956
2120,3,"[18, 65]",442.48588315319205,477.3048909753296,34.819007822137564
1575,2,"[103, 53]",442.6568084606358,449.47627427962664,6.819465818990864
2330,5,"[60, 10]",444.095003282905,447.7505535740469,3.6555502911418785
1614,1,"[51, 35]",444.3198877560839,465.38840188744985,21.06851413136593
1615,1,"[45, 86]",444.8480752413337,460.8457357399824,15.997660498648713
349,0,[],445.11529092187584,445.11529092187584,0.0
359,4,"[44, 150]",445.11529092187584,451.5331504267007,6.417859504824833
1535,2,"[126, 110]",446.76508437754376,473.0498733151789,26.284788937635142
1536,2,"[19, 157]",447.58349500288426,471.35733785834805,23.773842855463784
360,5,"[60, 10]",447.7505535740469,455.8972092058325,8.14665563178562
27,1,"[48, 3]",448.27130046309935,497.2844772614059,49.013176798306574
1578,2,"[103, 53]",449.47627427962664,454.80106199371687,5.324787714090235
361,5,"[105, 95]",449.9137282808005,457.59117517919606,7.677446898395544
362,5,"[24, 108]",450.11347764852474,458.8588219329989,8.745344284474186
2705,4,"[158, 76]",451.5331504267007,462.5928734468991,11.059723020198419
543,2,"[103, 137]",454.80106199371687,482.7992540712619,27.998192077545013
351,5,"[60, 10]",455.8972092058325,465.6105287500783,9.713319544245792
2692,4,"[116, 123]",456.8302602721757,462.42468227168223,5.594421999506551
2324,5,"[105, 95]",457.59117517919606,468.02462813901974,10.433452959823683
350,5,"[24, 108]",458.8588219329989,469.3316409325414,10.472818999542483
1624,1,"[45, 86]",460.8457357399824,467.22575521362546,6.380019473643074
352,4,"[44, 150]",462.42468227168223,472.5630395452334,10.13835727355115
353,4,"[40, 133]",462.5126667695882,476.8146613230012,14.30199455341301
2707,4,[116],462.5928734468991,472.74324549260126,10.15037204570217
544,3,"[125, 47]",465.1250306334124,497.04083997179157,31.915809338379177
1623,1,"[51, 35]",465.38840188744985,472.5366478388763,7.148245951426475
365,5,"[60, 10]",465.6105287500783,468.3260802953207,2.7155515452424197
1627,1,"[45, 86]",467.22575521362546,472.6535329476762,5.427777734050721
370,5,"[105, 95]",468.02462813901974,470.58377679225487,2.559148653235127
371,5,"[60, 10]",468.3260802953207,471.0416318405631,2.7155515452424197
369,5,"[24, 108]",469.3316409325414,473.1104932231762,3.778852290634802
367,5,"[105, 95]",470.58377679225487,474.12721342514544,3.5434366328905753
364,5,"[60, 10]",471.0416318405631,475.5327366831777,4.491104842614561
545,2,"[92, 19]",471.35733785834805,501.4158193852687,30.058481526920673
546,1,"[51, 142]",472.5366478388763,503.401309926333,30.86466208745668
354,4,"[44, 145]",472.5630395452334,489.2838131796362,16.720773634402804
547,1,"[132, 43]",472.6535329476762,503.84467048472715,31.191137537050963
2708,4,"[116, 158]",472.74324549260126,481.858161375842,9.114915883240712
1630,0,[],473.0498733151789,473.0498733151789,0.0
1642,2,"[53, 126]",473.0498733151789,476.31648583389864,3.2666125187197395
366,5,"[108, 24]",473.1104932231762,478.4008865330305,5.290393309854267
368,5,"[105, 95]",474.12721342514544,479.44236860915385,5.315155184008404
372,5,"[60, 10]",475.5327366831777,481.27717285497204,5.744436171794348
1631,2,[53],476.31648583389864,481.66387684751305,5.347391013614413
2709,4,"[123, 76]",476.8146613230012,487.43172245284256,10.617061129841375
548,3,"[28, 115]",477.2805798425492,507.7404700670501,30.459890224500953
2436,0,[],477.2805798425492,477.2805798425492,0.0
2126,3,"[18, 65]",477.3048909753296,478.6741778351669,1.3692868598373025
2127,5,"[82, 155]",478.4008865330305,479.74395454029894,1.3430680072684709
2128,3,"[18, 65]",478.6741778351669,480.0434646950042,1.3692868598373025
2129,5,"[72, 77]",479.44236860915385,480.7783602610586,1.3359916519047488
2130,5,"[82, 155]",479.74395454029894,481.0870225475674,1.3430680072684709
549,3,"[18, 65]",480.0434646950042,508.4072644175243,28.36379972252007
2440,5,"[105, 95]",480.7783602610586,484.1249394857561,3.346579224697507
2441,5,"[108, 24]",481.0870225475674,484.75790773286394,3.6708851852965267
2442,5,"[60, 10]",481.27717285497204,484.82827895168714,3.5511060967151025
1643,2,"[53, 110]",481.66387684751305,492.5589242892876,10.895047441774523
2710,4,"[116, 158]",481.858161375842,487.2311643313032,5.3730029554612315
1632,2,"[103, 126, 157]",482.7992540712619,504.10099811759045,21.301744046328565
2444,5,"[105, 95]",484.1249394857561,487.4715187104536,3.346579224697507
2445,5,"[108, 24]",484.75790773286394,488.42879291816047,3.6708851852965267
2446,5,"[60, 10]",484.82827895168714,488.37938504840224,3.5511060967151025
355,4,"[40, 133]",487.2311643313032,510.55441782698875,23.32325349568555
2711,4,"[116, 158]",487.43172245284256,492.8047254083038,5.3730029554612315
363,5,"[105, 95]",487.4715187104536,493.7709618741174,6.2994431636637955
2437,5,"[60, 10]",488.37938504840224,497.25715004117535,8.877764992773109
2438,5,"[108, 24]",488.42879291816047,497.6060056239878,9.177212705827344
356,4,"[44, 145]",489.2838131796362,516.6356946885155,27.35188150887933
1644,2,"[53, 110, 144, 33, 8]",492.5589242892876,542.4341895108671,49.875265221579525
2712,4,"[116, 158]",492.8047254083038,498.0817819722853,5.277056563981489
2439,5,"[105, 95]",493.7709618741174,502.13740970118863,8.366447827071227
550,3,"[125, 47]",497.04083997179157,528.9566493101707,31.915809338379177
2443,5,"[60, 10]",497.25715004117535,506.13491503394846,8.877764992773109
31,0,[],497.2844772614059,497.2844772614059,0.0
551,1,"[48, 3]",497.2844772614059,525.6553788670237,28.370901605617803
91,5,[82],497.6060056239878,497.970253159878,0.364247535890172
92,5,[82],497.970253159878,498.33450069576816,0.364247535890172
2714,4,"[116, 158]",498.0817819722853,517.9427046814654,19.86092270918016
95,5,[82],498.33450069576816,498.6987482316583,0.364247535890172
96,5,[82],498.6987482316583,499.0629957675485,0.364247535890172
100,5,[82],499.0629957675485,499.5160841613305,0.4530883937820249
98,5,[82],499.5160841613305,499.9869407108049,0.4708565494743766
46,5,[82],499.9869407108049,500.6088267425244,0.6218860317194981
99,5,"[82, 72]",500.6088267425244,501.797522453139,1.1886957106145815
1645,2,"[19, 27]",501.4158193852687,546.7813852839596,45.365565898690875
97,5,[82],501.797522453139,502.8458445921486,1.0483221390095991
101,5,[72],502.13740970118863,503.5918133763765,1.454403675187848
118,5,"[82, 155]",502.8458445921486,505.0523134530638,2.2064688609152086
2121,1,"[51, 142]",503.401309926333,541.2903417614268,37.88903183509382
34,5,"[105, 108, 95]",503.5918133763765,504.1500304880185,0.5582171116420227
2336,1,"[45, 91]",503.84467048472715,550.9645639088151,47.119893424087934
1637,2,"[103, 126, 157]",504.10099811759045,509.00875276596884,4.907754648378386
120,5,[72],504.1500304880185,505.7270947040588,1.5770642160402986
121,5,[82],505.0523134530638,506.6514489480701,1.5991354950062941
35,5,"[105, 108, 95]",505.7270947040588,506.2853118157008,0.5582171116420227
102,5,"[72, 155, 77, 146, 60]",506.13491503394846,507.9154212734363,1.7805062394878632
32,5,"[10, 105, 108]",506.2853118157008,507.09504320562917,0.8097313899283449
33,5,"[95, 24, 10]",507.09504320562917,508.0564492958933,0.9614060902641199
113,5,[82],507.09504320562917,508.8718604693724,1.7768172637432258
2346,3,"[28, 118]",507.7404700670501,564.4300301344443,56.68956006739421
140,5,"[155, 77, 146, 60, 105]",507.9154212734363,510.0320450562633,2.1166237828269914
114,5,[72],508.0564492958933,509.80874291569137,1.7522936197980812
2348,3,"[18, 65]",508.4072644175243,556.7235316441523,48.31626722662804
115,5,[82],508.8718604693724,510.6486777331156,1.7768172637432258
1638,2,"[103, 126, 157]",509.00875276596884,516.1093344466883,7.100581680719472
116,5,[72],509.80874291569137,511.56103653548945,1.7522936197980812
117,5,[155],510.0320450562633,511.903134414223,1.871089357959704
357,4,"[40, 133]",510.55441782698875,541.5787453129736,31.024327485984884
119,5,[82],510.6486777331156,512.4254949968589,1.7768172637432826
36,5,"[60, 10, 105, 108, 95]",511.56103653548945,512.1757529513166,0.6147164158271039
37,5,"[24, 60, 10, 105, 108]",512.1757529513166,512.7832616222831,0.6075086709665811
90,5,[72],512.1757529513166,514.2434593307668,2.0677063794502146
93,5,[82],512.4254949968589,514.5221392748781,2.0966442780191983
94,5,[155],512.7832616222831,514.991146966533,2.2078853442499167
122,5,"[77, 146]",514.2434593307668,516.5622700275038,2.318810696737046
125,5,[60],514.5221392748781,516.2085411958875,1.6864019210094057
126,5,[155],514.991146966533,516.6751273440865,1.6839803775534392
1636,2,"[103, 126, 157]",516.1093344466883,524.6195897946301,8.51025534794178
127,5,[60],516.2085411958875,517.8949431168969,1.6864019210094057
128,5,[77],516.5622700275038,518.2527813023296,1.6905112748257807
358,4,"[44, 145]",516.6356946885155,555.0315442356152,38.395849547099715
83,5,"[82, 72]",516.6751273440865,518.1609970377077,1.4858696936212255
131,5,[155],517.8949431168969,519.5789234944504,1.6839803775534392
2347,4,"[12, 116]",517.9427046814654,566.5567157149818,48.61401103351636
85,5,[82],518.1609970377077,519.0049852273951,0.8439881896873658
132,5,[77],518.2527813023296,519.9432925771554,1.6905112748257807
133,5,[146],519.0049852273951,520.9350159860471,1.9300307586520375
134,5,[155],519.5789234944504,521.2629038720038,1.6839803775534392
135,5,[77],519.9432925771554,521.6338038519812,1.6905112748257807
136,5,[146],520.9350159860471,522.8650467446992,1.9300307586520375
137,5,[155],521.2629038720038,522.9468842495572,1.6839803775534392
138,5,[77],521.6338038519812,523.3243151268069,1.6905112748257807
139,5,[146],522.8650467446992,524.7950775033512,1.9300307586520375
141,5,[155],522.9468842495572,524.6308646271107,1.6839803775534392
142,5,[77],523.3243151268069,525.0148264016327,1.6905112748257807
1633,2,"[103, 126, 157, 5, 120]",524.6195897946301,539.8321438836028,15.212554088972752
143,5,[155],524.6308646271107,526.3148450046641,1.6839803775534392
144,5,[146],524.7950775033512,526.7251082620032,1.9300307586520375
145,5,[77],525.0148264016327,526.7053376764585,1.6905112748257807
2349,1,"[86, 1]",525.6553788670237,576.5407667616544,50.88538789463064
38,5,[60],526.3148450046641,526.7832899951318,0.46844499046767396
39,5,[10],526.7053376764585,527.232586302121,0.527248625662537
67,5,[105],526.7251082620032,527.1851931064286,0.46008484442540976
68,5,[60],526.7832899951318,527.2517349855995,0.46844499046767396
69,5,[105],527.1851931064286,527.645277950854,0.46008484442540976
70,5,[10],527.232586302121,527.7598349277836,0.527248625662537
65,5,[60],527.2517349855995,527.813868996498,0.5621340108984896
66,5,[105],527.645277950854,528.197379786103,0.5521018352490046
107,5,[10],527.7598349277836,528.3925333037198,0.6326983759362292
108,5,[60],527.813868996498,528.3760030073964,0.5621340108984896
61,5,"[155, 77, 146]",528.197379786103,533.1841413780388,4.98676159193576
111,5,"[82, 72]",528.3760030073964,530.0476063435291,1.671603336132648
63,5,[60],528.3925333037198,529.1888898098522,0.7963565061323834
553,0,[],528.9566493101707,528.9566493101707,0.0
564,3,"[125, 47]",528.9566493101707,536.3303016025736,7.3736522924028804
64,5,[105],529.1888898098522,529.9710340673139,0.7821442574617095
71,5,[105],529.9710340673139,530.7531783247756,0.7821442574617095
104,5,[60],530.0476063435291,530.9844963244645,0.9368899809354616
106,5,[105],530.7531783247756,531.6733480136263,0.9201696888507058
123,5,[60],530.9844963244645,533.045654327197,2.0611580027324408
124,5,[105],531.6733480136263,533.697721372975,2.024373359348715
129,5,[60],533.045654327197,535.1068123299294,2.0611580027324408
40,5,[95],533.1841413780388,534.2296564366865,1.045515058647652
130,5,[155],533.697721372975,535.7559197113409,2.0581983383658553
146,5,[77],534.2296564366865,536.295836983214,2.066180546527562
147,5,[146],535.1068123299294,537.465738926345,2.3589265964155857
148,5,[155],535.7559197113409,537.8141180497067,2.0581983383658553
149,5,[77],536.295836983214,538.3620175297416,2.066180546527562
554,3,"[125, 47]",536.3303016025736,546.1251530141826,9.794851411608988
87,5,"[82, 72]",537.465738926345,540.4374783135875,2.971739387242451
86,5,[155],537.8141180497067,538.6186865427753,0.8045684930685866
42,5,[105],538.3620175297416,539.650255072194,1.288237542452407
44,5,[60],538.6186865427753,539.9303324937478,1.3116459509724336
41,5,[105],539.650255072194,541.0305096054701,1.3802545332761156
1641,2,"[103, 126, 157]",539.8321438836028,549.2299723150707,9.397828431467815
43,5,[60],539.9303324937478,541.3356674651509,1.4053349714031356
109,5,[95],540.4374783135875,541.8631806353876,1.425702321800145
45,5,[105],541.0305096054701,542.5027811295698,1.4722715240997104
2351,1,"[142, 51]",541.2903417614268,595.2502862918379,53.95994453041112
88,5,[82],541.3356674651509,542.2240760970225,0.8884086318715845
566,4,"[158, 76]",541.5787453129736,554.8923450956919,13.313599782718256
89,5,[72],541.8631806353876,542.7393274452867,0.876146809899069
112,5,[82],542.2240760970225,543.1124847288941,0.8884086318715845
1634,2,"[53, 110, 33]",542.4341895108671,556.467487033639,14.033297522771932
72,5,[155],542.5027811295698,543.5786574880915,1.0758763585216684
73,5,[72],542.7393274452867,543.7468962557816,1.007568810494945
103,5,[105],543.1124847288941,544.5847562529938,1.4722715240997104
74,5,[82],543.5786574880915,544.6003273935626,1.0216699054710716
75,5,[72],543.7468962557816,544.7544650662766,1.007568810494945
47,5,"[155, 146]",544.5847562529938,545.4262204860365,0.8414642330427569
76,5,[82],544.6003273935626,545.93294034137,1.3326129478074336
158,5,"[72, 105]",544.7544650662766,545.8882993954766,1.133834329199999
159,5,"[155, 146]",545.4262204860365,546.6884168669477,1.2621963809111776
160,5,"[72, 82]",545.93294034137,547.0473426392624,1.1144022978924113
161,5,"[105, 95]",545.93294034137,547.1140859638911,1.1811456225210577
567,3,"[125, 47]",546.1251530141826,560.1020762041811,13.976923189998502
162,5,"[155, 146]",546.6884168669477,547.9506132478589,1.2621963809111776
1635,2,"[19, 8, 27]",546.7813852839596,562.232753944923,15.451368660963453
77,5,[82],547.0473426392624,548.4687964714383,1.421453832175871
78,5,[72],547.1140859638911,548.5159208806185,1.4018349167274664
79,5,[155],547.9506132478589,549.4474847565317,1.4968715086728253
163,5,"[82, 146]",548.4687964714383,549.6962146068096,1.2274181353712947
80,5,[72],548.5159208806185,549.917755797346,1.4018349167274664
1639,2,"[103, 126, 157]",549.2299723150707,564.9974414109172,15.767469095846536
81,5,[155],549.4474847565317,550.9443562652045,1.4968715086728253
82,5,[82],549.6962146068096,551.1176684389854,1.421453832175871
110,5,[72],549.917755797346,551.9328934183359,2.01513762098989
53,5,[155],550.9443562652045,551.4121286046944,0.4677723394898976
2339,1,"[91, 45]",550.9645639088151,599.8544417173763,48.88987780856121
84,5,"[82, 77]",551.1176684389854,552.0307541865244,0.9130857475389575
150,5,"[155, 146]",551.4121286046944,553.9365213665168,2.524392761822355
151,5,"[72, 82]",552.0307541865244,554.2595587823092,2.2288045957848226
152,5,"[105, 95]",552.0307541865244,554.3930454315665,2.3622912450421154
153,5,"[155, 146]",553.9365213665168,556.4609141283391,2.524392761822355
154,5,"[82, 72]",554.2595587823092,556.488363378094,2.2288045957848226
155,5,"[105, 95]",554.3930454315665,556.7553366766086,2.3622912450421154
568,4,"[158, 123]",554.8923450956919,567.8895602413243,12.997215145632367
569,4,"[76, 44]",555.0315442356152,568.0717342230598,13.040189987444592
156,5,"[155, 146]",556.4609141283391,558.9853068901615,2.524392761822355
1640,2,"[53, 110, 33]",556.467487033639,589.5816332028141,33.114146169175115
157,5,"[82, 72]",556.488363378094,558.7171679738789,2.2288045957848226
570,3,"[18, 65]",556.7235316441523,569.1449196119468,12.42138796779443
48,5,[105],556.7553366766086,557.4914724386584,0.7361357620497984
49,5,[105],557.4914724386584,558.2276082007082,0.7361357620497984
50,5,[82],558.7171679738789,559.4278948899669,0.7107269160879923
51,5,[72],558.7171679738789,559.4180854322426,0.7009174583637332
54,5,[155],558.9853068901615,559.733742644498,0.7484357543364695
52,5,[72],559.4180854322426,560.2942322421417,0.876146809899069
57,5,"[146, 77]",559.4278948899669,565.9627246926426,6.534829802675745
55,5,[155],559.733742644498,563.6630301177723,3.9292874732743712
555,3,"[125, 47]",560.1020762041811,579.031453616938,18.929377412756935
56,5,[60],560.2942322421417,564.229169983373,3.9349377412313515
2342,2,"[55, 151]",562.232753944923,610.3502817204462,48.11752777552317
58,5,[155],563.6630301177723,568.5278622700265,4.864832152254166
59,5,[60],564.229169983373,569.5694426960075,5.340272712634487
556,3,"[28, 115]",564.4300301344443,582.4958968620467,18.065866727602383
60,5,[146],565.9627246926426,572.0744887191006,6.11176402645799
565,4,"[12, 116]",566.5567157149818,595.7835751620528,29.22685944707098
557,4,"[158, 123]",567.8895602413243,611.3841785078847,43.49461826656045
558,4,"[76, 44]",568.0717342230598,611.7101659387895,43.638431715729666
105,5,[105],568.5278622700265,574.1408972842617,5.613035014235152
559,3,"[18, 65]",569.1449196119468,610.7125571363296,41.5676375243828
647,5,"[82, 72]",569.5694426960075,615.4921029387053,45.922660242697816
62,5,"[155, 146]",572.0744887191006,578.7010196561904,6.626530937089797
646,5,"[105, 95]",574.1408972842617,623.5029409658861,49.362043681624414
164,0,[],578.7010196561904,578.7010196561904,0.0
190,5,"[155, 146]",578.7010196561904,579.1533067135815,0.45228705739111774
192,0,[],578.7010196561904,578.7010196561904,0.0
560,3,"[125, 47]",579.031453616938,625.8046224749075,46.773168857969495
181,5,"[155, 146]",579.1533067135815,579.8264780749382,0.6731713613567081
182,5,"[155, 146]",579.8264780749382,580.8362351169732,1.0097570420349484
183,5,"[155, 146]",580.8362351169732,581.8459921590081,1.0097570420349484
208,5,"[155, 146]",581.8459921590081,582.5822733394103,0.7362811804022158
561,3,"[28, 115]",582.4958968620467,627.135391156574,44.63949429452725
165,5,"[155, 146]",582.5822733394103,583.5289205623998,0.9466472229894407
170,5,"[155, 146]",583.5289205623998,584.5702325453045,1.0413119829047446
171,5,"[155, 146]",584.5702325453045,585.6115445282093,1.0413119829047446
191,5,"[155, 146]",585.6115445282093,586.6844113892898,1.0728668610805698
178,5,"[155, 146]",586.6844113892898,587.9360894774758,1.2516780881859404
179,5,"[155, 146]",587.9360894774758,589.1877675656617,1.2516780881859404
180,5,"[155, 146]",589.1877675656617,590.4394456538477,1.2516780881859404
184,5,"[155, 146]",590.4394456538477,592.9743567083952,2.5349110545475924
167,5,"[155, 146]",592.9743567083952,594.3206994311086,1.3463427227133025
168,5,"[155, 146]",594.3206994311086,595.267346654098,0.9466472229894407
173,5,"[155, 146]",595.267346654098,597.1080496364505,1.840702982352468
562,4,"[12, 116]",595.7835751620528,637.18829271207,41.40471755001727
176,5,"[155, 146]",597.1080496364505,598.0021053958136,0.8940557593631411
222,5,"[155, 146]",598.0021053958136,599.474667756618,1.4725623608044316
223,5,"[155, 146]",599.474667756618,600.9472301174225,1.4725623608044316
185,5,"[155, 146]",600.9472301174225,604.2289404570157,3.2817103395932463
186,5,"[155, 146]",604.2289404570157,607.510650796609,3.2817103395932463
175,5,"[155, 146]",607.510650796609,609.3513537789614,1.840702982352468
188,5,"[155, 146]",609.3513537789614,611.276203228504,1.9248494495425348
2396,0,[],610.3502817204462,610.3502817204462,0.0
563,3,"[18, 65]",610.7125571363296,652.2801946607124,41.5676375243828
2401,5,"[155, 146]",611.276203228504,612.6751375402315,1.398934311727544
189,5,"[155, 146]",612.6751375402315,614.7367249205905,2.061587380359015
2397,5,"[155, 146]",614.7367249205905,616.3565435049366,1.619818584346035
215,5,"[10, 60]",615.4921029387053,616.1187687278025,0.6266657890971601
216,5,"[10, 60]",616.1187687278025,616.7454345168996,0.6266657890971601
218,5,"[82, 72]",616.3565435049366,618.5853481007214,2.2288045957848226
217,5,"[155, 146]",616.7454345168996,617.7972647925296,1.0518302756299818
219,5,"[155, 146]",617.7972647925296,620.321657554352,2.524392761822355
220,5,"[82, 72]",618.5853481007214,620.8141526965062,2.2288045957848226
221,5,"[155, 146]",620.321657554352,622.8460503161743,2.524392761822355
196,5,"[10, 60]",620.8141526965062,621.5452627422839,0.7311100457776547
197,5,"[10, 60]",621.5452627422839,622.2763727880615,0.7311100457776547
198,5,"[10, 60]",622.2763727880615,623.0074828338392,0.7311100457776547
199,5,"[108, 24]",622.8460503161743,623.6018207614306,0.755770445256303
212,5,"[10, 60]",623.0074828338392,623.7385928796168,0.7311100457776547
213,5,"[105, 95]",623.5029409658861,624.1919425399112,0.6890015740251556
207,5,"[108, 24]",623.6018207614306,624.6814928444692,1.0796720830385311
193,5,"[10, 60]",623.7385928796168,624.8874801388771,1.1488872592602775
214,5,"[82, 72]",624.1919425399112,625.1206110845862,0.9286685446750198
194,5,"[105, 95]",624.6814928444692,625.7642096455575,1.0827168010882815
195,5,"[10, 60]",624.8874801388771,626.0363673981374,1.1488872592602775
209,5,"[82, 72]",625.1206110845862,627.6280161994912,2.507405114904941
201,5,"[105, 95]",625.7642096455575,627.043783972175,1.279574326617535
202,5,"[10, 60]",626.0363673981374,627.3941431707585,1.357775772621153
203,5,"[105, 95]",627.043783972175,628.3233582987925,1.279574326617535
204,5,"[10, 60]",627.3941431707585,628.7519189433797,1.357775772621153
205,5,"[108, 24]",627.6280161994912,629.0315898559585,1.4035736564673016
169,5,"[82, 72]",628.3233582987925,632.3723532775663,4.048994978773749
2399,5,"[10, 60]",628.7519189433797,629.5874733080914,0.8355543647116974
224,5,"[155, 146]",629.0315898559585,632.0818977555958,3.050307899637346
166,5,"[77, 10]",629.5874733080914,634.1471138253746,4.559640517283242
206,5,"[60, 105]",632.0818977555958,633.6456107273916,1.5637129717957805
174,5,"[82, 72]",632.3723532775663,633.3474552051927,0.9751019276263833
177,5,"[82, 72]",633.3474552051927,634.1368234903076,0.7893682851149606
2398,5,"[60, 105]",633.6456107273916,634.769529385821,1.1239186584293748
200,5,"[95, 108]",634.1368234903076,636.1411260614027,2.0043025710950815
172,5,"[82, 72]",634.1471138253746,635.122215753001,0.9751019276263833
2400,5,"[155, 146]",634.769529385821,635.9580975922673,1.188568206446348
187,5,"[82, 72]",635.122215753001,642.8673115572942,7.745095804293214
210,5,"[155, 77]",635.9580975922673,650.5611067601188,14.603009167851496
211,5,"[146, 10]",636.1411260614027,652.7061320442579,16.565005982855155
226,5,"[60, 105]",642.8673115572942,660.5568146599576,17.689503102663366
225,5,"[155, 77]",650.5611067601188,686.2792781253037,35.718171365184844
610,5,"[82, 72]",652.7061320442579,699.8360606865153,47.12992864225748
612,5,"[146, 105]",660.5568146599576,713.4650889057066,52.908274245749
227,0,[],686.2792781253037,686.2792781253037,0.0
240,0,[],686.2792781253037,686.2792781253037,0.0
241,5,[155],686.2792781253037,687.8697041241796,1.5904259988759577
228,5,"[10, 60]",687.8697041241796,688.8097027455718,0.939998621392192
229,5,"[10, 60]",688.8097027455718,689.749701366964,0.939998621392192
230,5,"[10, 60]",689.749701366964,690.6896999883562,0.939998621392192
231,5,"[10, 60]",690.6896999883562,691.6296986097484,0.939998621392192
236,5,"[10, 60]",691.6296986097484,692.5696972311406,0.939998621392192
237,5,"[10, 60]",692.5696972311406,693.5096958525328,0.939998621392192
238,5,"[10, 60]",693.5096958525328,694.449694473925,0.939998621392192
239,5,"[10, 60]",694.449694473925,695.3896930953172,0.939998621392192
246,5,"[10, 60]",695.3896930953172,696.6430246735116,1.2533315781944339
281,5,"[155, 77]",696.6430246735116,698.4190662591234,1.7760415856117788
282,5,"[155, 77]",698.4190662591234,700.1951078447352,1.7760415856117788
283,5,"[60, 155]",700.1951078447352,701.9689923493345,1.773884504599323
284,5,"[77, 108]",700.1951078447352,702.1860855202195,1.9909776754843733
285,5,"[155, 60]",701.9689923493345,703.7428768539338,1.773884504599323
286,5,"[77, 108]",702.1860855202195,704.1770631957039,1.9909776754843733
287,5,"[155, 60]",703.7428768539338,705.5167613585331,1.773884504599323
249,5,"[10, 95]",704.1770631957039,705.9661502664014,1.7890870706975193
250,5,"[60, 108]",705.5167613585331,708.1677846033846,2.6510232448514444
251,5,"[10, 95]",705.9661502664014,708.8076414668137,2.8414912004122925
260,5,[60],708.1677846033846,708.8704520890861,0.7026674857015678
271,5,"[82, 72]",708.8076414668137,709.64344313488,0.835801668066324
259,5,"[10, 60]",708.8704520890861,711.5860036343286,2.7155515452424197
272,5,"[82, 72]",709.64344313488,710.4792448029464,0.835801668066324
280,5,"[82, 72]",710.4792448029464,711.5936471008388,1.1144022978924113
261,5,[10],711.5860036343286,713.3259240738737,1.7399204395451306
232,5,"[60, 108]",711.5936471008388,716.1224781921582,4.5288310913193754
233,5,"[10, 95]",713.3259240738737,717.6407809053389,4.314856831465249
234,5,"[105, 24]",713.4650889057066,717.3919082232865,3.9268193175798842
657,0,[],713.4650889057066,713.4650889057066,0.0
235,5,"[60, 108]",716.1224781921582,720.6513092834775,4.5288310913193754
262,5,[105],717.3919082232865,719.1402306101643,1.7483223868778168
263,5,[10],717.6407809053389,719.6443256577153,2.0035447523763423
273,5,"[82, 72]",719.1402306101643,722.669171035647,3.5289404254826877
274,5,"[155, 77]",719.6443256577153,723.3937468351724,3.749421177457066
244,5,[10],720.6513092834775,723.0766529112427,2.425343627765187
275,5,"[82, 72]",722.669171035647,723.5049727037133,0.835801668066324
245,5,[10],723.0766529112427,725.5019965390079,2.425343627765187
276,5,"[155, 77]",723.3937468351724,724.2817676279782,0.8880207928058326
277,5,"[82, 72]",723.5049727037133,727.033913129196,3.5289404254826877
278,5,[60],724.2817676279782,727.4671936525075,3.1854260245293062
279,5,[10],725.5019965390079,729.0872872940776,3.58529075506965
658,5,"[82, 72]",727.033913129196,729.2627177249808,2.2288045957848226
659,5,"[155, 146]",727.4671936525075,729.9915864143298,2.524392761822355
660,5,"[82, 72]",729.2627177249808,731.4915223207656,2.2288045957848226
661,5,"[105, 95]",729.2627177249808,731.6250089700229,2.3622912450421154
662,5,"[155, 146]",729.9915864143298,732.5159791761522,2.524392761822355
663,5,"[82, 72]",731.4915223207656,733.7203269165504,2.2288045957848226
265,5,[77],731.6250089700229,735.1938661555254,3.568857185502452
266,5,[155],732.5159791761522,736.0710489116653,3.5550697355131433
664,0,[],733.7203269165504,733.7203269165504,0.0
665,5,"[82, 72]",733.7203269165504,735.9491315123353,2.2288045957848226
666,5,"[146, 82]",735.9491315123353,738.4039677830777,2.454836270742476
667,5,"[72, 155]",736.0710489116653,738.3570415226834,2.2859926110180595
668,5,"[105, 95]",736.0710489116653,738.4333401567075,2.3622912450421154
669,5,"[72, 155]",738.3570415226834,740.6430341337015,2.2859926110180595
671,5,"[82, 146]",738.4039677830777,740.8588040538202,2.454836270742476
672,5,"[105, 95]",738.4333401567075,740.7956314017496,2.3622912450421154
267,5,[72],740.6430341337015,743.9723919695399,3.3293578358384366
268,5,[155],740.7956314017496,744.3507011372627,3.5550697355131433
269,5,[82],740.8588040538202,744.2347568125698,3.375952758749577
270,5,[72],743.9723919695399,747.3017498053783,3.3293578358384366
264,5,[82],744.2347568125698,747.6995507734075,3.46479396083771
243,5,"[155, 146]",744.3507011372627,753.5016243346231,9.150923197360385
252,5,[72],747.3017498053783,749.3168874263682,2.01513762098989
254,5,[82],747.6995507734075,750.6312992162212,2.9317484428137277
255,5,[72],749.3168874263682,752.4710158584488,3.154128432080597
256,5,[77],750.6312992162212,756.8298406318878,6.198541415666568
257,5,[60],752.4710158584488,758.654489643274,6.183473784825196
258,5,[155],753.5016243346231,759.6762191266696,6.174594792046491
253,5,[82],756.8298406318878,760.1169526121754,3.287111980287591
247,5,[10],758.654489643274,766.2468696516846,7.592380008410601
248,5,[60],759.6762191266696,766.4218268107073,6.745607684037736
288,5,[82],760.1169526121754,763.6705871396618,3.5536345274864516
289,5,[82],763.6705871396618,767.2242216671483,3.5536345274864516
242,5,[72],766.2468696516846,774.5702643457254,8.323394694040758
670,5,"[155, 146]",766.4218268107073,773.5216811712099,7.099854360502604
673,0,[],773.5216811712099,773.5216811712099,0.0
686,5,"[82, 155]",773.5216811712099,774.0972817784283,0.5756006072183482
682,5,"[146, 82]",774.0972817784283,775.0689877514584,0.9717059730301116
290,0,[],774.5702643457254,774.5702643457254,0.0
291,0,[],774.5702643457254,774.5702643457254,0.0
684,5,"[155, 72]",774.5702643457254,775.475136373609,0.9048720278835845
292,5,"[77, 82]",775.0689877514584,776.0301306556654,0.9611429042070085
294,5,"[155, 10]",775.475136373609,776.7275143207476,1.2523779471385978
295,5,"[146, 72]",775.475136373609,776.4902156880318,1.0150793144227919
300,5,"[82, 77]",776.0301306556654,777.7601878374071,1.7300571817416994
301,5,"[72, 146]",776.4902156880318,778.31735840559,1.8271427175582176
293,5,"[155, 10]",776.7275143207476,778.9191755416211,2.191661220873584
296,5,"[82, 77]",777.7601878374071,779.9708164712523,2.2106286338452037
297,5,"[72, 146]",778.31735840559,780.6520407803596,2.3346823747696135
298,5,"[155, 10]",778.9191755416211,781.3195664618221,2.400390920200948
299,5,"[82, 77]",779.9708164712523,782.1814451050975,2.2106286338452037
676,5,"[72, 146]",780.6520407803596,781.7686280504261,1.116587270066475
677,5,"[155, 72]",781.7686280504261,782.816374644885,1.0477465944588857
302,0,[],782.1814451050975,782.1814451050975,0.0
304,5,"[77, 10]",782.1814451050975,788.037863839049,5.8564187339515
678,5,"[146, 82]",782.1814451050975,783.6134328484086,1.4319877433110832
693,5,"[72, 155]",782.816374644885,784.1498702589478,1.3334956140628265
691,5,"[82, 146]",783.6134328484086,785.2499903215926,1.6365574731839843
687,5,"[72, 155]",784.1498702589478,785.7691150061611,1.6192447472133153
679,5,"[82, 146]",785.2499903215926,787.1934022676529,1.943411946060337
680,5,"[72, 155]",785.7691150061611,787.5788590619283,1.809744055767169
685,5,"[82, 146]",787.1934022676529,789.341383821653,2.1479815540001255
674,5,"[72, 155]",787.5788590619283,789.6267274520941,2.0478683901658314
675,5,"[105, 82]",789.341383821653,791.387301907758,2.0459180861049617
681,5,"[155, 95]",789.6267274520941,792.2570545149831,2.630327062889023
683,5,"[146, 72]",789.6267274520941,792.2151796554695,2.5884522033753683
303,5,"[82, 77]",791.387301907758,800.9026162927605,9.515314385002512
305,5,"[72, 146]",792.2151796554695,807.1368453838735,14.921665728404037
306,5,"[155, 10]",792.2570545149831,807.5986835587489,15.341629043765806
307,5,"[82, 77]",800.9026162927605,815.0314168012801,14.12880050851959
308,5,"[72, 146]",807.1368453838735,822.0585111122775,14.921665728404037
688,5,"[155, 105]",807.5986835587489,856.6740761288871,49.075392570138206
689,5,"[82, 95]",815.0314168012801,863.6094781784099,48.57806137712976
309,0,[],822.0585111122775,822.0585111122775,0.0
315,5,"[72, 146]",822.0585111122775,823.0735904267003,1.0150793144227919
313,5,"[72, 77]",823.0735904267003,827.7495613790054,4.675970952305079
312,5,"[72, 77]",827.7495613790054,833.1889558723783,5.439394493372902
314,5,"[72, 77]",833.1889558723783,838.8192065922952,5.630250719916944
310,5,"[72, 77]",838.8192065922952,863.8213372317826,25.002130639487405
311,5,"[155, 146]",856.6740761288871,884.2320301528763,27.55795402398917
690,5,"[105, 95]",863.8213372317826,914.3645234851851,50.543186253402496
692,5,"[82, 72]",863.8213372317826,910.4869316017026,46.66559436991997
711,0,[],914.3645234851851,914.3645234851851,0.0
712,5,"[77, 10]",914.3645234851851,915.975038624555,1.6105151393699089
713,5,"[82, 72]",914.3645234851851,915.4139189362397,1.049395451054579
714,5,"[155, 146]",914.3645234851851,915.7634577969127,1.398934311727544
715,0,[],915.975038624555,915.975038624555,0.0
716,0,[],915.975038624555,915.975038624555,0.0
717,5,[82],915.975038624555,916.5080838248593,0.5330452003042865
759,5,"[72, 155]",915.975038624555,916.8322857969135,0.857247172358484
813,5,"[77, 146]",915.975038624555,916.9236429548031,0.9486043302480311
718,5,"[82, 72]",916.8322857969135,917.5752206437242,0.7429348468106127
853,5,"[155, 10]",916.8322857969135,917.7715691950611,0.9392833981476088
855,5,"[77, 146]",916.9236429548031,917.8722472850511,0.9486043302480311
737,5,"[82, 72]",917.5752206437242,918.5038891883992,0.9286685446750198
782,5,"[155, 10]",917.7715691950611,918.8152174428724,1.0436482478112339
832,5,"[77, 146]",917.8722472850511,918.9262521243594,1.054004839308277
726,5,"[82, 72]",918.5038891883992,919.5254246096829,1.0215354212837156
736,5,"[155, 10]",918.8152174428724,919.9632305403474,1.1480130974749727
756,5,"[77, 146]",918.9262521243594,920.0856574727279,1.159405348368523
727,5,"[82, 72]",919.5254246096829,920.4540931543579,0.9286685446750198
790,5,"[77, 146]",920.0856574727279,921.2450628210964,1.159405348368523
776,5,"[155, 82]",920.4540931543579,921.5093609151979,1.0552677608400245
808,5,"[72, 10]",920.4540931543579,921.5622958635652,1.1082027092072622
791,5,"[77, 146]",921.2450628210964,922.404468169465,1.159405348368523
777,5,"[82, 155]",921.5093609151979,922.8524289224664,1.3430680072684709
778,5,"[72, 10]",921.5622958635652,922.9727356206935,1.4104397571283016
792,5,"[77, 146]",922.404468169465,923.9854754284273,1.5810072589623587
779,5,"[82, 155]",922.8524289224664,924.1954969297349,1.3430680072684709
825,5,"[72, 10]",922.9727356206935,924.0809383299007,1.1082027092072622
738,5,"[77, 146]",923.9854754284273,925.2502812858561,1.2648058574287688
739,5,"[72, 82]",924.1954969297349,925.3098992276273,1.1144022978924113
757,5,"[155, 10]",924.1954969297349,925.4478748768735,1.2523779471385978
773,5,"[77, 146]",925.2502812858561,926.5150871432849,1.2648058574287688
783,5,"[82, 72]",925.3098992276273,926.4243015255197,1.1144022978924113
784,5,"[155, 10]",925.4478748768735,926.7002528240121,1.2523779471385978
786,5,"[82, 72]",926.4243015255197,927.5387038234121,1.1144022978924113
789,5,"[77, 146]",926.5150871432849,927.7798930007136,1.2648058574287688
793,5,"[155, 10]",926.7002528240121,927.9526307711507,1.2523779471385978
787,5,"[82, 72]",927.5387038234121,928.7459728872072,1.2072690637951382
797,5,"[77, 146]",927.7798930007136,929.0446988581424,1.2648058574287688
801,5,"[155, 10]",927.9526307711507,929.2050087182893,1.2523779471385978
803,5,"[82, 72]",928.7459728872072,929.8603751850997,1.1144022978924113
804,5,"[77, 146]",929.0446988581424,930.3095047155712,1.2648058574287688
802,5,"[155, 10]",929.2050087182893,930.4573866654279,1.2523779471385978
805,5,"[82, 72]",929.8603751850997,930.9747774829921,1.1144022978924113
810,5,"[77, 146]",930.3095047155712,931.5743105729999,1.2648058574287688
821,5,"[155, 82]",930.9747774829921,932.1259786974288,1.1512012144366963
826,5,"[72, 10]",930.9747774829921,932.1837259148724,1.2089484318803443
833,5,"[77, 146]",931.5743105729999,932.8391164304287,1.2648058574287688
835,5,"[82, 155]",932.1259786974288,933.2771799118655,1.1512012144366963
841,5,"[72, 10]",932.1837259148724,933.3926743467528,1.2089484318803443
843,5,"[77, 146]",932.8391164304287,934.1039222878575,1.2648058574287688
859,5,"[82, 155]",933.2771799118655,934.4283811263022,1.1512012144366963
866,5,"[72, 10]",933.3926743467528,934.6016227786331,1.2089484318803443
761,5,"[77, 146]",934.1039222878575,935.4741285286993,1.370206240841867
772,5,"[82, 155]",934.4283811263022,935.675515679974,1.247134553671799
774,5,"[72, 10]",934.6016227786331,935.9113168130883,1.3096940344552195
762,5,"[77, 146]",935.4741285286993,938.0037402435569,2.5296117148575377
814,5,"[82, 155]",935.675515679974,936.9226502336458,1.247134553671799
819,5,"[72, 10]",935.9113168130883,937.2210108475435,1.3096940344552195
820,5,"[82, 155]",936.9226502336458,938.1697847873176,1.247134553671799
822,5,"[72, 10]",937.2210108475435,938.5307048819988,1.3096940344552195
763,5,"[77, 146]",938.0037402435569,940.427951323707,2.424211080150144
829,5,"[82, 155]",938.1697847873176,939.4169193409894,1.247134553671799
823,5,"[72, 10]",938.5307048819988,939.7396533138791,1.2089484318803443
837,5,"[82, 155]",939.4169193409894,940.6640538946612,1.247134553671799
838,5,"[72, 10]",939.7396533138791,941.0493473483343,1.3096940344552195
839,5,"[77, 146]",940.427951323707,941.7981575645489,1.370206240841867
760,5,"[82, 155]",940.6640538946612,942.0071219019296,1.3430680072684709
827,5,"[72, 10]",941.0493473483343,942.4597871054626,1.4104397571283016
840,5,"[77, 146]",941.7981575645489,942.9575629129174,1.159405348368523
828,5,"[82, 155]",942.0071219019296,943.3501899091981,1.3430680072684709
854,5,"[72, 10]",942.4597871054626,943.8702268625909,1.4104397571283016
775,5,"[77, 146]",942.9575629129174,944.5385701718798,1.5810072589623587
794,5,"[82, 155]",943.3501899091981,944.7891913700632,1.4390014608651427
807,5,"[72, 10]",943.8702268625909,945.3814123423922,1.51118547980127
834,5,"[77, 146]",944.5385701718798,946.1195774308421,1.5810072589623587
858,5,"[82, 155]",944.7891913700632,946.2281928309284,1.4390014608651427
719,5,"[72, 10]",945.3814123423922,946.9933435448665,1.6119312024743522
729,5,"[77, 146]",946.1195774308421,947.8059851988647,1.6864077680226046
740,5,"[82, 155]",946.2281928309284,947.7631277453902,1.5349349144618145
720,5,"[72, 10]",946.9933435448665,948.3030375793218,1.3096940344552195
788,5,"[82, 155]",947.7631277453902,949.298062659852,1.5349349144618145
730,5,"[77, 146]",947.8059851988647,949.3869924578271,1.5810072589623587
721,5,"[72, 10]",948.3030375793218,948.9075117952619,0.6044742159401721
722,5,"[72, 82]",949.298062659852,950.5981986002558,1.300135940403834
815,5,"[155, 10]",949.298062659852,950.9678998812326,1.6698372213805897
731,5,"[77, 146]",949.3869924578271,950.0193953865415,0.6324029287144413
732,5,"[77, 146]",950.0193953865415,951.7058031545641,1.6864077680226046
723,5,"[82, 72]",950.5981986002558,951.2482665704578,0.650067970201917
724,5,"[72, 10]",951.2482665704578,952.2557235569919,1.00745698653418
845,5,"[155, 82]",951.2482665704578,952.7832014849196,1.5349349144618145
733,5,"[77, 146]",951.7058031545641,952.4436065295153,0.7378033749511133
725,5,"[72, 10]",952.2557235569919,953.0616891582291,0.8059656012371761
734,5,"[77, 146]",952.4436065295153,953.8138127703571,1.370206240841867
846,5,"[82, 155]",952.7832014849196,954.3181363993814,1.5349349144618145
861,5,"[72, 10]",953.0616891582291,954.6736203607035,1.6119312024743522
735,5,"[77, 146]",953.8138127703571,954.6570166543685,0.8432038840113592
847,5,"[82, 155]",954.3181363993814,955.4693376138181,1.1512012144366963
848,5,"[77, 146]",954.6570166543685,955.9218225117972,1.2648058574287688
850,5,"[72, 10]",954.6736203607035,955.8825687925838,1.2089484318803443
851,5,"[82, 155]",955.4693376138181,956.6205388282548,1.1512012144366963
849,5,"[72, 10]",955.8825687925838,957.192262827039,1.3096940344552195
852,5,"[77, 146]",955.9218225117972,958.0298321904138,2.108009678616554
862,5,"[82, 155]",956.6205388282548,958.1554737427166,1.5349349144618145
758,5,"[72, 10]",957.192262827039,958.9049397521865,1.7126769251474343
755,5,"[77, 146]",958.0298321904138,959.9270408509097,1.8972086604959486
781,5,"[82, 155]",958.1554737427166,959.8822754500101,1.7268017072934754
817,5,"[72, 10]",958.9049397521865,960.7183622799088,1.8134225277223095
856,5,"[82, 155]",959.8822754500101,961.6090771573035,1.7268017072934754
857,5,"[77, 146]",959.9270408509097,961.8242495114057,1.8972086604959486
818,5,"[72, 10]",960.7183622799088,962.028056314364,1.3096940344552195
865,5,"[82, 155]",961.6090771573035,963.335878864597,1.7268017072934754
795,5,"[77, 146]",961.8242495114057,965.4078660655715,3.5836165541658147
806,5,"[72, 10]",962.028056314364,964.0429702874325,2.0149139730684738
868,5,"[82, 155]",963.335878864597,965.2545474790838,1.918668614486819
824,5,"[72, 10]",964.0429702874325,966.1586298630757,2.1156595756432353
844,5,"[82, 155]",965.2545474790838,967.2691494328058,2.0146019537219217
867,5,"[77, 146]",965.4078660655715,967.7266767623086,2.318810696737046
728,5,"[72, 10]",966.1586298630757,968.4757808840651,2.3171510209893995
798,5,"[82, 155]",967.2691494328058,969.475618293721,2.2064688609152654
816,5,"[77, 146]",967.7266767623086,970.1508878424587,2.424211080150144
830,5,"[72, 10]",968.4757808840651,970.8936777478258,2.4178968637606886
799,5,"[82, 155]",969.475618293721,970.530886054561,1.0552677608400245
831,5,"[77, 146]",970.1508878424587,972.6804995573162,2.5296117148575377
800,5,"[82, 155]",970.530886054561,971.6820872689977,1.1512012144366963
860,5,"[72, 10]",970.8936777478258,973.6138116595075,2.720133911681728
764,5,"[82, 155]",971.6820872689977,974.3682232835347,2.6861360145369417
780,5,"[77, 146]",972.6804995573162,975.7371136918279,3.0566141345116193
796,5,"[72, 10]",973.6138116595075,977.9458768937618,4.332065234254287
768,5,"[82, 155]",974.3682232835347,975.8072247443998,1.4390014608651427
767,5,"[77, 146]",975.7371136918279,978.161324771978,2.424211080150144
769,5,"[82, 155]",975.8072247443998,978.589294326895,2.7820695824951827
741,5,"[77, 146]",978.161324771978,981.7449413261438,3.5836165541658147
752,5,"[155, 10]",978.589294326895,982.9726167686423,4.383322441747282
765,5,"[72, 82]",978.589294326895,982.8611695438354,4.27187521694043
742,5,"[77, 146]",981.7449413261438,983.3259485851062,1.5810072589623587
766,5,"[82, 72]",982.8611695438354,984.4399061140654,1.5787365702299212
753,5,"[155, 10]",982.9726167686423,984.9555484146013,1.9829316459589563
743,5,"[77, 146]",983.3259485851062,989.0175748178884,5.691626232782255
770,5,"[82, 72]",984.4399061140654,986.111509450198,1.671603336132648
754,5,"[155, 10]",984.9555484146013,989.3388708563485,4.383322441747282
771,5,"[82, 72]",986.111509450198,987.4116453906018,1.300135940403834
863,5,"[82, 72]",987.4116453906018,989.0832487267345,1.671603336132648
744,5,"[77, 146]",989.0175748178884,992.0741889524,3.0566141345116193
842,5,"[82, 72]",989.0832487267345,993.9123249819152,4.8290762551806665
750,5,"[155, 10]",989.3388708563485,992.2610859004551,2.922215044106565
745,5,"[77, 146]",992.0741889524,993.5497957023022,1.4756067499021128
751,5,"[155, 10]",992.2610859004551,996.2269491923729,3.965863291917799
864,5,"[77, 146]",993.5497957023022,1000.8224291940469,7.2726334917447275
785,5,"[82, 72]",993.9123249819152,1006.0778832714169,12.165558289501746
746,5,"[155, 10]",996.2269491923729,1013.8646041822634,17.637654989890507
809,5,"[77, 146]",1000.8224291940469,1018.7405114622871,17.918082268240255
836,5,"[82, 72]",1006.0778832714169,1021.6795141134394,15.601630842022473
747,5,"[155, 10]",1013.8646041822634,1015.221346854653,1.3567426723896006
748,5,"[155, 10]",1015.221346854653,1016.8911840760336,1.6698372213805897
749,5,"[155, 10]",1016.8911840760336,1019.1872102709834,2.2960261949498317
811,5,"[77, 146]",1018.7405114622871,1057.1062892213913,38.36577775910416
812,5,"[82, 72]",1057.1062892213913,1085.4306798339794,28.324390612588104
869,0,[],1085.4306798339794,1085.4306798339794,0.0
870,5,"[146, 10]",1085.4306798339794,1086.5499369805586,1.1192571465792298
872,5,"[155, 77]",1085.4306798339794,1086.2200316824799,0.7893518485004734
888,5,"[82, 72]",1085.4306798339794,1086.0807478041813,0.650067970201917
878,5,"[82, 72]",1086.0807478041813,1087.0094163488563,0.9286685446750198
871,5,"[155, 77]",1086.2200316824799,1087.404059484636,1.1840278021561517
873,5,"[146, 82]",1087.0094163488563,1088.2368344842275,1.227418135371181
874,5,"[72, 10]",1087.0094163488563,1088.2183647807367,1.2089484318803443
875,5,"[155, 77]",1087.404059484636,1088.5880872867922,1.1840278021561517
876,5,"[72, 82]",1088.2368344842275,1089.35123678212,1.1144022978924113
877,5,"[146, 10]",1088.2368344842275,1089.579943113493,1.3431086292655436
879,5,"[155, 77]",1088.5880872867922,1089.7721150889483,1.1840278021561517
880,5,"[82, 72]",1089.35123678212,1090.4656390800124,1.1144022978924113
881,5,"[146, 10]",1089.579943113493,1090.9230517427586,1.3431086292655436
882,5,"[155, 77]",1089.7721150889483,1090.9561428911045,1.1840278021561517
883,5,"[82, 72]",1090.4656390800124,1091.5800413779048,1.1144022978924113
885,5,"[146, 10]",1090.9230517427586,1092.2661603720242,1.3431086292655436
884,5,"[155, 77]",1090.9561428911045,1092.238839578755,1.282696687650514
889,5,"[82, 72]",1091.5800413779048,1093.1587779481347,1.5787365702299212
887,5,"[155, 77]",1092.238839578755,1094.2122191706003,1.973379591845287
886,5,"[146, 10]",1092.2661603720242,1097.9743717128379,5.708211340813705
2402,0,[],1097.9743717128379,1097.9743717128379,0.0
2403,0,[],1097.9743717128379,1097.9743717128379,0.0
2404,5,"[82, 72]",1097.9743717128379,1098.9030402575129,0.9286685446750198
2405,5,"[155, 77]",1097.9743717128379,1098.9610615087606,0.9866897959227572
2406,5,"[146, 10]",1097.9743717128379,1099.093628859417,1.1192571465792298
2407,5,"[82, 72]",1098.9030402575129,1099.9245756787966,1.0215354212837156
2408,5,"[155, 77]",1098.9610615087606,1100.0464203078,1.0853587990393407
2409,5,"[146, 10]",1099.093628859417,1100.5486630966,1.455034237182872
2411,5,"[82, 72]",1099.9245756787966,1101.1318447425917,1.2072690637951382
2413,5,"[155, 77]",1100.0464203078,1101.427785998567,1.3813656907670975
2410,5,"[72, 10]",1101.1318447425917,1102.743775945066,1.6119312024743522
2414,5,"[146, 82]",1101.1318447425917,1102.5638324859028,1.4319877433110832
2412,5,"[155, 77]",1101.427785998567,1103.0064896955678,1.5787036970007193
2415,0,[],1103.0064896955678,1103.0064896955678,0.0
2416,5,"[82, 72]",1103.0064896955678,1104.1208919934602,1.1144022978924113
2417,5,"[155, 77]",1103.0064896955678,1104.2891863832183,1.282696687650514
2418,5,"[146, 10]",1103.0064896955678,1104.4615239327507,1.455034237182872
2421,5,"[82, 72]",1104.1208919934602,1105.421027933864,1.300135940403834
2423,5,"[155, 77]",1104.2891863832183,1105.6705520739854,1.3813656907670975
2424,5,"[146, 10]",1104.4615239327507,1106.0284839112765,1.5669599785258015
2419,5,"[82, 72]",1105.421027933864,1106.8140307508766,1.3930028170125297
2420,5,"[155, 77]",1105.6705520739854,1107.1505867678693,1.4800346938839084
2422,5,"[146, 10]",1106.0284839112765,1107.7073696311454,1.6788857198689584
2605,0,[],1107.7073696311454,1107.7073696311454,0.0
2606,0,[],1107.7073696311454,1107.7073696311454,0.0
2607,5,"[155, 146]",1107.7073696311454,1123.0640930596885,15.356723428543091
2608,5,"[105, 95]",1107.7073696311454,1125.0308384485572,17.323468817411822
2609,5,"[82, 72]",1107.7073696311454,1111.5149105757482,3.807540944602806
2610,0,[],1125.0308384485572,1125.0308384485572,0.0
2611,5,"[146, 10]",1125.0308384485572,1126.7544944115932,1.7236559630359807
2612,5,"[82, 72]",1125.0308384485572,1126.0802338996118,1.049395451054579
2613,5,"[155, 77]",1125.0308384485572,1126.3431359194785,1.312297470921294
2614,0,[],1126.7544944115932,1126.7544944115932,0.0
2615,0,[],1126.7544944115932,1126.7544944115932,0.0
2627,5,"[82, 72]",1126.7544944115932,1127.4974292584038,0.7429348468106127
2628,5,"[155, 77]",1126.7544944115932,1127.5438462600937,0.7893518485004734
2629,5,"[146, 10]",1126.7544944115932,1127.6499001421992,0.895405730605944
2632,5,"[82, 72]",1127.4974292584038,1128.2403641052144,0.7429348468106127
2634,5,"[155, 77]",1127.5438462600937,1128.3331981085942,0.7893518485004734
2637,5,"[146, 82]",1128.2403641052144,1129.0586428418064,0.8182787365919921
2638,5,"[72, 10]",1128.2403641052144,1129.0463297064516,0.8059656012371761
2639,5,"[155, 77]",1128.3331981085942,1129.1225499570946,0.7893518485004734
2618,5,"[146, 10]",1129.0586428418064,1130.0659742470427,1.0073314052363003
2643,5,"[72, 82]",1129.0586428418064,1129.801577688617,0.7429348468106127
2626,5,"[155, 77]",1129.1225499570946,1130.0105707499006,0.8880207928059463
2633,5,"[82, 72]",1129.801577688617,1130.6373793566834,0.835801668066324
2635,5,"[155, 77]",1130.0105707499006,1130.8985915427065,0.8880207928059463
2636,5,"[146, 82]",1130.6373793566834,1131.5579428972453,0.9205635405619432
2642,5,"[72, 10]",1130.6373793566834,1131.6448363432175,1.00745698653418
2616,5,"[155, 77]",1130.8985915427065,1131.9839503417459,1.0853587990393407
2622,5,"[82, 146]",1131.5579428972453,1132.6830761676802,1.1251332704348442
2624,5,"[72, 10]",1131.6448363432175,1132.7530390524248,1.1082027092072622
2625,5,"[155, 77]",1131.9839503417459,1133.0693091407852,1.0853587990393407
2623,5,"[82, 146]",1132.6830761676802,1133.9104943030513,1.227418135371181
2641,5,"[72, 10]",1132.7530390524248,1134.163478809553,1.410439757128188
2617,5,"[155, 77]",1133.0693091407852,1134.5493438346691,1.4800346938839084
2640,5,"[82, 146]",1133.9104943030513,1135.5470517762353,1.6365574731839843
2644,5,"[72, 10]",1134.163478809553,1135.7754100120274,1.6119312024743522
2621,5,"[155, 77]",1134.5493438346691,1136.6213923120085,2.072048477339422
2619,5,"[82, 146]",1135.5470517762353,1138.1041727899812,2.5571210137459275
2630,5,"[60, 105]",1135.7754100120274,1138.5607736083289,2.785363596301522
2620,5,"[72, 155]",1136.6213923120085,1142.1458744174533,5.524482105444804
2631,5,"[82, 77]",1138.5607736083289,1139.4258021991998,0.8650285908709066
2819,0,[],1142.1458744174533,1142.1458744174533,0.0
2820,0,[],1142.1458744174533,1142.1458744174533,0.0
2835,5,"[155, 77]",1142.1458744174533,1143.2312332164927,1.0853587990393407
2873,5,"[82, 72]",1142.1458744174533,1142.7959423876553,0.650067970201917
2836,5,"[146, 82]",1142.7959423876553,1143.92107565809,1.1251332704348442
2868,5,"[10, 60]",1142.7959423876553,1143.9448296469157,1.1488872592603911
2831,5,"[105, 95]",1143.2312332164927,1145.1998091758035,1.9685759593107832
2849,5,"[108, 24]",1143.92107565809,1146.0804198241672,2.1593441660770623
2866,5,"[10, 60]",1143.9448296469157,1144.7803840116273,0.8355543647116974
2867,5,"[10, 60]",1144.7803840116273,1145.615938376339,0.8355543647116974
2869,5,"[105, 95]",1145.1998091758035,1147.1683851351142,1.9685759593107832
2870,5,"[10, 60]",1145.615938376339,1147.7048242569915,2.0888858806524695
2871,5,"[108, 24]",1146.0804198241672,1148.2397639902442,2.1593441660770623
2887,5,"[105, 95]",1147.1683851351142,1149.136961094425,1.9685759593107832
2888,5,"[10, 60]",1147.7048242569915,1149.793710137644,2.0888858806524695
2893,5,"[108, 24]",1148.2397639902442,1150.3991081563213,2.1593441660770623
2894,5,"[105, 95]",1149.136961094425,1151.1055370537358,1.9685759593107832
2895,5,"[10, 60]",1149.793710137644,1151.8825960182965,2.0888858806524695
2896,5,"[155, 77]",1150.3991081563213,1153.2111739806028,2.8120658242814898
2865,5,"[146, 105]",1151.1055370537358,1154.858636211154,3.7530991574180916
2854,5,"[60, 108]",1151.8825960182965,1155.969590077711,4.086994059414565
2829,5,"[155, 77]",1153.2111739806028,1157.1085989567914,3.8974249761886313
2855,5,"[146, 105]",1154.858636211154,1159.497883704792,4.639247493638095
2863,5,"[60, 108]",1155.969590077711,1161.050717656428,5.081127578717087
2824,5,[155],1157.1085989567914,1159.7749012026634,2.666302245871975
2825,5,[77],1159.497883704792,1162.1745265379398,2.6766428331477528
2826,5,[155],1159.7749012026634,1162.4412034485354,2.666302245871975
2856,5,"[146, 60]",1161.050717656428,1166.3665371429233,5.315819486495229
2872,5,"[10, 105]",1162.1745265379398,1167.450420742811,5.2758942048712925
2842,5,"[155, 77]",1162.4412034485354,1167.6213248771294,5.1801214285940205
2827,5,"[146, 60]",1166.3665371429233,1172.208675370579,5.842138227655596
2840,5,"[82, 72]",1167.450420742811,1171.6294291938486,4.179008451037589
2889,5,"[155, 77]",1167.6213248771294,1174.528153448588,6.906828571458618
2852,5,[105],1171.6294291938486,1174.8960315453917,3.2666023515430425
2837,5,"[146, 60]",1172.208675370579,1180.2613527126578,8.052677342078823
2890,5,"[10, 108]",1174.528153448588,1176.8845157653723,2.3563623167842707
2822,5,[155],1174.8960315453917,1178.3575469022273,3.461515356835662
2839,5,[77],1176.8845157653723,1180.3594557449073,3.4749399795350655
2823,5,[155],1178.3575469022273,1181.0238491480993,2.666302245871975
2886,5,"[10, 60]",1180.2613527126578,1186.632454549042,6.371101836384241
2841,5,"[77, 146]",1180.3594557449073,1184.8916767549683,4.532221010060994
2846,5,"[155, 105]",1181.0238491480993,1187.127753696624,6.103904548524724
2862,5,"[77, 146]",1184.8916767549683,1187.8955904464792,3.0039136915108884
2874,5,"[82, 72]",1186.632454549042,1187.1896556979882,0.5572011489462056
2875,5,"[155, 82]",1187.1896556979882,1187.8611897016224,0.6715340036341786
2877,5,"[72, 10]",1187.1896556979882,1187.8948755765523,0.705219878564094
2878,5,"[82, 155]",1187.8611897016224,1188.5327237052566,0.6715340036341786
2876,5,"[72, 10]",1187.8948755765523,1188.7008411777895,0.8059656012371761
2880,5,"[77, 146]",1187.8955904464792,1188.8441947767271,0.9486043302479175
2881,5,"[82, 155]",1188.5327237052566,1189.3961245589032,0.8634008536466808
2879,5,"[10, 60]",1188.7008411777895,1192.147502831063,3.4466616532736225
2884,5,"[72, 146]",1188.8441947767271,1191.7879248853587,2.9437301086315983
2885,5,"[82, 155]",1189.3961245589032,1192.1781941413983,2.782069582495069
2882,5,"[72, 146]",1191.7879248853587,1195.1376865745513,3.349761689192519
2830,5,"[77, 155]",1192.1781941413983,1199.7757053818066,7.5975112404082665
2883,5,"[82, 105]",1192.1781941413983,1196.1748709740775,3.9966768326792135
2853,5,[146],1195.1376865745513,1200.1235996020741,4.985913027522884
2828,5,[60],1196.1748709740775,1200.5782537057767,4.403382731699139
2833,5,"[155, 77]",1199.7757053818066,1207.2252139997092,7.449508617902666
2834,5,"[146, 105]",1200.1235996020741,1208.2031882799963,8.079588677922175
2821,5,[60],1200.5782537057767,1205.403237196943,4.824983491166449
2847,5,[60],1205.403237196943,1210.4624431833433,5.0592059864002294
2850,5,[155],1207.2252139997092,1213.0723682433334,5.847154243624118
2838,5,"[77, 146]",1208.2031882799963,1217.4784310669445,9.275242786948183
2848,5,[60],1210.4624431833433,1216.083783068956,5.62133988561277
2843,5,"[155, 105]",1213.0723682433334,1223.0827717029138,10.010403459580402
2897,5,"[82, 72]",1216.083783068956,1222.677329647584,6.5935465786278655
2857,5,[77],1217.4784310669445,1224.3813521991149,6.902921132170377
2898,5,"[10, 60]",1222.677329647584,1236.1506431793691,13.473313531785152
2861,5,"[155, 146]",1223.0827717029138,1227.9211908705015,4.838419167587745
2858,5,"[77, 105]",1224.3813521991149,1228.1485739098641,3.7672217107492543
2859,5,"[155, 146]",1227.9211908705015,1232.4966524691818,4.575461598680249
2851,5,[77],1228.1485739098641,1232.6566042746213,4.508030364757133
2860,5,"[155, 146]",1232.4966524691818,1238.9654087646168,6.468756295435014
2891,5,"[82, 72]",1232.6566042746213,1246.5866324447466,13.930028170125297
2844,5,"[105, 95]",1236.1506431793691,1247.6668123535997,11.516169174230527
2832,5,"[155, 77]",1238.9654087646168,1263.9779954676485,25.01258670303173
2892,5,"[10, 60]",1246.5866324447466,1248.675518325399,2.0888858806524695
2845,5,"[146, 105]",1247.6668123535997,1255.0687580107247,7.4019456571249975
2864,5,"[146, 60]",1255.0687580107247,1259.9108903290135,4.8421323182888045
2899,0,[],1263.9779954676485,1263.9779954676485,0.0
2906,5,"[82, 72]",1263.9779954676485,1264.9995308889322,1.0215354212837156
2907,5,"[155, 77]",1263.9779954676485,1265.0633542666878,1.0853587990393407
2908,5,"[146, 10]",1263.9779954676485,1265.2091783555709,1.2311828879223867
2909,5,"[82, 72]",1264.9995308889322,1266.021066310216,1.0215354212837156
2910,5,"[155, 77]",1265.0633542666878,1266.1487130657272,1.0853587990393407
2919,5,"[146, 10]",1265.2091783555709,1266.4403612434933,1.2311828879223867
2920,5,"[82, 72]",1266.021066310216,1267.0426017314996,1.0215354212837156
2928,5,"[155, 77]",1266.1487130657272,1267.628747759611,1.4800346938839084
2921,5,"[146, 82]",1267.0426017314996,1268.6791592046836,1.6365574731839843
2922,5,"[72, 10]",1267.0426017314996,1268.654532933974,1.6119312024743522
2901,5,"[155, 77]",1267.628747759611,1269.3061204597286,1.6773727001175303
2911,5,"[72, 82]",1268.6791592046836,1270.2578957749135,1.5787365702299212
2912,5,"[146, 10]",1268.6791592046836,1270.581896407239,1.9027372025552722
2913,5,"[155, 77]",1269.3061204597286,1270.9834931598461,1.6773727001175303
2914,5,"[82, 72]",1270.2578957749135,1271.8366323451435,1.5787365702299212
2923,5,"[146, 10]",1270.581896407239,1272.4846336097942,1.9027372025552722
2924,5,"[155, 77]",1270.9834931598461,1272.6608658599637,1.6773727001175303
2925,5,"[82, 72]",1271.8366323451435,1273.4153689153734,1.5787365702299212
2926,5,"[146, 10]",1272.4846336097942,1274.3873708123494,1.9027372025552722
2900,5,"[155, 77]",1272.6608658599637,1274.4369074455753,1.7760415856116651
2915,5,"[82, 72]",1273.4153689153734,1275.1798391281147,1.7644702127413439
2916,5,"[146, 10]",1274.3873708123494,1276.513959364165,2.12658855181553
2917,5,"[155, 77]",1274.4369074455753,1276.3116180343038,1.874710588728476
2918,5,"[82, 72]",1275.1798391281147,1276.944309340856,1.7644702127413439
2927,5,"[155, 77]",1276.3116180343038,1280.6530532304616,4.341435196157818
2902,5,"[146, 82]",1276.944309340856,1282.058551368348,5.114242027491855
2903,5,"[72, 10]",1276.944309340856,1281.9815942735272,5.0372849326711275
2904,5,"[155, 77]",1280.6530532304616,1285.586502210075,4.933448979613331
2905,5,"[72, 82]",1282.058551368348,1286.701894091723,4.643342723375099
2932,5,"[146, 105]",1282.058551368348,1282.8925734378518,0.834022069503817
2933,5,"[146, 105]",1282.8925734378518,1283.7265955073556,0.834022069503817
2931,5,"[146, 105]",1283.7265955073556,1287.0626837853706,3.3360882780150405
2929,5,"[72, 95]",1286.701894091723,1291.6927746260546,4.990880534331609
2930,5,"[155, 82]",1286.701894091723,1290.15549750631,3.4536034145869507
2934,0,[],1291.6927746260546,1291.6927746260546,0.0
2935,5,"[146, 10]",1291.6927746260546,1293.4164305890906,1.7236559630359807
2936,5,"[82, 72]",1291.6927746260546,1292.7421700771092,1.049395451054579
2937,5,"[155, 77]",1291.6927746260546,1293.005072096976,1.312297470921294
2938,0,[],1293.4164305890906,1293.4164305890906,0.0
2939,0,[],1293.4164305890906,1293.4164305890906,0.0
2940,5,"[82, 72]",1293.4164305890906,1294.3450991337656,0.9286685446750198
2941,5,"[155, 77]",1293.4164305890906,1294.4031203850134,0.9866897959227572
2946,5,"[146, 10]",1293.4164305890906,1295.2072420503027,1.7908114612121153
2947,5,"[82, 72]",1294.3450991337656,1295.8309688273869,1.4858696936212255
2942,5,"[155, 77]",1294.4031203850134,1296.080493085131,1.6773727001175303
2943,5,"[146, 82]",1295.8309688273869,1297.5698111655074,1.7388423381205484
2977,5,"[72, 10]",1295.8309688273869,1297.8458828004552,2.01491397306836
2982,5,"[155, 77]",1296.080493085131,1298.0538726769762,1.973379591845287
2983,5,"[82, 146]",1297.5698111655074,1299.6155079765042,2.0456968109967875
2984,5,"[72, 10]",1297.8458828004552,1299.8607967735236,2.01491397306836
2985,5,"[155, 77]",1298.0538726769762,1300.0272522688215,1.973379591845287
2986,5,"[82, 146]",1299.6155079765042,1301.661204787501,2.0456968109967875
2988,5,"[72, 10]",1299.8607967735236,1301.875710746592,2.01491397306836
2989,5,"[155, 77]",1300.0272522688215,1302.0006318606668,1.973379591845287
2990,5,"[82, 146]",1301.661204787501,1303.7069015984978,2.0456968109967875
2991,5,"[72, 10]",1301.875710746592,1303.8906247196603,2.01491397306836
2992,5,"[155, 77]",1302.0006318606668,1303.974011452512,1.973379591845287
2993,5,"[82, 146]",1303.7069015984978,1305.7525984094946,2.0456968109967875
2958,5,"[10, 60]",1303.8906247196603,1305.0395119789207,1.1488872592603911
2987,5,"[72, 155]",1303.974011452512,1306.7362525052345,2.762241052722402
2959,5,"[10, 60]",1305.0395119789207,1307.8595079676045,2.819995988683786
2960,5,"[105, 108]",1305.7525984094946,1308.704955880423,2.9523574709285185
2964,5,"[95, 24]",1306.7362525052345,1309.3636150248997,2.627362519665212
2956,5,"[10, 60]",1307.8595079676045,1310.783948150715,2.924440183110619
2957,5,"[105, 108]",1308.704955880423,1311.7666598181368,3.0617039377136734
2949,5,"[155, 77]",1309.3636150248997,1312.4223532981619,3.058738273262179
2950,5,"[146, 60]",1310.783948150715,1314.0471242455226,3.263176094807477
2955,5,"[10, 105]",1311.7666598181368,1314.9735758647619,3.2069160466251105
2965,5,"[82, 72]",1312.4223532981619,1316.5084949832967,4.086141685134862
2966,5,"[155, 77]",1314.0471242455226,1318.3885594416804,4.341435196157818
2967,5,"[146, 10]",1314.9735758647619,1319.8983074164514,4.924731551689547
2968,5,"[82, 72]",1316.5084949832967,1320.5946366684316,4.086141685134862
2969,5,"[155, 77]",1318.3885594416804,1322.7299946378382,4.341435196157818
2970,5,"[146, 82]",1320.5946366684316,1325.095169750171,4.500533081739377
2971,5,"[72, 10]",1320.5946366684316,1325.0274475052606,4.432810836829049
2972,5,"[155, 77]",1322.7299946378382,1327.071429833996,4.341435196157818
2973,5,"[72, 82]",1325.095169750171,1329.1813114353058,4.086141685134862
2974,5,"[146, 10]",1325.095169750171,1330.0199013018605,4.924731551689547
2975,5,"[155, 77]",1327.071429833996,1331.4128650301539,4.341435196157818
2976,5,"[82, 72]",1329.1813114353058,1333.2674531204407,4.086141685134862
2978,5,"[146, 10]",1330.0199013018605,1334.94463285355,4.924731551689547
2979,5,"[155, 77]",1331.4128650301539,1335.7543002263117,4.341435196157818
2980,5,"[82, 72]",1333.2674531204407,1337.3535948055755,4.086141685134862
2981,5,"[146, 10]",1334.94463285355,1339.8693644052396,4.924731551689547
2948,5,"[155, 77]",1335.7543002263117,1339.3063833975352,3.5520831712235577
2962,5,"[60, 105]",1337.3535948055755,1340.9696810455716,3.6160862399960934
2944,5,"[82, 72]",1339.3063833975352,1344.2283268614424,4.921943463907155
2945,5,"[155, 77]",1339.8693644052396,1345.0988205118258,5.229456106586213
2954,5,"[10, 60]",1340.9696810455716,1345.1474528068766,4.177771761304939
2951,5,"[105, 95]",1344.2283268614424,1349.248195463816,5.019868602373663
2961,5,"[108, 24]",1345.0988205118258,1351.0370169685377,5.938196456711921
2963,5,"[10, 60]",1345.1474528068766,1350.891888978671,5.744436171794405
2952,5,"[105, 95]",1349.248195463816,1356.0397826173075,6.791587153491491
2953,5,"[10, 60]",1350.891888978671,1358.098545366528,7.206656387857038
2994,0,[],1358.098545366528,1358.098545366528,0.0
3007,5,"[146, 60]",1358.098545366528,1359.6775015900093,1.5789562234813275
3012,5,"[82, 72]",1358.098545366528,1359.7701487026607,1.671603336132648
3065,5,"[155, 77]",1358.098545366528,1358.8878972150285,0.7893518485004734
3053,5,"[155, 77]",1358.8878972150285,1360.4666009120292,1.5787036970007193
3008,5,"[146, 82]",1359.7701487026607,1361.0998515810354,1.3297028783747464
3013,5,"[72, 10]",1359.7701487026607,1361.382079905135,1.6119312024743522
3029,5,"[155, 77]",1360.4666009120292,1362.1439736121467,1.6773727001175303
3009,5,"[82, 146]",1361.0998515810354,1362.1226999865337,1.02284840549828
3049,5,"[60, 105]",1361.382079905135,1363.1412569255892,1.7591770204542172
3051,5,"[77, 108]",1362.1439736121467,1364.245561187793,2.101587575646363
3054,5,"[146, 155]",1362.1439736121467,1364.0372680581256,1.8932944459788814
3063,5,"[60, 105]",1363.1412569255892,1364.9981660286255,1.856909103036287
3064,5,"[155, 146]",1364.0372680581256,1366.035745556745,1.9984774986194225
3056,5,"[77, 108]",1364.245561187793,1366.4577586636012,2.212197475808125
3010,5,"[60, 105]",1364.9981660286255,1367.1482713794078,2.150105350782269
3011,5,"[155, 146]",1366.035745556745,1368.3497722132863,2.314026656541273
3015,5,"[77, 108]",1366.4577586636012,1368.891175939733,2.433417276131877
3016,5,"[60, 105]",1367.1482713794078,1369.29837673019,2.150105350782269
3014,5,"[155, 146]",1368.3497722132863,1370.6637988698276,2.314026656541273
3017,5,"[77, 108]",1368.891175939733,1371.324593215865,2.433417276131877
3026,5,"[60, 105]",1369.29837673019,1371.4484820809723,2.150105350782269
3028,5,"[155, 146]",1370.6637988698276,1372.9778255263689,2.314026656541273
3018,5,"[82, 72]",1371.324593215865,1372.6247291562688,1.300135940403834
3025,5,"[77, 10]",1371.4484820809723,1373.121744629816,1.6732625488436952
3027,5,"[60, 155]",1372.9778255263689,1375.1459066919722,2.1680811656033256
3031,5,"[146, 105]",1372.9778255263689,1375.271386233039,2.2935607066701778
3050,5,"[77, 108]",1373.121744629816,1375.555161905948,2.433417276131877
3052,5,"[155, 60]",1375.1459066919722,1377.3139878575755,2.1680811656033256
3055,5,"[146, 105]",1375.271386233039,1377.5649469397092,2.2935607066701778
3057,5,"[77, 108]",1375.555161905948,1377.9885791820798,2.433417276131877
3062,5,"[155, 60]",1377.3139878575755,1379.4820690231788,2.1680811656033256
3032,5,"[146, 105]",1377.5649469397092,1379.9627603040906,2.3978133643813635
3033,5,"[77, 108]",1377.9885791820798,1380.5326062265162,2.5440270444364614
3034,5,"[155, 60]",1379.4820690231788,1381.7486992365534,2.266630213374583
3035,5,"[146, 105]",1379.9627603040906,1382.360573668472,2.3978133643813635
3036,5,"[77, 108]",1380.5326062265162,1383.0766332709527,2.5440270444364614
3037,5,"[155, 60]",1381.7486992365534,1384.015329449928,2.266630213374583
3038,5,"[146, 105]",1382.360573668472,1384.7583870328533,2.3978133643813635
3039,5,"[77, 108]",1383.0766332709527,1385.6206603153892,2.5440270444364614
3040,5,"[155, 60]",1384.015329449928,1386.2819596633026,2.266630213374583
3042,5,"[146, 105]",1384.7583870328533,1387.1562003972347,2.3978133643813635
3043,5,"[77, 108]",1385.6206603153892,1388.1646873598256,2.5440270444364614
3058,5,"[155, 60]",1386.2819596633026,1388.5485898766772,2.266630213374583
3059,5,"[146, 105]",1387.1562003972347,1389.554013761616,2.3978133643813635
3060,5,"[77, 155]",1388.5485898766772,1390.8179763602502,2.2693864835730437
3061,5,"[60, 108]",1388.5485898766772,1391.0891536660358,2.5405637893586572
3021,5,"[82, 72]",1389.554013761616,1391.2256170977487,1.671603336132648
3023,5,"[155, 77]",1390.8179763602502,1392.5940179458619,1.7760415856116651
3005,5,"[82, 72]",1391.2256170977487,1391.9685519445593,0.7429348468106127
3022,5,"[146, 82]",1391.9685519445593,1393.6051094177433,1.6365574731839843
3041,5,"[60, 105]",1391.9685519445593,1394.7050495578226,2.736497613263282
3024,5,"[72, 155]",1392.5940179458619,1393.8322638488746,1.2382459030127393
3006,5,"[82, 77]",1393.6051094177433,1394.8545951473816,1.2494857296383088
2995,5,"[155, 146]",1393.8322638488746,1397.0929376030174,3.260673754142772
2996,5,"[60, 105]",1394.7050495578226,1397.7347433023263,3.0296937445036747
3044,5,"[77, 108]",1394.8545951473816,1398.2835011293985,3.428905982016886
3048,5,"[155, 146]",1397.0929376030174,1400.4587945351886,3.365856932171255
3045,5,"[82, 72]",1397.7347433023263,1399.406346638459,1.671603336132648
2997,5,"[77, 10]",1398.2835011293985,1401.2117104963743,2.928209366975807
3047,5,"[82, 72]",1399.406346638459,1401.1708168512002,1.7644702127413439
3046,5,"[155, 146]",1400.4587945351886,1402.6676380137012,2.208843478512563
2998,5,"[82, 72]",1401.1708168512002,1403.771088732008,2.600271880807668
3001,5,"[77, 10]",1401.2117104963743,1405.185708940794,3.973998444419749
2999,5,"[155, 82]",1403.771088732008,1406.4572247465449,2.6861360145369417
3002,5,"[72, 60]",1403.771088732008,1407.3930920443393,3.622003312331344
3000,5,"[77, 10]",1405.185708940794,1408.1139183077698,2.928209366975807
3019,5,"[82, 155]",1406.4572247465449,1409.1433607610818,2.6861360145369417
3066,5,"[72, 146]",1407.3930920443393,1408.3066634031184,0.9135713587791088
3020,5,"[155, 77]",1409.1433607610818,1411.3140783591607,2.170717598078909
3067,5,"[72, 82]",1409.1433607610818,1409.9791624291481,0.835801668066324
3068,5,"[146, 82]",1409.9791624291481,1410.89972596971,0.9205635405619432
3069,5,"[72, 82]",1410.89972596971,1411.7355276377764,0.835801668066324
3030,5,"[155, 77]",1411.3140783591607,1415.7541824408127,4.440104081651953
3003,5,"[72, 10]",1411.7355276377764,1415.9668467890629,4.2313191512864705
3070,5,"[146, 82]",1411.7355276377764,1412.6560911783383,0.9205635405619432
3004,5,"[82, 60]",1412.6560911783383,1416.6881151132127,4.03202393487436
3071,0,[],1416.6881151132127,1416.6881151132127,0.0
3072,0,[],1416.6881151132127,1416.6881151132127,0.0
3074,5,"[10, 60]",1416.6881151132127,1417.5236694779244,0.8355543647116974
3075,5,"[105, 95]",1416.6881151132127,1417.4755455086706,0.7874303954579318
3077,5,"[82, 72]",1416.6881151132127,1418.1182646365862,1.4301495233735295
3079,5,"[105, 95]",1417.4755455086706,1418.9519774781538,1.476431969483201
3080,5,"[155, 77]",1417.5236694779244,1420.385069980198,2.861400502273682
3073,5,"[146, 60]",1418.1182646365862,1421.4867046302068,3.368439993620541
3078,5,"[10, 105]",1418.9519774781538,1422.262342580676,3.310365102522155
3081,5,"[82, 72]",1420.385069980198,1421.1280048270087,0.7429348468106127
3076,5,"[82, 72]",1421.1280048270087,1423.7282767078163,2.600271880807668
3083,5,"[155, 77, 146]",1421.4867046302068,1437.910495452342,16.423790822135288
3082,5,"[60, 105]",1422.262342580676,1434.4299837747405,12.167641194064572
3084,0,[],1437.910495452342,1437.910495452342,0.0
3085,5,"[155, 77]",1437.910495452342,1441.7585859857836,3.848090533441564
3087,5,"[146, 10]",1437.910495452342,1442.2755986975938,4.365103245251703
3088,5,"[82, 72]",1437.910495452342,1440.2321668140296,2.3216713616875495
3086,5,"[82, 72]",1440.2321668140296,1471.342563060643,31.11039624661339
3089,0,[],1471.342563060643,1471.342563060643,0.0
3092,5,"[10, 60]",1471.342563060643,1472.1781174253547,0.8355543647116974
3093,5,"[105, 95]",1471.342563060643,1472.129993456101,0.7874303954579318
3113,5,"[82, 72]",1471.342563060643,1472.577692264915,1.2351292042719706
3116,5,"[105, 95]",1472.129993456101,1473.1142814357563,0.9842879796553916
3090,5,"[155, 77]",1472.1781174253547,1473.6581521192386,1.4800346938839084
3115,5,"[10, 60]",1472.577692264915,1474.6665781455674,2.0888858806524695
3112,5,"[82, 72]",1473.1142814357563,1473.9129364528144,0.7986550170580813
3105,5,"[155, 77]",1473.6581521192386,1474.743510918278,1.0853587990393407
3107,5,"[82, 72]",1473.9129364528144,1474.934471874098,1.0215354212837156
3114,5,"[10, 60]",1474.6665781455674,1477.7999069665461,3.1333288209787042
3102,5,"[155, 77]",1474.743510918278,1476.5195525038896,1.7760415856116651
3106,5,"[82, 72]",1474.934471874098,1476.6060752102308,1.671603336132648
3108,5,"[155, 77]",1476.5195525038896,1478.2955940895013,1.7760415856116651
3110,5,"[82, 72]",1476.6060752102308,1478.370545422972,1.7644702127413439
3099,5,"[155, 77]",1478.2955940895013,1480.6636496938138,2.3680556043125307
3100,5,"[10, 60]",1478.370545422972,1480.877208579361,2.5066631563888677
3111,5,"[82, 72]",1478.370545422972,1480.5064830314423,2.135937608470158
3101,5,"[82, 72]",1480.5064830314423,1482.735287627227,2.2288045957848226
3103,5,"[155, 77]",1480.6636496938138,1483.0317052981263,2.3680556043125307
3104,5,"[10, 60]",1480.877208579361,1483.3838717357498,2.5066631563888677
3109,5,"[82, 72]",1482.735287627227,1484.964092223012,2.2288045957848226
3125,5,"[155, 146]",1483.0317052981263,1483.8731695311692,0.8414642330428705
3135,5,"[155, 146]",1483.8731695311692,1484.714633764212,0.8414642330428705
3136,5,"[155, 146]",1484.714633764212,1485.6612809872015,0.9466472229894407
3134,5,"[107, 82]",1484.964092223012,1485.7919155680952,0.8278233450832886
3137,5,"[72, 82]",1485.7919155680952,1486.6277172361615,0.835801668066324
3138,5,"[155, 107]",1485.7919155680952,1486.749921343099,0.9580057750038122
3139,5,"[146, 82]",1486.6277172361615,1487.5482807767235,0.9205635405619432
3119,5,"[72, 107]",1486.749921343099,1487.879432696663,1.1295113535638848
3120,5,"[155, 82]",1487.5482807767235,1488.6035485375635,1.0552677608400245
3126,5,"[146, 107]",1487.879432696663,1489.2512940370577,1.3718613403948439
3127,5,"[72, 82]",1488.6035485375635,1489.717950835456,1.1144022978924113
3128,5,"[155, 107]",1489.2512940370577,1490.528635154991,1.277341117933247
3129,5,"[146, 82]",1489.717950835456,1490.945368970827,1.227418135371181
3130,5,"[72, 107]",1490.528635154991,1491.7608293811347,1.232194226143747
3131,5,"[155, 82]",1490.945368970827,1492.0965701852638,1.1512012144366963
3121,5,"[146, 72]",1491.7608293811347,1493.1819403971253,1.4211110159906184
3132,5,"[107, 82]",1492.0965701852638,1493.7004778431206,1.6039076578567801
3091,5,"[77, 146]",1493.1819403971253,1498.0303625574256,4.848422160300288
3133,5,"[155, 72]",1493.1819403971253,1494.6583105209902,1.4763701238648537
3124,5,"[82, 107]",1493.7004778431206,1495.563080292461,1.8626024493405566
3094,5,"[72, 155]",1494.6583105209902,1498.2777986325245,3.619488111534338
3095,5,"[82, 107]",1495.563080292461,1499.4952410736712,3.9321607812100865
3096,5,"[77, 72]",1498.2777986325245,1501.904061703946,3.626263071421363
3097,5,"[155, 10]",1498.2777986325245,1502.2436619244424,3.9658632919179126
3098,5,"[82, 107]",1499.4952410736712,1503.4274018548813,3.9321607812100865
3117,5,"[72, 146]",1501.904061703946,1504.0864823267605,2.1824206228145613
3118,5,"[155, 82]",1503.4274018548813,1505.489970706944,2.062568852062668
3123,5,"[107, 72]",1504.0864823267605,1508.142455120425,4.055972793664523
3122,5,"[146, 82]",1505.489970706944,1509.6836490719409,4.193678364996913
3140,5,"[155, 77]",1505.489970706944,1528.2825053691497,22.792534662205753
3141,0,[],1528.2825053691497,1528.2825053691497,0.0
3142,0,[],1528.2825053691497,1528.2825053691497,0.0
3143,5,"[10, 105]",1528.2825053691497,1528.696301006965,0.4137956378153831
3144,5,"[60, 95]",1528.2825053691497,1528.6798233770687,0.3973180079190115
3208,5,"[82, 72]",1528.2825053691497,1528.4682390808523,0.18573371170259634
3145,5,"[82, 72]",1528.4682390808523,1529.1183070510542,0.650067970201917
3146,5,"[107, 155]",1528.6798233770687,1529.424938986899,0.7451156098302363
3147,5,"[77, 82]",1529.1183070510542,1529.7911070725413,0.6728000214870917
3148,5,"[72, 107]",1529.424938986899,1530.143718911347,0.718779924447972
3163,5,"[155, 82]",1529.7911070725413,1530.5585745297722,0.7674674572308504
3164,5,"[77, 72]",1530.143718911347,1530.9071427368124,0.763423825465452
3165,5,"[107, 82]",1530.5585745297722,1531.3863978748554,0.8278233450832886
3166,5,"[155, 72]",1530.9071427368124,1531.669140254894,0.7619975180816709
3167,5,"[77, 82]",1531.3863978748554,1532.1553122096789,0.7689143348234211
3170,5,"[107, 72]",1531.669140254894,1532.4906030519219,0.8214627970278343
3171,5,"[155, 82]",1532.1553122096789,1532.9227796669097,0.7674674572308504
3183,5,"[77, 72]",1532.4906030519219,1533.2540268773873,0.763423825465452
3184,5,"[107, 82]",1532.9227796669097,1533.750603011993,0.8278233450832886
3185,5,"[155, 72]",1533.2540268773873,1534.016024395469,0.7619975180816709
3186,5,"[77, 82]",1533.750603011993,1534.5195173468164,0.7689143348234211
3187,5,"[107, 72]",1534.016024395469,1534.8374871924968,0.8214627970278343
3188,5,"[155, 82]",1534.5195173468164,1535.2869848040473,0.7674674572308504
3189,5,"[77, 72]",1534.8374871924968,1535.6009110179623,0.763423825465452
3190,5,"[107, 82]",1535.2869848040473,1536.1148081491306,0.8278233450832886
3191,5,"[155, 72]",1535.6009110179623,1536.362908536044,0.7619975180816709
3192,5,"[77, 82]",1536.1148081491306,1536.883722483954,0.7689143348234211
3195,5,"[107, 72]",1536.362908536044,1537.1843713330718,0.8214627970278343
3196,5,"[155, 82]",1536.883722483954,1537.6511899411848,0.7674674572308504
3198,5,"[77, 72]",1537.1843713330718,1537.9477951585372,0.763423825465452
3212,5,"[107, 82]",1537.6511899411848,1538.4790132862681,0.8278233450832886
3213,5,"[155, 72]",1537.9477951585372,1538.709792676619,0.7619975180816709
3211,5,"[77, 82]",1538.4790132862681,1539.344041877139,0.8650285908709066
3154,5,"[107, 72]",1538.709792676619,1539.736621157603,1.0268284809840225
3157,5,"[155, 82]",1539.344041877139,1540.3033761843824,0.9593343072433527
3207,5,"[77, 72]",1539.736621157603,1540.6909009252147,0.9542797676117516
3151,5,"[107, 82]",1540.3033761843824,1541.4416332915816,1.1382571071992515
3152,5,"[155, 72]",1540.6909009252147,1541.7386475196736,1.0477465944588857
3209,5,"[77, 82]",1541.4416332915816,1542.5950048224609,1.1533715308792125
3155,5,"[155, 10]",1541.7386475196736,1543.1997550417268,1.4611075220532257
3210,5,"[107, 72]",1541.7386475196736,1542.9708417458173,1.232194226143747
3156,5,"[82, 77]",1542.5950048224609,1543.9406048654353,1.3456000429744108
3158,5,"[72, 107]",1542.9708417458173,1544.6137673398732,1.642925594055896
3159,5,"[155, 82]",1543.9406048654353,1545.475539779897,1.5349349144617008
3160,5,"[77, 72]",1544.6137673398732,1546.140614990804,1.5268476509306765
3161,5,"[107, 10]",1544.6137673398732,1546.4274612791437,1.813693939270479
3162,5,"[82, 155]",1545.475539779897,1547.0104746943587,1.5349349144617008
3168,5,"[72, 77]",1546.140614990804,1547.6674626417346,1.5268476509306765
3169,5,"[107, 82]",1547.0104746943587,1548.6661213845255,1.6556466901668045
3173,5,"[155, 72]",1547.6674626417346,1549.1914576778977,1.5239950361631145
3174,5,"[77, 10]",1547.6674626417346,1549.3407251905783,1.6732625488436952
3175,5,"[82, 107]",1548.6661213845255,1550.3217680746923,1.6556466901668045
3176,5,"[72, 155]",1549.1914576778977,1550.7154527140608,1.5239950361631145
3177,5,"[77, 10]",1549.3407251905783,1551.013987739422,1.6732625488436952
3178,5,"[82, 107]",1550.3217680746923,1551.977414764859,1.6556466901668045
3179,5,"[72, 155]",1550.7154527140608,1552.239447750224,1.5239950361631145
3180,5,"[77, 10]",1551.013987739422,1552.6872502882657,1.6732625488436952
3181,5,"[82, 107]",1551.977414764859,1553.6330614550259,1.6556466901668045
3182,5,"[72, 155]",1552.239447750224,1553.763442786387,1.5239950361631145
3193,5,"[77, 10]",1552.6872502882657,1554.3605128371094,1.6732625488436952
3194,5,"[82, 107]",1553.6330614550259,1555.2887081451927,1.6556466901668045
3197,5,"[72, 155]",1553.763442786387,1555.2874378225501,1.5239950361631145
3205,5,"[77, 10]",1554.3605128371094,1556.1383543186312,1.7778414815218184
3206,5,"[72, 155]",1555.2874378225501,1556.9066825697635,1.6192447472133153
3214,5,"[82, 107]",1555.2887081451927,1557.3582664770622,2.06955833186953
3172,5,[155],1556.9066825697635,1557.6551183241,0.7484357543364695
3215,5,"[77, 72]",1556.9066825697635,1558.8152421049872,1.9085595352237306
3149,5,"[82, 107]",1557.3582664770622,1559.84173657399,2.4834700969277037
3150,5,"[155, 10]",1557.6551183241,1560.1598742183771,2.5047558942771957
3153,5,"[72, 77]",1558.8152421049872,1561.1055136382627,2.2902715332754724
3199,5,"[82, 107]",1559.84173657399,1564.601720638606,4.759984064615992
3216,5,"[155, 146]",1560.1598742183771,1574.9906815060017,14.830807287624566
3200,5,"[82, 72]",1564.601720638606,1565.6232560598896,1.0215354212837156
3201,5,"[107, 77]",1564.601720638606,1565.7750664698194,1.1733458312135099
3202,5,"[82, 72]",1565.6232560598896,1566.6447914811733,1.0215354212837156
3203,5,"[107, 77]",1565.7750664698194,1566.948412301033,1.1733458312135099
3204,5,"[82, 72]",1566.6447914811733,1567.666326902457,1.0215354212837156
3217,0,[],1574.9906815060017,1574.9906815060017,0.0
3231,5,"[82, 72]",1574.9906815060017,1575.3342888719596,0.3436073659579506
3232,5,"[107, 155]",1574.9906815060017,1575.3845283401233,0.39384683412163213
3234,5,"[77, 146]",1574.9906815060017,1575.5809242185273,0.5902427125256509
3235,5,"[82, 72]",1575.3342888719596,1575.8543432591919,0.5200543872322214
3242,5,"[107, 155]",1575.3845283401233,1576.3638231126106,0.9792947724872647
3236,5,"[77, 146]",1575.5809242185273,1576.6560091345182,1.0750849159908284
3237,5,"[82, 72]",1575.8543432591919,1576.8015851570474,0.9472418978555197
3238,5,"[107, 155]",1576.3638231126106,1577.4495629994076,1.0857398867970005
3239,5,"[77, 82]",1576.8015851570474,1577.7819509010062,0.9803657439588278
3240,5,"[72, 146]",1576.8015851570474,1577.8369660383976,1.0353808813501928
3241,5,"[107, 155]",1577.4495629994076,1578.5353028862046,1.0857398867970005
3226,5,"[82, 72]",1577.8369660383976,1578.8306414299104,0.993675391512852
3233,5,"[77, 146]",1577.8369660383976,1579.02799150179,1.191025463392407
3229,5,"[107, 155]",1578.5353028862046,1580.0042451083816,1.46894222217702
3230,5,"[82, 72]",1578.8306414299104,1580.1122040171338,1.281562587223334
3243,5,"[77, 146]",1579.02799150179,1581.2414015638196,2.213410062029652
3227,5,"[107, 155]",1580.0042451083816,1582.3673261131119,2.3630810047302475
3228,5,"[82, 72]",1580.1122040171338,1582.1738482128817,2.061644195747931
3223,5,"[77, 146]",1581.2414015638196,1582.822408822782,1.5810072589624724
3224,5,"[105, 95]",1582.3673261131119,1584.0898300775089,1.7225039643969922
3254,5,"[60, 155]",1582.3673261131119,1584.0426615699398,1.675335456827952
3245,5,"[10, 108]",1582.822408822782,1584.9431348517078,2.1207260289256737
3253,5,[155],1584.0426615699398,1585.0717607391227,1.0290991691829277
3246,5,"[77, 146]",1584.0898300775089,1586.408640774246,2.318810696737046
3247,5,"[60, 155]",1585.0717607391227,1587.239841904726,2.1680811656033256
3249,5,"[105, 95]",1585.0717607391227,1587.2371943412993,2.165433602176563
3250,5,"[77, 146]",1586.408640774246,1588.727451470983,2.318810696737046
3248,5,"[82, 72]",1587.239841904726,1589.8401137855337,2.600271880807668
3252,5,"[155, 105]",1587.239841904726,1589.3884163523758,2.1485744476497075
3221,5,"[77, 146]",1588.727451470983,1591.0989623594264,2.3715108884434812
3251,5,"[155, 60]",1589.3884163523758,1591.6550465657504,2.266630213374583
3225,5,"[10, 105]",1589.8401137855337,1592.2711630228164,2.43104923728265
3244,5,"[95, 108]",1591.0989623594264,1593.7713659645394,2.6724036051130042
3222,5,"[155, 77]",1591.6550465657504,1594.121771055557,2.4667244898066656
3218,5,"[146, 60]",1592.2711630228164,1595.5343391176239,3.263176094807477
3219,5,"[105, 155]",1594.121771055557,1597.149307618487,3.0275365629299813
3220,5,"[77, 95]",1594.121771055557,1597.702015776703,3.580244721146073
3255,5,"[82, 72]",1595.5343391176239,1599.0632795431065,3.5289404254826877
3256,0,[],1599.0632795431065,1599.0632795431065,0.0
3257,0,[],1599.0632795431065,1599.0632795431065,0.0
3260,5,"[10, 60]",1599.0632795431065,1599.794389588884,0.731110045777541
3272,5,"[107, 155]",1599.0632795431065,1601.5115165377708,2.448236994664285
3273,5,"[82, 72]",1599.0632795431065,1600.9206166324566,1.8573370893500396
3275,5,"[77, 146]",1599.794389588884,1602.3240013037416,2.5296117148575377
3267,5,"[10, 60]",1600.9206166324566,1601.9650595727828,1.0444429403262347
3261,5,"[105, 95]",1601.5115165377708,1602.6926621602918,1.181145622520944
3268,5,"[10, 60]",1601.9650595727828,1603.2183911509771,1.2533315781943202
3269,5,"[108, 24]",1602.3240013037416,1603.6196078548705,1.2956065511289125
3270,5,"[105, 95]",1602.6926621602918,1603.8738077828127,1.181145622520944
3259,5,"[82, 72]",1603.2183911509771,1605.725796265882,2.507405114904941
3258,5,"[107, 155]",1603.6196078548705,1606.6000702941915,2.980462439320945
3274,5,"[77, 146]",1603.8738077828127,1605.7710164433088,1.8972086604960623
3265,5,"[60, 105]",1605.725796265882,1607.6804374515004,1.9546411856183568
3276,5,"[10, 95]",1605.7710164433088,1609.0334691450594,3.2624527017505898
3266,5,"[155, 77]",1606.6000702941915,1609.6588085674537,3.058738273262179
3262,5,"[82, 72]",1607.6804374515004,1608.0519048749056,0.3714674234051927
3278,5,"[82, 72]",1608.0519048749056,1608.7019728451075,0.650067970201917
3279,5,"[82, 72]",1608.7019728451075,1611.9523127514701,3.2503399063625693
3264,5,"[107, 146]",1609.0334691450594,1611.434226286327,2.4007571412676043
3277,5,"[155, 77]",1609.6588085674537,1616.072292240951,6.41348367349724
3271,5,"[10, 60]",1611.9523127514701,1618.010082004574,6.05776925310397
3280,5,"[107, 82]",1611.9523127514701,1616.5053411802676,4.553028428797461
3263,5,"[72, 155]",1616.072292240951,1620.5490274112974,4.476735170346501
3281,0,[],1620.5490274112974,1620.5490274112974,0.0
3282,5,"[155, 77]",1620.5490274112974,1622.8677483376175,2.318720926320111
3283,5,"[10, 60]",1620.5490274112974,1621.280137457075,0.731110045777541
3284,0,[],1622.8677483376175,1622.8677483376175,0.0
3285,0,[],1622.8677483376175,1622.8677483376175,0.0
3295,5,"[82, 72]",1622.8677483376175,1623.7035500056838,0.835801668066324
3296,5,"[77, 146]",1622.8677483376175,1624.3433550875197,1.4756067499022265
3297,5,"[107, 155]",1622.8677483376175,1623.8257541126213,0.9580057750038122
3298,5,"[82, 72]",1623.7035500056838,1626.0252213673714,2.3216713616875495
3289,5,"[107, 155]",1623.8257541126213,1627.8706674412558,4.044913328634493
3292,5,"[77, 10]",1624.3433550875197,1628.3173535319395,3.973998444419749
3288,5,[146],1626.0252213673714,1629.9925069719372,3.967285604565859
3290,5,"[82, 72]",1627.8706674412558,1630.5638063093782,2.6931388681223325
3293,5,"[107, 155]",1628.3173535319395,1631.4042612124626,3.0869076805231543
3287,5,[77],1629.9925069719372,1634.3127024769271,4.320195504989897
3291,5,"[82, 72]",1630.5638063093782,1632.4211433987282,1.8573370893500396
3294,5,"[107, 155]",1631.4042612124626,1633.5331629910897,2.128901778627096
3286,5,[146],1632.4211433987282,1650.541987814862,18.120844416133878
