TaskID,StationID,Team,Start,End,Duration
0,0,[],0.0,0.0,0.0
1,0,[],0.0,0.0,0.0
12,2,"[72, 47]",0.0,1.3102283496574643,1.3102283496574643
15,1,"[45, 86]",0.0,0.5427777847566762,0.5427777847566762
18,2,"[103, 53]",0.0,0.532478782545239,0.532478782545239
20,4,"[116, 126]",0.0,1.0757221770752585,1.0757221770752585
24,5,"[65, 125]",0.0,1.1052737900035574,1.1052737900035574
25,3,"[123, 76]",0.0,1.318750692244818,1.318750692244818
29,3,"[18, 118]",0.0,1.030672381808568,1.030672381808568
316,0,[],0.0,0.0,0.0
317,1,"[82, 6]",0.0,0.9440370882503818,0.9440370882503818
342,0,[],0.0,0.0,0.0
373,0,[],0.0,0.0,0.0
392,0,[],0.0,0.0,0.0
416,0,[],0.0,0.0,0.0
476,0,[],0.0,0.0,0.0
484,0,[],0.0,0.0,0.0
490,0,[],0.0,0.0,0.0
542,0,[],0.0,0.0,0.0
571,0,[],0.0,0.0,0.0
581,0,[],0.0,0.0,0.0
694,0,[],0.0,0.0,0.0
890,0,[],0.0,0.0,0.0
1115,0,[],0.0,0.0,0.0
1144,4,"[28, 51]",0.0,1.2646800347458562,1.2646800347458562
1145,5,"[12, 91]",0.0,0.9855758567766243,0.9855758567766243
1292,0,[],0.0,0.0,0.0
1426,0,[],0.0,0.0,0.0
1527,0,[],0.0,0.0,0.0
1646,0,[],0.0,0.0,0.0
1707,0,[],0.0,0.0,0.0
1781,0,[],0.0,0.0,0.0
1913,0,[],0.0,0.0,0.0
1983,0,[],0.0,0.0,0.0
2133,0,[],0.0,0.0,0.0
2231,0,[],0.0,0.0,0.0
2249,0,[],0.0,0.0,0.0
2288,0,[],0.0,0.0,0.0
2331,0,[],0.0,0.0,0.0
6,2,"[103, 53]",0.532478782545239,1.5507277264589079,1.0182489439136688
8,1,"[45, 86]",0.5427777847566762,1.5807213126968356,1.0379435279401594
16,1,"[6, 82]",0.9440370882503818,2.2184871798959955,1.2744500916456136
1157,5,"[91, 12]",0.9855758567766243,1.9711517135532486,0.9855758567766243
1154,3,"[18, 106]",1.030672381808568,2.028050665188165,0.997378283379597
1249,4,"[116, 55]",1.0757221770752585,1.9308637389729668,0.8551415618977083
10,5,"[65, 125]",1.1052737900035574,2.4399440692043712,1.3346702792008138
1173,4,"[28, 51]",1.2646800347458562,2.5293600694917124,1.2646800347458562
1172,3,"[118, 123]",1.318750692244818,2.404407866471866,1.0856571742270482
13,2,"[47, 53]",1.5507277264589079,2.985213203363421,1.4344854769045132
1155,2,"[103, 72]",1.5507277264589079,2.454649766402927,0.9039220399440193
1156,1,"[45, 86]",1.5807213126968356,2.532963052289186,0.9522417395923504
21,4,"[126, 55]",1.9308637389729668,4.526093871460309,2.595230132487342
23,5,"[91, 12]",1.9711517135532486,2.996150567004203,1.0249988534509542
1178,3,"[76, 106]",2.028050665188165,3.137729674649491,1.1096790094613262
9,1,"[6, 82]",2.2184871798959955,3.492937271541609,1.2744500916456136
1179,3,"[18, 123]",2.404407866471866,3.4081686277156074,1.0037607612437411
7,2,"[103, 72]",2.454649766402927,3.674944541878534,1.2202947754756068
1193,4,"[51, 1]",2.5293600694917124,3.831465418246225,1.3021053487545124
1251,4,"[116, 28]",2.5293600694917124,5.100512213405093,2.5711521439133804
1180,1,"[45, 86]",2.532963052289186,3.4852047918815368,0.9522417395923508
1192,2,"[47, 53]",2.985213203363421,4.154053226273382,1.1688400229099605
11,5,"[125, 12]",2.996150567004203,4.379074371658683,1.3829238046544798
1252,5,"[65, 91]",2.996150567004203,5.40221163271894,2.406061065714737
1181,3,"[118, 106]",3.137729674649491,4.215924267990497,1.0781945933410055
1222,3,"[76, 18]",3.4081686277156074,4.5386547690392485,1.1304861413236411
1194,1,"[45, 6]",3.492937271541609,4.533105004908439,1.0401677333668298
1234,1,"[86, 82]",3.492937271541609,4.538651996060863,1.0457147245192537
1195,2,"[103, 72]",3.674944541878534,4.669258807368136,0.994314265489602
1241,4,"[51, 1]",3.831465418246225,5.133570767000737,1.3021053487545124
1238,2,"[47, 53]",4.154053226273382,5.322893249183341,1.1688400229099596
1231,3,"[123, 106]",4.215924267990497,5.405908402880433,1.1899841348899365
1218,5,"[12, 125]",4.379074371658683,5.505901179974058,1.126826808315375
22,4,"[55, 126]",4.526093871460309,5.174901404582144,0.6488075331218353
1236,1,"[45, 6]",4.533105004908439,5.573272738275269,1.0401677333668298
1263,1,"[86, 82]",4.538651996060863,5.584366720580117,1.0457147245192537
1246,3,"[118, 18]",4.5386547690392485,5.6393729011308675,1.100718132091619
1242,2,"[103, 72]",4.669258807368136,5.663573072857738,0.994314265489602
2139,4,"[116, 28]",5.100512213405093,6.278956924746975,1.1784447113418821
2155,4,"[51, 1]",5.133570767000737,6.43567611575525,1.3021053487545124
1936,4,[126],5.174901404582144,6.226466207976867,1.0515648033947231
1265,3,"[76, 106]",5.405908402880433,6.6265553397447015,1.2206469368642683
319,5,"[65, 125]",5.505901179974058,6.757154644412857,1.2512534644387996
1253,5,"[91, 12]",5.505901179974058,6.590034645926304,1.0841334659522461
1266,1,"[6, 45]",5.573272738275269,6.6134404716420985,1.0401677333668298
1267,1,"[86, 82]",5.584366720580117,6.725146440660445,1.140779720080328
1152,3,"[123, 18]",5.6393729011308675,6.8438858624864,1.2045129613555323
1273,2,"[103, 53]",5.663573072857738,6.691163741006768,1.0275906681490303
2251,2,"[47, 72]",5.663573072857738,6.850967507108282,1.1873944342505443
322,4,"[126, 55]",6.226466207976867,7.5652753643336474,1.3388091563567803
1116,4,"[116, 28]",6.278956924746975,7.67166422960797,1.3927073048609948
1117,4,"[51, 1]",6.43567611575525,7.974527801757578,1.538851686002328
1153,5,"[91, 12]",6.590034645926304,7.772725721054172,1.1826910751278685
1274,1,"[6, 45]",6.6134404716420985,7.748168928537757,1.1347284568956582
318,3,"[118, 106]",6.6265553397447015,8.028208259675683,1.4016529199309815
321,2,"[103, 53]",6.691163741006768,7.905589005225172,1.214425264218404
1119,1,"[86, 82]",6.725146440660445,7.960991042975568,1.2358446023151233
1118,5,"[125, 65]",6.757154644412857,8.112679127304174,1.355524482891317
1174,3,"[76, 18]",6.8438858624864,8.179914860633255,1.3360289981468556
1175,2,"[72, 47]",6.850967507108282,8.181668155662813,1.3307006485545303
1184,4,"[126, 55]",7.5652753643336474,8.904084520690429,1.3388091563567812
1148,4,"[116, 28]",7.67166422960797,8.850108940949852,1.1784447113418821
1176,1,"[6, 45]",7.748168928537757,8.977457996237103,1.2292890676993462
1177,5,"[91, 12]",7.772725721054172,9.053974287867865,1.2812485668136926
1183,2,"[103, 53]",7.905589005225172,9.120014269443576,1.214425264218404
1185,1,"[86, 82]",7.960991042975568,9.19683564529069,1.2358446023151224
1149,4,"[51, 1]",7.974527801757578,9.27663315051209,1.3021053487545124
1182,3,"[123, 106]",8.028208259675683,9.434553064297663,1.4063448046219804
1226,5,"[65, 125]",8.112679127304174,9.468203610195491,1.355524482891317
1228,3,"[118, 18]",8.179914860633255,9.480763486286097,1.3008486256528418
1227,2,"[72, 47]",8.181668155662813,9.512368804217342,1.3307006485545294
1272,4,"[116, 28]",8.850108940949852,10.242816245810847,1.3927073048609948
1250,4,"[55, 126]",8.904084520690429,12.199614921709065,3.2955304010186364
1151,1,"[6, 45]",8.977457996237103,10.017625729603932,1.0401677333668289
1150,5,"[91, 12]",9.053974287867865,10.138107753820112,1.084133465952247
1237,2,"[103, 53]",9.120014269443576,10.33443953366198,1.214425264218404
2,1,"[86, 82]",9.19683564529069,10.812940229850108,1.6161045845594177
1225,4,"[51, 1]",9.27663315051209,10.933858075694259,1.6572249251821685
1229,3,"[76, 106]",9.434553064297663,10.87713572368377,1.4425826593861064
706,5,"[65, 125]",9.468203610195491,10.927999235840185,1.4597956256446931
1260,3,"[123, 18]",9.480763486286097,10.886028528095814,1.4052650418097166
1162,2,"[72, 47]",9.512368804217342,10.945431069281726,1.4330622650643843
1163,1,"[6, 45]",10.017625729603932,11.341475520832105,1.3238497912281737
1270,5,"[91, 12]",10.138107753820112,11.517913929809426,1.379806175989314
1128,4,"[116, 28]",10.242816245810847,11.849786271901458,1.606970026090611
1934,2,"[103, 53]",10.33443953366198,11.642282151596138,1.307842617934158
1937,1,"[86, 82]",10.812940229850108,12.143849827726305,1.3309095978761967
1275,3,"[118, 106]",10.87713572368377,12.386608128655014,1.5094724049712447
1131,3,"[76, 18]",10.886028528095814,12.427600505579015,1.5415719774832013
1933,5,[65],10.927999235840185,12.093030619741763,1.165031383901578
1160,4,"[51, 1]",10.933858075694259,12.709456240056268,1.775598164362009
1129,2,"[72, 47]",10.945431069281726,12.480854950855965,1.5354238815742391
1130,1,"[6, 45]",11.341475520832105,12.759886035589108,1.418410514757003
1159,5,"[125, 91]",11.517913929809426,13.038966627139292,1.521052697329866
1170,2,"[103, 53]",11.642282151596138,13.604046022816307,1.9617638712201693
1167,4,"[116, 28]",11.849786271901458,13.456756297992069,1.606970026090611
1161,5,"[12, 65]",12.093030619741763,13.61199572088021,1.5189651011384466
1171,1,"[86, 82]",12.143849827726305,14.14021416787746,1.996364340151155
1269,4,"[126, 55]",12.199614921709065,13.744394774167537,1.544779852458472
1158,3,"[123, 106]",12.386608128655014,14.009313731970094,1.6227056033150795
1924,3,"[118, 18]",12.427600505579015,13.948592781507603,1.520992275928588
1166,2,"[72, 47]",12.480854950855965,14.016278832430205,1.5354238815742391
1125,4,"[51, 1]",12.709456240056268,14.603427643598115,1.8939714035418476
1262,1,"[6, 45]",12.759886035589108,14.178296550346111,1.418410514757003
1244,5,"[91, 125]",13.038966627139292,14.560019324469158,1.521052697329866
1146,4,"[116, 28]",13.456756297992069,15.170857684697488,1.7141013867054191
1124,2,"[103, 53]",13.604046022816307,15.098723348181975,1.494677325365668
1127,5,"[12, 65]",13.61199572088021,15.232225186237851,1.6202294653576423
1187,4,"[126, 55]",13.744394774167537,15.392159974676854,1.6477652005093173
1188,3,"[18, 118]",13.948592781507603,15.549637326432947,1.6010445449253439
320,3,"[76, 106]",14.009313731970094,15.784800173565026,1.775486441594932
1147,2,"[72, 47]",14.016278832430205,15.654064330514299,1.637785498084094
1202,1,"[86, 82]",14.14021416787746,15.756318752436878,1.6161045845594177
1126,1,"[6, 45]",14.178296550346111,15.691267788631942,1.5129712382858305
1186,5,"[91, 125]",14.560019324469158,16.18247555913083,1.622456234661671
1208,4,"[51, 1]",14.603427643598115,16.615772286319803,2.012344642721688
1200,2,"[103, 53]",15.098723348181975,16.6868180272634,1.5880946790814239
1212,4,"[116, 28]",15.170857684697488,16.992090432017715,1.8212327473202272
1206,5,"[12, 65]",15.232225186237851,16.95371901581469,1.7214938295768398
1216,4,"[126, 55]",15.392159974676854,17.142910523237017,1.7507505485601627
1232,3,"[18, 118]",15.549637326432947,17.250747177782458,1.7011098513495106
1210,2,"[72, 47]",15.654064330514299,17.394211445108247,1.7401471145939489
1204,1,"[6, 45]",15.691267788631942,17.2987997504466,1.6075319618146597
1268,1,"[86, 82]",15.756318752436878,17.372423336996295,1.6161045845594177
323,0,[],15.784800173565026,15.784800173565026,0.0
1189,3,"[123, 106]",15.784800173565026,17.515686176226655,1.730886002661629
1214,5,"[91, 125]",16.18247555913083,17.906335331124307,1.723859771993478
1209,4,"[51, 1]",16.615772286319803,20.285341713111794,3.669569426791991
1254,2,"[103, 53]",16.6868180272634,18.27491270634482,1.588094679081422
329,5,"[12, 65]",16.95371901581469,18.270155388514745,1.3164363727000534
1213,4,"[116, 28]",16.992090432017715,20.31316171710324,3.3210712850855266
1217,4,"[55, 126]",17.142910523237017,20.335455453436737,3.1925449301997197
1927,3,"[18, 118]",17.250747177782458,18.961863547845674,1.7111163700632162
1203,1,"[6, 45]",17.2987997504466,20.230181390764294,2.931381640317692
14,1,"[132, 96]",17.372423336996295,19.56590541034298,2.1934820733466864
1205,1,"[86, 82]",17.372423336996295,20.31943740610563,2.9470140691093363
1201,2,"[72, 47]",17.394211445108247,20.567420702742055,3.1732092576338076
2253,3,"[76, 106]",17.515686176226655,19.40214054522453,1.8864543689978746
334,5,"[91, 125]",17.906335331124307,19.22458095379056,1.3182456226662538
324,5,"[12, 65]",18.270155388514745,20.09291334087778,1.822757952363034
1211,2,"[103, 53]",18.27491270634482,21.170849891998266,2.8959371856534446
1256,2,"[137, 92]",18.27491270634482,20.197152895928095,1.922240189583274
1261,3,"[18, 118]",18.961863547845674,20.763038467045128,1.801174919199454
325,5,"[91, 125]",19.22458095379056,21.049844021351028,1.825263067560467
17,3,"[123, 106]",19.40214054522453,21.6306561785426,2.2285156333180716
1926,1,[96],19.56590541034298,21.10074356939571,1.534838159052729
326,5,"[12, 65]",20.09291334087778,21.915671293240813,1.822757952363034
1257,2,"[92, 137]",20.197152895928095,22.012602183115266,1.815449287187171
1136,1,"[45, 6]",20.230181390764294,22.026834686911467,1.7966532961471735
1137,4,"[51, 1]",20.285341713111794,22.5344326930813,2.2490909799695054
1138,4,"[116, 28]",20.31316171710324,22.34865705794258,2.03549534083934
1139,1,"[86, 82]",20.31943740610563,22.12567186846092,1.8062344623552882
1140,4,"[126, 55]",20.335455453436737,22.29217657533052,1.9567211218937821
1141,2,"[47, 72]",20.567420702742055,22.512290928331186,1.9448702255891313
1465,3,"[76, 18]",20.763038467045128,22.612924668506583,1.8498862014614552
327,5,"[91, 125]",21.049844021351028,22.875107088911495,1.825263067560467
1143,1,"[96, 132]",21.10074356939571,23.123858133874137,2.0231145644784263
1235,2,"[103, 53]",21.170849891998266,22.945779167149063,1.7749292751507966
1142,3,"[118, 106]",21.6306561785426,23.679225880184347,2.048569701641746
328,5,"[12, 65]",21.915671293240813,23.738429245603847,1.822757952363034
1240,2,"[137, 92]",22.012602183115266,24.04163365700949,2.029031473894225
1264,1,"[45, 6]",22.026834686911467,23.82348798305864,1.7966532961471735
2269,1,"[86, 82]",22.12567186846092,23.931906330816208,1.8062344623552882
1120,4,"[126, 55]",22.29217657533052,24.351883045275148,2.0597064699446292
1121,4,"[116, 28]",22.34865705794258,24.49128375939673,2.142626701454148
1122,2,"[47, 72]",22.512290928331186,24.55952277043017,2.0472318420989843
1123,4,"[51, 1]",22.5344326930813,24.901896912230644,2.367464219149344
19,3,"[123, 18]",22.612924668506583,23.968001720117154,1.3550770516105715
330,5,"[91, 125]",22.875107088911495,24.700370156471962,1.825263067560467
1133,2,"[103, 53]",22.945779167149063,24.814125796015613,1.8683466288665507
1134,1,"[96, 132]",23.123858133874137,25.253452438995367,2.1295943051212305
1132,3,"[76, 106]",23.679225880184347,25.898583899107,2.2193580189226516
333,5,"[12, 65]",23.738429245603847,25.56118719796688,1.822757952363034
1164,1,"[45, 6]",23.82348798305864,25.714702002734644,1.8912140196760028
1165,1,"[86, 82]",23.931906330816208,25.833205788732567,1.901299457916359
1135,3,"[118, 18]",23.968001720117154,25.969307371452057,2.001305651334903
1191,2,"[92, 137]",24.04163365700949,26.177456287909717,2.1358226309002255
1219,4,"[55, 126]",24.351883045275148,26.411589515219777,2.0597064699446292
1220,4,"[116, 28]",24.49128375939673,26.633910460850878,2.142626701454148
1221,2,"[47, 72]",24.55952277043017,26.606754612529155,2.0472318420989843
332,5,"[91, 125]",24.700370156471962,27.539668476468083,2.8392983199961215
1224,2,"[103, 53]",24.814125796015613,26.682472424882164,1.8683466288665507
1230,4,"[51, 1]",24.901896912230644,27.269361131379988,2.367464219149344
1239,1,"[96, 132]",25.253452438995367,27.383046744116598,2.1295943051212305
1207,5,"[12, 65]",25.56118719796688,28.700381643746468,3.1391944457795873
1247,1,"[45, 6]",25.714702002734644,27.605916022410646,1.8912140196760028
2134,1,"[86, 82]",25.833205788732567,27.734505246648926,1.901299457916359
1190,3,"[123, 106]",25.898583899107,28.062191370193773,2.163607471086774
2135,3,"[76, 18]",25.969307371452057,28.024736674762995,2.0554293033109374
2137,3,"[118, 50]",25.969307371452057,28.241827441925967,2.2725200704739095
2138,2,"[92, 137]",26.177456287909717,28.313278918809942,2.1358226309002255
2143,4,"[55, 126]",26.411589515219777,28.471295985164407,2.0597064699446292
2146,2,"[47, 72]",26.606754612529155,28.65398645462814,2.0472318420989843
1168,4,"[116, 28]",26.633910460850878,28.88366839520933,2.2497579343584526
1169,2,"[103, 53]",26.682472424882164,28.644236296102335,1.961763871220171
1271,4,"[51, 1]",27.269361131379988,29.75519844859731,2.485837317217321
2270,1,"[96, 132]",27.383046744116598,29.61912066294692,2.2360739188303214
1215,5,"[91, 125]",27.539668476468083,30.683177287577212,3.143508811109129
2277,1,"[45, 6]",27.605916022410646,29.59169065289034,1.9857746304796926
1255,1,"[86, 82]",27.734505246648926,29.825934695687433,2.0914294490385075
1258,3,"[18, 76]",28.024736674762995,30.388480324565318,2.3637436498023234
1259,3,"[123, 106]",28.062191370193773,30.550339910359142,2.488148540165369
2250,3,"[118, 50]",28.241827441925967,30.85522546878986,2.6133980268638943
1816,2,"[115, 100]",28.313278918809942,28.58715472666457,0.2738758078546262
1817,4,"[44, 105]",28.471295985164407,28.755834596276106,0.2845386111116994
1827,2,"[115, 100]",28.58715472666457,28.861030534519195,0.2738758078546262
1830,5,"[3, 95]",28.700381643746468,28.996750070119973,0.2963684263735047
2276,5,"[12, 65]",28.700381643746468,30.826932688767094,2.1265510450206264
1831,4,"[44, 105]",28.755834596276106,29.040373207387805,0.2845386111116994
1828,2,"[115, 100]",28.861030534519195,29.13490634237382,0.2738758078546262
1826,5,"[3, 95]",28.996750070119973,29.39190796213746,0.39515789201748674
1823,4,"[44, 105]",29.040373207387805,29.41975801278128,0.3793848053934745
1829,2,"[115, 100]",29.13490634237382,29.408782150228447,0.2738758078546262
1682,5,"[3, 95]",29.39190796213746,29.885855319798928,0.4939473576614688
1974,2,"[115, 100]",29.408782150228447,29.682657958083073,0.2738758078546262
511,4,"[44, 105]",29.41975801278128,29.89398901245653,0.4742309996752496
1822,1,"[48, 60]",29.59169065289034,30.08349197638863,0.4918013234982901
1680,2,"[115, 100]",29.682657958083073,30.13911761970271,0.45645966161963614
2209,5,"[3, 95]",29.885855319798928,30.478592172545934,0.5927368527470058
1686,4,"[44, 105]",29.89398901245653,30.36822001213178,0.4742309996752496
1867,1,"[48, 60]",30.08349197638863,30.57529329988692,0.4918013234982901
1684,2,"[115, 100]",30.13911761970271,30.595577281322345,0.45645966161963614
1877,4,"[44, 105]",30.36822001213178,30.937297234355174,0.5690772222233953
893,3,"[19, 113]",30.388480324565318,31.09550248935608,0.7070221647907609
894,5,"[3, 95]",30.478592172545934,31.170118461495367,0.6915262889494329
1878,1,"[48, 60]",30.57529329988692,31.165454911535782,0.5901616116488633
1854,2,"[115, 100]",30.595577281322345,31.1433288970316,0.5477516157092559
2212,4,"[44, 105]",30.937297234355174,31.50637445657857,0.5690772222233953
1010,3,"[19, 113]",31.09550248935608,31.80252465414684,0.7070221647907609
891,2,"[115, 100]",31.1433288970316,31.782372412416244,0.6390435153846425
1923,1,"[48, 60]",31.165454911535782,31.804796608632646,0.6393416970968637
1012,5,"[3, 95]",31.170118461495367,31.8616447504448,0.6915262889494329
892,4,"[44, 105]",31.50637445657857,32.17029784481737,0.6639233882387998
1011,2,"[115, 100]",31.782372412416244,32.421415927800886,0.6390435153846425
1818,3,"[19, 113]",31.80252465414684,32.5095468189376,0.7070221647907609
1868,1,"[48, 60]",31.804796608632646,32.985119831930376,1.18032322329773
1815,5,"[3, 95]",31.8616447504448,32.55317103939423,0.6915262889494294
1819,4,"[44, 105]",32.17029784481737,32.83422123305617,0.6639233882387998
1896,2,"[115, 100]",32.421415927800886,32.87787558942052,0.4564596616196326
1820,3,"[19, 113]",32.5095468189376,33.216568983728365,0.7070221647907644
1825,5,"[3, 95]",32.55317103939423,33.24469732834366,0.6915262889494329
1858,4,"[44, 105]",32.83422123305617,33.49814462129497,0.6639233882387998
1915,2,"[115, 100]",32.87787558942052,33.51691910480516,0.6390435153846425
1821,1,"[48, 60]",32.985119831930376,33.67364167310252,0.6885218411721468
2203,3,"[19, 113]",33.216568983728365,33.92359114851913,0.7070221647907644
497,5,"[3, 95]",33.24469732834366,34.035013112378635,0.7903157840349735
1788,4,"[44, 105]",33.49814462129497,34.25691423208192,0.758769610786949
1846,2,"[115, 100]",33.51691910480516,34.247254574279424,0.7303354694742623
2206,1,"[48, 60]",33.67364167310252,34.36216351427467,0.6885218411721468
1847,3,"[19, 113]",33.92359114851913,34.73161650550968,0.808025356990548
1848,5,"[3, 95]",34.035013112378635,34.82532889641361,0.7903157840349735
1850,2,"[115, 100]",34.247254574279424,34.977590043753686,0.7303354694742623
1849,4,"[44, 105]",34.25691423208192,35.01568384286887,0.758769610786949
1852,1,"[48, 60]",34.36216351427467,35.14904564359739,0.78688212932272
1853,3,"[19, 113]",34.73161650550968,35.539641862500225,0.808025356990548
1855,5,"[3, 95]",34.82532889641361,35.61564468044858,0.7903157840349735
2235,5,"[65, 125]",34.82532889641361,35.868040075345654,1.042711178932045
1859,2,"[115, 100]",34.977590043753686,35.70792551322795,0.7303354694742623
2236,2,"[103, 53]",34.977590043753686,35.91176335818696,0.9341733144332736
1839,4,"[44, 105]",35.01568384286887,36.248684396798325,1.2330005539294575
2237,4,"[116, 28]",35.01568384286887,36.08699719359594,1.071313350727074
1860,1,"[48, 60]",35.14904564359739,35.93592777292011,0.78688212932272
2241,1,"[45, 86]",35.14904564359739,36.10128738318974,0.9522417395923526
1233,3,"[18, 118]",35.539641862500225,37.941208739531795,2.40156687703157
1862,3,"[19, 113]",35.539641862500225,36.34766721949077,0.808025356990548
1276,5,"[91, 12]",35.61564468044858,37.981026830704316,2.3653821502557335
1863,5,"[3, 95]",35.61564468044858,36.405960464483556,0.7903157840349735
1876,2,"[115, 100]",35.70792551322795,36.43826098270221,0.7303354694742623
2267,2,"[137, 92]",35.70792551322795,38.27091277215218,2.562987258924231
2162,5,"[65, 125]",35.868040075345654,38.47481802267577,2.606777947330116
2243,2,"[103, 53]",35.91176335818696,36.93935402633599,1.0275906681490312
3,1,"[6, 96]",35.93592777292011,38.91529542373706,2.979367650816947
1891,1,"[48, 60]",35.93592777292011,36.72280990224283,0.78688212932272
1879,4,"[44, 105]",36.248684396798325,37.007454007585274,0.758769610786949
1893,3,"[19, 113]",36.34766721949077,37.15569257648132,0.808025356990548
1035,5,"[3, 95]",36.405960464483556,37.295065625837836,0.88910516135428
1784,2,"[115, 100]",36.43826098270221,37.25988829743763,0.8216273147354158
1005,1,"[48, 60]",36.72280990224283,37.60805220246155,0.8852423002187209
510,4,"[44, 105]",37.007454007585274,37.86106972785489,0.853615720269616
1034,3,"[19, 113]",37.15569257648132,38.0647210052665,0.9090284287851773
1875,2,"[115, 100]",37.25988829743763,38.08151561217304,0.8216273147354158
1824,5,"[3, 95]",37.295065625837836,38.28296034116077,0.9878947153229376
1785,1,"[48, 60]",37.60805220246155,38.49329450268027,0.8852423002187209
696,4,"[116, 28]",37.86106972785489,40.75361582590219,2.8925460980472977
1009,4,"[44, 105]",37.86106972785489,38.714685448124506,0.853615720269616
1248,3,"[18, 123]",37.941208739531795,40.65136284275294,2.710154103221143
504,3,"[19, 113]",38.0647210052665,39.07475268645404,1.0100316811875416
1025,2,"[115, 100]",38.08151561217304,38.994434935412315,0.9129193232392723
487,5,"[3, 95]",38.28296034116077,39.369644551569245,1.086684210408471
1861,1,"[48, 60]",38.49329450268027,39.47689714967685,0.9836026469965802
496,4,"[44, 105]",38.714685448124506,39.663147447475005,0.9484619993504992
939,2,"[115, 100]",38.994434935412315,39.99864621274121,1.004211277328892
495,3,"[19, 113]",39.07475268645404,40.185787559841366,1.1110348733873252
941,5,"[3, 95]",39.369644551569245,40.456328761977716,1.086684210408471
1020,1,"[48, 60]",39.47689714967685,40.558860084824005,1.0819629351471534
1021,4,"[44, 105]",39.663147447475005,40.70645566937365,1.0433082218986485
940,2,"[115, 100]",39.99864621274121,41.0028574900701,1.004211277328892
1040,3,"[19, 113]",40.185787559841366,41.29682243322869,1.1110348733873252
942,5,"[3, 95]",40.456328761977716,41.54301297238619,1.086684210408471
1022,1,"[48, 60]",40.558860084824005,41.64082301997116,1.0819629351471534
1043,4,"[44, 105]",40.70645566937365,41.7497638912723,1.0433082218986485
1023,2,"[115, 100]",41.0028574900701,42.00706876739899,1.004211277328892
1842,3,"[19, 113]",41.29682243322869,42.407857306616016,1.1110348733873252
1041,5,"[3, 95]",41.54301297238619,42.62969718279466,1.086684210408471
1042,1,"[48, 60]",41.64082301997116,42.72278595511831,1.0819629351471534
1872,4,"[44, 105]",41.7497638912723,42.79307211317095,1.0433082218986485
1832,2,"[115, 100]",42.00706876739899,43.01128004472788,1.004211277328892
1869,3,"[19, 113]",42.407857306616016,43.51889218000334,1.1110348733873252
1851,5,"[3, 95]",42.62969718279466,43.71638139320313,1.086684210408471
1864,1,"[48, 60]",42.72278595511831,43.804748890265465,1.0819629351471534
1916,4,"[44, 105]",42.79307211317095,43.8363803350696,1.0433082218986485
1917,2,"[115, 100]",43.01128004472788,44.06113724468735,1.0498571999594688
947,3,"[19, 113]",43.51889218000334,44.73093024559045,1.2120380655871088
948,5,"[3, 95]",43.71638139320313,44.90185509869714,1.1854737054940117
949,1,"[48, 60]",43.804748890265465,44.98507211356319,1.1803232232977265
950,4,"[44, 105]",43.8363803350696,44.97453477951639,1.1381544444467906
1037,2,"[115, 100]",44.06113724468735,45.15664047610586,1.0955032314185118
1038,3,"[19, 113]",44.73093024559045,45.94296831117756,1.2120380655871088
1039,5,"[3, 95]",44.90185509869714,46.08732880419115,1.1854737054940117
1812,4,"[44, 105]",44.97453477951639,46.11268922396318,1.1381544444467906
1105,1,"[48, 60]",44.98507211356319,46.16539533686092,1.1803232232977265
1833,2,"[115, 100]",45.15664047610586,46.43472750687515,1.278087030769285
1834,3,"[19, 113]",45.94296831117756,47.35701264075908,1.4140443295815217
1813,5,"[3, 95]",46.08732880419115,47.272802509685164,1.1854737054940117
1856,4,"[44, 105]",46.11268922396318,47.25084366840997,1.1381544444467906
1814,1,"[48, 60]",46.16539533686092,47.345718560158645,1.1803232232977265
1857,2,"[115, 100]",46.43472750687515,47.53023073829366,1.0955032314185118
1870,4,"[44, 105]",47.25084366840997,48.38899811285676,1.1381544444467906
1866,5,"[3, 95]",47.272802509685164,48.458276215179175,1.1854737054940117
899,1,"[48, 60]",47.345718560158645,48.62440195435237,1.2786833941937275
1865,3,"[19, 113]",47.35701264075908,48.56905070634619,1.2120380655871088
1895,3,"[40, 133]",47.35701264075908,47.90708935435189,0.5500767135928086
900,2,"[115, 100]",47.53023073829366,48.717025814973326,1.1867950766796653
909,3,"[40, 133]",47.90708935435189,49.337288757233786,1.4301994028818967
903,4,"[44, 105]",48.38899811285676,49.62199866678622,1.2330005539294575
902,5,"[3, 95]",48.458276215179175,49.7425392979925,1.2842630828133252
901,3,"[19, 113]",48.56905070634619,49.88209184372793,1.313041137381738
904,1,"[48, 60]",48.62440195435237,49.9030853485461,1.2786833941937275
1894,2,"[115, 100]",48.717025814973326,49.17348547659296,0.4564596616196326
908,2,"[115, 100]",49.17348547659296,50.360280553272624,1.1867950766796653
1054,3,"[40, 133]",49.337288757233786,50.76748816011568,1.4301994028818967
905,4,"[44, 105]",49.62199866678622,50.854999220715676,1.2330005539294575
1223,4,"[116, 28]",49.62199866678622,52.621675997737825,2.999677330951606
906,5,"[3, 95]",49.7425392979925,51.026802380805826,1.2842630828133252
1892,3,"[19, 113]",49.88209184372793,51.195132981109666,1.313041137381738
697,1,"[45, 86]",49.9030853485461,52.664586484176766,2.7615011356306667
907,1,"[48, 60]",49.9030853485461,51.18176874273983,1.2786833941937275
704,2,"[92, 137]",50.360280553272624,53.457223469921914,3.09694291664929
1782,2,"[115, 100]",50.360280553272624,51.54707562995229,1.1867950766796653
705,3,"[18, 123]",50.76748816011568,53.67839446344862,2.9109063033329363
910,3,"[40, 133]",50.76748816011568,52.30770293194585,1.5402147718301649
707,4,"[51, 1]",50.854999220715676,54.28782245137172,3.432823230656041
1052,4,"[44, 105]",50.854999220715676,52.087999774645134,1.2330005539294575
1053,5,"[3, 95]",51.026802380805826,52.31106546361915,1.2842630828133252
1245,5,"[91, 65]",51.026802380805826,53.93412614862608,2.9073237678202517
1055,1,"[48, 60]",51.18176874273983,52.460452136933554,1.2786833941937275
2136,1,"[6, 96]",51.18176874273983,54.161136393556774,2.979367650816947
2144,3,"[76, 118]",51.195132981109666,54.42496158604605,3.2298286049363867
1841,2,"[115, 100]",51.54707562995229,52.733870706631954,1.1867950766796653
2145,2,"[103, 53]",51.54707562995229,54.2561783308985,2.709102700946211
2147,4,"[44, 55]",52.087999774645134,54.80725663625157,2.719256861606439
2148,3,"[106, 50]",52.30770293194585,55.59061817807735,3.282915246131502
509,5,"[3, 95]",52.31106546361915,53.69411804151802,1.3830525778988658
2149,5,"[125, 12]",52.31106546361915,55.28179071884602,2.970725255226867
2201,1,"[132, 82]",52.460452136933554,55.28953976568132,2.8290876287477644
2202,4,"[116, 28]",52.621675997737825,55.728484817014746,3.106808819276921
2266,1,"[45, 86]",52.664586484176766,55.52131170295382,2.8567252187770507
2271,2,"[115, 47]",52.733870706631954,55.905099408771235,3.171228702139281
2273,2,"[92, 137]",53.457223469921914,56.767748445973304,3.31052497605139
2274,3,"[18, 123]",53.67839446344862,56.79005272757813,3.1116582641295096
2275,5,"[3, 95]",53.69411804151802,56.756591564806136,3.0624735232881193
2159,1,"[6, 96]",54.161136393556774,57.14050404437372,2.979367650816947
2246,2,"[103, 53]",54.2561783308985,55.937690140971405,1.6815118100729052
2247,4,"[51, 126]",54.28782245137172,56.472096185772536,2.1842737344008185
935,3,"[19, 113]",54.42496158604605,55.839005915627574,1.4140443295815217
936,4,"[44, 105]",54.80725663625157,56.13510341272918,1.3278467764776067
2244,5,"[65, 125]",55.28179071884602,57.1586706669025,1.8768799480564837
938,1,"[48, 60]",55.28953976568132,56.66658344802562,1.3770436823443006
1056,3,"[40, 133]",55.59061817807735,57.130832949907514,1.5402147718301649
1059,3,"[19, 113]",55.839005915627574,57.253050245209096,1.4140443295815217
1084,2,"[115, 100]",55.905099408771235,57.18318643954052,1.278087030769285
1057,4,"[44, 105]",56.13510341272918,57.462950189206786,1.3278467764776067
1036,1,"[48, 60]",56.66658344802562,58.04362713036992,1.3770436823443006
937,5,"[3, 95]",56.756591564806136,58.139644142705,1.3830525778988658
1783,3,"[40, 133]",57.130832949907514,58.67104772173768,1.5402147718301649
1085,2,"[115, 100]",57.18318643954052,58.461273470309806,1.278087030769285
1095,3,"[19, 113]",57.253050245209096,58.66709457479062,1.4140443295815217
1086,4,"[44, 105]",57.462950189206786,58.79079696568439,1.3278467764776067
1092,1,"[48, 60]",58.04362713036992,59.42067081271422,1.3770436823443006
1093,5,"[3, 95]",58.139644142705,59.52269672060387,1.3830525778988658
1094,2,"[115, 100]",58.461273470309806,59.73936050107909,1.278087030769285
1890,3,"[19, 113]",58.66709457479062,60.08113890437214,1.4140443295815217
934,3,"[40, 133]",58.67104772173768,60.321277862516105,1.650230140778426
1087,4,"[44, 105]",58.79079696568439,60.118643742162,1.3278467764776067
1786,1,"[48, 60]",59.42067081271422,60.79771449505852,1.3770436823443006
1787,5,"[3, 95]",59.52269672060387,60.905749298502734,1.3830525778988658
1889,2,"[115, 100]",59.73936050107909,61.017447531848376,1.278087030769285
1076,3,"[19, 113]",60.08113890437214,61.59618642615345,1.5150475217813124
1918,4,"[44, 105]",60.118643742162,61.44649051863961,1.3278467764776067
1874,3,"[40, 133]",60.321277862516105,61.97150800329453,1.650230140778426
931,1,"[48, 60]",60.79771449505852,62.273118465553395,1.4754039704948738
932,5,"[3, 95]",60.905749298502734,62.38759137148713,1.4818420729843993
933,2,"[115, 100]",61.017447531848376,62.38682651670728,1.3693789848589049
1077,4,"[44, 105]",61.44649051863961,62.869183517665356,1.4226929990257489
1884,3,"[19, 113]",61.59618642615345,63.111233947934764,1.5150475217813124
1013,3,"[40, 133]",61.97150800329453,63.73175351302122,1.760245509726687
1078,1,"[48, 60]",62.273118465553395,63.74852243604827,1.4754039704948738
1873,2,"[115, 100]",62.38682651670728,63.756205501566185,1.3693789848589049
1079,5,"[3, 95]",62.38759137148713,63.86943344447154,1.4818420729844064
1883,4,"[44, 105]",62.869183517665356,64.2918765166911,1.4226929990257489
1871,3,"[19, 113]",63.111233947934764,64.72728466191586,1.616050713981096
896,3,"[40, 133]",63.73175351302122,65.60201439169617,1.870260878674955
911,1,"[48, 60]",63.74852243604827,65.32228669469372,1.573764258645447
913,2,"[115, 100]",63.756205501566185,65.21687644051471,1.4606709389485246
912,5,"[3, 95]",63.86943344447154,65.45006501254149,1.580631568069947
914,4,"[44, 105]",64.2918765166911,65.809415738265,1.517539221573898
1014,3,"[19, 113]",64.72728466191586,65.93932272750297,1.2120380655871088
492,2,"[115, 100]",65.21687644051471,66.76883933355286,1.5519628930381515
491,1,"[48, 60]",65.32228669469372,66.99441124148973,1.672124546796013
502,5,"[3, 95]",65.45006501254149,67.12948607569697,1.6794210631554876
1098,3,"[40, 133]",65.60201439169617,67.47227527037113,1.870260878674955
895,4,"[44, 105]",65.809415738265,67.42180118238704,1.6123854441220402
1102,3,"[19, 113]",65.93932272750297,67.65637663368385,1.7170539061808796
898,2,"[115, 100]",66.76883933355286,68.32080222659101,1.5519628930381515
2238,2,"[103, 53]",66.76883933355286,68.63718596241941,1.8683466288665471
897,1,"[48, 60]",66.99441124148973,68.66653578828574,1.672124546796013
1243,1,"[45, 86]",66.99441124148973,70.04158485359167,3.0471736121019433
1096,5,"[3, 95]",67.12948607569697,68.80890713885246,1.6794210631554876
1097,4,"[44, 105]",67.42180118238704,69.03418662650908,1.6123854441220402
953,3,"[40, 133]",67.47227527037113,69.45255125569733,1.9802759853262017
1108,3,"[19, 113]",67.65637663368385,69.37343053986473,1.7170539061808796
1099,2,"[115, 100]",68.32080222659101,69.87276511962916,1.5519628930381515
1100,1,"[48, 60]",68.66653578828574,70.33866033508176,1.672124546796013
1101,5,"[3, 95]",68.80890713885246,70.48832820200795,1.6794210631554876
1103,4,"[44, 105]",69.03418662650908,70.64657207063112,1.6123854441220402
954,3,"[19, 113]",69.37343053986473,71.19148739743508,1.8180568575703546
503,3,"[40, 133]",69.45255125569733,71.5428427411203,2.0902914854229664
1060,2,"[115, 100]",69.87276511962916,71.5160197491,1.6432546294708317
1062,1,"[48, 60]",70.33866033508176,72.1091449355192,1.7704846004374417
951,5,"[3, 95]",70.48832820200795,72.26653852471651,1.77821032270856
952,4,"[44, 105]",70.64657207063112,72.35380351117036,1.707231440539232
512,3,"[19, 113]",71.19148739743508,73.11054756761038,1.9190601701752996
1061,2,"[115, 100]",71.5160197491,73.15927437857083,1.6432546294708317
922,3,"[40, 133]",71.5428427411203,73.63313422654326,2.0902914854229664
514,1,"[48, 60]",72.1091449355192,73.97798994136178,1.8688450058425872
1063,5,"[3, 95]",72.26653852471651,74.04474884742507,1.77821032270856
1106,4,"[44, 105]",72.35380351117036,74.06103495170959,1.707231440539232
1045,3,"[19, 113]",73.11054756761038,75.02960773778568,1.9190601701752996
513,2,"[115, 100]",73.15927437857083,74.89382107095975,1.7345466923889177
1069,3,"[40, 133]",73.63313422654326,75.72342571196623,2.0902914854229664
919,1,"[48, 60]",73.97798994136178,75.84683494720437,1.8688450058425872
920,5,"[3, 95]",74.04474884742507,75.9217487829854,1.8769999355603346
921,4,"[44, 105]",74.06103495170959,75.86311272786244,1.8020777761528564
1090,4,"[43, 35]",74.06103495170959,76.2823498620819,2.221314910372314
1044,2,"[115, 100]",74.89382107095975,76.62836776334866,1.7345466923889177
1071,3,"[19, 113]",75.02960773778568,76.94866790796098,1.9190601701752996
2221,3,"[18, 123]",75.02960773778568,78.44239442174049,3.412786683954806
2222,3,"[76, 118]",75.72342571196623,79.51012129944097,3.786695587474739
1046,1,"[48, 60]",75.84683494720437,77.71567995304696,1.8688450058425872
1720,1,"[45, 86]",75.84683494720437,78.03699090286035,2.1901559556559818
1068,4,"[44, 105]",75.86311272786244,77.6651905040153,1.8020777761528564
2234,4,"[116, 28]",75.86311272786244,78.32713338345052,2.4640206555880724
331,5,"[65, 91]",75.9217487829854,80.73387091441488,4.812122131429476
1047,5,"[3, 95]",75.9217487829854,77.79874871854574,1.8769999355603346
2239,4,"[51, 126]",76.2823498620819,79.07336650139787,2.79101663931597
1070,2,"[115, 100]",76.62836776334866,78.36291445573758,1.7345466923889177
2245,2,"[103, 53]",76.62836776334866,78.77696634200035,2.1485985786516864
2248,3,"[19, 113]",76.94866790796098,79.27174072653025,2.3230728185692726
2150,4,"[44, 1]",77.6651905040153,81.159891608187,3.494701104171696
1088,1,"[48, 60]",77.71567995304696,79.58452495888955,1.8688450058425872
2254,1,"[6, 96]",77.71567995304696,81.31146837888772,3.595788425840766
1089,5,"[3, 95]",77.79874871854574,79.67574865410607,1.8769999355603346
2272,5,"[125, 12]",77.79874871854574,81.38410666729321,3.585357948747472
28,1,"[45, 86]",78.03699090286035,81.65550946790486,3.6185185650445106
1064,4,"[43, 35]",78.32713338345052,80.66535963423593,2.338226250785411
1091,2,"[115, 100]",78.36291445573758,80.0974611481265,1.7345466923889177
2240,3,"[18, 123]",78.44239442174049,80.85142034445155,2.4090259227110664
2233,2,"[47, 103]",78.77696634200035,81.1795471660935,2.4025808240931497
1066,3,"[19, 113]",79.27174072653025,81.29180408890534,2.020063362375083
1067,3,"[40, 133]",79.51012129944097,81.7104281538122,2.2003068543712345
1914,1,"[60, 48]",79.58452495888955,81.6009103383307,2.016385379441161
1838,5,"[3, 95]",79.67574865410607,82.4418538099038,2.7661051557977316
2242,2,"[53, 115]",80.0974611481265,82.38518354199395,2.2877223938674547
1027,4,"[43, 35]",80.66535963423593,83.1204970860653,2.4551374518293727
335,0,[],80.73387091441488,80.73387091441488,0.0
336,5,"[91, 65]",80.73387091441488,82.53841647468025,1.8045455602653675
1065,4,"[105, 44]",81.159891608187,83.056815606888,1.8969239987009985
2156,4,"[116, 28]",81.159891608187,86.19506415226743,5.035172544080439
1028,3,"[19, 113]",81.29180408890534,83.41287052307504,2.1210664341697054
337,5,"[125, 12]",81.38410666729321,83.22800486997157,1.8438982026783606
1843,1,"[48, 60]",81.6009103383307,83.66647580321987,2.0655654648891613
1058,3,"[40, 133]",81.7104281538122,84.0207502459832,2.310322092170992
1026,2,"[100, 115]",82.38518354199395,84.30231403373365,1.917130491739698
338,5,"[3, 95]",82.4418538099038,84.41764324054968,1.9757894306458752
339,5,"[91, 65]",82.53841647468025,85.34548755866699,2.8070710839867417
1942,4,"[44, 105]",83.056815606888,85.42797060526425,2.371154998376255
923,4,"[43, 35]",83.1204970860653,85.69254601767692,2.5720489316116186
341,5,"[125, 12]",83.22800486997157,86.09629118012292,2.8682863101513476
1887,3,"[19, 113]",83.41287052307504,85.53393695724475,2.1210664341697054
1885,1,"[48, 60]",83.66647580321987,85.73204126810903,2.0655654648891613
924,3,"[40, 133]",84.0207502459832,86.44108783825095,2.4203375922677566
1029,2,"[115, 100]",84.30231403373365,86.21944452547335,1.917130491739698
340,5,"[3, 95]",84.41764324054968,89.15953806252573,4.741894821976047
2289,4,"[44, 105]",85.42797060526425,87.6094331585442,2.1814625532799568
925,3,"[19, 113]",85.53393695724475,87.7560067040194,2.2220697467746504
1836,4,"[43, 35]",85.69254601767692,89.43370807468123,3.741162057004317
1886,1,"[48, 60]",85.73204126810903,87.79760673299819,2.0655654648891613
1888,2,"[115, 100]",86.21944452547335,88.13657501721305,1.917130491739698
2311,3,"[40, 133]",86.44108783825095,88.97144066831846,2.530352830067514
1072,4,"[44, 105]",87.6094331585442,89.88574204743779,2.276308888893581
1074,3,"[19, 113]",87.7560067040194,90.18008283519362,2.4240761311742176
1844,1,"[48, 60]",87.79760673299819,88.58448886232091,0.78688212932272
926,2,"[115, 100]",88.13657501721305,90.14499757187083,2.008422554657784
515,1,"[48, 60]",88.58448886232091,90.94513530891636,2.360646446595453
500,3,"[40, 133]",88.97144066831846,91.72182423628252,2.7503835679640503
508,5,"[108, 71]",89.15953806252573,92.08032153659113,2.920783474065402
1104,5,"[3, 95]",89.15953806252573,91.33290648334267,2.173368420816942
1880,4,"[43, 35]",89.43370807468123,90.71973254048704,1.2860244658058093
1075,4,"[44, 105]",89.88574204743779,92.16205093633137,2.276308888893581
1073,2,"[115, 100]",90.14499757187083,92.33600403470786,2.1910064628370236
1837,3,"[19, 113]",90.18008283519362,93.41218426315581,3.232101427962192
1048,4,"[43, 35]",90.71973254048704,93.64251535396882,2.922782813481774
505,1,"[48, 60]",90.94513530891636,93.40414192640782,2.459006617491454
1835,5,"[3, 95]",91.33290648334267,94.49416961948255,3.1612631361398797
1050,3,"[40, 133]",91.72182423628252,94.47220780424657,2.7503835679640503
1081,5,"[108, 71]",92.08032153659113,95.00110501065653,2.920783474065402
1051,4,"[44, 105]",92.16205093633137,94.53320593470762,2.371154998376255
506,2,"[115, 100]",92.33600403470786,94.61830234280603,2.282298308098177
1845,1,"[48, 60]",93.40414192640782,94.19102405573054,0.78688212932272
1082,3,"[19, 113]",93.41218426315581,95.93726346612466,2.525079202968854
2278,4,"[116, 51]",93.64251535396882,98.05987870124596,4.417363347277146
1080,1,"[48, 60]",94.19102405573054,96.65003067322199,2.459006617491454
2279,1,"[45, 86]",94.19102405573054,97.99999101409993,3.808966958369396
1948,3,"[40, 133]",94.47220780424657,97.22259137221062,2.7503835679640503
1083,5,"[3, 95]",94.49416961948255,96.96390640778989,2.469736788307344
2095,5,"[65, 125]",94.49416961948255,95.22406743230489,0.7298978128223439
1107,4,"[44, 43]",94.53320593470762,97.09080557448614,2.557599639778516
2098,4,"[28, 35]",94.53320593470762,95.38136737586917,0.848161441161551
702,2,"[92, 137]",94.61830234280603,98.99673863430753,4.378436291501501
1049,2,"[100, 115]",94.61830234280603,96.90060065090421,2.282298308098177
703,5,"[91, 12]",95.00110501065653,99.04196592944885,4.040860918792319
708,5,"[65, 125]",95.22406743230489,99.4991831664856,4.275115734180702
709,4,"[28, 1]",95.38136737586917,100.07942048143865,4.698053105569471
710,3,"[18, 123]",95.93726346612466,100.05268249149792,4.1154190253732565
1024,3,"[19, 113]",95.93726346612466,98.56334574088814,2.626082274763476
1947,1,"[48, 60]",96.65003067322199,99.10903729071345,2.459006617491454
2076,1,"[82, 132]",96.65003067322199,97.52802327531289,0.8779926020908988
1943,2,"[100, 115]",96.90060065090421,99.18289895900239,2.282298308098177
2077,2,"[103, 47]",96.90060065090421,97.80156834060166,0.9009676896974526
2061,5,"[3, 108]",96.96390640778989,98.0618251609822,1.0979187531923031
1840,4,"[44, 43]",97.09080557448614,100.46683705021144,3.3760314757252985
1949,3,"[40, 133]",97.22259137221062,98.15772181154809,0.9351304393374704
2071,1,"[82, 132]",97.52802327531289,98.50357070142059,0.9755474261076955
2058,2,"[103, 47]",97.80156834060166,98.90275119842144,1.1011828578197793
1950,4,"[35, 105]",98.05987870124596,98.9716917203276,0.9118130190816345
1951,5,"[3, 95]",98.0618251609822,98.90153569255993,0.8397105315777367
1969,3,"[40, 133]",98.15772181154809,98.48776785281862,0.33004604127053483
1970,3,"[40, 133]",98.48776785281862,98.81781389408916,0.33004604127053483
2059,1,"[82, 132]",98.50357070142059,99.57667289339791,1.073102191977327
1967,3,"[19, 113]",98.56334574088814,99.97739007046967,1.4140443295815288
1973,3,"[40, 133]",98.81781389408916,99.14785993535969,0.33004604127053483
1952,5,"[3, 95]",98.90153569255993,99.74124622413767,0.8397105315777367
1953,4,"[35, 105]",98.9716917203276,99.88350473940923,0.9118130190816345
1954,5,"[71, 108]",99.04196592944885,100.03503233848585,0.9930664090369987
2060,1,"[48, 60]",99.10903729071345,100.1910002258606,1.0819629351471605
1955,3,"[40, 133]",99.14785993535969,100.08299037469716,0.9351304393374704
494,2,"[115, 100]",99.18289895900239,101.73907302054096,2.55617406153857
1956,5,"[3, 95]",99.74124622413767,100.5809567557154,0.8397105315777367
1958,4,"[35, 105]",99.88350473940923,100.79531775849087,0.9118130190816345
1959,3,"[19, 113]",99.97739007046967,100.83591702356011,0.8585269530904469
1960,5,"[71, 108]",100.03503233848585,101.02809874752285,0.9930664090369987
1961,3,"[40, 133]",100.08299037469716,101.01812081403463,0.9351304393374704
963,1,"[48, 60]",100.1910002258606,102.9450875905492,2.7540873646886013
1962,4,"[44, 43]",100.46683705021144,101.3364209521273,0.8695839019158598
1957,5,"[3, 95]",100.5809567557154,101.42066728729314,0.8397105315777367
1963,3,"[19, 113]",100.83591702356011,101.69444397665056,0.8585269530904469
1972,3,"[40, 133]",101.01812081403463,103.43845840630239,2.4203375922677566
1975,5,"[71, 108]",101.02809874752285,104.47462330262955,3.4465245551067056
1964,4,"[44, 35]",101.3364209521273,102.22728591344128,0.8908649613139801
1966,4,"[105, 43]",101.3364209521273,102.4352543831319,1.098833431004607
1965,5,"[3, 95]",101.42066728729314,102.45795669127574,1.037289403982598
1968,3,"[19, 113]",101.69444397665056,103.96701525932252,2.2725712826719615
499,2,"[115, 100]",101.73907302054096,104.29524708207953,2.55617406153857
1976,4,"[44, 35]",102.22728591344128,105.31911133066615,3.091825417224868
1981,4,"[43, 105]",102.4352543831319,105.52245326034063,3.0871988772087207
1977,5,"[3, 95]",102.45795669127574,105.37224614858489,2.9142894573091525
965,1,"[48, 60]",102.9450875905492,105.69917495523781,2.7540873646886013
1978,3,"[40, 133]",103.43845840630239,106.68391106895936,3.245452662656973
1979,3,"[19, 113]",103.96701525932252,107.30011975907934,3.333104499756814
1980,3,"[22, 41]",103.96701525932252,106.95982843253253,2.99281317321001
964,2,"[100, 115]",104.29524708207953,106.8514211436181,2.55617406153857
1944,5,"[71, 108]",104.47462330262955,107.74590073787328,3.271277435243732
1971,5,"[3, 95]",105.37224614858489,108.33593029455369,2.9636841459687986
2066,5,"[65, 125]",105.37224614858489,106.51922847027032,1.146982321685428
1982,4,"[44, 105]",105.52245326034063,108.3204162036508,2.797962943310168
2310,4,"[35, 43]",105.52245326034063,108.91288143547479,3.3904281751341614
966,1,"[48, 60]",105.69917495523781,108.45326231992641,2.7540873646886013
2078,1,"[82, 132]",105.69917495523781,106.86983191308477,1.1706569578469583
1031,3,"[40, 133]",106.68391106895936,109.98437135051621,3.300460281556852
1945,2,"[100, 115]",106.8514211436181,109.40759520515667,2.55617406153857
2295,3,"[22, 41]",106.95982843253253,109.68056772021889,2.7207392876863565
2313,3,"[19, 113]",107.30011975907934,110.33021480264196,3.030095043562625
2314,5,"[71, 108]",107.74590073787328,111.25084090675178,3.504940168878491
1015,4,"[44, 105]",108.3204162036508,111.16580220170229,2.8453859980514977
1030,5,"[3, 95]",108.33593029455369,111.2996144405225,2.963684145968813
2079,5,"[65, 125]",108.33593029455369,109.5871837589925,1.251253464438804
498,1,"[48, 60]",108.45326231992641,111.30571009002016,2.8524477700937467
962,1,"[30, 10]",108.45326231992641,111.74559100359808,3.29232868367167
2089,4,"[116, 51]",108.91288143547479,110.238090492317,1.325209056842212
2315,4,"[43, 35]",108.91288143547479,112.42022081165291,3.5073393761781233
2062,2,"[92, 137]",109.40759520515667,110.69976793758889,1.2921727324322205
2299,2,"[100, 115]",109.40759520515667,112.05506132961332,2.647466124456656
2090,3,"[18, 123]",109.68056772021889,110.88508068157442,1.2045129613555332
2107,3,"[76, 40]",109.98437135051621,111.3194229800805,1.3350516295642905
961,3,"[19, 113]",110.33021480264196,113.76432261500372,3.434107812361759
501,3,"[133, 41]",110.88508068157442,114.03512176042598,3.150041078851558
959,4,"[44, 105]",111.16580220170229,114.39057308994637,3.2247708882440804
1016,5,"[71, 108]",111.25084090675178,112.88647962437365,1.6356387176218732
1946,5,"[3, 95]",111.2996144405225,113.91753553034127,2.617921089818765
1033,1,"[48, 60]",111.30571009002016,114.2565180310099,2.9508079409897476
1986,3,"[18, 123]",111.3194229800805,112.62431192183432,1.3048889417538163
2307,1,"[10, 30]",111.74559100359808,114.93503427025955,3.1894432666614705
984,2,"[0, 102]",112.05506132961332,114.03925678688583,1.9841954572725058
1032,2,"[100, 115]",112.05506132961332,114.79381929933113,2.7387579697178097
1019,4,"[43, 35]",112.42022081165291,113.94006781891578,1.519847007262868
996,3,"[40, 22]",112.62431192183432,114.57080006405413,1.9464881422198062
999,3,"[19, 113]",113.76432261500372,115.38037332898482,1.616050713981096
1004,5,"[108, 95]",113.91753553034127,116.14453844610897,2.2270029157676987
1017,5,"[3, 71]",113.91753553034127,115.66989544778961,1.752359917448345
983,3,"[133, 41]",114.03512176042598,116.16902052451675,2.133898764090773
988,2,"[102, 0]",114.03925678688583,116.232314851797,2.1930580649111704
1000,1,"[48, 60]",114.2565180310099,115.83028228965534,1.57376425864544
1003,4,"[35, 105]",114.39057308994637,116.5360154276075,2.145442337661123
1018,4,"[44, 43]",114.39057308994637,116.1297408937781,1.7391678038317337
987,3,"[40, 22]",114.57080006405413,116.61461252056912,2.043812456514999
960,2,"[115, 100]",114.79381929933113,117.89774508540742,3.1039257860762888
1988,1,"[82, 132]",114.93503427025955,116.20324587768182,1.2682116074222733
991,3,"[19, 113]",115.38037332898482,117.50143976315452,2.1210664341697054
992,1,"[48, 60]",115.83028228965534,117.8958477545445,2.0655654648891613
997,4,"[44, 43]",116.1297408937781,117.76660468762752,1.6368637938494146
993,5,"[71, 108]",116.14453844610897,118.4811652253613,2.3366267792523274
995,5,"[3, 95]",116.14453844610897,118.12032787675484,1.9757894306458752
979,3,"[133, 41]",116.16902052451675,119.01421895739351,2.8451984328767566
1990,1,"[10, 82]",116.20324587768182,117.52288804691344,1.3196421692316136
980,2,"[0, 102]",116.232314851797,119.15639235467313,2.9240775028761306
1992,2,"[103, 92]",116.232314851797,117.49578386666896,1.2634690148719585
1001,4,"[35, 105]",116.5360154276075,118.68145776526862,2.145442337661123
1993,3,"[18, 76]",116.61461252056912,117.95064151871598,1.3360289981468583
1994,2,"[103, 137]",117.49578386666896,118.75087518962587,1.2550913229569147
1995,3,"[123, 19]",117.50143976315452,118.85699067686912,1.3555509137145947
1991,1,"[132, 82]",117.52288804691344,118.79109965433571,1.2682116074222733
985,4,"[44, 43]",117.76660468762752,119.91498828747679,2.148383599849268
1996,1,"[10, 48]",117.8958477545445,119.24983698434053,1.3539892297960279
998,2,"[115, 100]",117.89774508540742,119.35841602435595,1.4606709389485246
994,3,"[113, 40]",117.95064151871598,120.04903391550003,2.0983923967840497
981,5,"[3, 95]",118.12032787675484,120.19490668472002,2.0745788079651817
1002,5,"[108, 71]",118.4811652253613,120.81779200461362,2.3366267792523274
989,4,"[35, 105]",118.68145776526862,120.93417211751013,2.2527143522415116
2005,1,"[60, 82]",118.79109965433571,120.03910707364842,1.2480074193127138
978,3,"[19, 22]",118.85699067686912,121.48745988615048,2.630469209281358
2007,3,"[18, 76]",119.01421895739351,120.35024795554037,1.3360289981468583
2009,2,"[103, 92]",119.15639235467313,120.41986136954509,1.2634690148719585
2006,1,"[132, 48]",119.24983698434053,120.54973845313395,1.299901468793422
990,2,"[115, 100]",119.35841602435595,121.27554651609564,1.917130491739698
2011,2,"[137, 47]",119.35841602435595,120.7926297031048,1.434213678748847
986,4,"[44, 43]",119.91498828747679,122.06337188732606,2.148383599849268
2010,1,"[10, 60]",120.03910707364842,121.39688284626962,1.3577757726211956
2021,3,"[123, 113]",120.04903391550003,121.41881731241872,1.3697833969186917
982,5,"[3, 95]",120.19490668472002,122.2694854926852,2.0745788079651817
2022,5,"[65, 125]",120.19490668472002,121.55043116761134,1.3555244828913118
2023,3,"[18, 76]",120.35024795554037,121.68627695368723,1.3360289981468583
2024,2,"[103, 92]",120.41986136954509,121.68333038441705,1.2634690148719585
2012,1,"[82, 48]",120.54973845313395,121.79454610052578,1.2448076473918235
2027,2,"[137, 47]",120.7926297031048,122.22684338185364,1.434213678748847
2028,5,"[12, 108]",120.81779200461362,122.26119609365308,1.4434040890394613
977,4,"[35, 105]",120.93417211751013,123.93779133908436,3.003619221574226
2032,4,"[116, 51]",120.93417211751013,122.36981515271613,1.4356430352059988
2088,2,"[115, 72]",121.27554651609564,122.47380995103444,1.198263434938795
2025,1,"[132, 60]",121.39688284626962,122.70027398866219,1.3033911423925701
2015,3,"[123, 113]",121.41881731241872,122.8939686919331,1.4751513795143723
2019,3,"[19, 40]",121.48745988615048,122.94113673393643,1.4536768477859567
2020,5,"[65, 125]",121.55043116761134,123.01022679325602,1.4597956256446878
2026,2,"[103, 92]",121.68333038441705,123.0439893502467,1.360658965829657
2063,3,"[18, 76]",121.68627695368723,123.12507744150226,1.4388004878150298
2014,1,"[48, 82]",121.79454610052578,123.13510820867424,1.340562108148461
2094,4,"[28, 44]",122.06337188732606,123.54103118507088,1.4776592977448217
2122,2,"[47, 137]",122.22684338185364,123.77138122008701,1.5445378382333672
2123,5,"[12, 108]",122.26119609365308,123.81563129700928,1.5544352033561921
2055,4,"[116, 51]",122.36981515271613,124.02632640794505,1.6565112552289207
2096,2,"[115, 72]",122.47380995103444,123.85642165744694,1.3826117064125043
2093,1,"[10, 60]",122.70027398866219,124.16249408021747,1.462220091555281
2099,3,"[123, 113]",122.8939686919331,124.47448805404315,1.5805193621100528
2100,3,"[19, 133]",122.94113673393643,124.52689200228556,1.585755268349132
1711,5,"[3, 65]",123.01022679325602,124.51371486807955,1.5034880748235224
2102,2,"[103, 92]",123.0439893502467,124.50183826703407,1.4578489167873698
2103,3,"[18, 76]",123.12507744150226,124.66664941898546,1.5415719774832013
2097,1,"[132, 48]",123.13510820867424,124.634994573836,1.4998863651617569
425,4,"[28, 44, 43]",123.54103118507088,125.5904379052016,2.049406720130719
2065,2,"[47, 137]",123.77138122008701,125.5365673772894,1.7651861572023932
2101,5,"[125, 12]",123.81563129700928,125.35221327504391,1.5365819780346328
2068,2,"[115, 72]",123.85642165744694,125.3312074995963,1.474785842149359
2131,4,"[35, 116]",124.02632640794505,125.7282399615695,1.7019135536244505
2132,4,"[51, 107]",124.02632640794505,125.99404423614449,1.96771782819944
2106,1,"[82, 60]",124.16249408021747,125.60250269378211,1.4400086135646433
1466,3,"[118, 106]",124.47448805404315,126.09177994405465,1.6172918900115008
2160,2,"[103, 53]",124.50183826703407,128.89245266669104,4.390614399656968
1467,5,"[91, 95]",124.51371486807955,125.99584839468967,1.4821335266101272
2125,5,"[108, 65]",124.51371486807955,126.09833161877492,1.5846167506953748
483,3,"[123, 19]",124.52689200228556,126.29953561957691,1.772643617291351
479,1,"[48, 10]",124.634994573836,126.4055959889478,1.7706014151117984
1741,3,"[18, 76]",124.66664941898546,126.413764375805,1.7471149568195443
1742,2,"[115, 92]",125.3312074995963,127.01850823632334,1.687300736727039
1763,5,"[125, 12]",125.35221327504391,127.09367289899645,1.7414596239525366
2052,2,"[47, 137]",125.5365673772894,127.41207769397631,1.8755103166869134
2053,4,"[28, 44]",125.5904379052016,127.38473856192013,1.7943006567185336
1676,1,"[132, 82]",125.60250269378211,127.26093336468291,1.658430670900799
427,4,"[116, 43]",125.7282399615695,127.59649000944387,1.868250047874369
430,4,"[51, 107]",125.99404423614449,128.20772655463347,2.213682318488978
441,3,"[113, 40]",126.09177994405465,127.98033292605679,1.888552982002139
440,5,"[3, 65]",126.09833161877492,127.90251714128205,1.804185522507126
465,3,"[123, 19]",126.29953561957691,128.1764521641559,1.8769165445789895
426,1,"[60, 48]",126.4055959889478,128.17608058938524,1.7704846004374417
467,3,"[18, 76]",126.413764375805,128.26365057726645,1.8498862014614446
470,2,"[115, 92]",127.01850823632334,128.80506174180596,1.7865535054826154
464,5,"[108, 12]",127.09367289899645,129.09223229490084,1.998559395904394
466,1,"[10, 82]",127.26093336468291,129.08813011199476,1.8271967473118451
475,4,"[28, 44]",127.38473856192013,129.2845860866527,1.8998475247325644
967,2,"[47, 137]",127.41207769397631,129.39791190711452,1.9858342131382045
970,4,"[116, 43]",127.59649000944387,129.46474005731824,1.868250047874369
471,5,"[125, 65]",127.90251714128205,129.77939708933852,1.8768799480564695
445,3,"[113, 133]",127.98033292605679,128.94191549327033,0.9615825672135401
474,1,"[132, 60]",128.17608058938524,129.98077591618087,1.8046953267956383
443,3,"[123, 19]",128.1764521641559,130.0533687087349,1.8769165445789895
1332,4,"[51, 107]",128.20772655463347,130.42140887312243,2.2136823184889636
1360,3,"[18, 76]",128.26365057726645,130.1135367787279,1.8498862014614588
1362,2,"[115, 72]",128.80506174180596,130.4641956356688,1.659133893862844
2161,2,"[103, 53]",128.89245266669104,131.60155536763725,2.709102700946204
1364,3,"[113, 40]",128.94191549327033,130.83046847527248,1.8885529820021532
1294,1,"[48, 82]",129.08813011199476,130.81170983487343,1.723579722878668
444,5,"[3, 12]",129.09223229490084,129.9790764999387,0.8868442050378746
1397,4,"[28, 44]",129.2845860866527,131.18443361138526,1.8998475247325644
969,2,[100],129.39791190711452,130.51529534130077,1.1173834341862516
971,4,[35],129.46474005731824,130.94911657921529,1.4843765218970475
972,5,[95],129.77939708933852,131.01500572291008,1.2356086335715588
442,5,"[108, 12]",129.9790764999387,131.97763589584312,1.9985593959044081
968,5,[3],129.9790764999387,131.18395467962264,1.2048781796839307
1366,1,"[10, 60]",129.98077591618087,131.8607730344579,1.879997118277032
2294,3,"[19, 133]",130.0533687087349,133.54203024869318,3.4886615399582865
2302,3,"[22, 41]",130.1135367787279,133.10634995193791,2.99281317321001
2300,4,"[43, 105]",130.42140887312243,133.97953643490655,3.5581275617841186
2301,2,"[115, 102]",130.4641956356688,133.95756652491613,3.4933708892473305
2304,2,"[100, 0]",130.51529534130077,133.66437086251918,3.149075521218407
486,1,"[30, 48]",130.81170983487343,134.01193025743575,3.2002204225623245
1435,1,"[82, 132]",130.81170983487343,132.56769503905522,1.7559852041817976
1484,3,"[18, 123]",130.83046847527248,132.63723767799056,1.8067692027180726
1666,4,"[116, 51]",130.94911657921529,132.93692990118325,1.9878133219679626
1673,5,"[65, 125]",131.01500572291008,132.89188567096656,1.8768799480564837
1675,4,"[28, 44]",131.18443361138526,133.08428113611782,1.8998475247325644
1531,2,"[103, 47]",131.60155536763725,133.40349074703215,1.8019353793949051
1534,1,"[60, 10]",131.8607730344579,133.74077015273494,1.879997118277032
1674,5,"[3, 12]",131.97763589584312,133.75132430591887,1.7736884100757493
1538,1,"[82, 132]",132.56769503905522,134.32368024323702,1.7559852041817976
1701,3,"[18, 123]",132.63723767799056,134.44400688070863,1.8067692027180726
1700,5,"[108, 65]",132.89188567096656,134.92924991051282,2.037364239546264
1797,4,"[116, 51]",132.93692990118325,134.9247432231512,1.9878133219679626
1803,4,"[28, 107]",133.08428113611782,135.22448600913415,2.14020487301633
1805,3,"[76, 113]",133.10634995193791,135.0505416738361,1.9441917218981928
1563,2,"[103, 47]",133.40349074703215,135.20542612642706,1.8019353793949051
1808,3,"[19, 133]",133.54203024869318,135.44493639427782,1.9029061455846374
1596,2,"[72, 92]",133.66437086251918,135.45200691082795,1.7876360483087694
1723,5,"[125, 12]",133.75132430591887,135.59522250859723,1.8438982026783606
1920,2,"[115, 137]",133.95756652491613,135.7320241635525,1.7744576386363633
1928,4,"[44, 35]",133.97953643490655,135.86607377220946,1.8865373373029115
1919,1,"[60, 48]",134.01193025743575,135.7824148578732,1.7704846004374417
2002,1,"[82, 10]",134.32368024323702,136.15087699054885,1.827196747311831
2031,1,"[132, 97]",134.32368024323702,136.35286628889003,2.029186045653006
2035,3,"[18, 123]",134.44400688070863,136.2507760834267,1.8067692027180726
2140,4,"[116, 51]",134.9247432231512,136.91255654511917,1.9878133219679626
1677,5,"[3, 65]",134.92924991051282,136.73343543301996,1.8041855225071401
2157,3,"[76, 113]",135.0505416738361,136.9947333957343,1.9441917218981928
2182,2,"[103, 47]",135.20542612642706,137.00736150582196,1.8019353793949051
2218,4,"[28, 107]",135.22448600913415,137.36469088215048,2.14020487301633
2223,3,"[19, 40]",135.44493639427782,137.31394934282565,1.8690129485478337
2255,2,"[72, 92]",135.45200691082795,137.23964295913672,1.7876360483087694
1678,5,"[108, 12]",135.59522250859723,137.59378190450164,1.9985593959044081
2262,2,"[115, 137]",135.7320241635525,137.50648180218886,1.7744576386363633
2264,1,"[48, 60]",135.7824148578732,137.55289945831063,1.7704846004374417
30,4,"[44, 43]",135.86607377220946,137.70754534211179,1.8414715699023247
1716,1,"[82, 10]",136.15087699054885,138.07958482289138,1.9287078323425249
1717,3,"[18, 123]",136.2507760834267,138.1579215058583,1.9071454224315971
1718,1,"[132, 97]",136.35286628889003,138.49478506435247,2.141918775462443
2260,5,"[125, 65]",136.73343543301996,138.61031538107645,1.8768799480564837
2141,4,"[116, 55]",136.91255654511917,141.378296045635,4.465739500515838
2158,3,"[118, 106]",136.9947333957343,139.15112258241632,2.15638918668202
2000,2,"[103, 47]",137.00736150582196,138.90940455878115,1.9020430529591863
2256,2,"[53, 72]",137.23964295913672,138.8610559614641,1.6214130023273867
2224,3,"[76, 50]",137.31394934282565,141.2963082028797,3.9823588600540347
2219,4,"[28, 1]",137.36469088215048,141.26063755983924,3.8959466776887552
2263,2,"[115, 92]",137.50648180218886,142.96539579730498,5.45891399511612
2265,1,"[45, 86]",137.55289945831063,142.79022902606857,5.237329567757939
1997,5,"[3, 12]",137.59378190450164,139.466008709678,1.8722268051763535
2220,5,"[91, 95]",137.59378190450164,140.95328465904944,3.3595027545478047
2016,4,"[51, 107]",137.70754534211179,140.04421019895833,2.3366648568465394
1528,1,"[48, 60]",138.07958482289138,141.62055402376626,3.5409692008748834
2029,3,"[18, 123]",138.1579215058583,140.0650669282899,1.9071454224315971
1576,1,"[77, 110]",138.49478506435247,142.19711097328542,3.7023259089329486
1679,5,"[125, 65]",138.61031538107645,140.48719532913293,1.8768799480564837
2257,2,"[53, 72]",138.8610559614641,141.72237294413702,2.8613169826729177
2080,2,"[103, 47]",138.90940455878115,140.81144761174033,1.9020430529591863
2081,3,"[19, 113]",139.15112258241632,141.07018275259162,1.9190601701752996
2082,5,"[12, 3]",139.466008709678,141.33823551485435,1.8722268051763535
2083,4,"[51, 107]",140.04421019895833,142.38087505580486,2.3366648568465394
2084,3,"[18, 123]",140.0650669282899,141.9722123507215,1.9071454224315971
2085,5,"[125, 65]",140.48719532913293,142.46834654424364,1.9811512151107138
2108,2,"[103, 47]",140.81144761174033,142.71349066469952,1.9020430529591863
2110,3,"[19, 113]",141.07018275259162,142.98924292276692,1.9190601701752996
2111,4,"[28, 44]",141.26063755983924,143.26603233005164,2.005394770212405
2225,3,"[118, 106]",141.2963082028797,143.9917946862322,2.6954864833525107
2109,5,"[12, 108]",141.33823551485435,143.44782615743486,2.109590642580514
2226,5,"[91, 3]",141.33823551485435,144.6559535592103,3.3177180443559564
2142,4,"[116, 1]",141.378296045635,143.40360098688998,2.025304941254973
2112,1,"[82, 132]",141.62055402376626,143.47409411011202,1.8535400863457596
2258,2,"[53, 72]",141.72237294413702,145.34670774337664,3.6243347992396195
478,3,"[18, 76]",141.9722123507215,144.02764165403244,2.0554293033109445
1708,1,"[77, 110]",142.19711097328542,144.25395889117792,2.0568479178924974
2037,4,"[51, 107]",142.38087505580486,144.84052230440255,2.4596472485976903
2163,5,"[125, 65]",142.46834654424364,149.14169818884943,6.673351644605788
1196,2,"[103, 137]",142.71349066469952,147.6373105586776,4.923819893978077
2018,1,"[48, 60]",142.79022902606857,144.85579449095775,2.0655654648891755
2105,2,"[47, 92]",142.96539579730498,145.2998910012306,2.334495203925627
2115,3,"[123, 19]",142.98924292276692,145.17897899502847,2.189736072261553
2116,4,"[28, 44]",143.26603233005164,145.4825212137579,2.216488883706262
2117,4,"[116, 35]",143.40360098688998,145.6373623912945,2.233761404404504
2118,5,"[12, 108]",143.44782615743486,145.77947889628948,2.331652738854615
2119,1,"[82, 132]",143.47409411011202,145.5227436119027,2.048649501790692
1761,3,"[113, 133]",143.9917946862322,146.34233011941615,2.35053543318395
1762,3,"[18, 76]",144.02764165403244,146.28861393667972,2.2609722826472876
1764,1,"[77, 110]",144.25395889117792,146.51649164989874,2.2625327587208233
507,5,[95],144.6559535592103,145.89156219278186,1.2356086335715588
1197,4,"[55, 1]",144.84052230440255,149.9830746728556,5.142552368453039
1198,1,"[45, 86]",144.85579449095775,149.7122272720659,4.85643278110814
1199,3,"[118, 123]",145.17897899502847,150.71583048005007,5.5368514850216
1006,2,"[115, 100]",145.2998910012306,148.49510863256805,3.1952176313374423
2259,2,"[53, 72]",145.34670774337664,147.5403840512798,2.1936763079031607
1922,4,"[44, 43]",145.4825212137579,149.06316070944783,3.5806394956899226
1940,1,"[48, 60]",145.5227436119027,148.96535287639074,3.442609264488027
2124,4,"[116, 28]",145.6373623912945,147.1372010567703,1.4998386654758065
2308,5,"[3, 71]",145.77947889628948,149.38727862513414,3.607799728844668
1765,5,"[12, 108]",145.89156219278186,148.33424617831258,2.4426839855307207
1766,3,"[18, 76]",146.28861393667972,148.549586219327,2.2609722826472876
1772,3,"[19, 113]",146.34233011941615,147.45336499280347,1.1110348733873252
1775,1,"[82, 132]",146.51649164989874,148.7602506834287,2.2437590335299546
1773,4,"[116, 28]",147.1372010567703,148.31564576811218,1.1784447113418821
1774,3,"[19, 113]",147.45336499280347,149.77643781137274,2.3230728185692726
2051,2,"[47, 72]",147.5403840512798,149.7923391263985,2.251955075118701
927,2,"[102, 0]",147.6373105586776,151.39683849210837,3.7595279334307747
1770,4,"[116, 28]",148.31564576811218,150.88679791202554,2.571152143913366
2261,5,"[91, 12]",148.33424617831258,153.75491339058402,5.420667212271439
1007,2,"[115, 100]",148.49510863256805,150.50353118722583,2.008422554657784
1771,3,"[18, 76]",148.549586219327,151.01610148131064,2.4665152619836306
928,1,"[30, 48]",148.96535287639074,152.45650215502906,3.491149278638318
929,1,"[60, 10]",148.96535287639074,152.72534711294477,3.7599942365540358
930,4,"[44, 43]",149.06316070944783,152.7461038492525,3.682943139804678
2164,5,"[125, 65]",149.14169818884943,154.8766096729757,5.734911484126258
2303,5,"[3, 95]",149.38727862513414,152.94369927055126,3.55642064541712
1985,3,"[19, 113]",149.77643781137274,152.09951062994202,2.3230728185692726
2013,2,"[103, 47]",149.7923391263985,152.0948122769274,2.302473150528897
2064,4,"[51, 107]",149.9830746728556,152.8116689501004,2.828594277244804
1008,2,"[115, 100]",150.50353118722583,151.1425747026105,0.6390435153846568
449,3,"[123, 40]",150.71583048005007,154.83702714088153,4.121196660831458
1277,0,[],150.71583048005007,150.71583048005007,0.0
1333,4,"[55, 1]",150.88679791202554,152.399313342795,1.5125154307694686
489,3,"[133, 22]",151.01610148131064,154.67824248884304,3.662141007532398
2001,2,"[115, 137]",151.1425747026105,153.50851853417282,2.3659438315623333
572,2,"[53, 92]",151.39683849210837,156.85461562382432,5.457777131715943
573,2,"[103, 72]",152.0948122769274,156.88559926104014,4.790786984112742
447,3,"[18, 76]",152.09951062994202,156.00482625722753,3.9053156272855176
574,4,"[116, 55]",152.399313342795,157.4351476332238,5.035834290428795
575,1,"[45, 86]",152.45650215502906,157.5033835564942,5.046881401465157
1436,1,"[6, 96]",152.72534711294477,154.26639929544797,1.5410521825031935
2309,1,"[48, 60]",152.72534711294477,156.26631631381966,3.5409692008748834
2232,4,"[28, 126]",152.7461038492525,157.4410021626139,4.694898313361392
2208,4,"[51, 1]",152.8116689501004,159.20382245469312,6.392153504592727
1282,5,"[3, 95]",152.94369927055126,153.9315939858742,0.9878947153229376
2211,2,"[115, 137]",153.50851853417282,158.8318920376704,5.323373503497578
1278,5,"[91, 12]",153.75491339058402,154.83904685653627,1.0841334659522488
1279,5,"[3, 95]",153.9315939858742,155.01827819628267,1.086684210408464
2214,1,"[6, 96]",154.26639929544797,159.81418725043687,5.547787954988905
1485,3,"[118, 106]",154.67824248884304,156.51117334893507,1.8329308600920342
2181,3,"[123, 50]",154.83702714088153,161.10850721038952,6.271480069507987
1280,5,"[91, 12]",154.83904685653627,155.92318032248852,1.0841334659522488
1281,5,"[125, 65]",154.8766096729757,156.0235919946611,1.1469823216854138
1283,5,"[3, 95]",155.01827819628267,156.10496240669113,1.086684210408464
1290,5,"[91, 12]",155.92318032248852,157.20442888930222,1.2812485668137015
2205,3,"[18, 76]",156.00482625722753,161.6572568413326,5.652430584105076
1287,5,"[125, 65]",156.0235919946611,157.69192990581254,1.6683379111514398
1288,5,"[3, 95]",156.10496240669113,157.68559397476108,1.580631568069947
1709,1,"[82, 77]",156.26631631381966,158.66917357433718,2.4028572605175214
1722,3,"[19, 113]",156.51117334893507,159.0362525519039,2.52507920296884
1725,2,"[47, 92]",156.85461562382432,159.63377670708886,2.7791610832645404
1745,2,"[103, 72]",156.88559926104014,159.1454043609002,2.2598050998600456
1289,5,"[91, 12]",157.20442888930222,158.78135028364278,1.576921394340559
576,4,"[116, 55]",157.4351476332238,162.4709819236526,5.035834290428795
2003,4,"[28, 107]",157.4410021626139,160.41350920629804,2.9725070436841463
577,1,"[45, 86]",157.5033835564942,162.55026495795937,5.046881401465157
1291,5,"[3, 95]",157.68559397476108,159.26622554283102,1.580631568069947
1284,5,"[125, 65]",157.69192990581254,159.56880985386903,1.8768799480564837
1729,1,"[82, 132]",158.66917357433718,160.76660063350417,2.0974270591669892
1285,5,"[91, 12]",158.78135028364278,160.555386661355,1.774036377712207
2008,2,"[115, 137]",158.8318920376704,161.2964167642831,2.4645247266126944
2030,3,"[19, 113]",159.0362525519039,161.56133175487275,2.52507920296884
1746,2,"[103, 72]",159.1454043609002,161.40520946076023,2.2598050998600456
2036,4,"[51, 44]",159.20382245469312,161.92260804237142,2.7187855876782976
1286,5,"[3, 95]",159.26622554283102,161.04443586553958,1.77821032270856
1724,5,"[125, 65]",159.56880985386903,162.69694339066515,3.1281335367961276
1726,2,"[47, 92]",159.63377670708886,162.4129377903534,2.7791610832645404
481,1,"[48, 60]",159.81418725043687,162.3715540388243,2.5573667883874407
955,4,"[43, 35]",160.41350920629804,164.85613902704267,4.442629820744628
2165,5,"[91, 12]",160.555386661355,165.97605387362643,5.420667212271439
956,1,"[30, 10]",160.76660063350417,164.67624083804657,3.9096402045423986
448,5,"[3, 108]",161.04443586553958,165.21652707531752,4.172091209777932
2183,3,"[118, 123]",161.10850721038952,168.05671322897896,6.948206018589445
957,2,"[115, 100]",161.2964167642831,164.76551014906093,3.4690933847778354
1754,2,"[103, 72]",161.40520946076023,163.52942616842395,2.12421670766372
958,3,"[19, 133]",161.56133175487275,165.57857838428075,4.0172466294079925
1739,3,"[18, 76]",161.6572568413326,164.32931483762633,2.6720579962937165
2004,4,"[28, 51]",161.92260804237142,165.21077601210135,3.288167969729926
482,1,"[82, 132]",162.3715540388243,165.00553213583282,2.6339780970085087
1727,2,"[47, 137]",162.4129377903534,165.1710411198832,2.7581033295298027
1743,4,"[116, 107]",162.4709819236526,165.24339919189697,2.772417268244368
578,1,"[45, 6]",162.55026495795937,167.561982290461,5.011717332501632
1752,5,"[125, 65]",162.69694339066515,165.30372133799528,2.60677794733013
2017,2,"[103, 72]",163.52942616842395,165.97001571937517,2.4405895509512163
2215,3,"[18, 76]",164.32931483762633,167.2069158132564,2.8776009756300596
974,1,"[48, 60]",164.67624083804657,165.7582037731937,1.0819629351471463
975,2,"[115, 100]",164.76551014906093,165.76972142638982,1.004211277328892
973,4,"[44, 43]",164.85613902704267,165.98148289293638,1.1253438658937114
1392,1,"[86, 96]",165.00553213583282,165.52313440567684,0.5176022698440192
1728,2,"[47, 137]",165.1710411198832,167.929144449413,2.7581033295298027
493,4,"[35, 105]",165.21077601210135,169.60893270200398,4.398156689902635
2379,4,"[116, 1]",165.24339919189697,165.85099069841698,0.6075915065200093
451,5,"[3, 65]",165.30372133799528,167.10790686050242,1.8041855225071401
2394,1,"[86, 96]",165.52313440567684,166.14425715417084,0.6211227484940025
976,3,"[19, 40]",165.57857838428075,166.72075309460539,1.142174710324639
2268,2,"[53, 92]",165.76972142638982,173.0810828830233,7.3113614566334775
2345,4,"[116, 1]",165.85099069841698,166.50921478018134,0.6582240817643594
1738,2,"[103, 72]",165.97001571937517,168.68178183920722,2.711766119832049
1747,5,"[125, 12]",165.97605387362643,168.53702383701747,2.560969963391045
2166,5,"[91, 95]",165.97605387362643,169.23674758505297,3.2606937114265406
2337,4,"[55, 51]",165.98148289293638,166.75093573586344,0.769452842927052
2343,1,"[82, 96]",166.14425715417084,166.80522370955532,0.6609665553844764
2353,1,"[86, 30]",166.14425715417084,166.81814202378476,0.6738848696139144
2383,4,"[116, 1]",166.50921478018134,167.21807149754883,0.708856717367496
2359,3,"[106, 50]",166.72075309460539,167.5697828717188,0.849029777113401
2360,4,"[55, 51]",166.75093573586344,167.5753495101821,0.824413774318657
1389,1,"[96, 82]",166.80522370955532,167.61872105045103,0.813497340895708
1999,1,"[48, 77]",166.81814202378476,169.77253132404041,2.954389300255656
455,5,"[65, 3]",167.10790686050242,168.91209238300956,1.8041855225071401
2216,3,"[18, 76]",167.2069158132564,171.62608901139592,4.419173198139532
2217,4,"[116, 1]",167.21807149754883,171.57247731439517,4.354405816846338
580,1,"[86, 45]",167.561982290461,172.9897600245117,5.427777734050693
579,3,"[106, 50]",167.5697828717188,175.0412448023569,7.471461930638128
2057,4,"[28, 51]",167.5753495101821,171.36938961441967,3.794040104237581
2072,1,"[82, 110]",167.61872105045103,170.614941713122,2.9962206626709644
1740,2,"[115, 47]",167.929144449413,170.64003368219738,2.710889232784382
2184,3,"[123, 118]",168.05671322897896,174.02782768722773,5.971114458248763
1753,5,"[125, 12]",168.53702383701747,171.09799380040852,2.560969963391045
2338,2,"[103, 72]",168.68178183920722,169.40491948193804,0.7231376427308192
1778,5,"[65, 3]",168.91209238300956,171.41790584104876,2.5058134580391993
1710,2,"[103, 72]",169.40491948193804,172.20707771955978,2.8021582376217395
516,0,[],169.60893270200398,169.60893270200398,0.0
2377,4,"[55, 126]",169.60893270200398,170.43281530225863,0.8238826002546489
2381,1,"[96, 6]",169.77253132404041,170.59442583362264,0.8218945095822221
2392,4,"[55, 126]",170.43281530225863,171.25669790251328,0.8238826002546489
2372,1,"[6, 96]",170.59442583362264,171.51905705739426,0.9246312237716268
2374,1,"[82, 30]",170.614941713122,171.46707824328783,0.8521365301658363
2387,2,"[47, 100]",170.64003368219738,171.5515066083643,0.9114729261669083
531,5,"[95, 71]",171.09799380040852,171.82916039713183,0.7311665967233125
1748,5,"[108, 12]",171.09799380040852,174.04031773418487,2.9423239337763505
2389,4,"[55, 126]",171.25669790251328,172.18356572805072,0.9268678255374425
2334,4,"[28, 51]",171.36938961441967,172.57083563235207,1.2014460179323976
1530,1,"[48, 77]",171.46707824328783,175.99714174309565,4.530063499807824
1537,1,"[60, 110]",171.51905705739426,176.2438187460456,4.724761688651341
1653,2,"[115, 47]",171.5515066083643,176.25720085874454,4.7056942503802475
480,4,"[116, 107]",171.57247731439517,174.8679921615964,3.2955148472012183
477,3,"[18, 76]",171.62608901139592,174.91477594569866,3.2886869343027456
529,5,"[3, 95]",171.82916039713183,172.81705511245477,0.9878947153229376
1730,4,"[44, 43]",172.18356572805072,175.45729331574955,3.273727587698829
1731,2,"[103, 137]",172.20707771955978,175.29653344311848,3.0894557235587
1732,4,"[28, 51]",172.57083563235207,176.61781180384347,4.046976171491394
530,5,"[71, 95]",172.81705511245477,173.86157883984762,1.044523727392857
2048,1,"[82, 132]",172.9897600245117,176.11151183457403,3.121751810062335
2049,2,"[72, 92]",173.0810828830233,176.25910286647803,3.178019983454732
526,5,"[3, 95]",173.86157883984762,175.2446314177465,1.3830525778988658
2185,3,"[123, 118]",174.02782768722773,179.9989421454765,5.971114458248763
2069,4,"[116, 107]",174.8679921615964,178.21581671680684,3.347824555210451
2070,3,"[18, 76]",174.91477594569866,178.2034628800014,3.2886869343027456
2034,3,[19],175.0412448023569,176.3712015937939,1.3299567914369845
540,5,"[71, 95]",175.2446314177465,176.70696461119311,1.462333193446625
541,5,"[108, 3]",175.2446314177465,176.7817176460393,1.5370862282928215
1734,2,"[103, 137]",175.29653344311848,178.19289814079556,2.896364697677086
1733,4,"[44, 35]",175.45729331574955,178.60152250278213,3.144229187032579
1744,1,"[77, 48]",175.99714174309565,179.19773015170594,3.2005884086102867
1984,1,"[82, 132]",176.11151183457403,179.3308182942117,3.2193064596376644
2067,1,"[60, 110]",176.2438187460456,179.63332171789418,3.3895029718485716
1296,2,"[53, 47]",176.25720085874454,177.31978267472275,1.0625818159782057
1348,2,"[72, 100]",176.25910286647803,177.1725309687303,0.9134281022522828
2340,3,"[106, 50]",176.3712015937939,177.50324129661175,1.132039702817849
1735,4,"[28, 51]",176.61781180384347,180.41185190808105,3.794040104237581
536,5,"[95, 3]",176.7817176460393,178.55992796874787,1.77821032270856
537,5,"[71, 108]",176.7817176460393,178.88468155238309,2.102963906343774
2363,2,"[72, 100]",177.1725309687303,178.0859590709826,0.9134281022522828
2364,2,"[53, 47]",177.31978267472275,178.38236449070095,1.0625818159782057
2382,3,"[106, 50]",177.50324129661175,178.6352809994296,1.132039702817849
695,2,"[115, 92]",178.0859590709826,184.14039086181998,6.054431790837384
1737,2,"[103, 72]",178.19289814079556,180.0007422206836,1.8078440798880422
698,3,"[18, 76]",178.2034628800014,184.47252215708926,6.269059277087848
699,4,"[116, 1]",178.21581671680684,184.39299669106046,6.177179974253619
701,2,"[53, 47]",178.38236449070095,184.86411346683235,6.481748976131399
525,5,"[95, 3]",178.55992796874787,180.4369279043082,1.8769999355603204
1736,4,"[107, 44]",178.60152250278213,181.17922672901616,2.577704226234033
1297,3,"[106, 50]",178.6352809994296,179.88052469951916,1.24524370008956
535,5,"[71, 108]",178.88468155238309,181.10447696481805,2.219795412434962
1298,1,"[86, 96]",179.19773015170594,180.33645517004396,1.1387250183380218
1319,1,"[45, 6]",179.3308182942117,180.37098602757854,1.040167733366843
1320,1,"[82, 30]",179.63332171789418,180.6748220405703,1.0415003226761144
1299,3,"[106, 50]",179.88052469951916,181.12576839960872,1.24524370008956
2186,3,"[123, 118]",179.9989421454765,183.58161076865758,3.5826686231810925
1357,2,"[103, 72]",180.0007422206836,180.9950564861732,0.9943142654896064
1300,1,"[86, 96]",180.33645517004396,181.47518018838198,1.1387250183380218
2354,1,"[45, 6]",180.37098602757854,181.41115376094538,1.040167733366843
2378,4,"[55, 126]",180.41185190808105,181.5446904911042,1.1328385830231582
528,5,"[3, 95]",180.4369279043082,182.41271733495407,1.9757894306458752
2393,1,"[82, 30]",180.6748220405703,181.7163223632464,1.0415003226761144
1433,2,"[103, 72]",180.9950564861732,182.0797629772084,1.0847064910351776
1434,3,"[106, 50]",181.12576839960872,182.48421609697002,1.3584476973612993
1438,4,"[51, 28]",181.17922672901616,182.69684283101583,1.5176161019996641
1442,1,"[45, 6]",181.41115376094538,182.54588221784104,1.1347284568956582
1443,1,"[86, 96]",181.47518018838198,182.71742568537,1.242245496988005
1301,4,"[55, 126]",181.5446904911042,182.47155831664165,0.9268678255374425
1451,1,"[82, 30]",181.7163223632464,182.85250455396027,1.1361821907138676
1503,2,"[103, 72]",182.0797629772084,183.34525381157883,1.2654908343704392
523,5,"[71, 95]",182.41271733495407,184.60621706286554,2.1934997279114725
532,5,"[108, 3]",182.41271733495407,184.71834661195223,2.305629276998161
1302,4,"[55, 126]",182.47155831664165,183.3984261421791,0.9268678255374425
1490,3,"[106, 50]",182.48421609697002,184.74829550260574,2.2640794056357265
1512,1,"[6, 45]",182.54588221784104,184.6262176845747,2.0803354667336578
1455,4,"[28, 51]",182.69684283101583,184.2144589330155,1.5176161019996641
1511,1,"[86, 96]",182.71742568537,184.99487572204603,2.2774500366760435
1463,1,"[82, 30]",182.85250455396027,183.98868674467414,1.1361821907138676
1464,2,"[103, 72]",183.34525381157883,184.429960302614,1.0847064910351776
1303,4,"[55, 126]",183.3984261421791,184.32529396771653,0.9268678255374425
2187,3,"[123, 118]",183.58161076865758,190.3126850417926,6.731074273135022
1468,1,"[82, 30]",183.98868674467414,185.124868935388,1.1361821907138676
1471,2,"[100, 0]",184.14039086181998,185.25182929406313,1.1114384322431476
1304,4,"[28, 51]",184.2144589330155,187.12322295262632,2.908764019610828
1474,4,"[55, 126]",184.32529396771653,185.56111789879054,1.235823931074009
700,4,"[116, 1]",184.39299669106046,185.2031186796342,0.8101219885737407
1509,2,"[103, 72]",184.429960302614,185.69545113698445,1.2654908343704392
1475,3,"[18, 76]",184.47252215708926,185.70577978808106,1.233257630991801
538,5,"[95, 71]",184.60621706286554,186.799716790777,2.1934997279114725
1478,1,"[45, 6]",184.6262176845747,185.76094614147036,1.1347284568956582
539,5,"[3, 108]",184.71834661195223,187.0239758889504,2.305629276998161
2350,3,"[106, 50]",184.74829550260574,186.10674319996704,1.3584476973612993
2357,2,"[53, 47]",184.86411346683235,186.13921169667407,1.275098229841717
2358,1,"[86, 96]",184.99487572204603,186.23712121903404,1.242245496988005
2369,1,"[82, 30]",185.124868935388,186.26105112610188,1.1361821907138676
2373,4,"[116, 1]",185.2031186796342,186.41830169267422,1.2151830130400185
2380,2,"[100, 0]",185.25182929406313,186.36326772630628,1.1114384322431476
2384,4,"[55, 126]",185.56111789879054,186.79694182986455,1.235823931074009
2388,2,"[103, 72]",185.69545113698445,186.78015762801962,1.0847064910351776
1498,3,"[18, 76]",185.70577978808106,188.78892374304746,3.0831439549664026
2356,1,"[45, 6]",185.76094614147036,186.94295490376786,1.1820087622974995
915,3,"[19, 40]",186.10674319996704,190.7792760045661,4.672532804599058
916,2,"[115, 102]",186.13921169667407,190.76279068510766,4.623578988433593
917,1,"[48, 60]",186.23712121903404,190.66333313051865,4.426211911484614
918,1,"[30, 10]",186.26105112610188,190.8908882685252,4.629837142423327
2204,2,"[53, 47]",186.36326772630628,192.9512747826998,6.588007056393536
2207,4,"[116, 1]",186.41830169267422,192.69674681741654,6.278445124742319
2210,2,"[103, 92]",186.78015762801962,192.80593296536568,6.025775337346062
2213,4,"[55, 126]",186.79694182986455,193.18203169026398,6.385089860399432
518,5,"[95, 71]",186.799716790777,189.30657383613342,2.506857045356412
1295,1,"[6, 96]",186.94295490376786,189.7168488812623,2.7738939774944527
524,5,"[3, 108]",187.0239758889504,189.6589810013176,2.6350051123672245
1305,4,"[51, 28]",187.12322295262632,189.90551908937184,2.782296136745515
1385,3,"[18, 106]",188.78892374304746,190.08551546388225,1.2965917208347832
527,5,"[95, 71]",189.30657383613342,191.9178831546156,2.6113093184821707
533,5,"[3, 108]",189.6589810013176,192.51356965491192,2.8545886535943055
1387,1,"[45, 6]",189.7168488812623,190.94613794896165,1.2292890676993409
1306,4,"[28, 51]",189.90551908937184,192.68781522611735,2.782296136745515
1444,3,"[18, 106]",190.08551546388225,191.38210718471703,1.2965917208347832
2188,3,"[123, 118]",190.3126850417926,194.54674838365526,4.234063341862651
1446,1,"[86, 96]",190.66333313051865,192.0090989827507,1.3457658522320344
1447,2,"[72, 100]",190.76279068510766,191.95024717447998,1.1874564893723232
1448,3,"[76, 50]",190.7792760045661,192.3019425289672,1.522666524401103
1449,1,"[82, 6]",190.94613794896165,192.17338611867194,1.2272481697102933
1472,1,"[45, 30]",190.94613794896165,192.179054846586,1.2329168976243636
1491,3,"[18, 106]",191.38210718471703,193.17738792834484,1.7952807436278135
534,5,"[95, 71]",191.9178831546156,194.6336447462235,2.715761591607901
1495,2,"[72, 100]",191.95024717447998,193.41173215986146,1.4614849853814746
1494,1,"[86, 96]",192.0090989827507,193.87246698142073,1.8633679986700429
1497,1,"[6, 82]",192.17338611867194,193.87265271996944,1.699266601297495
1473,1,"[45, 30]",192.179054846586,193.41197174421038,1.2329168976243636
1496,3,"[76, 50]",192.3019425289672,193.9417372797748,1.6397947508075958
522,5,"[3, 108]",192.51356965491192,195.58774211149753,3.0741724565856146
2344,4,"[28, 51]",192.68781522611735,194.33189921098233,1.6440839848649773
2371,4,"[116, 1]",192.69674681741654,194.01319498094523,1.3164481635286904
2375,2,"[103, 0]",192.80593296536568,193.99728717850041,1.19135421313473
2376,2,"[53, 47]",192.9512747826998,194.33263109280364,1.3813563101038255
2390,3,"[18, 106]",193.17738792834484,194.47397964917963,1.2965917208347832
2391,4,"[55, 126]",193.18203169026398,194.52084084662076,1.338809156356774
1356,2,"[72, 100]",193.41173215986146,194.69053148123683,1.2787993213753737
1375,1,"[45, 30]",193.41197174421038,194.73972842928072,1.3277566850703408
1450,1,"[86, 96]",193.87246698142073,195.32175331230275,1.4492863308820176
1453,1,"[6, 82]",193.87265271996944,195.19430462101238,1.3216519010429408
1462,3,"[76, 50]",193.9417372797748,195.5815320305824,1.6397947508075958
1469,2,"[103, 0]",193.99728717850041,195.28028404862548,1.2829968701250607
1477,4,"[116, 1]",194.01319498094523,195.4309084156802,1.4177134347349636
1507,4,"[28, 51]",194.33189921098233,196.1024512294742,1.770552018491884
2332,2,"[53, 47]",194.33263109280364,195.82024560983922,1.4876145170355812
2333,3,"[18, 106]",194.47397964917963,195.8703092221317,1.3963295729520837
2367,4,"[55, 126]",194.52084084662076,195.96263535102838,1.4417945044076248
2189,3,"[123, 118]",194.54674838365526,200.30073161413128,5.753983230476024
517,5,"[95, 71]",194.6336447462235,197.7672159284021,3.133571182178599
519,5,"[125, 65]",194.6336447462235,196.51052469427998,1.8768799480564837
2352,2,"[72, 100]",194.69053148123683,196.0150022730583,1.3244707918214544
2362,1,"[45, 30]",194.73972842928072,196.11490506460297,1.3751766353222479
2365,1,"[6, 82]",195.19430462101238,196.56315844399063,1.3688538229782523
1330,2,"[103, 0]",195.28028404862548,196.65492357574087,1.3746395271153915
1500,1,"[86, 96]",195.32175331230275,197.1851213109728,1.8633679986700429
1331,4,"[116, 1]",195.4309084156802,196.94988712162143,1.5189787059412367
1386,3,"[76, 50]",195.5815320305824,197.33845500779645,1.7569229772140602
1755,5,"[12, 3]",195.58774211149753,198.34681318044514,2.7590710689476055
1393,2,"[53, 47]",195.82024560983922,197.41411833380653,1.5938727239673085
1394,3,"[18, 106]",195.8703092221317,197.3663766472011,1.4960674250693842
1400,4,"[55, 126]",195.96263535102838,197.50741520348686,1.5447798524584755
1441,2,"[72, 100]",196.0150022730583,197.3851444264367,1.3701421533784242
1445,4,"[28, 51]",196.1024512294742,197.999471281593,1.8970200521187905
1454,1,"[45, 30]",196.11490506460297,197.53750153711928,1.422596472516318
1470,1,"[6, 82]",196.56315844399063,197.9792140763662,1.41605563237556
1502,2,"[103, 0]",196.65492357574087,198.02956310285626,1.3746395271153915
1508,4,"[116, 1]",196.94988712162143,198.46886582756267,1.5189787059412367
590,1,"[86, 96]",197.1851213109728,198.7896882981268,1.6045669871540156
591,3,"[76, 50]",197.33845500779645,199.1539420283999,1.815487020603456
428,3,[18],197.3663766472011,198.95781460676935,1.5914379595682533
429,2,[115],197.3851444264367,198.96043571018706,1.5752912837503459
431,2,[47],197.41411833380653,199.38061936791902,1.9665010341124969
432,4,[107],197.50741520348686,199.487838261638,1.980423058151132
1501,1,"[45, 30]",197.53750153711928,198.77041843474365,1.2329168976243636
520,5,"[108, 95]",197.7672159284021,198.99206755862227,1.2248516302201722
1757,5,"[125, 65]",197.7672159284021,200.89534946519822,3.1281335367961276
1749,1,[82],197.9792140763662,199.57834946546592,1.5991353890997289
1492,4,"[55, 51]",197.999471281593,199.3185333729177,1.319062091324696
1767,2,[103],198.02956310285626,199.54513476680273,1.5155716639464742
1756,5,"[12, 3]",198.34681318044514,200.71173137379083,2.3649181933456873
1493,4,"[116, 1]",198.46886582756267,200.69670131123019,2.227835483667519
1768,1,[77],198.77041843474365,200.46092959761125,1.6905111628676082
1776,1,[110],198.7896882981268,200.62210259473702,1.8324142966102102
1706,3,"[18, 19]",198.95781460676935,202.52488346262956,3.5670688558602137
456,2,"[72, 92]",198.96043571018706,202.73433433694788,3.7738986267608254
2167,5,"[91, 95]",198.99206755862227,205.1182192801478,6.126151721525531
457,3,"[76, 113]",199.1539420283999,203.25834710367957,4.104405075279658
458,4,"[28, 51]",199.3185333729177,204.12431744464732,4.805784071729619
459,2,"[47, 115]",199.38061936791902,203.2679320413501,3.887312673431069
460,4,"[107, 44]",199.487838261638,203.40594863634792,3.9181103747099257
461,2,"[103, 137]",199.54513476680273,203.21386333782388,3.6687285710211484
1750,1,"[82, 132]",199.57834946546592,200.60267421636127,1.024324750895346
2190,3,"[123, 118]",200.30073161413128,204.53479495599396,4.234063341862679
462,1,"[48, 77]",200.46092959761125,204.203155997643,3.74222640003174
1751,1,"[82, 132]",200.60267421636127,202.55376906857666,1.951094852215391
463,1,"[60, 110]",200.62210259473702,204.52516663034706,3.9030640356100434
1769,4,"[116, 43]",200.69670131123019,203.49907669236504,2.8023753811348513
1777,5,"[12, 3]",200.71173137379083,203.37226428257134,2.6605329087805103
1758,5,"[125, 65]",200.89534946519822,204.44056757300788,3.54521810780966
468,3,"[18, 40]",202.52488346262956,206.32371038557264,3.7988269229430784
469,1,"[82, 132]",202.55376906857666,206.26084924126818,3.7070801726915192
472,2,"[72, 92]",202.73433433694788,206.5082329637087,3.7738986267608254
473,2,"[103, 137]",203.21386333782388,206.88259190884503,3.6687285710211484
1649,3,"[76, 133]",203.25834710367957,207.5682612923202,4.309914188640619
1650,2,"[47, 115]",203.2679320413501,207.15524471478116,3.887312673431069
521,5,"[3, 71]",203.37226428257134,207.59854386662747,4.22627958405613
1658,4,"[107, 44]",203.40594863634792,207.32405901105784,3.9181103747099257
1659,4,"[116, 43]",203.49907669236504,207.44316044296363,3.944083750598594
1667,4,"[28, 51]",204.12431744464732,208.93010151637694,4.805784071729619
1668,1,"[48, 77]",204.203155997643,207.94538239767473,3.74222640003174
1759,5,"[125, 65]",204.44056757300788,206.10890548415932,1.6683379111514398
1669,1,"[60, 110]",204.52516663034706,208.4282306659571,3.9030640356100434
2193,3,"[123, 118]",204.53479495599396,208.33459506578862,3.79980010979466
2194,5,"[91, 12]",205.1182192801478,208.567734778866,3.449515498718199
2168,5,"[125, 65]",206.10890548415932,210.17547943003672,4.066573945877394
1688,1,"[82, 132]",206.26084924126818,209.9679294139597,3.7070801726915192
2191,3,"[18, 106]",206.32371038557264,211.8092909441604,5.48558055858777
1689,2,"[72, 92]",206.5082329637087,210.28213159046953,3.7738986267608254
1690,2,"[103, 137]",206.88259190884503,210.55132047986618,3.6687285710211484
1691,2,"[47, 115]",207.15524471478116,211.04255738821223,3.887312673431069
1660,4,"[107, 44]",207.32405901105784,211.139061069221,3.815002058163145
1661,4,"[116, 35]",207.44316044296363,211.48520502186958,4.042044578905944
1702,3,"[76, 19]",207.5682612923202,211.6289620945837,4.060700802263511
1760,5,"[3, 108]",207.59854386662747,209.35521389791157,1.7566700312841022
1670,1,"[48, 77]",207.94538239767473,211.58912901348836,3.643746615813626
2196,3,"[123, 118]",208.33459506578862,211.4830009745834,3.1484059087947855
1671,1,"[60, 110]",208.4282306659571,211.30417257404423,2.8759419080871282
2197,5,"[91, 12]",208.567734778866,211.03167442080755,2.4639396419415505
1703,4,"[28, 51]",208.93010151637694,213.73588558810656,4.805784071729619
446,5,"[3, 108]",209.35521389791157,213.5273051076895,4.172091209777932
1692,1,"[82, 132]",209.9679294139597,212.6994621605435,2.7315327465838095
2169,5,"[125, 65]",210.17547943003672,215.70184887725793,5.526369447221214
1693,2,"[72, 92]",210.28213159046953,213.06289898719956,2.7807673967300275
1694,2,"[103, 137]",210.55132047986618,213.25459415166165,2.703273671795472
2200,5,"[91, 12]",211.03167442080755,213.4956140627491,2.4639396419415505
1695,2,"[47, 115]",211.04255738821223,213.90689302948266,2.8643356412704293
1662,4,"[107, 44]",211.139061069221,212.99500794002918,1.8559468708081965
1704,1,"[60, 110]",211.30417257404423,215.20723660965427,3.9030640356100434
2199,3,"[123, 118]",211.4830009745834,214.19714391015103,2.7141429355676223
1663,4,"[116, 43]",211.48520502186958,213.24966361350698,1.764458591637407
1672,1,"[48, 77]",211.58912901348836,213.36176242928613,1.7726334157977703
1705,3,"[76, 113]",211.6289620945837,215.73336716986336,4.104405075279658
2192,3,"[18, 106]",211.8092909441604,216.59670689461728,4.787415950456875
1696,1,"[82, 132]",212.6994621605435,213.5774547626344,0.8779926020908988
1664,4,"[107, 44]",212.99500794002918,213.92298137543327,0.9279734354040841
1697,2,"[72, 92]",213.06289898719956,213.95671701135396,0.8938180241543989
1665,4,"[116, 35]",213.24966361350698,214.20698988439375,0.9573262708867674
1698,2,"[103, 137]",213.25459415166165,214.12350348040093,0.868909328739278
1712,1,"[48, 77]",213.36176242928613,217.10398882931787,3.74222640003174
2195,5,"[91, 12]",213.4956140627491,216.35378414139313,2.8581700786440365
450,5,"[3, 108]",213.5273051076895,215.50355868020068,1.9762535725111832
1714,1,"[82, 132]",213.5774547626344,217.28453493532592,3.7070801726915192
1789,4,"[28, 51]",213.73588558810656,218.54166965983617,4.805784071729619
1699,2,"[47, 115]",213.90689302948266,214.82757227306337,0.9206792435807074
1791,4,"[107, 44]",213.92298137543327,217.8410917501432,3.9181103747099257
1792,2,"[72, 92]",213.95671701135396,217.73061563811478,3.7738986267608254
1794,2,"[103, 137]",214.12350348040093,217.79223205142208,3.6687285710211484
1796,3,"[123, 19]",214.19714391015103,218.15952359970393,3.962379689552904
2153,4,"[116, 43]",214.20698988439375,218.15107363499234,3.944083750598594
1987,2,"[47, 115]",214.82757227306337,218.81718303994526,3.9896107668818956
1989,1,"[60, 110]",215.20723660965427,219.21301324983258,4.005776640178311
454,5,"[3, 125]",215.70184887725793,217.52674359345295,1.8248947161950184
2173,5,"[65, 95]",215.70184887725793,219.25538727270384,3.553538395445912
2033,3,"[76, 113]",215.73336716986336,220.05379361910877,4.320426449245417
2198,5,"[91, 12]",216.35378414139313,218.81772378333469,2.4639396419415505
1325,3,"[18, 118]",216.59670689461728,218.19775143954263,1.6010445449253439
5,1,"[48, 77]",217.10398882931787,220.8462152293496,3.74222640003174
1326,1,"[45, 6]",217.28453493532592,218.79750617361177,1.512971238285843
2170,5,"[125, 3]",217.52674359345295,221.48068285021392,3.9539392567609752
1337,2,"[53, 72]",217.73061563811478,219.2566513849467,1.5260357468319228
1795,2,"[100, 102]",217.79223205142208,219.01280407910312,1.220572027681044
1376,4,"[55, 1]",217.8410917501432,219.45444156700475,1.6133498168615574
2154,4,"[116, 126]",218.15107363499234,225.70181631370878,7.550742678716432
1377,3,"[123, 106]",218.15952359970393,219.89040960236557,1.7308860026616344
1390,3,"[18, 118]",218.19775143954263,219.79879598446797,1.6010445449253439
1798,4,"[44, 105]",218.54166965983617,219.67982410428297,1.1381544444467977
1439,1,"[45, 6]",218.79750617361177,220.3104774118976,1.512971238285843
1499,2,"[103, 47]",218.81718303994526,220.41890354956155,1.6017205096162854
1790,5,"[71, 108]",218.81772378333469,220.57019386777392,1.7524700844392385
1810,2,"[115, 100]",219.01280407910312,220.74735077149205,1.7345466923889319
1505,1,"[86, 96]",219.21301324983258,220.8693405380146,1.6563272881820126
2176,5,"[91, 65]",219.25538727270384,222.1627110405241,2.907323767820259
395,2,"[53, 72]",219.2566513849467,220.8780643872741,1.6214130023273867
1398,4,"[55, 1]",219.45444156700475,222.47947242854366,3.0250308615389088
396,4,"[28, 51]",219.67982410428297,221.82978022365558,2.149956119372604
1437,3,"[18, 118]",219.79879598446797,221.4999058358175,1.7011098513495142
1519,3,"[123, 106]",219.89040960236557,221.72947600437374,1.8390664020081715
2385,3,"[76, 50]",220.05379361910877,222.1035370925252,2.049743473416413
1510,1,"[45, 6]",220.3104774118976,221.6343272031258,1.3238497912281844
585,2,"[103, 47]",220.41890354956155,222.22083892895645,1.8019353793949051
2174,5,"[12, 95]",220.57019386777392,224.0629008667601,3.492706998986165
1811,2,"[115, 100]",220.74735077149205,221.9341458481717,1.1867950766796582
1322,1,"[82, 96]",220.8693405380146,222.69970935804653,1.8303688200319357
1323,1,"[86, 30]",220.8693405380146,222.60218721443675,1.732846676422156
1881,2,"[102, 0]",220.8780643872741,223.4888479164463,2.6107835291722097
2172,5,"[125, 3]",221.48068285021392,226.3470694046434,4.866386554429482
2291,3,"[19, 40]",221.4999058358175,226.58777498873812,5.087869152920632
2293,1,"[60, 48]",221.6343272031258,226.4539802672127,4.819653064086907
1371,3,"[18, 118]",221.72947600437374,223.5306509235732,1.8011749191994681
2312,4,"[44, 105]",221.82978022365558,226.856629001118,5.026848777462419
1532,2,"[53, 115]",221.9341458481717,228.22538209041005,6.291236242238341
1372,3,"[123, 106]",222.1035370925252,224.0507836359578,1.9472465434326125
2179,5,"[91, 65]",222.1627110405241,224.66902455105168,2.5063135105275762
586,2,"[103, 72]",222.22083892895645,222.8445451343627,0.6237062054062505
588,4,"[1, 55]",222.47947242854366,223.17522952429354,0.6957570957498831
1373,1,"[45, 6]",222.60218721443675,224.30427967432996,1.7020924598932083
1374,1,"[86, 96]",222.69970935804653,224.56307735671658,1.8633679986700429
583,2,"[103, 72]",222.8445451343627,223.7484671743067,0.9039220399440069
589,4,"[55, 1]",223.17522952429354,224.2844075308986,1.109178006605049
1882,2,"[100, 102]",223.4888479164463,224.81113417872334,1.3222862622770322
584,3,"[18, 118]",223.5306509235732,224.53130374924066,1.0006528256674585
582,2,"[103, 72]",223.7484671743067,224.8331736653419,1.0847064910351776
1430,3,"[123, 106]",224.0507836359578,225.9980301793904,1.9472465434326125
2177,5,"[12, 95]",224.0629008667601,226.55769158032163,2.4947907135615424
1476,4,"[55, 1]",224.2844075308986,226.09942587953645,1.8150183486378637
1481,1,"[45, 6]",224.30427967432996,226.00637213422317,1.7020924598932083
1482,3,"[18, 118]",224.53130374924066,226.33247866844013,1.8011749191994681
1520,1,"[86, 96]",224.56307735671658,226.42644535538662,1.8633679986700429
1713,5,"[65, 108]",224.66902455105168,228.5173796905067,3.848355139455009
1314,2,"[47, 100]",224.81113417872334,226.735354954896,1.9242207761726604
587,2,"[103, 72]",224.8331736653419,225.8274879308315,0.9943142654896064
1334,4,"[116, 28]",225.70181631370878,227.7373116545481,2.035495340839333
592,0,[],225.8274879308315,225.8274879308315,0.0
2087,3,"[123, 76]",225.9980301793904,230.58013013937227,4.582099959981861
4,1,"[45, 6]",226.00637213422317,227.99214676470285,1.985774630479682
655,4,"[51, 107]",226.09942587953645,228.31310819802542,2.2136823184889636
2091,3,"[18, 133]",226.33247866844013,230.50272560903858,4.170246940598446
2171,5,"[91, 125]",226.3470694046434,231.92426262818626,5.577193223542849
2092,1,"[82, 132]",226.42644535538662,230.4261897093927,3.999744354006083
1335,1,"[86, 96]",226.4539802672127,228.42086886793874,1.9668886007260369
2180,5,"[12, 95]",226.55769158032163,229.05248229388317,2.4947907135615424
2292,3,"[19, 40]",226.58777498873812,228.35295409776526,1.7651791090271445
1336,2,"[72, 100]",226.735354954896,228.4708683273975,1.735513372501515
1539,2,"[103, 47]",226.735354954896,233.44255929802907,6.707204343133071
620,4,"[55, 1]",226.856629001118,227.46163519746656,0.6050061963485689
629,4,"[55, 1]",227.46163519746656,228.16747571980525,0.7058405223386899
635,4,"[116, 28]",227.7373116545481,228.487230987286,0.7499193327379032
1350,1,"[45, 6]",227.99214676470285,229.78880006085004,1.7966532961471842
644,4,"[55, 1]",228.16747571980525,228.87331624214394,0.7058405223386899
1351,2,"[53, 0]",228.22538209041005,230.06402060965058,1.8386385192405328
645,4,"[51, 126]",228.31310819802542,229.1625480479185,0.8494398498930877
2355,3,"[118, 106]",228.35295409776526,230.40152379940702,2.0485697016417532
378,1,"[86, 96]",228.42086886793874,230.49127794731476,2.07040907937602
380,2,"[72, 100]",228.4708683273975,230.29772453190208,1.8268562045045655
656,4,"[116, 28]",228.487230987286,230.79055479351763,2.3033238062316173
1715,5,"[65, 3]",228.5173796905067,231.92528608902919,3.407906398522499
642,4,"[55, 1]",228.87331624214394,229.78082541646287,0.9075091743189319
643,5,"[12, 95]",229.05248229388317,229.9506068674927,0.8981245736095218
651,4,"[51, 126]",229.1625480479185,230.2546849151189,1.092136867200395
652,4,"[55, 1]",229.78082541646287,230.6883345907818,0.9075091743189319
397,1,"[45, 6]",229.78880006085004,231.68001408052604,1.8912140196759992
453,5,"[12, 108]",229.9506068674927,234.16978815265372,4.219181285161028
398,2,"[53, 0]",230.06402060965058,231.99942960155838,1.9354089919077921
648,4,"[51, 126]",230.2546849151189,231.46817043563172,1.213485520512819
1310,2,"[72, 100]",230.29772453190208,232.12458073640664,1.8268562045045655
1318,3,"[118, 106]",230.40152379940702,232.55791298608904,2.15638918668202
1321,1,"[82, 96]",230.49127794731476,232.52502126924887,2.033743321934111
1328,1,"[86, 30]",230.49127794731476,232.41666332185792,1.9253853745431684
1329,3,"[18, 50]",230.50272560903858,232.59645675770577,2.093731148667189
1349,3,"[123, 76]",230.58013013937227,232.8153009035494,2.235170764177127
593,4,"[55, 1]",230.6883345907818,231.74709534423886,1.058760753457051
594,4,"[116, 28]",230.79055479351763,231.91543376069686,1.124878967179228
595,4,"[51, 126]",231.46817043563172,232.7423301743067,1.2741597386749675
1353,1,"[45, 6]",231.68001408052604,233.57122810020203,1.8912140196759992
596,4,"[55, 1]",231.74709534423886,232.8058560976959,1.058760753457051
603,4,"[116, 28]",231.91543376069686,233.04031272787608,1.124878967179228
2175,5,"[91, 125]",231.92426262818626,233.95233289129274,2.0280702631064855
452,5,"[65, 3]",231.92528608902919,235.73412249745417,3.8088364084249804
1354,2,"[53, 0]",231.99942960155838,233.93483859346617,1.9354089919077921
1355,2,"[72, 100]",232.12458073640664,233.9514369409112,1.8268562045045655
1381,1,"[86, 96]",232.52502126924887,234.5954303486249,2.07040907937602
1382,1,"[82, 30]",232.52502126924887,234.4186581785256,1.8936369092767222
1388,3,"[118, 106]",232.55791298608904,234.71430217277106,2.15638918668202
1395,3,"[18, 50]",232.59645675770577,234.69018790637296,2.093731148667189
604,4,"[51, 126]",232.7423301743067,234.01648991298165,1.2741597386749675
626,4,"[55, 1]",232.8058560976959,234.01586849039305,1.2100123926971378
1431,3,"[123, 76]",232.8153009035494,235.05047166772653,2.235170764177127
627,4,"[116, 28]",233.04031272787608,234.32588879983277,1.285576071956683
1440,2,"[103, 47]",233.44255929802907,235.44470990521503,2.0021506071859676
1461,1,"[45, 6]",233.57122810020203,235.46244211987803,1.8912140196759992
1487,2,"[53, 0]",233.93483859346617,235.87024758537396,1.9354089919077921
1513,2,"[72, 100]",233.9514369409112,235.77829314541577,1.8268562045045655
2178,5,"[91, 125]",233.95233289129274,236.48742072017586,2.535087828883121
628,4,"[55, 1]",234.01586849039305,235.22588088309018,1.2100123926971378
630,4,"[51, 126]",234.01648991298165,235.47267259546052,1.4561826824788682
632,5,"[12, 95]",234.16978815265372,235.36728774274764,1.197499590093912
633,4,"[116, 28]",234.32588879983277,235.61146487178945,1.285576071956683
376,1,"[86, 30]",234.5954303486249,236.61708490008567,2.0216545514607844
1514,1,"[82, 96]",234.5954303486249,236.629173670559,2.033743321934111
377,3,"[18, 50]",234.69018790637296,236.88860551263662,2.1984176062636607
1293,3,"[118, 106]",234.71430217277106,236.97851071596253,2.2642085431914722
1352,3,"[123, 76]",235.05047166772653,237.39740086353126,2.3469291958047336
634,4,"[55, 1]",235.22588088309018,236.43589327578732,1.2100123926971378
636,5,"[12, 95]",235.36728774274764,236.56478733284155,1.197499590093912
1458,2,"[103, 47]",235.44470990521503,237.54696794729034,2.102258042075306
2074,1,"[60, 77]",235.46244211987803,239.60952228109753,4.147080161219492
653,4,"[51, 126]",235.47267259546052,237.0502037142637,1.577531118803165
618,4,"[116, 28]",235.61146487178945,237.0577379208131,1.4462730490236595
654,5,"[65, 71]",235.73412249745417,237.1660266841076,1.4319041866534405
2075,2,"[72, 115]",235.77829314541577,239.64960574756262,3.871312602146844
488,2,"[100, 102]",235.87024758537396,241.15939263448206,5.2891450491081
631,4,"[55, 1]",236.43589327578732,237.8475743204647,1.4116810446773798
637,5,"[91, 125]",236.48742072017586,237.90706988017394,1.4196491599980732
639,5,"[12, 95]",236.56478733284155,237.96187010864384,1.3970827758022892
1429,1,"[45, 86]",236.61708490008567,238.71201677259526,2.0949318725095907
1452,1,"[6, 96]",236.629173670559,238.88938358721907,2.2602099166600738
1460,3,"[18, 50]",236.88860551263662,239.19170982608895,2.3031043134523372
1506,3,"[118, 106]",236.97851071596253,239.35053887272505,2.372028156762525
641,4,"[51, 126]",237.0502037142637,238.74908341404986,1.6988796997861755
624,4,"[116, 28]",237.0577379208131,238.61114233045157,1.5534044096384605
601,5,"[65, 71]",237.1660266841076,238.7570313078466,1.5910046237389963
1515,3,"[123, 76]",237.39740086353126,239.85608875741673,2.458687893885468
602,4,"[55, 1]",237.8475743204647,239.36008975123417,1.5125154307694686
606,5,"[91, 125]",237.90706988017394,239.52952611483562,1.6224562346616835
608,5,"[12, 95]",237.96187010864384,239.55853618911542,1.5966660804715787
609,4,"[116, 28]",238.61114233045157,240.32524371715698,1.7141013867054085
944,1,"[48, 30]",238.71201677259526,243.85176498321835,5.1397482106230825
622,4,"[51, 126]",238.74908341404986,240.99403151127157,2.244948097221709
623,5,"[65, 71]",238.7570313078466,240.71927024263803,1.9622389347914293
946,3,"[19, 40]",239.19170982608895,244.69491532733116,5.503205501242206
2113,3,"[18, 113]",239.35053887272505,243.63360425558292,4.28306538285787
638,4,"[55, 1]",239.36008975123417,241.32635997951996,1.9662702282857936
640,5,"[91, 125]",239.52952611483562,241.5068947905998,1.9773686757641826
614,5,"[12, 95]",239.55853618911542,241.60426452665152,2.0457283375361044
945,1,"[10, 60]",239.60952228109753,245.14507006403832,5.535547782940796
2114,1,"[82, 132]",239.60952228109753,243.90193104900683,4.292408767909308
943,2,"[0, 115]",239.64960574756262,244.6037642427026,4.954158495139978
1315,2,"[103, 53]",239.64960574756262,241.7982043262143,2.148598578651672
1316,3,"[123, 118]",239.85608875741673,242.35310020637078,2.497011448954055
616,4,"[116, 28]",240.32524371715698,242.5214360350633,2.196192317906309
611,5,"[65, 71]",240.71927024263803,242.94667661471928,2.227406372081248
617,4,"[51, 126]",240.99403151127157,243.54235098862148,2.5483194773499065
1344,2,"[47, 72]",241.15939263448206,243.51370920408607,2.354316569604009
597,4,"[55, 1]",241.32635997951996,243.5447159927301,2.2183560132101263
598,5,"[91, 125]",241.5068947905998,243.7377721283699,2.230877337770096
599,5,"[12, 95]",241.60426452665152,243.79968040217003,2.1954158755185063
1345,2,"[103, 53]",241.7982043262143,243.94680290486596,2.148598578651672
1346,3,"[123, 118]",242.35310020637078,244.85011165532484,2.497011448954055
600,4,"[116, 28]",242.5214360350633,244.87832545774705,2.3568894226837642
605,5,"[65, 71]",242.94667661471928,245.2801501134465,2.3334734987272157
1347,2,"[47, 72]",243.51370920408607,245.86802577369008,2.354316569604009
607,4,"[51, 126]",243.54235098862148,246.21201919161317,2.669668202991687
613,4,"[55, 1]",243.5447159927301,245.81348913888428,2.2687731461541887
1378,3,"[18, 76]",243.63360425558292,245.99734790538525,2.3637436498023305
615,5,"[91, 125]",243.7377721283699,246.0193511743647,2.281579045994789
619,5,"[12, 95]",243.79968040217003,246.19467958235782,2.3949991801877957
1399,1,"[45, 86]",243.85176498321835,246.04192093887434,2.190155955655996
2335,1,"[6, 96]",243.90193104900683,246.2648776798563,2.3629466308494784
382,2,"[103, 53]",243.94680290486596,246.18881894859553,2.2420160437295635
1324,2,"[100, 0]",244.6037642427026,246.82664110718886,2.222876864486267
1488,3,"[106, 50]",244.69491532733116,247.41181072205373,2.7168953947225702
375,3,"[123, 118]",244.85011165532484,247.56425459089246,2.7141429355676223
621,4,"[116, 28]",244.87832545774705,247.6101744510169,2.7318489932698355
379,1,"[82, 30]",245.14507006403832,247.51211620063424,2.367046136595917
1109,0,[],245.14507006403832,245.14507006403832,0.0
1114,5,"[3, 71]",245.2801501134465,246.2078699577042,0.9277198442576946
1921,4,"[44, 35]",245.81348913888428,252.31156259218022,6.4980734532959445
1540,2,"[47, 115]",245.86802577369008,251.69899466188832,5.830968888198242
381,3,"[18, 76]",245.99734790538525,248.56663453452393,2.5692866291386736
1541,1,"[45, 86]",246.04192093887434,251.46969867292503,5.427777734050693
1542,2,"[103, 53]",246.18881894859553,251.5136066626858,5.324787714090263
1110,5,"[108, 3]",246.2078699577042,247.41558061239215,1.2077106546879577
1111,5,"[95, 71]",246.2078699577042,247.35684608273974,1.1489761250355457
1793,4,"[43, 105]",246.21201919161317,252.80502027665474,6.593001085041578
1568,1,"[60, 77]",246.2648776798563,251.8930579659155,5.628180286059177
1577,2,"[100, 33]",246.82664110718886,252.50949191746952,5.682850810280655
1313,3,"[106, 50]",247.41181072205373,250.24190997909838,2.830099257044651
1112,5,"[3, 95]",247.41558061239215,248.5022648228006,1.086684210408464
1113,5,"[71, 108]",247.41558061239215,248.7007253688357,1.2851447564435432
1338,5,"[91, 12]",247.41558061239215,249.8795202543337,2.4639396419415505
1592,1,"[48, 110]",247.51211620063424,253.35065495451664,5.838538753882403
2341,3,"[123, 118]",247.56425459089246,250.27839752646008,2.7141429355676223
2361,4,"[116, 1]",247.6101744510169,250.19243820282995,2.582263751813059
1432,5,"[125, 65]",248.5022648228006,251.21331378858324,2.7110489657826236
1651,3,"[18, 76]",248.56663453452393,254.52737971014665,5.960745175622719
1480,5,"[95, 71]",248.7007253688357,251.4164869604436,2.715761591607901
2366,5,"[91, 12]",249.8795202543337,252.44201738796107,2.5624971336273745
1652,4,"[116, 28]",250.19243820282995,256.40605584138376,6.2136176385538135
2086,3,"[19, 40]",250.24190997909838,255.329779132019,5.087869152920632
552,3,"[123, 133]",250.27839752646008,255.9143253032644,5.635927776804323
625,5,"[125, 65]",251.21331378858324,254.65426062933864,3.4409468407554016
1369,5,"[95, 71]",251.4164869604436,254.34115334733684,2.92466638689325
1544,1,"[45, 86]",251.46969867292503,256.8974764069757,5.427777734050693
1545,2,"[103, 53]",251.5136066626858,256.838394376776,5.324787714090235
1543,2,"[47, 115]",251.69899466188832,257.52996355008656,5.830968888198242
1602,1,"[77, 60]",251.8930579659155,257.52123825197464,5.628180286059148
1925,4,[44],252.31156259218022,253.76799675770533,1.4564341655251098
1479,5,"[91, 12]",252.44201738796107,255.2016297399397,2.7596123519786318
1609,2,"[33, 100]",252.50949191746952,258.1923427277502,5.682850810280684
1804,4,"[43, 35]",252.80502027665474,255.84471429118048,3.039694014525736
1616,1,"[48, 110]",253.35065495451664,259.18919370839905,5.838538753882403
1929,4,"[44, 105]",253.76799675770533,256.8979213103358,3.129924552630456
1799,5,"[3, 95]",254.34115334733684,256.3169427779827,1.9757894306458752
1656,3,"[18, 76]",254.52737971014665,256.3772659116081,1.8498862014614588
1801,5,"[71, 108]",254.65426062933864,256.99088740859094,2.336626779252299
374,3,"[118, 106]",255.329779132019,258.45654355553256,3.126764423513549
1806,4,"[43, 35]",255.84471429118048,257.94911772177056,2.1044034305900823
1456,3,"[123, 50]",255.9143253032644,259.221105812295,3.306780509030574
1807,5,"[3, 95]",256.3169427779827,260.07094264910336,3.753999871120641
2368,3,"[18, 76]",256.3772659116081,259.409024182997,3.031758271388867
1657,4,"[116, 51]",256.40605584138376,258.3938691633517,1.9878133219679626
1617,2,"[103, 53]",256.838394376776,262.16318209086626,5.324787714090235
1327,1,"[45, 6]",256.8974764069757,259.7342974364897,2.836821029513999
1930,4,"[44, 105]",256.8979213103358,257.2298830044552,0.3319616941193999
1800,5,"[71, 108]",256.99088740859094,257.92553813421927,0.9346507256283303
1931,4,"[44, 105]",257.2298830044552,257.79896022667856,0.5690772222233704
1358,1,"[86, 96]",257.52123825197464,260.6268518710387,3.1056136190640586
1359,2,"[72, 47]",257.52996355008656,260.60081131323506,3.0708477631484925
1932,4,"[44, 105]",257.79896022667856,258.65257594694816,0.8536157202696018
1802,5,"[71, 108]",257.92553813421927,258.8601888598476,0.9346507256283303
1370,4,"[28, 55]",257.94911772177056,261.1485937947247,3.1994760729541554
1489,2,"[100, 0]",258.1923427277502,260.97093869794656,2.7785959701963634
1504,4,"[116, 1]",258.3938691633517,261.4318265752342,3.0379574118824735
383,0,[],258.45654355553256,258.45654355553256,0.0
391,3,"[118, 106]",258.45654355553256,259.64255763391384,1.1860140783812767
389,4,[51],258.65257594694816,260.8943235630004,2.241747616052237
1938,5,"[71, 108]",258.8601888598476,265.46115962265446,6.600970762806867
1307,1,"[82, 30]",259.18919370839905,262.1243308274823,2.935137119083265
1308,3,"[123, 50]",259.221105812295,262.7559399245458,3.5348341122508486
1311,3,"[18, 76]",259.409024182997,262.5949395051184,3.1859153221214456
1312,3,"[118, 106]",259.64255763391384,262.9849607704463,3.342403136532482
1317,1,"[45, 6]",259.7342974364897,262.6656790768074,2.9313816403176816
1809,5,"[119, 90]",260.07094264910336,265.3565414858494,5.285598836746033
1935,5,"[3, 95]",260.07094264910336,265.6525478848909,5.581605235787549
1339,2,"[47, 72]",260.60081131323506,263.77402057086886,3.1732092576338005
1340,1,"[86, 96]",260.6268518710387,263.8359858453467,3.209133974308031
1341,4,"[51, 126]",260.8943235630004,264.6561285608631,3.7618049978627255
1342,2,"[100, 0]",260.97093869794656,263.8421544454869,2.8712157475403615
1343,4,"[28, 55]",261.1485937947247,264.45471896840206,3.3061251736773443
1368,4,"[116, 1]",261.4318265752342,264.57104913760537,3.139222562371174
1379,1,"[82, 30]",262.1243308274823,265.0594679465656,2.935137119083265
1380,2,"[103, 53]",262.16318209086626,265.0591192765197,2.8959371856534517
1383,3,"[18, 76]",262.5949395051184,265.78085482723986,3.1859153221214456
1384,1,"[45, 6]",262.6656790768074,265.5970607171251,2.9313816403176816
1391,3,"[123, 50]",262.7559399245458,266.2907740367967,3.5348341122508486
1396,3,"[118, 106]",262.9849607704463,266.3273639069788,3.342403136532482
1428,2,"[47, 72]",263.77402057086886,267.04959156703706,3.2755709961681987
1483,1,"[86, 96]",263.8359858453467,267.3556813790108,3.5196955336640485
1533,2,"[33, 115]",263.8421544454869,270.4877159334129,6.645561487925988
649,4,"[55, 28]",264.45471896840206,268.3474149588716,3.8926959904695195
650,4,"[116, 1]",264.57104913760537,268.26723075196975,3.6961816143643773
1309,4,"[51, 126]",264.6561285608631,268.90332788265795,4.247199321794824
1648,2,"[103, 92]",265.0591192765197,270.50175513983834,5.442635863318628
1998,1,"[82, 77]",265.0594679465656,270.4418681184631,5.38240017189753
1897,0,[],265.3565414858494,265.3565414858494,0.0
1898,5,"[119, 90]",265.3565414858494,266.12735793911844,0.7708164532690489
1899,5,"[71, 108]",265.46115962265446,266.2789789814654,0.8178193588109366
1574,1,"[45, 110]",265.5970607171251,272.30039393987363,6.70333322274854
1906,5,"[95, 3]",265.6525478848909,266.34407417384034,0.6915262889494329
1647,3,"[18, 76]",265.78085482723986,271.7416000028626,5.960745175622719
1907,5,"[119, 90]",266.12735793911844,266.8981743923875,0.7708164532690489
1908,5,"[71, 108]",266.2789789814654,267.09679834027634,0.8178193588109366
388,3,"[123, 50]",266.2907740367967,270.62379657590265,4.3330225391059685
2038,3,"[19, 113]",266.3273639069788,272.38755399410405,6.06019008712525
1912,5,"[95, 3]",266.34407417384034,267.0356004627898,0.6915262889494329
1909,5,"[119, 90]",266.8981743923875,268.1094574372636,1.2112830448760974
1910,5,"[95, 3]",267.0356004627898,268.12228467319824,1.086684210408464
1603,2,"[53, 47]",267.04959156703706,274.16888953141967,7.119297964382611
1900,5,"[71, 108]",267.09679834027634,268.49877446353725,1.4019761232609085
1570,1,"[86, 48]",267.3556813790108,273.9774086318356,6.621727252824826
1903,5,"[119, 90]",268.1094574372636,269.4308571464501,1.321399709186494
1904,5,"[95, 3]",268.12228467319824,269.30775837869226,1.1854737054940188
2039,4,"[116, 107]",268.26723075196975,274.5444016994522,6.277170947482432
2040,4,"[28, 44]",268.3474149588716,274.68024062848247,6.332825669610884
1911,5,"[71, 108]",268.49877446353725,270.0175818143417,1.5188073508044795
2041,4,"[51, 35]",268.90332788265795,276.42779755699786,7.524469674339912
1901,5,"[3, 95]",269.30775837869226,271.6787057896803,2.3709474109880375
1902,5,"[119, 90]",269.4308571464501,272.0736565648231,2.6427994183730448
1905,5,"[71, 108]",270.0175818143417,272.82153406086354,2.803952246521817
2042,1,"[82, 132]",270.4418681184631,276.29515267510925,5.853284556646145
1626,2,"[33, 115]",270.4877159334129,278.2408709226384,7.753154989225493
1655,2,"[103, 72]",270.50175513983834,272.2192069941808,1.717451854342471
2043,3,"[123, 40]",270.62379657590265,277.1309492799221,6.507152704019461
1939,5,"[3, 95]",271.6787057896803,275.1363372933106,3.457631503630296
1654,3,"[18, 76]",271.7416000028626,273.69425781650534,1.9526578136427588
2044,5,"[125, 12]",272.0736565648231,278.21998447696166,6.146327912138531
2045,2,"[103, 72]",272.2192069941808,277.6427392338449,5.423532239664098
2104,1,"[110, 77]",272.30039393987363,278.4709376935511,6.170543753677464
2046,3,"[19, 113]",272.38755399410405,278.5487471530239,6.161193158919843
2047,5,"[65, 119]",272.82153406086354,279.0183986061467,6.1968645452831765
2073,3,"[18, 76]",273.69425781650534,280.06608846074823,6.371830644242891
2395,1,[45],273.9774086318356,275.4035534161249,1.4261447842893062
2054,2,"[47, 92]",274.16888953141967,281.1723756732795,7.00348614185981
2056,4,"[116, 107]",274.5444016994522,281.1354313938546,6.591029694402437
1486,4,"[28, 1]",274.68024062848247,279.149120898251,4.468880269768533
1941,5,"[3, 95]",275.1363372933106,275.9760478248883,0.8397105315777367
1516,1,"[45, 6]",275.4035534161249,279.1859814554769,3.7824280393519985
387,5,"[91, 95]",275.9760478248883,280.1260215109337,4.149973686045371
1367,1,"[86, 96]",276.29515267510925,281.78173693290535,5.486584257796096
1361,4,"[55, 51]",276.42779755699786,282.2536551051757,5.825857548177851
1363,3,"[123, 118]",277.1309492799221,282.88493251039813,5.753983230476024
1629,2,"[103, 53]",277.6427392338449,284.46220460738726,6.819465373542357
2252,5,"[125, 12]",278.21998447696166,289.4882523158823,11.268267838920622
1565,2,"[33, 115]",278.2408709226384,285.9940259118639,7.753154989225493
1566,1,"[60, 110]",278.4709376935511,286.3797778795694,7.908840186018324
2305,3,"[19, 113]",278.5487471530239,286.0229812085152,7.4742340554913085
1427,5,"[65, 119]",279.0183986061467,283.691443977127,4.673045370980276
1457,4,"[28, 1]",279.149120898251,284.4201073227044,5.270986424453383
1517,1,"[45, 6]",279.1859814554769,282.0228024849909,2.836821029513999
1518,3,"[18, 76]",280.06608846074823,283.14923241571466,3.083143954966431
2151,5,"[91, 3]",280.1260215109337,289.396115786615,9.270094275681288
1687,4,"[116, 107]",281.1354313938546,289.2957543239924,8.160322930137795
1581,2,"[47, 100]",281.1723756732795,288.9705334603511,7.798157787071602
1582,1,"[86, 77]",281.78173693290535,289.30852712703523,7.526790194129887
1583,1,"[45, 48]",282.0228024849909,289.4083311110648,7.385528626073892
1681,4,"[51, 44]",282.2536551051757,290.7362668647261,8.482611759550366
1365,3,"[123, 118]",282.88493251039813,288.63891574087415,5.753983230476024
1685,3,"[18, 76]",283.14923241571466,291.16540738470087,8.016174968986206
1683,5,"[65, 119]",283.691443977127,291.6153043616746,7.923860384547595
1459,4,"[28, 1]",284.4201073227044,290.1494405115432,5.729333188838837
1584,2,"[103, 53]",284.46220460738726,291.65533895034406,7.193134342956796
1628,2,"[33, 115]",285.9940259118639,293.7471809010894,7.753154989225493
433,3,"[19, 133]",286.0229812085152,294.0574744673312,8.034493258815985
1625,1,"[110, 60]",286.3797778795694,295.3157401931107,8.935962313541268
26,3,"[113, 40]",288.63891574087415,297.34724438764624,8.708328646772088
1589,2,"[47, 100]",288.9705334603511,296.7686912474227,7.798157787071602
390,4,"[116, 55]",289.2957543239924,295.0917142458546,5.795959921862163
1590,1,"[86, 77]",289.30852712703523,296.8353173211651,7.526790194129887
1591,1,"[45, 48]",289.4083311110648,294.97145689041395,5.56312577934915
1401,5,"[91, 12]",289.4882523158823,296.4858408050045,6.997588489122222
2280,0,[],289.4882523158823,289.4882523158823,0.0
2281,5,"[125, 95]",289.4882523158823,291.02890719644694,1.5406548805646594
1521,0,[],290.1494405115432,290.1494405115432,0.0
2316,4,"[43, 35]",290.1494405115432,300.9052810421655,10.755840530622265
343,4,"[44, 105]",290.7362668647261,298.9878860781707,8.251619213444599
2282,5,"[125, 95]",291.02890719644694,292.5695620770116,1.5406548805646594
2297,3,"[22, 41]",291.16540738470087,299.1462428015608,7.980835416859918
2283,5,"[65, 3]",291.6153043616746,293.1187924364981,1.5034880748235082
1554,2,"[103, 53]",291.65533895034406,299.40897763831964,7.753638687975581
2284,5,"[125, 95]",292.5695620770116,294.11021695757626,1.5406548805646594
2285,5,"[65, 3]",293.1187924364981,294.6222805113216,1.5034880748235082
1608,2,"[33, 115]",293.7471809010894,302.10447823659547,8.357297335506075
434,3,"[18, 123]",294.0574744673312,301.6860561570575,7.628581689726332
2287,5,"[125, 95]",294.11021695757626,295.6508718381409,1.5406548805646594
2286,5,"[65, 3]",294.6222805113216,296.8273964021907,2.205115890869081
485,1,"[48, 30]",294.97145689041395,303.6023541484656,8.630897258051675
435,4,"[116, 28]",295.0917142458546,303.23369560921196,8.141981363357388
1529,1,"[45, 110]",295.3157401931107,304.52031722689594,9.204577033785256
1526,5,"[125, 95]",295.6508718381409,298.1159197449965,2.4650479068556024
1402,0,[],296.4858408050045,296.4858408050045,0.0
1403,5,"[91, 12]",296.4858408050045,297.8656469809938,1.3798061759893017
1593,2,"[47, 100]",296.7686912474227,306.18724588425295,9.418554636830265
1404,5,"[65, 71]",296.8273964021907,298.3123340257254,1.4849376235347336
1594,1,"[86, 77]",296.8353173211651,305.43736365683714,8.602046335672014
2306,3,"[19, 113]",297.34724438764624,306.63953566192333,9.29229127427709
1405,5,"[91, 12]",297.8656469809938,299.2454531569831,1.3798061759893017
1406,5,"[125, 95]",298.1159197449965,299.5538642757021,1.437944530705579
1407,5,"[65, 71]",298.3123340257254,299.79727164926015,1.4849376235347336
346,4,"[44, 105]",298.9878860781707,307.9034285102558,8.915542432085147
2298,3,"[40, 133]",299.1462428015608,302.5567183209174,3.4104755193566234
1408,5,"[91, 12]",299.2454531569831,300.6252593329724,1.3798061759893017
1546,2,"[103, 53]",299.40897763831964,308.0967896407285,8.687812002408862
1409,5,"[125, 95]",299.5538642757021,300.9918088064077,1.437944530705579
1410,5,"[65, 71]",299.79727164926015,301.2822092727949,1.4849376235347336
1411,5,"[91, 12]",300.6252593329724,302.0050655089617,1.3798061759893017
384,4,"[55, 1]",300.9052810421655,307.35868030961166,6.453399267446173
1412,5,"[125, 95]",300.9918088064077,302.42975333711325,1.437944530705579
1413,5,"[65, 71]",301.2822092727949,302.7671468963296,1.4849376235347336
437,3,"[18, 123]",301.6860561570575,305.80147518243075,4.115419025373228
1414,5,"[91, 12]",302.0050655089617,303.384871684951,1.3798061759893017
1612,2,"[33, 115]",302.10447823659547,308.95142066665795,6.846942430062484
1415,5,"[125, 95]",302.42975333711325,303.86769786781883,1.437944530705579
385,3,"[76, 118]",302.5567183209174,309.68461580362225,7.127897482704839
1416,5,"[65, 71]",302.7671468963296,304.25208451986435,1.4849376235347336
438,4,"[116, 28]",303.23369560921196,307.6260802450246,4.392384635812618
1417,5,"[91, 12]",303.384871684951,304.7646778609403,1.3798061759893017
1547,1,"[60, 48]",303.6023541484656,312.74985895314114,9.14750480467552
1418,5,"[125, 95]",303.86769786781883,305.3056423985244,1.437944530705579
1419,5,"[65, 71]",304.25208451986435,305.7370221433991,1.4849376235347336
1567,1,"[45, 110]",304.52031722689594,313.82494439478216,9.304627167886224
1420,5,"[91, 12]",304.7646778609403,306.1444840369296,1.3798061759893017
1421,5,"[125, 95]",305.3056423985244,306.74358692923,1.437944530705579
1599,1,"[86, 77]",305.43736365683714,314.52816261462436,9.090798957787229
1719,3,"[18, 123]",305.80147518243075,314.7349455745957,8.933470392164963
1422,5,"[12, 71]",306.1444840369296,307.7070575834853,1.5625735465557113
1423,5,"[65, 91]",306.1444840369296,307.548019578923,1.4035355419933921
1595,2,"[47, 100]",306.18724588425295,312.97265588168324,6.785409997430293
2152,3,"[106, 50]",306.63953566192333,320.45041982038174,13.810884158458407
1424,5,"[125, 95]",306.74358692923,310.23573808979535,3.4921511605653563
436,4,"[51, 107]",307.35868030961166,316.7053397369978,9.346659427386157
1425,5,"[91, 65]",307.548019578923,311.3576160671208,3.8095964881977693
439,4,"[116, 28]",307.6260802450246,312.0184648808372,4.392384635812618
1525,5,"[12, 71]",307.7070575834853,313.33232245043166,5.625264866946338
393,4,"[55, 1]",307.9034285102558,314.96183385384666,7.0584053435908345
1597,2,"[103, 53]",308.0967896407285,317.25168830035403,9.15489865962553
1613,2,"[33, 115]",308.95142066665795,315.79836309672044,6.846942430062484
394,3,"[76, 118]",309.68461580362225,317.48075355915915,7.796137755536904
1524,5,"[125, 95]",310.23573808979535,316.39835761205387,6.162619522258524
2370,5,"[91, 65]",311.3576160671208,318.37529389659795,7.017677829477179
2386,4,"[116, 28]",312.0184648808372,319.51765833592674,7.499193455089539
1600,1,"[60, 48]",312.74985895314114,321.89736375781666,9.14750480467552
1548,2,"[47, 100]",312.97265588168324,322.3912105185135,9.418554636830265
345,5,"[3, 71]",313.33232245043166,324.1557216369656,10.823399186533948
1558,1,"[45, 110]",313.82494439478216,323.52977019077474,9.704825795992576
1604,1,"[86, 77]",314.52816261462436,322.64145632818116,8.1132937135568
344,3,"[19, 113]",314.7349455745957,325.44128178048015,10.70633620588444
2290,4,"[44, 43]",314.96183385384666,327.0337043487306,12.071870494883967
1579,2,"[33, 115]",315.79836309672044,325.6660153376701,9.867652240949667
386,5,"[12, 125]",316.39835761205387,323.9788283129184,7.58047070086451
1721,4,"[51, 107]",316.7053397369978,331.34024039701364,14.63490066001583
1580,2,"[103, 53]",317.25168830035403,326.40658695997956,9.15489865962553
399,0,[],317.48075355915915,317.48075355915915,0.0
417,3,[18],317.48075355915915,324.3769859469174,6.896232387758232
406,5,"[91, 65]",318.37529389659795,320.98185985193834,2.606565955340386
400,4,"[116, 1]",319.51765833592674,323.1632068921765,3.6455485562497643
418,3,[123],320.45041982038174,328.5222560319147,8.071836211532968
2227,0,[],320.45041982038174,320.45041982038174,0.0
2229,5,"[91, 65]",320.98185985193834,322.98691066036037,2.005050808422027
1605,1,"[60, 48]",321.89736375781666,330.0612659154956,8.163902157678933
1550,2,"[47, 100]",322.3912105185135,331.80976515534377,9.418554636830265
1607,1,"[86, 77]",322.64145632818116,330.75475004173796,8.1132937135568
2230,5,"[91, 65]",322.98691066036037,324.9919614687824,2.005050808422027
401,4,"[116, 1]",323.1632068921765,326.80875544842627,3.6455485562497643
1585,1,"[45, 110]",323.52977019077474,333.3346461208683,9.804875930093544
2228,5,"[12, 125]",323.9788283129184,326.94955356814523,2.970725255226853
404,5,"[95, 119]",324.1557216369656,327.75953279322977,3.6038111562641575
419,3,[18],324.3769859469174,331.2732183346756,6.896232387758232
411,5,"[91, 65]",324.9919614687824,328.60105258931316,3.6090911205307634
420,3,[76],325.44128178048015,333.9432240284908,8.501942248010664
1586,2,"[33, 115]",325.6660153376701,335.53366757861977,9.867652240949667
1587,2,"[103, 53]",326.40658695997956,335.5614856196051,9.15489865962553
413,4,"[116, 55]",326.80875544842627,330.2293216960171,3.420566247590841
414,5,"[12, 125]",326.94955356814523,330.63734997350195,3.687796405356721
415,4,"[1, 28]",327.0337043487306,331.15882386222034,4.125119513489722
407,5,"[95, 119]",327.75953279322977,331.563555985366,3.804023192136242
421,3,[123],328.5222560319147,336.5940922434477,8.071836211532968
409,5,"[91, 65]",328.60105258931316,332.4106490775109,3.8095964881977693
1606,1,"[60, 48]",330.0612659154956,335.66780081576877,5.606534900273175
402,4,"[116, 55]",330.2293216960171,334.02995121239496,3.800629516377853
405,5,"[12, 125]",330.63734997350195,334.73490191492766,4.0975519414257064
1610,1,"[86, 77]",330.75475004173796,337.3040349916374,6.549284949899459
410,4,"[1, 28]",331.15882386222034,335.7422904132914,4.583466551071069
422,3,[18],331.2732183346756,338.16945072243385,6.896232387758232
403,4,"[51, 126]",331.34024039701364,336.43687935171346,5.096638954699813
1779,0,[],331.34024039701364,331.34024039701364,0.0
1780,5,"[3, 90]",331.563555985366,334.38522868388696,2.821672698520956
1588,2,"[47, 100]",331.80976515534377,341.73469368699466,9.924928531650892
408,5,"[91, 65]",332.4106490775109,336.6212555839807,4.210606506469787
1572,1,"[45, 110]",333.3346461208683,343.6397708131692,10.305124692300922
423,3,[76],333.9432240284908,342.5541649030638,8.610940874572975
412,4,"[116, 55]",334.02995121239496,340.49102157146547,6.461070359070504
424,5,[3],334.38522868388696,341.7071810558463,7.321952371959355
2296,5,"[95, 71]",334.73490191492766,349.0448767809828,14.309974866055143
1551,2,"[33, 115]",335.53366757861977,346.91167472501303,11.378007146393259
1555,2,"[103, 53]",335.5614856196051,346.1176442508805,10.556158631275423
1556,1,"[60, 48]",335.66780081576877,346.78251091443747,11.114710098668695
2050,4,"[28, 107]",335.7422904132914,350.6048256317121,14.862535218420703
348,4,"[44, 43]",336.43687935171346,353.82855690220737,17.39167755049391
347,3,[19],336.5940922434477,350.9386259089417,14.344533665493998
1522,5,"[91, 12]",336.6212555839807,345.49143829497035,8.870182710989639
1560,1,"[86, 77]",337.3040349916374,348.34984443788545,11.045809446248029
543,3,"[18, 123]",338.16945072243385,367.27851279850233,29.109062076068483
2120,4,"[116, 51]",340.49102157146547,379.80555367714163,39.314532105676165
1523,5,"[125, 65]",341.7071810558463,351.09158166623473,9.384400610388411
1611,2,"[47, 100]",341.73469368699466,353.1787439031075,11.444050216112828
544,3,"[76, 40]",342.5541649030638,374.817911335488,32.26374643242423
1552,1,"[45, 110]",343.6397708131692,355.94589055429947,12.30611974113026
545,5,"[12, 3]",345.49143829497035,374.06753199571864,28.576093700748288
1564,2,"[103, 53]",346.1176442508805,359.4763228254558,13.358678574575265
1557,1,"[60, 48]",346.78251091443747,358.88082366010275,12.098312745665282
1559,2,"[33, 115]",346.91167472501303,359.296585141702,12.384910416688967
1598,1,"[86, 77]",348.34984443788545,360.3731591283639,12.023314690478458
2317,0,[],349.0448767809828,349.0448767809828,0.0
2329,5,"[95, 71]",349.0448767809828,351.23837650889425,2.193499727911444
546,4,"[28, 107]",350.6048256317121,385.0859073384481,34.481081706736006
547,3,"[19, 113]",350.9386259089417,380.22954466338035,29.290918754438678
2321,5,"[119, 90]",351.09158166623473,353.5141477559869,2.422566089752195
2323,5,"[95, 71]",351.23837650889425,355.20756662318036,3.969190114286107
1601,2,"[47, 100]",353.1787439031075,365.6355419088616,12.456798005754138
2325,5,"[119, 90]",353.5141477559869,359.46044631605696,5.9462985600700335
349,0,[],353.82855690220737,353.82855690220737,0.0
548,4,"[44, 35]",353.82855690220737,384.2227723768555,30.39421547464815
2319,5,"[95, 71]",355.20756662318036,361.05689939696686,5.8493327737865
1619,1,"[45, 110]",355.94589055429947,368.2520102954297,12.30611974113026
1620,1,"[60, 48]",358.88082366010275,370.97913640576803,12.098312745665282
1561,2,"[33, 115]",359.296585141702,370.67459228809525,11.378007146393259
2327,5,"[119, 90]",359.46044631605696,365.73709447525044,6.276648159193485
1569,2,"[103, 53]",359.4763228254558,369.0983081422979,9.621985316842142
1621,1,"[86, 77]",360.3731591283639,372.39647381884237,12.023314690478458
359,5,"[95, 71]",361.05689939696686,368.2641132155912,7.207213818624325
1622,2,"[47, 100]",365.6355419088616,378.09233991461576,12.456798005754138
2322,5,"[119, 90]",365.73709447525044,374.656542577894,8.919448102643571
549,3,"[18, 123]",367.27851279850233,396.3875748745708,29.109062076068483
1549,1,"[45, 110]",368.2520102954297,382.5591250853893,14.307114789959599
2320,5,"[95, 71]",368.2641132155912,376.93366035217906,8.66954713658788
1571,2,"[103, 53]",369.0983081422979,378.72029345914007,9.621985316842142
1562,2,"[33, 115]",370.67459228809525,381.04569616419275,10.371103876097493
1553,1,"[60, 48]",370.97913640576803,385.0446544454265,14.065518039658457
1618,1,"[86, 77]",372.39647381884237,386.3747989977817,13.978325178939315
2318,5,"[3, 108]",374.06753199571864,383.50963369199525,9.442101696276609
2326,5,"[119, 90]",374.656542577894,384.12657387082044,9.470031292926421
550,3,"[76, 133]",374.817911335488,407.7093621352155,32.891450799727465
2328,5,"[95, 71]",376.93366035217906,385.91656480621185,8.982904454032791
1614,2,"[47, 100]",378.09233991461576,395.1065020079241,17.014162093308357
1573,2,"[103, 53]",378.72029345914007,385.5397588326824,6.819465373542357
2126,4,"[116, 51]",379.80555367714163,381.3516308223591,1.5460771452174527
551,3,"[19, 113]",380.22954466338035,409.52046341781903,29.290918754438678
1615,2,"[33, 115]",381.04569616419275,397.9616703369547,16.915974172761935
2127,4,"[116, 51]",381.3516308223591,382.89770796757654,1.5460771452174527
1535,1,"[45, 110]",382.5591250853893,406.47101553724053,23.911890451851207
2128,4,"[116, 51]",382.89770796757654,384.443785112794,1.5460771452174527
2129,5,"[12, 125]",383.50963369199525,384.9437768470709,1.4341431550756738
2130,5,"[65, 3]",384.12657387082044,385.52982938342507,1.4032555126046304
27,4,"[44, 43]",384.2227723768555,435.47706759698207,51.25429522012655
2121,4,"[116, 51]",384.443785112794,423.75831721847015,39.314532105676165
2330,5,"[119, 90]",384.9437768470709,388.79785917905076,3.854082331979839
1536,1,"[60, 48]",385.0446544454265,408.5527573334302,23.50810288800369
647,4,"[28, 107]",385.0859073384481,443.8820975696576,58.79619023120949
360,5,"[3, 108]",385.52982938342507,394.0935963912649,8.563767007839829
1575,2,"[103, 53]",385.5397588326824,392.3592242062248,6.819465373542357
361,5,"[95, 71]",385.91656480621185,394.063850577171,8.147285770959172
2336,1,"[6, 96]",386.3747989977817,436.97267898996955,50.59787999218787
362,5,"[119, 90]",388.79785917905076,397.71730728169433,8.919448102643571
1578,2,"[103, 53]",392.3592242062248,397.684011920315,5.324787714090235
351,5,"[95, 71]",394.063850577171,403.77792144115176,9.714070863980737
2324,5,"[3, 108]",394.0935963912649,405.73153559392614,11.637939202661244
1623,2,"[47, 100]",395.1065020079241,400.87916421571316,5.77266220778904
2346,3,"[18, 123]",396.3875748745708,445.973358011629,49.58578313705817
2348,2,"[72, 103]",397.684011920315,442.33776207282517,44.653750152510156
350,5,"[119, 90]",397.71730728169433,408.3986209631505,10.681313681456174
1624,2,"[33, 53]",397.9616703369547,404.964844511076,7.003174174121341
2347,2,"[47, 0]",400.87916421571316,452.7592205435124,51.88005632779925
365,5,"[95, 71]",403.77792144115176,406.49368303275963,2.7157615916078726
1627,2,"[33, 53]",404.964844511076,410.92276877870677,5.9579242676307445
370,5,"[3, 108]",405.73153559392614,408.58612424752044,2.8545886535943055
2349,1,"[82, 45]",406.47101553724053,453.2127219791241,46.74170644188359
371,5,"[95, 71]",406.49368303275963,409.2094446243675,2.7157615916078726
2351,3,"[76, 106]",407.7093621352155,463.9700887615226,56.26072662630713
369,5,"[119, 90]",408.3986209631505,412.25270329513035,3.854082331979839
2339,1,"[86, 30]",408.5527573334302,457.74635218405547,49.19359485062529
367,5,"[3, 108]",408.58612424752044,412.5386313925428,3.9525071450223663
364,5,"[95, 71]",409.2094446243675,413.7008968513839,4.491452227016396
553,0,[],409.52046341781903,409.52046341781903,0.0
2342,3,"[118, 50]",409.52046341781903,468.4923609804122,58.97189756259314
1630,0,[],410.92276877870677,410.92276877870677,0.0
1642,2,"[33, 53]",410.92276877870677,414.1630433891448,3.240274610438007
366,5,"[119, 90]",412.25270329513035,417.64841866491753,5.395715369787183
368,5,"[3, 108]",412.5386313925428,418.467392764487,5.9287613719441765
372,5,"[95, 71]",413.7008968513839,419.4457773520447,5.74488050066077
1631,2,[33],414.1630433891448,420.17453537396284,6.011491984818065
363,5,"[119, 90]",417.64841866491753,424.6958836055532,7.0474649406356775
564,5,"[12, 125]",418.467392764487,425.3307920709885,6.863399306501492
554,5,"[65, 3]",419.4457773520447,428.3664728803074,8.92069552826274
1643,2,"[33, 53]",420.17453537396284,431.2541847814943,11.079649407531463
646,4,"[116, 51]",423.75831721847015,479.1410118700477,55.38269465157754
352,5,"[95, 71]",424.6958836055532,436.08119183568124,11.385308230128032
353,5,"[119, 90]",425.3307920709885,439.6459550183422,14.315162947353713
566,5,"[12, 125]",428.3664728803074,441.37620009894744,13.009727218640023
1632,2,"[33, 53, 115]",431.2541847814943,452.7355199430857,21.481335161591403
31,0,[],435.47706759698207,435.47706759698207,0.0
610,4,"[55, 1]",435.47706759698207,486.6505063380155,51.17343874103341
91,5,[91],436.08119183568124,436.4613395364268,0.38014770074556736
92,5,[91],436.4613395364268,436.8414872371724,0.38014770074556736
95,5,[91],436.8414872371724,437.22163493791794,0.38014770074556736
96,5,[91],437.22163493791794,437.6017826386635,0.38014770074556736
100,5,[91],437.6017826386635,438.0746492860927,0.472866647429214
98,5,[91],438.0746492860927,438.56605970627925,0.4914104201865257
46,5,[91],438.56605970627925,439.2150923606971,0.6490326544178515
99,5,"[91, 65]",439.2150923606971,440.49832484940475,1.2832324887076538
97,5,[95],439.6459550183422,440.7675074616376,1.1215524432953998
101,5,[91],440.49832484940475,442.03745942514445,1.5391345757396948
118,5,"[65, 95]",440.7675074616376,443.10268978737463,2.335182325737037
120,5,[12],441.37620009894744,443.07825348608475,1.7020533871373118
121,5,[91],442.03745942514445,443.70640041018515,1.668940985040706
1644,2,"[103, 100, 8, 27, 5]",442.33776207282517,488.6419748471201,46.30421277429491
34,5,"[119, 71, 3]",443.07825348608475,443.6155629687428,0.5373094826580314
35,5,"[95, 90, 108]",443.10268978737463,443.7067213787061,0.6040315913314771
32,5,"[119, 71, 3]",443.6155629687428,444.3677962316536,0.7522332629108064
102,5,"[91, 12, 65, 125, 95]",443.7067213787061,445.5104096006104,1.803688221904281
612,4,"[107, 28]",443.8820975696576,504.2239905564457,60.34189298678808
33,5,"[90, 108, 119]",444.3677962316536,445.45552321438504,1.0877269827314535
113,5,[71],444.3677962316536,446.4437524437698,2.075956212116239
114,5,[91],445.5104096006104,447.36478864481273,1.8543790442023464
115,5,[12],445.5104096006104,447.40158020610914,1.8911706054987576
116,5,[65],446.4437524437698,448.4017882889492,1.9580358451793813
117,5,[91],447.36478864481273,449.2191676890151,1.8543790442023464
119,5,[12],447.40158020610914,449.2927508116079,1.8911706054987576
140,5,"[65, 125, 95, 3, 71]",448.4017882889492,450.5626640860224,2.1608757970731745
36,5,"[119, 90, 108, 95, 3]",450.5626640860224,451.1914392899639,0.6287752039415295
90,5,[91],450.5626640860224,452.7508312609151,2.188167174892726
37,5,"[71, 95, 119, 3, 90]",451.1914392899639,451.80453316062227,0.6130938706583606
93,5,[12],451.1914392899639,453.4230205052566,2.2315812152926924
94,5,[65],451.80453316062227,454.11501535523087,2.3104821946085963
1637,2,"[33, 53, 115]",452.7355199430857,457.68465097495744,4.94913103187173
122,5,"[125, 95]",452.7508312609151,455.01045846805266,2.259627207137555
1638,2,"[47, 120, 135]",452.7592205435124,460.95469732034263,8.195476776830219
125,5,[3],453.4230205052566,455.09131327594565,1.6682927706890496
126,5,[65],454.11501535523087,455.8772474525011,1.7622320972702141
127,5,[125],455.01045846805266,456.8147953357123,1.8043368676596288
128,5,[95],455.09131327594565,456.8021559034793,1.7108426275336228
131,5,[65],455.8772474525011,457.6394795497713,1.7622320972702141
132,5,[95],456.8021559034793,458.5129985310129,1.7108426275336228
133,5,[125],456.8147953357123,458.6191322033719,1.8043368676596288
134,5,[65],457.6394795497713,459.4017116470415,1.7622320972702141
1636,2,"[33, 53, 115]",457.68465097495744,466.26665473212734,8.5820037571699
135,5,[95],458.5129985310129,460.2238411585465,1.7108426275336228
136,5,[125],458.6191322033719,460.42346907103155,1.8043368676596288
137,5,[65],459.4017116470415,461.1639437443117,1.7622320972702141
138,5,[95],460.2238411585465,461.93468378608014,1.7108426275336228
139,5,[125],460.42346907103155,462.2278059386912,1.8043368676596288
1633,2,"[47, 120, 135, 2, 63]",460.95469732034263,477.3816403002204,16.426942979877765
141,5,[65],461.1639437443117,462.92617584158194,1.7622320972702141
142,5,[95],461.93468378608014,463.64552641361377,1.7108426275336228
143,5,[125],462.2278059386912,464.0321428063508,1.8043368676596288
144,5,[65],462.92617584158194,464.68840793885215,1.7622320972702141
145,5,[95],463.64552641361377,465.3563690411474,1.7108426275336228
38,5,[119],464.0321428063508,464.5079148132938,0.47577200694297517
39,5,[119],464.5079148132938,464.98368682023676,0.47577200694297517
67,5,[71],464.68840793885215,465.2073969918812,0.5189890530290313
68,5,[119],464.98368682023676,465.45945882717973,0.47577200694297517
69,5,[71],465.2073969918812,465.7263860449102,0.5189890530290313
70,5,[95],465.3563690411474,465.8316031484141,0.475234107266715
65,5,[119],465.45945882717973,466.0303852581979,0.5709264310181652
66,5,[71],465.7263860449102,466.3491729332924,0.6227868883821657
107,5,[95],465.8316031484141,466.4018840997951,0.5702809513809939
108,5,[119],466.0303852581979,466.60131168921606,0.5709264310181652
1641,2,"[33, 53, 115]",466.26665473212734,475.7437145394574,9.477059807330079
61,5,"[65, 125, 3]",466.3491729332924,471.2849315917944,4.9357586585020385
83,5,"[12, 90]",466.4018840997951,468.15766841840644,1.7557843186113473
63,5,[119],466.60131168921606,467.41012412370566,0.8088124344895959
64,5,[119],467.41012412370566,468.21893655819525,0.8088124344895959
85,5,[12],468.15766841840644,469.0559744447461,0.8983060263396396
71,5,[119],468.21893655819525,469.02774899268485,0.8088124344895959
2396,0,[],468.4923609804122,468.4923609804122,0.0
2397,5,"[119, 95]",469.0559744447461,470.5976048774536,1.5416304327075068
2401,5,"[91, 12]",469.0559744447461,470.36679037655534,1.310815931809259
2399,5,"[71, 90]",470.36679037655534,471.28998121188977,0.9231908353344238
2398,5,"[119, 95]",470.5976048774536,471.74882241302095,1.1512175355673548
104,5,[3],471.2849315917944,472.211760994778,0.9268294029835715
106,5,[71],471.28998121188977,472.3279593179479,1.0379781060581195
2400,5,"[91, 12]",471.74882241302095,472.86252312647895,1.1137007134580017
111,5,"[65, 125]",472.211760994778,474.08864094283445,1.8768799480564553
40,5,[119],472.3279593179479,473.37465775590897,1.0466984379610835
123,5,[95],472.86252312647895,474.9535532437743,2.091030117295361
124,5,[3],473.37465775590897,475.4136824866674,2.039024730758456
129,5,[65],474.08864094283445,476.242480419215,2.15383947638054
130,5,[125],474.9535532437743,477.15885411207313,2.2053008682988207
146,5,[95],475.4136824866674,477.5047126039628,2.091030117295361
1634,2,"[33, 53, 115]",475.7437145394574,489.06424820029235,13.32053366083494
147,5,[65],476.242480419215,478.3963198955955,2.15383947638054
148,5,[125],477.15885411207313,479.36415498037195,2.2053008682988207
1635,2,"[47, 120, 135]",477.3816403002204,492.6276366520782,15.245996351857798
149,5,[95],477.5047126039628,479.59574272125815,2.091030117295361
42,5,[119],478.3963198955955,479.72848149234926,1.3321615967537355
44,5,[71],479.36415498037195,480.81732430410597,1.4531693237340164
41,5,[95],479.59574272125815,481.02144504305824,1.4257023218000882
43,5,[119],479.72848149234926,481.1557975131782,1.4273160208289255
109,5,[71],480.81732430410597,482.3742914631931,1.5569671590871508
45,5,[95],481.02144504305824,482.5421942089726,1.520749165914367
103,5,[119],481.1557975131782,482.67826795808224,1.5224704449040587
87,5,"[12, 65]",482.3742914631931,485.6147503939084,3.240458930715306
86,5,[125],482.5421942089726,483.404266362235,0.8620721532623747
88,5,[119],482.67826795808224,483.6298119719682,0.9515440138859503
89,5,[125],483.404266362235,484.4066758260987,1.002409463863728
112,5,[119],483.6298119719682,484.58135598585415,0.9515440138859503
47,5,"[91, 125]",484.4066758260987,485.2179039434295,0.8112281173308133
72,5,[119],484.58135598585415,485.6756315791364,1.0942755932822479
73,5,[125],485.2179039434295,486.3706748029735,1.1527708595439776
74,5,[12],485.6147503939084,486.7021734695257,1.0874230756172665
75,5,[65],485.6756315791364,486.80150216677293,1.1258705876365411
158,5,"[91, 125]",486.3706748029735,487.5875170091904,1.2168422062168816
159,5,"[12, 119]",486.7021734695257,487.90034863347205,1.1981751639463596
160,5,"[65, 91]",487.5875170091904,488.79054754204776,1.2030305328573832
161,5,"[125, 12]",487.90034863347205,489.12961426474635,1.229265631274302
1639,2,"[103, 8, 27]",488.6419748471201,506.214179291884,17.57220444476394
162,5,"[119, 91]",488.79054754204776,489.9769167403251,1.1863691982773616
1640,2,"[53, 33, 115]",489.06424820029235,520.4964949545099,31.432246754217545
76,5,[125],489.12961426474635,490.63322846054194,1.503614195795592
163,5,"[65, 12]",489.12961426474635,490.3447863939437,1.2151721291973558
77,5,[119],489.9769167403251,491.4993871852292,1.5224704449040587
78,5,[12],490.3447863939437,491.8577229008872,1.512936506943504
79,5,[65],490.63322846054194,492.199657160027,1.5664286994850727
80,5,[125],491.4993871852292,493.1032423513105,1.6038551660813027
81,5,[12],491.8577229008872,493.3706594078307,1.512936506943504
82,5,[65],492.199657160027,493.7660858595121,1.5664286994850727
1645,2,"[47, 120]",492.6276366520782,536.1593918745159,43.53175522243771
110,5,[125],493.1032423513105,495.4087840703985,2.305541719088012
53,5,[91],493.3706594078307,493.83425416888133,0.46359476105061503
84,5,"[12, 65]",493.7660858595121,494.72809707816145,0.9620112186493657
150,5,"[91, 119]",493.83425416888133,496.20699256543605,2.3727383965547233
151,5,"[12, 65]",494.72809707816145,497.15844133655617,2.4303442583947117
152,5,"[125, 91]",496.20699256543605,498.64067697786976,2.4336844124337063
153,5,"[119, 95]",496.20699256543605,498.60953365450683,2.4025410890707803
154,5,"[12, 65]",497.15844133655617,499.5887855949509,2.4303442583947117
155,5,"[91, 119]",498.64067697786976,501.0134153744245,2.3727383965547233
156,5,"[125, 95]",498.64067697786976,501.10572488472536,2.4650479068556024
157,5,"[12, 65]",499.5887855949509,502.0191298533456,2.4303442583947117
48,5,[91],501.0134153744245,501.75516700315836,0.7417516287338799
49,5,[125],501.10572488472536,501.907652467766,0.8019275830406514
50,5,[91],501.75516700315836,502.49691863189224,0.7417516287338799
51,5,[125],501.907652467766,502.70958005080666,0.8019275830406514
54,5,[12],502.0191298533456,502.77559810681737,0.7564682534717804
52,5,[91],502.49691863189224,503.4241081539934,0.9271895221011732
57,5,"[65, 125]",502.70958005080666,509.17438916130396,6.464809110497299
55,5,[95],502.77559810681737,506.76756442657023,3.991966319752862
56,5,[3],503.4241081539934,507.3167914697456,3.8926833157522083
657,0,[],504.2239905564457,504.2239905564457,0.0
658,5,"[91, 12]",506.76756442657023,509.132946576826,2.365382150255755
659,5,"[119, 95]",507.3167914697456,509.7193325588164,2.4025410890707803
660,5,"[91, 12]",509.132946576826,511.49832872708174,2.365382150255755
661,5,"[65, 125]",509.17438916130396,511.6768960901816,2.502506928877608
662,5,"[119, 91]",511.49832872708174,513.8710671236365,2.37273839655478
663,5,"[12, 95]",511.49832872708174,513.8933279072695,2.3949991801877673
58,5,[65],511.6768960901816,516.767789100915,5.090893010733453
59,5,[125],513.8710671236365,519.5848008764655,5.713733752828944
664,0,[],513.8933279072695,513.8933279072695,0.0
665,5,"[91, 12]",513.8933279072695,516.2587100575253,2.365382150255755
666,5,"[91, 12]",516.2587100575253,518.624092207781,2.365382150255755
667,5,"[65, 119]",516.767789100915,519.2058998766814,2.438110775766404
668,5,"[91, 12]",518.624092207781,520.9894743580368,2.365382150255755
669,5,"[65, 119]",519.2058998766814,521.6440106524478,2.438110775766404
671,5,"[125, 91]",520.9894743580368,523.4231587704705,2.433684412433763
672,5,"[12, 95]",520.9894743580368,523.3844735382246,2.394999180187824
60,5,[65],521.6440106524478,527.2244126244761,5.580401972028312
105,5,[119],523.3844735382246,529.1888919321825,5.804418393957917
670,5,"[91, 12]",523.4231587704705,530.0757958037127,6.652637033242172
62,5,"[65, 125]",527.2244126244761,533.7934932506295,6.5690806261533226
354,5,"[119, 90]",529.1888919321825,547.0277881374697,17.838896205287142
673,0,[],530.0757958037127,530.0757958037127,0.0
686,5,"[91, 12]",530.0757958037127,530.6671413412766,0.5913455375639387
682,5,"[91, 12]",530.6671413412766,531.6034383934655,0.9362970521888201
684,5,"[91, 12]",531.6034383934655,532.5397354456543,0.9362970521888201
676,5,"[91, 12]",532.5397354456543,533.6238689116066,1.0841334659522772
677,5,"[91, 12]",533.6238689116066,534.7080023775588,1.0841334659522772
164,0,[],533.7934932506295,533.7934932506295,0.0
190,5,"[65, 125]",533.7934932506295,534.2418590650283,0.4483658143988123
192,0,[],533.7934932506295,533.7934932506295,0.0
181,5,"[65, 125]",534.2418590650283,534.9091942046286,0.6673351396003682
208,5,"[91, 12]",534.7080023775588,535.3979054655535,0.6899030879947077
182,5,"[65, 125]",534.9091942046286,535.9101969140293,1.001002709400609
183,5,"[91, 12]",535.3979054655535,536.3440582669109,0.946152801357357
165,5,"[65, 125]",535.9101969140293,536.8486368880575,0.9384399740282561
170,5,"[91, 12]",536.3440582669109,537.3197783745189,0.9757201076080264
171,5,"[65, 125]",536.8486368880575,537.8809209651444,1.0322840770868424
191,5,"[91, 12]",537.3197783745189,538.3250657296327,1.005287355113751
178,5,"[65, 125]",537.8809209651444,539.1217473277379,1.240826362593566
179,5,"[91, 12]",538.3250657296327,539.497901055592,1.1728353259593405
180,5,"[65, 125]",539.1217473277379,540.3625736903315,1.240826362593566
167,5,"[91, 12]",539.497901055592,540.7594381240685,1.261537068476514
184,5,"[65, 125]",540.3625736903315,542.8755077210543,2.5129340307228176
168,5,"[91, 12]",540.7594381240685,541.6464563129247,0.8870181888561319
173,5,"[91, 12]",541.6464563129247,543.3712140622838,1.724757749359128
222,5,"[65, 125]",542.8755077210543,544.335303346699,1.4597956256446878
176,5,"[91, 12]",543.3712140622838,544.2089535640418,0.8377395017580511
223,5,"[91, 12]",544.2089535640418,545.5887597400312,1.3798061759893017
185,5,"[65, 125]",544.335303346699,547.5885621056382,3.2532587589391824
186,5,"[91, 12]",545.5887597400312,548.663756300384,3.0749965603528153
175,5,"[119, 90]",547.0277881374697,548.9548293034596,1.9270411659899764
188,5,"[65, 125]",547.5885621056382,549.4967236078321,1.9081615021939342
189,5,"[91, 12]",548.663756300384,550.5954850172628,1.9317287168788653
215,5,"[119, 95]",548.9548293034596,549.5554645757273,0.6006352722677093
216,5,"[90, 71]",549.4967236078321,550.1891167515287,0.6923931436965631
196,5,"[119, 95]",549.5554645757273,550.2562056869278,0.7007411112005002
217,5,"[65, 125]",550.1891167515287,551.2318279304607,1.0427111789319952
197,5,"[119, 95]",550.2562056869278,550.9569467981283,0.7007411112005002
198,5,"[90, 71]",550.5954850172628,551.4032769723868,0.8077919551240029
199,5,"[119, 95]",550.9569467981283,551.6576879093288,0.7007411112005002
212,5,"[3, 108]",551.2318279304607,552.000371044607,0.7685431141463823
213,5,"[90, 71]",551.4032769723868,552.2110689275108,0.8077919551240029
207,5,"[119, 95]",551.6576879093288,552.6587466566632,1.0010587473343548
218,5,"[91, 12]",552.000371044607,554.3657531948628,2.365382150255755
214,5,"[65, 125]",552.2110689275108,553.2537801064428,1.0427111789319952
219,5,"[119, 90]",552.6587466566632,555.3015460750362,2.642799418372988
220,5,"[65, 125]",553.2537801064428,555.7562870353204,2.502506928877551
221,5,"[91, 12]",554.3657531948628,556.7311353451186,2.365382150255755
193,5,"[119, 90]",555.3015460750362,556.5128291199122,1.2112830448760405
194,5,"[95, 71]",555.7562870353204,556.905263160356,1.1489761250355741
195,5,"[119, 90]",556.5128291199122,557.7241121647883,1.2112830448760405
201,5,"[3, 108]",556.7311353451186,558.1584296719158,1.4272943267972096
202,5,"[95, 71]",556.905263160356,558.2631439561599,1.3578807958039079
203,5,"[119, 90]",557.7241121647883,559.1556284070159,1.4315162422276444
204,5,"[3, 108]",558.1584296719158,559.585723998713,1.4272943267972096
205,5,"[95, 71]",558.2631439561599,559.6210247519638,1.3578807958039079
209,5,"[91, 12]",559.1556284070159,561.8166832673087,2.6610548602927793
169,5,"[65, 125]",559.585723998713,564.1319448780737,4.546220879360703
166,5,"[119, 90]",559.6210247519638,564.4221103182517,4.801085566287952
206,5,"[95, 71]",561.8166832673087,563.4879212560406,1.6712379887319457
224,5,"[91, 12]",563.4879212560406,566.3460913346847,2.8581700786440933
174,5,"[65, 125]",564.1319448780737,565.226791566232,1.0948466881583272
172,5,"[119, 90]",564.4221103182517,565.578334965338,1.1562246470862192
177,5,"[65, 125]",565.226791566232,566.1130960931844,0.8863045269523582
200,5,"[119, 90]",565.578334965338,567.5604342665791,1.9820993012411918
678,5,"[65, 125]",566.1130960931844,567.572891718829,1.4597956256446878
693,5,"[91, 12]",566.3460913346847,567.725897510674,1.3798061759893017
687,5,"[65, 125]",567.572891718829,569.3455007727339,1.77260905390483
691,5,"[91, 12]",567.725897510674,569.3028189050145,1.576921394340502
679,5,"[119, 91]",569.3028189050145,571.1812367040744,1.8784177990598891
680,5,"[12, 95]",569.3028189050145,571.1988598235291,1.8960409185145863
187,5,"[65, 125]",569.3455007727339,578.0417121641323,8.696211391398379
674,5,"[119, 95]",571.1988598235291,573.3511362257664,2.1522764022372485
685,5,"[91, 12]",571.1988598235291,573.2685690287682,2.0697092052390644
675,5,"[91, 12]",573.2685690287682,575.3875572148297,2.1189881860615287
683,5,"[119, 95]",573.3511362257664,575.9038359837347,2.5526997579682984
681,5,"[91, 12]",575.3875572148297,577.9993333292796,2.6117761144498672
210,5,"[119, 90]",575.9038359837347,592.2010975759833,16.297261592248674
211,5,"[91, 12]",577.9993333292796,592.585855257639,14.586521928359389
226,5,"[65, 125]",578.0417121641323,596.9147849005651,18.873072736432846
567,5,"[119, 12]",592.585855257639,605.2665417150747,12.68068645743574
568,5,"[90, 3]",592.585855257639,606.3686414297364,13.782786172097417
569,5,"[65, 125]",596.9147849005651,610.1572166741207,13.242431773555609
570,5,"[12, 119]",605.2665417150747,617.9472281725104,12.68068645743574
355,5,"[90, 95]",606.3686414297364,629.6988541030224,23.33021267328604
225,5,"[65, 125]",610.1572166741207,647.9033621469863,37.74614547286558
356,5,"[119, 71]",617.9472281725104,645.6434524136297,27.69622424111924
555,5,"[12, 90]",629.6988541030224,648.5735360840631,18.87468198104068
556,5,"[119, 3]",645.6434524136297,662.6447319314597,17.00127951782997
227,0,[],647.9033621469863,647.9033621469863,0.0
240,0,[],647.9033621469863,647.9033621469863,0.0
241,5,[91],647.9033621469863,649.4795843787701,1.576222231783845
228,5,"[90, 95]",648.5735360840631,649.5639695134731,0.9904334294100181
229,5,"[71, 108]",649.4795843787701,650.531066331942,1.0514819531719013
230,5,"[90, 95]",649.5639695134731,650.5544029428831,0.9904334294100181
231,5,"[71, 108]",650.531066331942,651.582548285114,1.0514819531719013
236,5,"[90, 95]",650.5544029428831,651.5448363722932,0.9904334294100181
237,5,"[90, 95]",651.5448363722932,652.5352698017032,0.9904334294100181
238,5,"[71, 108]",651.582548285114,652.6340302382858,1.0514819531719013
239,5,"[90, 95]",652.5352698017032,653.5257032311132,0.9904334294100181
246,5,"[71, 108]",652.6340302382858,654.0360063615468,1.4019761232609653
249,5,"[90, 95]",653.5257032311132,655.3965221570442,1.870818925930962
281,5,"[65, 125]",654.0360063615468,655.9128863096033,1.8768799480565121
282,5,"[95, 71]",655.3965221570442,657.2766646920276,1.8801425349834062
283,5,"[65, 125]",655.9128863096033,657.7897662576598,1.8768799480565121
284,5,"[95, 71]",657.2766646920276,659.156807227011,1.8801425349834062
285,5,"[65, 125]",657.7897662576598,659.6666462057163,1.8768799480565121
286,5,"[95, 71]",659.156807227011,661.0369497619944,1.8801425349834062
287,5,"[65, 125]",659.6666462057163,661.5435261537729,1.8768799480565121
250,5,"[90, 95]",661.0369497619944,663.6781059235881,2.641156161593699
251,5,"[71, 108]",661.5435261537729,664.697972361473,3.1544462077001754
260,5,[119],662.6447319314597,663.3583899418741,0.7136580104144059
259,5,"[119, 3]",663.3583899418741,665.9283505909592,2.5699606490851465
271,5,"[12, 65]",663.6781059235881,664.5894848997696,0.9113789761814814
272,5,"[12, 65]",664.5894848997696,665.500863875951,0.9113789761814814
232,5,"[90, 95]",665.500863875951,670.0128387011005,4.511974825149423
280,5,"[125, 12]",665.500863875951,666.7301295072253,1.229265631274302
261,5,[119],665.9283505909592,667.4983981911844,1.5700476002251662
233,5,"[71, 3]",666.7301295072253,670.9564090912814,4.226279584056101
234,5,"[119, 108]",667.4983981911844,672.0666281310804,4.568229939896014
235,5,"[90, 95]",670.0128387011005,674.5248135262499,4.511974825149423
262,5,[71],670.9564090912814,672.9285674680445,1.9721583767631046
263,5,[119],672.0666281310804,673.8745617347771,1.8079336036967106
273,5,"[12, 65]",672.9285674680445,676.776612342642,3.8480448745974627
274,5,"[125, 119]",673.8745617347771,677.7798203755574,3.905258640780289
244,5,[90],674.5248135262499,677.1963591043946,2.6715455781446735
275,5,"[12, 65]",676.776612342642,677.6879913188235,0.9113789761814814
245,5,[90],677.1963591043946,679.8679046825392,2.6715455781446735
277,5,"[12, 65]",677.6879913188235,681.536036193421,3.8480448745974627
276,5,"[125, 119]",677.7798203755574,678.7047499794853,0.9249296039279216
278,5,[119],678.7047499794853,681.9399997174438,3.2352497379584975
279,5,[90],679.8679046825392,683.8171461646197,3.9492414820804242
265,5,[12],681.536036193421,685.1292602987796,3.593224105358672
266,5,[65],681.9399997174438,685.6602677766014,3.720268059157547
267,5,[125],683.8171461646197,687.6263020795033,3.809155914883604
268,5,[12],685.1292602987796,688.7224844041383,3.593224105358672
269,5,[65],685.6602677766014,689.3805358357589,3.720268059157547
270,5,[125],687.6263020795033,691.4354579943869,3.809155914883604
264,5,[12],688.7224844041383,692.410267400484,3.6877829963457316
243,5,"[91, 65]",689.3805358357589,698.1025066611783,8.721970825419362
252,5,[125],691.4354579943869,693.7409997134748,2.3055417190879552
254,5,[12],692.410267400484,695.5306988544679,3.1204314539838833
256,5,[125],693.7409997134748,700.3569020793783,6.61590236590348
257,5,[95],695.5306988544679,701.8037889797447,6.273090125276781
258,5,[65],698.1025066611783,704.5640248569038,6.461518195725489
255,5,[91],700.3569020793783,703.6947840494597,3.337881970081412
253,5,[12],701.8037889797447,705.3024544195613,3.498665439816591
247,5,[119],703.6947840494597,710.5459003142142,6.851116264754523
248,5,[90],704.5640248569038,712.927123456024,8.363098599120235
288,5,[91],705.3024544195613,709.011212507966,3.708758088404693
289,5,[91],709.011212507966,712.7199705963707,3.708758088404693
242,5,[12],710.5459003142142,719.5289606903333,8.983060376119056
357,5,"[119, 95]",712.7199705963707,740.9498280349458,28.229857438575095
358,5,"[90, 71]",712.927123456024,755.8554975398156,42.928374083791596
290,0,[],719.5289606903333,719.5289606903333,0.0
291,0,[],719.5289606903333,719.5289606903333,0.0
292,5,"[91, 12]",719.5289606903333,720.51453654711,0.985575856776677
295,5,"[91, 12]",720.51453654711,721.5001124038866,0.985575856776677
294,5,"[91, 12]",721.5001124038866,722.6828034790145,1.1826910751278774
300,5,"[91, 12]",722.6828034790145,724.4568398567267,1.7740363777121502
301,5,"[91, 12]",724.4568398567267,726.2308762344389,1.7740363777122639
293,5,"[91, 12]",726.2308762344389,728.300585439678,2.0697092052390644
296,5,"[91, 12]",728.300585439678,730.5674098632683,2.266824423590265
297,5,"[91, 12]",730.5674098632683,732.8342342868585,2.266824423590265
298,5,"[91, 12]",732.8342342868585,735.1010587104488,2.266824423590265
299,5,"[91, 12]",735.1010587104488,737.3678831340391,2.266824423590265
302,0,[],737.3678831340391,737.3678831340391,0.0
304,5,"[91, 12]",737.3678831340391,742.8871078379963,5.519224703957207
303,5,"[65, 125]",740.9498280349458,751.2726683086103,10.322840273664497
305,5,"[91, 12]",742.8871078379963,757.3750718047106,14.487963966714346
306,5,"[65, 125]",751.2726683086103,766.6005214456231,15.32785313701288
307,5,"[119, 91]",757.3750718047106,771.9080927747083,14.533020969997665
308,5,"[12, 90]",757.3750718047106,773.5063387357432,16.131266931032542
688,5,"[65, 125]",766.6005214456231,818.9967581869585,52.396236741335315
689,5,"[91, 119]",771.9080927747083,821.5873009784989,49.67920820379061
309,0,[],773.5063387357432,773.5063387357432,0.0
315,5,"[12, 90]",773.5063387357432,774.6037039185233,1.097365182780095
313,5,"[12, 90]",774.6037039185233,779.9807934187986,5.3770895002753605
312,5,"[12, 90]",779.9807934187986,786.2357747513394,6.254981332540751
314,5,"[12, 90]",786.2357747513394,792.7102294343948,6.4744546830554555
310,5,"[12, 90]",792.7102294343948,821.4611980604562,28.75096862606142
311,5,"[65, 125]",818.9967581869585,846.3157918705036,27.31903368354517
690,5,"[119, 95]",821.5873009784989,872.9916661266219,51.40436514812302
692,5,"[12, 91]",821.5873009784989,871.1124877815242,49.52518680302535
565,5,"[65, 125]",846.3157918705036,877.5971292272787,31.28133735677511
557,5,"[12, 90]",871.1124877815242,917.7505080496779,46.638020268153696
711,0,[],872.9916661266219,872.9916661266219,0.0
713,5,"[91, 119]",872.9916661266219,874.1088304058934,1.117164279271492
714,5,"[91, 119]",874.1088304058934,875.4237229241629,1.3148925182695166
712,5,"[91, 119]",875.4237229241629,876.9462299637396,1.5225070395766807
558,5,"[119, 3]",876.9462299637396,918.9552036531275,42.00897368938786
559,5,"[65, 125]",877.5971292272787,921.9123543318907,44.315225104611955
560,5,"[12, 90]",917.7505080496779,964.3885283178316,46.638020268153696
561,5,"[119, 3]",918.9552036531275,960.9641773425153,42.00897368938786
562,5,"[65, 125]",921.9123543318907,966.2275794365027,44.315225104611955
563,5,"[119, 3]",960.9641773425153,1002.9731510319032,42.00897368938786
715,0,[],1002.9731510319032,1002.9731510319032,0.0
716,0,[],1002.9731510319032,1002.9731510319032,0.0
717,5,[91],1002.9731510319032,1003.5294647672698,0.5563137353666434
759,5,"[12, 65]",1002.9731510319032,1003.8845300080847,0.9113789761814814
813,5,"[125, 119]",1002.9731510319032,1003.8980806358311,0.9249296039279216
718,5,"[91, 12]",1003.8845300080847,1004.672990705255,0.7884606971703079
855,5,"[125, 119]",1003.8980806358311,1004.823010239759,0.9249296039279216
853,5,"[65, 12]",1004.672990705255,1005.5843696814364,0.9113789761814814
782,5,"[125, 119]",1004.823010239759,1005.8507098949656,1.0276996552065611
737,5,"[91, 12]",1005.5843696814364,1006.5699455382131,0.985575856776677
726,5,"[125, 119]",1005.8507098949656,1006.9811795401951,1.130469645229482
832,5,"[65, 12]",1006.5699455382131,1007.5825889389721,1.012643400758975
727,5,"[125, 119]",1006.9811795401951,1008.0088791954016,1.0276996552065611
736,5,"[91, 12]",1007.5825889389721,1008.6667224049244,1.0841334659522772
776,5,"[125, 119]",1008.0088791954016,1009.1393488406311,1.130469645229482
756,5,"[65, 12]",1008.6667224049244,1009.7806301699026,1.1139077649781939
777,5,"[125, 119]",1009.1393488406311,1010.578128333418,1.4387794927869209
790,5,"[91, 12]",1009.7806301699026,1010.8647636358548,1.0841334659522772
779,5,"[125, 119]",1010.578128333418,1012.0169078262049,1.4387794927869209
778,5,"[65, 12]",1010.8647636358548,1012.2824643727741,1.4177007369193007
791,5,"[91, 90]",1010.8647636358548,1012.0588062522446,1.1940426163897655
808,5,"[125, 91]",1012.0588062522446,1013.1742449211297,1.1154386688850764
792,5,"[12, 119]",1012.2824643727741,1013.7801832681931,1.4977188954189842
825,5,"[65, 91]",1013.1742449211297,1014.2770228896638,1.1027779685341557
738,5,"[125, 12]",1013.7801832681931,1015.0094488994674,1.229265631274302
739,5,"[119, 91]",1014.2770228896638,1015.4633920879412,1.1863691982773616
757,5,"[65, 12]",1015.0094488994674,1016.2246210286648,1.2151721291974127
773,5,"[125, 91]",1015.4633920879412,1016.680234294158,1.2168422062168247
783,5,"[119, 12]",1016.2246210286648,1017.4227961926113,1.1981751639464164
784,5,"[65, 91]",1016.680234294158,1017.8832648270154,1.2030305328573832
786,5,"[125, 12]",1017.4227961926113,1018.6520618238856,1.229265631274302
789,5,"[119, 91]",1017.8832648270154,1019.0696340252928,1.1863691982773616
793,5,"[65, 12]",1018.6520618238856,1019.867233953083,1.2151721291974127
787,5,"[125, 91]",1019.0696340252928,1020.387879647959,1.318245622666268
797,5,"[119, 12]",1019.867233953083,1021.0654091170294,1.1981751639464164
801,5,"[65, 91]",1020.387879647959,1021.5909101808164,1.2030305328573832
803,5,"[125, 12]",1021.0654091170294,1022.2946747483037,1.229265631274302
804,5,"[119, 91]",1021.5909101808164,1022.7772793790938,1.1863691982773616
802,5,"[65, 12]",1022.2946747483037,1023.5098468775011,1.2151721291974127
805,5,"[125, 91]",1022.7772793790938,1023.9941215853106,1.2168422062168247
810,5,"[119, 12]",1023.5098468775011,1024.7080220414475,1.1981751639464164
821,5,"[65, 91]",1023.9941215853106,1025.1971521181679,1.2030305328572695
826,5,"[125, 12]",1024.7080220414475,1025.9372876727218,1.229265631274302
833,5,"[119, 91]",1025.1971521181679,1026.3835213164452,1.1863691982773616
835,5,"[65, 12]",1025.9372876727218,1027.1524598019191,1.215172129197299
841,5,"[125, 91]",1026.3835213164452,1027.600363522662,1.2168422062168247
843,5,"[119, 12]",1027.1524598019191,1028.3506349658655,1.1981751639464164
859,5,"[65, 91]",1027.600363522662,1028.8033940555194,1.2030305328573832
866,5,"[125, 12]",1028.3506349658655,1029.5799005971398,1.229265631274302
761,5,"[119, 91]",1028.8033940555194,1030.0886272554405,1.2852331999210946
772,5,"[65, 12]",1029.5799005971398,1030.89633696984,1.3164363727000818
774,5,"[125, 91]",1030.0886272554405,1031.4068728781067,1.3182456226661543
762,5,"[119, 12]",1030.89633696984,1033.2926872977328,2.396350327892833
814,5,"[65, 91]",1031.4068728781067,1032.710155855777,1.3032829776702783
819,5,"[125, 90]",1031.4068728781067,1032.8794641247634,1.472591246656748
820,5,"[91, 65]",1032.710155855777,1034.0134388334473,1.3032829776702783
822,5,"[125, 12]",1033.2926872977328,1034.6243916298495,1.3317043321167148
763,5,"[119, 91]",1034.0134388334473,1036.287312992648,2.273874159200659
823,5,"[125, 90]",1034.6243916298495,1035.983706730637,1.3593151007876259
829,5,"[65, 12]",1034.6243916298495,1035.9408280025496,1.3164363727000818
837,5,"[12, 65]",1035.9408280025496,1037.2572643752496,1.3164363727000818
838,5,"[125, 91]",1036.287312992648,1037.605558615314,1.3182456226661543
839,5,"[119, 12]",1037.2572643752496,1038.5552873703348,1.298022995085148
760,5,"[65, 91]",1037.605558615314,1039.0090941573073,1.4035355419932785
827,5,"[125, 12]",1038.5552873703348,1039.9894305254104,1.434143155075617
840,5,"[119, 91]",1039.0090941573073,1040.0965992360857,1.0875050787783493
828,5,"[65, 12]",1039.9894305254104,1041.4071312623296,1.417700736919187
775,5,"[119, 90]",1040.0965992360857,1041.7483488069342,1.6517495708485512
854,5,"[125, 91]",1040.0965992360857,1041.5162483960837,1.4196491599980163
794,5,"[12, 65]",1041.4071312623296,1042.926096363468,1.5189651011385195
807,5,"[91, 125]",1041.5162483960837,1043.0373010934136,1.5210526973298784
834,5,"[119, 12]",1042.926096363468,1044.423815258887,1.4977188954189842
719,5,"[125, 90]",1043.0373010934136,1044.8497211827853,1.8124200893716989
858,5,"[65, 91]",1043.0373010934136,1044.54108919973,1.503788106316506
729,5,"[12, 91]",1044.54108919973,1046.1180105940707,1.5769213943406157
740,5,"[65, 119]",1044.54108919973,1046.166496343207,1.6254071434768775
720,5,"[125, 90]",1044.8497211827853,1046.322312429442,1.472591246656748
730,5,"[12, 91]",1046.1180105940707,1047.5963743792356,1.4783637851649019
788,5,"[65, 119]",1046.166496343207,1047.7919034866839,1.6254071434768775
721,5,"[125, 90]",1046.322312429442,1047.0019699798358,0.6796575503938129
722,5,"[125, 12]",1047.5963743792356,1049.0305175343112,1.434143155075617
731,5,"[91, 90]",1047.5963743792356,1048.2476703635755,0.6512959843398676
815,5,"[65, 119]",1047.7919034866839,1049.4173106301607,1.6254071434768775
723,5,"[125, 90]",1049.0305175343112,1049.823451298092,0.7929337637808658
732,5,"[91, 12]",1049.0305175343112,1050.6074389286518,1.5769213943406157
845,5,"[65, 119]",1049.4173106301607,1051.0427177736376,1.6254071434768775
724,5,"[125, 12]",1050.6074389286518,1051.6318269140083,1.0243879853564977
846,5,"[65, 119]",1051.0427177736376,1052.6681249171145,1.6254071434768775
733,5,"[91, 12]",1051.6318269140083,1052.321730002003,0.6899030879947077
725,5,"[125, 12]",1052.321730002003,1053.1412404024998,0.8195104004967106
847,5,"[65, 119]",1052.6681249171145,1053.8871803049976,1.2190553878831452
734,5,"[91, 12]",1053.1412404024998,1054.4224889693135,1.2812485668137015
848,5,"[125, 90]",1053.1412404024998,1054.5005555032874,1.3593151007876259
850,5,"[65, 119]",1053.8871803049976,1055.1062356928808,1.2190553878831452
735,5,"[12, 91]",1054.4224889693135,1055.2109496664837,0.7884606971701942
849,5,"[65, 91]",1055.2109496664837,1056.514232644154,1.3032829776702783
851,5,"[125, 12]",1055.2109496664837,1056.440215297758,1.229265631274302
852,5,"[119, 90]",1055.2109496664837,1057.413282427615,2.2023327611314016
861,5,"[12, 125]",1056.440215297758,1058.0792360987516,1.6390208009936487
862,5,"[91, 65]",1056.514232644154,1058.1182733147937,1.6040406706397334
758,5,"[119, 12]",1058.0792360987516,1059.7766508945042,1.697414795752593
755,5,"[65, 90]",1058.1182733147937,1060.131427108364,2.013153793570382
795,5,"[125, 91]",1058.1182733147937,1061.5659928587806,3.4477195439869774
781,5,"[12, 119]",1059.7766508945042,1061.5739134023677,1.7972625078634792
817,5,"[65, 90]",1060.131427108364,1062.1445809019344,2.013153793570382
856,5,"[91, 12]",1061.5739134023677,1063.34794978008,1.7740363777122639
857,5,"[125, 119]",1061.5739134023677,1063.4237726102235,1.8498592078558431
818,5,"[65, 90]",1062.1445809019344,1063.598525389879,1.4539444879444545
865,5,"[12, 91]",1063.34794978008,1065.1219861577922,1.7740363777122639
806,5,"[125, 119]",1063.4237726102235,1065.4791719206366,2.0553993104131223
868,5,"[65, 90]",1063.598525389879,1065.8353631456862,2.2368377558073007
824,5,"[12, 91]",1065.1219861577922,1067.1916953630314,2.069709205239178
844,5,"[125, 119]",1065.4791719206366,1067.6373410985614,2.1581691779247194
867,5,"[65, 90]",1065.8353631456862,1068.2958847304046,2.4605215847184354
728,5,"[12, 91]",1067.1916953630314,1069.4585197866218,2.2668244235903785
798,5,"[125, 119]",1067.6373410985614,1070.001050256532,2.363709157970561
816,5,"[65, 12]",1069.4585197866218,1071.7875995600807,2.3290797734589432
830,5,"[91, 90]",1069.4585197866218,1072.0637037239817,2.605183937359925
799,5,"[125, 119]",1070.001050256532,1071.1315199017613,1.1304696452293683
800,5,"[125, 119]",1071.1315199017613,1072.3647595370137,1.2332396352524029
831,5,"[12, 65]",1071.7875995600807,1074.2179438184755,2.4303442583948254
860,5,"[91, 90]",1072.0637037239817,1074.994535588811,2.9308318648293152
764,5,"[125, 119]",1072.3647595370137,1075.2423185225875,2.8775589855738417
780,5,"[12, 65]",1074.2179438184755,1077.1546097772498,2.936665958774256
796,5,"[91, 90]",1074.994535588811,1079.6621568314808,4.6676212426698385
768,5,"[125, 119]",1075.2423185225875,1076.7838680053974,1.5415494828098417
767,5,"[125, 12]",1077.1546097772498,1079.510702094723,2.3560923174732125
769,5,"[65, 119]",1077.1546097772498,1080.1006602777838,2.9460505005340565
765,5,"[12, 125]",1079.510702094723,1084.2228867296692,4.7121846349461975
741,5,"[91, 90]",1079.6621568314808,1083.3528340329403,3.6906772014594935
752,5,"[65, 119]",1080.1006602777838,1084.3673537720683,4.266693494284482
742,5,"[91, 12]",1084.2228867296692,1085.701250514834,1.4783637851649019
766,5,"[125, 90]",1084.2228867296692,1086.1485830999459,1.9256963702766825
753,5,"[65, 119]",1084.3673537720683,1086.297524701965,1.9301709298965761
743,5,"[12, 91]",1085.701250514834,1091.0233602354197,5.3221097205855585
770,5,"[125, 90]",1086.1485830999459,1088.1875554810558,2.038972381109943
754,5,"[65, 119]",1086.297524701965,1090.5642181962494,4.266693494284482
771,5,"[125, 90]",1088.1875554810558,1089.7734230086176,1.5858675275617315
863,5,"[125, 90]",1089.7734230086176,1091.8123953897275,2.038972381109943
744,5,"[91, 119]",1091.0233602354197,1093.8904191116142,2.8670588761945055
842,5,"[65, 12]",1091.0233602354197,1096.28910572622,5.265745490800327
750,5,"[125, 90]",1091.8123953897275,1094.984130444851,3.171735055123463
745,5,"[91, 119]",1093.8904191116142,1095.2745164310343,1.384097319420107
751,5,"[125, 91]",1095.2745164310343,1099.1278498825836,3.8533334515493607
785,5,"[65, 90]",1096.28910572622,1110.9403934534012,14.65128772718117
864,5,"[119, 12]",1096.28910572622,1103.1786127403695,6.889507014149558
746,5,"[91, 125]",1099.1278498825836,1116.2650432190098,17.137193336426208
809,5,"[12, 119]",1103.1786127403695,1120.1527602217843,16.974147481414775
836,5,"[65, 90]",1110.9403934534012,1129.7298297488971,18.78943629549599
747,5,"[91, 125]",1116.2650432190098,1117.583288841676,1.3182456226661543
748,5,"[91, 125]",1117.583288841676,1119.2057450763377,1.6224562346617404
749,5,"[91, 125]",1119.2057450763377,1121.436622414108,2.2308773377701527
811,5,"[12, 119]",1120.1527602217843,1156.497406940843,36.344646719058574
812,5,"[12, 91]",1156.497406940843,1186.5574724523667,30.060065511523817
869,0,[],1186.5574724523667,1186.5574724523667,0.0
872,5,"[65, 125]",1186.5574724523667,1187.3916414079424,0.8341689555757057
888,5,"[12, 91]",1186.5574724523667,1187.2473755403614,0.6899030879947077
870,5,"[119, 12]",1187.2473755403614,1188.245854803974,0.9984792636125803
871,5,"[125, 65]",1187.3916414079424,1188.6428948723812,1.2512534644388325
878,5,"[91, 12]",1188.245854803974,1189.2314306607507,0.985575856776677
874,5,"[65, 125]",1188.6428948723812,1189.89414833682,1.2512534644388325
873,5,"[119, 12]",1189.2314306607507,1190.429605824697,1.1981751639464164
875,5,"[91, 90]",1189.2314306607507,1190.5340226294306,1.3025919686799625
876,5,"[65, 125]",1189.89414833682,1191.145401801259,1.2512534644388325
877,5,"[12, 119]",1190.429605824697,1191.6277809886435,1.1981751639464164
880,5,"[125, 65]",1191.145401801259,1192.3966552656977,1.2512534644388325
879,5,"[91, 12]",1191.6277809886435,1192.8104720637714,1.1826910751278774
881,5,"[119, 90]",1191.6277809886435,1192.9491806978301,1.3213997091866077
882,5,"[65, 125]",1192.3966552656977,1193.6479087301366,1.2512534644388325
883,5,"[12, 91]",1192.8104720637714,1193.9931631388993,1.1826910751278774
884,5,"[125, 65]",1193.6479087301366,1195.0034332130278,1.3555244828912691
885,5,"[119, 12]",1193.9931631388993,1195.1913383028457,1.1981751639464164
889,5,"[91, 90]",1193.9931631388993,1195.838501739629,1.8453386007297468
887,5,"[65, 125]",1195.0034332130278,1197.0888555708918,2.0854223578639903
886,5,"[12, 119]",1195.1913383028457,1200.2835824520478,5.092244149202088
