scenario_id,level,reschedule_start_time,delayed_task_count,frozen_task_count,movable_task_count,eligible_delay_task_count,TaskID,release_time
low_000,low,186.59288846158867,53,1192,1210,1178,26,299.3380951490518
low_000,low,186.59288846158867,53,1192,1210,1178,32,583.3941530045158
low_000,low,186.59288846158867,53,1192,1210,1178,46,547.9961639662802
low_000,low,186.59288846158867,53,1192,1210,1178,110,573.4351776246883
low_000,low,186.59288846158867,53,1192,1210,1178,140,584.4726380667537
low_000,low,186.59288846158867,53,1192,1210,1178,165,637.4893847443245
low_000,low,186.59288846158867,53,1192,1210,1178,183,641.1874635423555
low_000,low,186.59288846158867,53,1192,1210,1178,218,645.6912113252067
low_000,low,186.59288846158867,53,1192,1210,1178,238,692.2370814169777
low_000,low,186.59288846158867,53,1192,1210,1178,242,701.7873956687066
low_000,low,186.59288846158867,53,1192,1210,1178,246,693.1860234668666
low_000,low,186.59288846158867,53,1192,1210,1178,265,695.2916318383554
low_000,low,186.59288846158867,53,1192,1210,1178,268,696.0147853704823
low_000,low,186.59288846158867,53,1192,1210,1178,295,713.2021451200385
low_000,low,186.59288846158867,53,1192,1210,1178,314,746.3479291065048
low_000,low,186.59288846158867,53,1192,1210,1178,315,746.3479291065048
low_000,low,186.59288846158867,53,1192,1210,1178,455,247.42846272945312
low_000,low,186.59288846158867,53,1192,1210,1178,527,234.0261976313137
low_000,low,186.59288846158867,53,1192,1210,1178,538,232.9291508415324
low_000,low,186.59288846158867,53,1192,1210,1178,556,524.3632578156611
low_000,low,186.59288846158867,53,1192,1210,1178,566,513.0086789152951
low_000,low,186.59288846158867,53,1192,1210,1178,567,508.8868581026072
low_000,low,186.59288846158867,53,1192,1210,1178,678,596.1558637973505
low_000,low,186.59288846158867,53,1192,1210,1178,686,594.9738817301085
low_000,low,186.59288846158867,53,1192,1210,1178,848,793.3789652691232
low_000,low,186.59288846158867,53,1192,1210,1178,870,875.788958225759
low_000,low,186.59288846158867,53,1192,1210,1178,872,874.9283149691182
low_000,low,186.59288846158867,53,1192,1210,1178,976,213.248028722234
low_000,low,186.59288846158867,53,1192,1210,1178,1486,222.55042639982096
low_000,low,186.59288846158867,53,1192,1210,1178,1524,253.84236130098927
low_000,low,186.59288846158867,53,1192,1210,1178,1545,278.66089763351835
low_000,low,186.59288846158867,53,1192,1210,1178,1565,301.52677066115666
low_000,low,186.59288846158867,53,1192,1210,1178,1591,329.34273368075054
low_000,low,186.59288846158867,53,1192,1210,1178,1605,372.9516169709427
low_000,low,186.59288846158867,53,1192,1210,1178,1624,480.2276311491274
low_000,low,186.59288846158867,53,1192,1210,1178,1635,659.4642138814386
low_000,low,186.59288846158867,53,1192,1210,1178,1645,533.7411393890911
low_000,low,186.59288846158867,53,1192,1210,1178,1650,210.3538902565197
low_000,low,186.59288846158867,53,1192,1210,1178,1699,226.24750352103007
low_000,low,186.59288846158867,53,1192,1210,1178,1706,198.97535950777092
low_000,low,186.59288846158867,53,1192,1210,1178,1980,206.18702212861257
low_000,low,186.59288846158867,53,1192,1210,1178,2040,278.35391832873967
low_000,low,186.59288846158867,53,1192,1210,1178,2043,279.45655079581155
low_000,low,186.59288846158867,53,1192,1210,1178,2141,249.36490984849536
low_000,low,186.59288846158867,53,1192,1210,1178,2164,298.20542061584223
low_000,low,186.59288846158867,53,1192,1210,1178,2165,304.6336732126956
low_000,low,186.59288846158867,53,1192,1210,1178,2169,339.70463057527195
low_000,low,186.59288846158867,53,1192,1210,1178,2191,378.4695767043145
low_000,low,186.59288846158867,53,1192,1210,1178,2194,374.1434051125288
low_000,low,186.59288846158867,53,1192,1210,1178,2225,206.18058009613895
low_000,low,186.59288846158867,53,1192,1210,1178,2284,371.3896408245075
low_000,low,186.59288846158867,53,1192,1210,1178,2293,247.1123374936712
low_000,low,186.59288846158867,53,1192,1210,1178,2347,476.8526024476981
low_001,low,244.26784215638008,42,1415,987,957,36,587.0356273776359
low_001,low,244.26784215638008,42,1415,987,957,43,555.7497318220805
low_001,low,244.26784215638008,42,1415,987,957,51,549.0734421862895
low_001,low,244.26784215638008,42,1415,987,957,54,549.3212669152279
low_001,low,244.26784215638008,42,1415,987,957,62,598.0343376366804
low_001,low,244.26784215638008,42,1415,987,957,70,546.7651003537386
low_001,low,244.26784215638008,42,1415,987,957,76,556.4425230939675
low_001,low,244.26784215638008,42,1415,987,957,93,574.179587101504
low_001,low,244.26784215638008,42,1415,987,957,115,568.9655951114019
low_001,low,244.26784215638008,42,1415,987,957,170,637.773429780585
low_001,low,244.26784215638008,42,1415,987,957,184,648.957544085597
low_001,low,244.26784215638008,42,1415,987,957,193,639.9294235355289
low_001,low,244.26784215638008,42,1415,987,957,220,648.7547667633744
low_001,low,244.26784215638008,42,1415,987,957,307,732.7312216095022
low_001,low,244.26784215638008,42,1415,987,957,353,416.4027373060712
low_001,low,244.26784215638008,42,1415,987,957,354,410.60502127041576
low_001,low,244.26784215638008,42,1415,987,957,394,297.7328818548031
low_001,low,244.26784215638008,42,1415,987,957,411,307.71214516379206
low_001,low,244.26784215638008,42,1415,987,957,558,535.7027946602594
low_001,low,244.26784215638008,42,1415,987,957,671,583.9163454109107
low_001,low,244.26784215638008,42,1415,987,957,699,282.53424215806774
low_001,low,244.26784215638008,42,1415,987,957,718,789.3267931084201
low_001,low,244.26784215638008,42,1415,987,957,767,802.0766788118748
low_001,low,244.26784215638008,42,1415,987,957,818,795.3287261559329
low_001,low,244.26784215638008,42,1415,987,957,823,791.6460879293643
low_001,low,244.26784215638008,42,1415,987,957,829,787.7909795779839
low_001,low,244.26784215638008,42,1415,987,957,847,792.8956688961663
low_001,low,244.26784215638008,42,1415,987,957,860,797.9274948872758
low_001,low,244.26784215638008,42,1415,987,957,862,789.7950453578388
low_001,low,244.26784215638008,42,1415,987,957,883,875.4312702457296
low_001,low,244.26784215638008,42,1415,987,957,1111,263.30814435132805
low_001,low,244.26784215638008,42,1415,987,957,1285,261.9734518515634
low_001,low,244.26784215638008,42,1415,987,957,1286,262.46938768624034
low_001,low,244.26784215638008,42,1415,987,957,1289,261.3319525051196
low_001,low,244.26784215638008,42,1415,987,957,1291,266.1535896145453
low_001,low,244.26784215638008,42,1415,987,957,1414,315.5032639116436
low_001,low,244.26784215638008,42,1415,987,957,1532,293.36921586701726
low_001,low,244.26784215638008,42,1415,987,957,1550,399.3352621244887
low_001,low,244.26784215638008,42,1415,987,957,1604,371.3896408245075
low_001,low,244.26784215638008,42,1415,987,957,1639,674.2693063209895
low_001,low,244.26784215638008,42,1415,987,957,1907,335.39298315354284
low_001,low,244.26784215638008,42,1415,987,957,2129,519.2770175114636
low_002,low,292.43614889139405,42,1538,864,837,43,555.7497318220805
low_002,low,292.43614889139405,42,1538,864,837,81,559.0213549340485
low_002,low,292.43614889139405,42,1538,864,837,113,568.2273508871389
low_002,low,292.43614889139405,42,1538,864,837,114,568.3085423720651
low_002,low,292.43614889139405,42,1538,864,837,129,571.3255570059794
low_002,low,292.43614889139405,42,1538,864,837,134,564.3106239476047
low_002,low,292.43614889139405,42,1538,864,837,146,571.587004879608
low_002,low,292.43614889139405,42,1538,864,837,179,640.9542138124351
low_002,low,292.43614889139405,42,1538,864,837,204,642.2116736327318
low_002,low,292.43614889139405,42,1538,864,837,212,637.0266099190445
low_002,low,292.43614889139405,42,1538,864,837,255,695.0484238534156
low_002,low,292.43614889139405,42,1538,864,837,266,695.5438949350514
low_002,low,292.43614889139405,42,1538,864,837,274,698.5920347496126
low_002,low,292.43614889139405,42,1538,864,837,280,693.186260709365
low_002,low,292.43614889139405,42,1538,864,837,298,712.1468368869175
low_002,low,292.43614889139405,42,1538,864,837,305,716.8516573676255
low_002,low,292.43614889139405,42,1538,864,837,433,300.85114177128617
low_002,low,292.43614889139405,42,1538,864,837,545,389.3051542660282
low_002,low,292.43614889139405,42,1538,864,837,554,498.0411924639419
low_002,low,292.43614889139405,42,1538,864,837,564,505.48402798000063
low_002,low,292.43614889139405,42,1538,864,837,646,462.970563185292
low_002,low,292.43614889139405,42,1538,864,837,660,529.8830803817966
low_002,low,292.43614889139405,42,1538,864,837,669,581.4865779512797
low_002,low,292.43614889139405,42,1538,864,837,676,594.9738817301085
low_002,low,292.43614889139405,42,1538,864,837,735,800.0601571369465
low_002,low,292.43614889139405,42,1538,864,837,811,804.6597679588986
low_002,low,292.43614889139405,42,1538,864,837,825,783.7519907735217
low_002,low,292.43614889139405,42,1538,864,837,837,786.7571792154567
low_002,low,292.43614889139405,42,1538,864,837,861,789.7828318523591
low_002,low,292.43614889139405,42,1538,864,837,888,874.2484733436617
low_002,low,292.43614889139405,42,1538,864,837,1411,315.9296118113845
low_002,low,292.43614889139405,42,1538,864,837,1424,317.8483720758212
low_002,low,292.43614889139405,42,1538,864,837,1552,423.9747076287485
low_002,low,292.43614889139405,42,1538,864,837,1589,326.6604476151856
low_002,low,292.43614889139405,42,1538,864,837,1605,372.9516169709427
low_002,low,292.43614889139405,42,1538,864,837,1909,336.0740436313516
low_002,low,292.43614889139405,42,1538,864,837,2165,304.6336732126956
low_002,low,292.43614889139405,42,1538,864,837,2170,354.079742528038
low_002,low,292.43614889139405,42,1538,864,837,2178,373.3520607208382
low_002,low,292.43614889139405,42,1538,864,837,2287,372.4157499725386
low_002,low,292.43614889139405,42,1538,864,837,2397,646.443423602035
low_002,low,292.43614889139405,42,1538,864,837,2401,672.886271766872
low_003,low,226.51641926288482,52,1345,1057,1026,43,555.7497318220805
low_003,low,226.51641926288482,52,1345,1057,1026,51,549.0734421862895
low_003,low,226.51641926288482,52,1345,1057,1026,52,550.7829241694741
low_003,low,226.51641926288482,52,1345,1057,1026,95,545.1333127034528
low_003,low,226.51641926288482,52,1345,1057,1026,104,551.8189738337968
low_003,low,226.51641926288482,52,1345,1057,1026,125,561.5060382199158
low_003,low,226.51641926288482,52,1345,1057,1026,216,636.1559598553588
low_003,low,226.51641926288482,52,1345,1057,1026,221,647.927117424296
low_003,low,226.51641926288482,52,1345,1057,1026,234,701.8295267299648
low_003,low,226.51641926288482,52,1345,1057,1026,244,692.2370814169777
low_003,low,226.51641926288482,52,1345,1057,1026,257,699.5957664716279
low_003,low,226.51641926288482,52,1345,1057,1026,338,234.1000923665634
low_003,low,226.51641926288482,52,1345,1057,1026,356,417.2518087358644
low_003,low,226.51641926288482,52,1345,1057,1026,358,421.8745398385148
low_003,low,226.51641926288482,52,1345,1057,1026,369,419.8280813723891
low_003,low,226.51641926288482,52,1345,1057,1026,407,311.04391782275803
low_003,low,226.51641926288482,52,1345,1057,1026,421,342.37400607302953
low_003,low,226.51641926288482,52,1345,1057,1026,527,234.0261976313137
low_003,low,226.51641926288482,52,1345,1057,1026,547,434.8861803230786
low_003,low,226.51641926288482,52,1345,1057,1026,710,236.32875830775654
low_003,low,226.51641926288482,52,1345,1057,1026,758,791.2447825393449
low_003,low,226.51641926288482,52,1345,1057,1026,763,800.0770634469781
low_003,low,226.51641926288482,52,1345,1057,1026,808,782.6677602995428
low_003,low,226.51641926288482,52,1345,1057,1026,815,789.7470551080306
low_003,low,226.51641926288482,52,1345,1057,1026,831,795.5363101767468
low_003,low,226.51641926288482,52,1345,1057,1026,845,789.7670708202182
low_003,low,226.51641926288482,52,1345,1057,1026,870,875.788958225759
low_003,low,226.51641926288482,52,1345,1057,1026,888,874.2484733436617
low_003,low,226.51641926288482,52,1345,1057,1026,1113,263.7901338957722
low_003,low,226.51641926288482,52,1345,1057,1026,1411,315.9296118113845
low_003,low,226.51641926288482,52,1345,1057,1026,1552,423.9747076287485
low_003,low,226.51641926288482,52,1345,1057,1026,1586,373.3769621682852
low_003,low,226.51641926288482,52,1345,1057,1026,1645,533.7411393890911
low_003,low,226.51641926288482,52,1345,1057,1026,1651,284.6620831642629
low_003,low,226.51641926288482,52,1345,1057,1026,1719,344.38544283183694
low_003,low,226.51641926288482,52,1345,1057,1026,1802,319.3032699191513
low_003,low,226.51641926288482,52,1345,1057,1026,1925,301.56703138820654
low_003,low,226.51641926288482,52,1345,1057,1026,1938,329.1961009995134
low_003,low,226.51641926288482,52,1345,1057,1026,1939,334.7513359334857
low_003,low,226.51641926288482,52,1345,1057,1026,2041,275.9388097481409
low_003,low,226.51641926288482,52,1345,1057,1026,2127,516.1693033070871
low_003,low,226.51641926288482,52,1345,1057,1026,2151,361.15150686554415
low_003,low,226.51641926288482,52,1345,1057,1026,2154,334.7757021483636
low_003,low,226.51641926288482,52,1345,1057,1026,2161,255.0838184922252
low_003,low,226.51641926288482,52,1345,1057,1026,2181,259.5654409824907
low_003,low,226.51641926288482,52,1345,1057,1026,2193,381.6822928572432
low_003,low,226.51641926288482,52,1345,1057,1026,2217,241.317914720699
low_003,low,226.51641926288482,52,1345,1057,1026,2296,376.08588188957
low_003,low,226.51641926288482,52,1345,1057,1026,2312,264.1801069474264
low_003,low,226.51641926288482,52,1345,1057,1026,2318,397.61278696766215
low_003,low,226.51641926288482,52,1345,1057,1026,2322,396.13307362825935
low_003,low,226.51641926288482,52,1345,1057,1026,2398,647.3926066201701
low_004,low,255.59951640833307,42,1449,953,924,86,550.2238793676045
low_004,low,255.59951640833307,42,1449,953,924,89,551.0391284133788
low_004,low,255.59951640833307,42,1449,953,924,93,574.179587101504
low_004,low,255.59951640833307,42,1449,953,924,114,568.3085423720651
low_004,low,255.59951640833307,42,1449,953,924,115,568.9655951114019
low_004,low,255.59951640833307,42,1449,953,924,116,569.3002635741059
low_004,low,255.59951640833307,42,1449,953,924,139,566.0169589730989
low_004,low,255.59951640833307,42,1449,953,924,157,581.6724584322287
low_004,low,255.59951640833307,42,1449,953,924,168,644.3853807153395
low_004,low,255.59951640833307,42,1449,953,924,186,651.4497231080711
low_004,low,255.59951640833307,42,1449,953,924,221,647.927117424296
low_004,low,255.59951640833307,42,1449,953,924,275,702.3153000184943
low_004,low,255.59951640833307,42,1449,953,924,277,698.3978000807248
low_004,low,255.59951640833307,42,1449,953,924,280,693.186260709365
low_004,low,255.59951640833307,42,1449,953,924,287,694.4512797009743
low_004,low,255.59951640833307,42,1449,953,924,292,712.1468368869175
low_004,low,255.59951640833307,42,1449,953,924,293,712.1468368869175
low_004,low,255.59951640833307,42,1449,953,924,306,716.8516573676255
low_004,low,255.59951640833307,42,1449,953,924,307,732.7312216095022
low_004,low,255.59951640833307,42,1449,953,924,352,408.3511897464747
low_004,low,255.59951640833307,42,1449,953,924,393,297.7783071426554
low_004,low,255.59951640833307,42,1449,953,924,409,311.061925809549
low_004,low,255.59951640833307,42,1449,953,924,412,317.47108221048427
low_004,low,255.59951640833307,42,1449,953,924,564,505.48402798000063
low_004,low,255.59951640833307,42,1449,953,924,684,594.9738817301085
low_004,low,255.59951640833307,42,1449,953,924,713,690.0988572067555
low_004,low,255.59951640833307,42,1449,953,924,717,782.6677602995428
low_004,low,255.59951640833307,42,1449,953,924,801,783.953006228626
low_004,low,255.59951640833307,42,1449,953,924,835,785.2653261558277
low_004,low,255.59951640833307,42,1449,953,924,871,874.2484733436617
low_004,low,255.59951640833307,42,1449,953,924,881,874.2484733436617
low_004,low,255.59951640833307,42,1449,953,924,1404,314.6327824470811
low_004,low,255.59951640833307,42,1449,953,924,1406,313.1477554927568
low_004,low,255.59951640833307,42,1449,953,924,1544,279.1238477239926
low_004,low,255.59951640833307,42,1449,953,924,1564,447.5904044687069
low_004,low,255.59951640833307,42,1449,953,924,1585,372.9119661407002
low_004,low,255.59951640833307,42,1449,953,924,1643,525.2630408858774
low_004,low,255.59951640833307,42,1449,953,924,1900,336.4750524423113
low_004,low,255.59951640833307,42,1449,953,924,1907,335.39298315354284
low_004,low,255.59951640833307,42,1449,953,924,1998,266.4402565633579
low_004,low,255.59951640833307,42,1449,953,924,2166,317.3246889556457
low_004,low,255.59951640833307,42,1449,953,924,2324,400.1828103986777
low_005,low,247.17942296406375,50,1424,978,948,33,584.1192798585071
low_005,low,247.17942296406375,50,1424,978,948,34,580.2482602222075
low_005,low,247.17942296406375,50,1424,978,948,73,553.0532700425905
low_005,low,247.17942296406375,50,1424,978,948,75,554.0252149622576
low_005,low,247.17942296406375,50,1424,978,948,78,557.8644690803865
low_005,low,247.17942296406375,50,1424,978,948,90,573.5946233437774
low_005,low,247.17942296406375,50,1424,978,948,118,579.5493179283791
low_005,low,247.17942296406375,50,1424,978,948,136,564.6388749378071
low_005,low,247.17942296406375,50,1424,978,948,145,567.7232939985931
low_005,low,247.17942296406375,50,1424,978,948,152,579.1833871771622
low_005,low,247.17942296406375,50,1424,978,948,167,641.8536774566307
low_005,low,247.17942296406375,50,1424,978,948,201,642.6730387470549
low_005,low,247.17942296406375,50,1424,978,948,202,641.822260149441
low_005,low,247.17942296406375,50,1424,978,948,204,642.2116736327318
low_005,low,247.17942296406375,50,1424,978,948,213,638.2098199508152
low_005,low,247.17942296406375,50,1424,978,948,233,699.0082091530453
low_005,low,247.17942296406375,50,1424,978,948,257,699.5957664716279
low_005,low,247.17942296406375,50,1424,978,948,289,698.2405682417269
low_005,low,247.17942296406375,50,1424,978,948,292,712.1468368869175
low_005,low,247.17942296406375,50,1424,978,948,295,713.2021451200385
low_005,low,247.17942296406375,50,1424,978,948,356,417.2518087358644
low_005,low,247.17942296406375,50,1424,978,948,384,259.6669109622857
low_005,low,247.17942296406375,50,1424,978,948,546,429.9628120556947
low_005,low,247.17942296406375,50,1424,978,948,674,598.7256195197028
low_005,low,247.17942296406375,50,1424,978,948,695,280.1551630830243
low_005,low,247.17942296406375,50,1424,978,948,722,798.452064986975
low_005,low,247.17942296406375,50,1424,978,948,742,800.70216830072
low_005,low,247.17942296406375,50,1424,978,948,752,798.2189980698953
low_005,low,247.17942296406375,50,1424,978,948,773,783.5993878038105
low_005,low,247.17942296406375,50,1424,978,948,819,786.4975427732093
low_005,low,247.17942296406375,50,1424,978,948,857,791.6039193586488
low_005,low,247.17942296406375,50,1424,978,948,878,874.2484733436617
low_005,low,247.17942296406375,50,1424,978,948,1405,314.7293404237336
low_005,low,247.17942296406375,50,1424,978,948,1540,266.33134261971696
low_005,low,247.17942296406375,50,1424,978,948,1557,425.1112870194124
low_005,low,247.17942296406375,50,1424,978,948,1574,290.74649327466966
low_005,low,247.17942296406375,50,1424,978,948,1615,462.8297851608906
low_005,low,247.17942296406375,50,1424,978,948,1623,470.4750503406826
low_005,low,247.17942296406375,50,1424,978,948,1635,659.4642138814386
low_005,low,247.17942296406375,50,1424,978,948,1639,674.2693063209895
low_005,low,247.17942296406375,50,1424,978,948,1644,543.1921049855887
low_005,low,247.17942296406375,50,1424,978,948,1648,264.694175183238
low_005,low,247.17942296406375,50,1424,978,948,1912,335.9683694036475
low_005,low,247.17942296406375,50,1424,978,948,1930,309.4379073082076
low_005,low,247.17942296406375,50,1424,978,948,2045,281.39681617210186
low_005,low,247.17942296406375,50,1424,978,948,2073,285.5201002761304
low_005,low,247.17942296406375,50,1424,978,948,2126,514.663177656058
low_005,low,247.17942296406375,50,1424,978,948,2185,318.7387807192773
low_005,low,247.17942296406375,50,1424,978,948,2210,285.9903632037802
low_005,low,247.17942296406375,50,1424,978,948,2401,672.886271766872
low_006,low,285.2118862850725,46,1524,878,851,54,549.3212669152279
low_006,low,285.2118862850725,46,1524,878,851,55,583.5932184573822
low_006,low,285.2118862850725,46,1524,878,851,88,551.0083368421541
low_006,low,285.2118862850725,46,1524,878,851,132,563.3709274427873
low_006,low,285.2118862850725,46,1524,878,851,154,578.8473682591405
low_006,low,285.2118862850725,46,1524,878,851,167,641.8536774566307
low_006,low,285.2118862850725,46,1524,878,851,184,648.957544085597
low_006,low,285.2118862850725,46,1524,878,851,188,645.3373660341226
low_006,low,285.2118862850725,46,1524,878,851,230,692.2370814169777
low_006,low,285.2118862850725,46,1524,878,851,287,694.4512797009743
low_006,low,285.2118862850725,46,1524,878,851,347,378.4695767043145
low_006,low,285.2118862850725,46,1524,878,851,351,405.7295519877805
low_006,low,285.2118862850725,46,1524,878,851,363,423.4044130840741
low_006,low,285.2118862850725,46,1524,878,851,369,419.8280813723891
low_006,low,285.2118862850725,46,1524,878,851,405,311.42709426328054
low_006,low,285.2118862850725,46,1524,878,851,558,535.7027946602594
low_006,low,285.2118862850725,46,1524,878,851,565,525.9144903964814
low_006,low,285.2118862850725,46,1524,878,851,612,471.1440902911445
low_006,low,285.2118862850725,46,1524,878,851,680,598.2102586573666
low_006,low,285.2118862850725,46,1524,878,851,686,594.9738817301085
low_006,low,285.2118862850725,46,1524,878,851,691,596.9065951491899
low_006,low,285.2118862850725,46,1524,878,851,713,690.0988572067555
low_006,low,285.2118862850725,46,1524,878,851,726,783.6781085995611
low_006,low,285.2118862850725,46,1524,878,851,729,789.2065516369884
low_006,low,285.2118862850725,46,1524,878,851,748,831.1801729233086
low_006,low,285.2118862850725,46,1524,878,851,780,799.1466686454672
low_006,low,285.2118862850725,46,1524,878,851,797,783.9122069098672
low_006,low,285.2118862850725,46,1524,878,851,803,786.8831546756995
low_006,low,285.2118862850725,46,1524,878,851,849,792.7583566994916
low_006,low,285.2118862850725,46,1524,878,851,868,794.9066781579263
low_006,low,285.2118862850725,46,1524,878,851,1416,315.62478877770195
low_006,low,285.2118862850725,46,1524,878,851,1564,447.5904044687069
low_006,low,285.2118862850725,46,1524,878,851,1598,428.7056937805709
low_006,low,285.2118862850725,46,1524,878,851,1607,381.3478023478997
low_006,low,285.2118862850725,46,1524,878,851,1612,347.574903686017
low_006,low,285.2118862850725,46,1524,878,851,1615,462.8297851608906
low_006,low,285.2118862850725,46,1524,878,851,1640,690.0988572067555
low_006,low,285.2118862850725,46,1524,878,851,1935,323.6408660655412
low_006,low,285.2118862850725,46,1524,878,851,2056,292.5494168861275
low_006,low,285.2118862850725,46,1524,878,851,2129,519.2770175114636
low_006,low,285.2118862850725,46,1524,878,851,2200,379.4964219199034
low_006,low,285.2118862850725,46,1524,878,851,2320,399.5252712954242
low_006,low,285.2118862850725,46,1524,878,851,2326,397.87110742876143
low_006,low,285.2118862850725,46,1524,878,851,2328,398.2092110671573
low_006,low,285.2118862850725,46,1524,878,851,2329,400.1801148401086
low_006,low,285.2118862850725,46,1524,878,851,2348,487.0109892892962
low_007,low,204.69775459019405,60,1266,1136,1104,35,580.8283772117352
low_007,low,204.69775459019405,60,1266,1136,1104,55,583.5932184573822
low_007,low,204.69775459019405,60,1266,1136,1104,62,598.0343376366804
low_007,low,204.69775459019405,60,1266,1136,1104,65,547.2763336538477
low_007,low,204.69775459019405,60,1266,1136,1104,69,546.5558414945748
low_007,low,204.69775459019405,60,1266,1136,1104,100,546.9439239227694
low_007,low,204.69775459019405,60,1266,1136,1104,128,562.6095865557038
low_007,low,204.69775459019405,60,1266,1136,1104,179,640.9542138124351
low_007,low,204.69775459019405,60,1266,1136,1104,187,654.6761123147055
low_007,low,204.69775459019405,60,1266,1136,1104,220,648.7547667633744
low_007,low,204.69775459019405,60,1266,1136,1104,237,693.1241789760284
low_007,low,204.69775459019405,60,1266,1136,1104,243,701.0905211626183
low_007,low,204.69775459019405,60,1266,1136,1104,252,692.2370814169777
low_007,low,204.69775459019405,60,1266,1136,1104,279,695.6573242614611
low_007,low,204.69775459019405,60,1266,1136,1104,280,693.186260709365
low_007,low,204.69775459019405,60,1266,1136,1104,314,746.3479291065048
low_007,low,204.69775459019405,60,1266,1136,1104,371,427.4510063147187
low_007,low,204.69775459019405,60,1266,1136,1104,437,328.61687538487405
low_007,low,204.69775459019405,60,1266,1136,1104,454,248.12487325347797
low_007,low,204.69775459019405,60,1266,1136,1104,530,230.6378221013922
low_007,low,204.69775459019405,60,1266,1136,1104,563,587.6689372392634
low_007,low,204.69775459019405,60,1266,1136,1104,573,250.84530730035172
low_007,low,204.69775459019405,60,1266,1136,1104,714,681.2711679765998
low_007,low,204.69775459019405,60,1266,1136,1104,735,800.0601571369465
low_007,low,204.69775459019405,60,1266,1136,1104,767,802.0766788118748
low_007,low,204.69775459019405,60,1266,1136,1104,768,799.247338432827
low_007,low,204.69775459019405,60,1266,1136,1104,805,784.7173408533552
low_007,low,204.69775459019405,60,1266,1136,1104,842,798.1867979588502
low_007,low,204.69775459019405,60,1266,1136,1104,847,792.8956688961663
low_007,low,204.69775459019405,60,1266,1136,1104,851,794.5444081217781
low_007,low,204.69775459019405,60,1266,1136,1104,868,794.9066781579263
low_007,low,204.69775459019405,60,1266,1136,1104,870,875.788958225759
low_007,low,204.69775459019405,60,1266,1136,1104,879,874.2484733436617
low_007,low,204.69775459019405,60,1266,1136,1104,945,257.7855383434483
low_007,low,204.69775459019405,60,1266,1136,1104,1198,250.1168461254876
low_007,low,204.69775459019405,60,1266,1136,1104,1199,253.92956065476864
low_007,low,204.69775459019405,60,1266,1136,1104,1363,265.009890199281
low_007,low,204.69775459019405,60,1266,1136,1104,1408,316.34034076019174
low_007,low,204.69775459019405,60,1266,1136,1104,1566,303.45308135407004
low_007,low,204.69775459019405,60,1266,1136,1104,1612,347.574903686017
low_007,low,204.69775459019405,60,1266,1136,1104,1636,611.618494535044
low_007,low,204.69775459019405,60,1266,1136,1104,1650,212.46846969785756
low_007,low,204.69775459019405,60,1266,1136,1104,1651,284.6620831642629
low_007,low,204.69775459019405,60,1266,1136,1104,1654,272.3796983157263
low_007,low,204.69775459019405,60,1266,1136,1104,1697,222.0196256663217
low_007,low,204.69775459019405,60,1266,1136,1104,1796,220.48014637309973
low_007,low,204.69775459019405,60,1266,1136,1104,1904,341.7569376257697
low_007,low,204.69775459019405,60,1266,1136,1104,2039,270.73560149214774
low_007,low,204.69775459019405,60,1266,1136,1104,2086,245.77093522457872
low_007,low,204.69775459019405,60,1266,1136,1104,2126,514.663177656058
low_007,low,204.69775459019405,60,1266,1136,1104,2156,251.0726062682402
low_007,low,204.69775459019405,60,1266,1136,1104,2160,249.0780260607677
low_007,low,204.69775459019405,60,1266,1136,1104,2196,412.326036212932
low_007,low,204.69775459019405,60,1266,1136,1104,2199,441.58058948498734
low_007,low,204.69775459019405,60,1266,1136,1104,2204,285.7060584581461
low_007,low,204.69775459019405,60,1266,1136,1104,2216,244.7335281779801
low_007,low,204.69775459019405,60,1266,1136,1104,2217,241.317914720699
low_007,low,204.69775459019405,60,1266,1136,1104,2349,493.068898614276
low_007,low,204.69775459019405,60,1266,1136,1104,2351,592.8857321111817
low_007,low,204.69775459019405,60,1266,1136,1104,2398,647.3926066201701
low_008,low,245.52113165987498,43,1420,982,952,48,548.2446024424806
low_008,low,245.52113165987498,43,1420,982,952,127,562.6042889221104
low_008,low,245.52113165987498,43,1420,982,952,139,566.0169589730989
low_008,low,245.52113165987498,43,1420,982,952,141,566.408890433278
low_008,low,245.52113165987498,43,1420,982,952,145,567.7232939985931
low_008,low,245.52113165987498,43,1420,982,952,146,571.587004879608
low_008,low,245.52113165987498,43,1420,982,952,155,581.7712999654473
low_008,low,245.52113165987498,43,1420,982,952,161,579.5493179283791
low_008,low,245.52113165987498,43,1420,982,952,169,655.8981463574353
low_008,low,245.52113165987498,43,1420,982,952,202,641.822260149441
low_008,low,245.52113165987498,43,1420,982,952,214,643.6390483560995
low_008,low,245.52113165987498,43,1420,982,952,219,646.4757060446872
low_008,low,245.52113165987498,43,1420,982,952,230,692.2370814169777
low_008,low,245.52113165987498,43,1420,982,952,241,692.9933463581984
low_008,low,245.52113165987498,43,1420,982,952,284,695.0484238534156
low_008,low,245.52113165987498,43,1420,982,952,300,712.1468368869175
low_008,low,245.52113165987498,43,1420,982,952,360,409.0204038130262
low_008,low,245.52113165987498,43,1420,982,952,544,385.4631417806041
low_008,low,245.52113165987498,43,1420,982,952,666,581.0326930724631
low_008,low,245.52113165987498,43,1420,982,952,690,630.0567355452351
low_008,low,245.52113165987498,43,1420,982,952,719,790.3041122463405
low_008,low,245.52113165987498,43,1420,982,952,740,790.103754990894
low_008,low,245.52113165987498,43,1420,982,952,744,808.4688492021031
low_008,low,245.52113165987498,43,1420,982,952,812,841.4364476212364
low_008,low,245.52113165987498,43,1420,982,952,847,792.8956688961663
low_008,low,245.52113165987498,43,1420,982,952,866,788.0485975283544
low_008,low,245.52113165987498,43,1420,982,952,944,254.4933031244334
low_008,low,245.52113165987498,43,1420,982,952,945,257.7855383434483
low_008,low,245.52113165987498,43,1420,982,952,1286,262.46938768624034
low_008,low,245.52113165987498,43,1420,982,952,1405,314.7293404237336
low_008,low,245.52113165987498,43,1420,982,952,1540,266.33134261971696
low_008,low,245.52113165987498,43,1420,982,952,1542,270.2717415953672
low_008,low,245.52113165987498,43,1420,982,952,1564,447.5904044687069
low_008,low,245.52113165987498,43,1420,982,952,1580,366.2095994358828
low_008,low,245.52113165987498,43,1420,982,952,1601,430.8822075299095
low_008,low,245.52113165987498,43,1420,982,952,1605,372.9516169709427
low_008,low,245.52113165987498,43,1420,982,952,1802,319.3032699191513
low_008,low,245.52113165987498,43,1420,982,952,1807,323.6408660655412
low_008,low,245.52113165987498,43,1420,982,952,1898,338.1926318521964
low_008,low,245.52113165987498,43,1420,982,952,1900,336.4750524423113
low_008,low,245.52113165987498,43,1420,982,952,2184,305.4911133746015
low_008,low,245.52113165987498,43,1420,982,952,2205,259.51198910074896
low_008,low,245.52113165987498,43,1420,982,952,2298,348.52531690160293
low_009,low,296.66186595406384,50,1547,855,828,47,573.411077831263
low_009,low,296.66186595406384,50,1547,855,828,88,551.0083368421541
low_009,low,296.66186595406384,50,1547,855,828,140,584.4726380667537
low_009,low,296.66186595406384,50,1547,855,828,142,566.433112912473
low_009,low,296.66186595406384,50,1547,855,828,153,578.4721676875439
low_009,low,296.66186595406384,50,1547,855,828,157,581.6724584322287
low_009,low,296.66186595406384,50,1547,855,828,209,647.3967373464193
low_009,low,296.66186595406384,50,1547,855,828,222,643.9864914889016
low_009,low,296.66186595406384,50,1547,855,828,250,694.4518332668458
low_009,low,296.66186595406384,50,1547,855,828,274,698.5920347496126
low_009,low,296.66186595406384,50,1547,855,828,283,693.9924648032658
low_009,low,296.66186595406384,50,1547,855,828,307,732.7312216095022
low_009,low,296.66186595406384,50,1547,855,828,401,308.26390973540396
low_009,low,296.66186595406384,50,1547,855,828,409,311.061925809549
low_009,low,296.66186595406384,50,1547,855,828,411,307.71214516379206
low_009,low,296.66186595406384,50,1547,855,828,544,385.4631417806041
low_009,low,296.66186595406384,50,1547,855,828,557,535.7027946602594
low_009,low,296.66186595406384,50,1547,855,828,579,306.2014483782672
low_009,low,296.66186595406384,50,1547,855,828,679,604.1529125552305
low_009,low,296.66186595406384,50,1547,855,828,684,594.9738817301085
low_009,low,296.66186595406384,50,1547,855,828,685,598.2102586573666
low_009,low,296.66186595406384,50,1547,855,828,691,596.9065951491899
low_009,low,296.66186595406384,50,1547,855,828,723,803.2748330304976
low_009,low,296.66186595406384,50,1547,855,828,725,811.2704788773182
low_009,low,296.66186595406384,50,1547,855,828,748,831.1801729233086
low_009,low,296.66186595406384,50,1547,855,828,749,832.9014594365901
low_009,low,296.66186595406384,50,1547,855,828,754,809.6655240939391
low_009,low,296.66186595406384,50,1547,855,828,762,796.7304469452394
low_009,low,296.66186595406384,50,1547,855,828,795,799.9727449865675
low_009,low,296.66186595406384,50,1547,855,828,801,783.953006228626
low_009,low,296.66186595406384,50,1547,855,828,803,786.8831546756995
low_009,low,296.66186595406384,50,1547,855,828,832,782.6677602995428
low_009,low,296.66186595406384,50,1547,855,828,836,799.3182393694005
low_009,low,296.66186595406384,50,1547,855,828,841,785.2697850547416
low_009,low,296.66186595406384,50,1547,855,828,848,793.3789652691232
low_009,low,296.66186595406384,50,1547,855,828,1407,314.98065750927856
low_009,low,296.66186595406384,50,1547,855,828,1415,315.5694387343106
low_009,low,296.66186595406384,50,1547,855,828,1416,315.62478877770195
low_009,low,296.66186595406384,50,1547,855,828,1549,448.0209034794357
low_009,low,296.66186595406384,50,1547,855,828,1567,356.5786483432155
low_009,low,296.66186595406384,50,1547,855,828,1581,317.6637265294572
low_009,low,296.66186595406384,50,1547,855,828,1604,371.3896408245075
low_009,low,296.66186595406384,50,1547,855,828,1610,395.4427983921253
low_009,low,296.66186595406384,50,1547,855,828,1620,437.2349549718582
low_009,low,296.66186595406384,50,1547,855,828,1639,674.2693063209895
low_009,low,296.66186595406384,50,1547,855,828,1721,378.4695767043145
low_009,low,296.66186595406384,50,1547,855,828,1908,335.657168700914
low_009,low,296.66186595406384,50,1547,855,828,2197,377.265998250164
low_009,low,296.66186595406384,50,1547,855,828,2199,441.58058948498734
low_009,low,296.66186595406384,50,1547,855,828,2296,376.08588188957
low_010,low,287.3324671374015,44,1529,873,846,43,555.7497318220805
low_010,low,287.3324671374015,44,1529,873,846,47,573.411077831263
low_010,low,287.3324671374015,44,1529,873,846,49,548.5032936228646
low_010,low,287.3324671374015,44,1529,873,846,58,593.0521153722777
low_010,low,287.3324671374015,44,1529,873,846,84,576.3578781044064
low_010,low,287.3324671374015,44,1529,873,846,88,551.0083368421541
low_010,low,287.3324671374015,44,1529,873,846,94,574.3145789840326
low_010,low,287.3324671374015,44,1529,873,846,132,563.3709274427873
low_010,low,287.3324671374015,44,1529,873,846,168,644.3853807153395
low_010,low,287.3324671374015,44,1529,873,846,185,648.0204577873307
low_010,low,287.3324671374015,44,1529,873,846,210,650.277328340862
low_010,low,287.3324671374015,44,1529,873,846,234,701.8295267299648
low_010,low,287.3324671374015,44,1529,873,846,262,692.2370814169777
low_010,low,287.3324671374015,44,1529,873,846,314,746.3479291065048
low_010,low,287.3324671374015,44,1529,873,846,356,417.2518087358644
low_010,low,287.3324671374015,44,1529,873,846,357,415.45873970959394
low_010,low,287.3324671374015,44,1529,873,846,401,307.1480786645509
low_010,low,287.3324671374015,44,1529,873,846,420,341.7569376257697
low_010,low,287.3324671374015,44,1529,873,846,421,342.37400607302953
low_010,low,287.3324671374015,44,1529,873,846,555,562.8446369631413
low_010,low,287.3324671374015,44,1529,873,846,661,530.5471859231793
low_010,low,287.3324671374015,44,1529,873,846,763,800.0770634469781
low_010,low,287.3324671374015,44,1529,873,846,772,787.329817841271
low_010,low,287.3324671374015,44,1529,873,846,777,794.0244476721699
low_010,low,287.3324671374015,44,1529,873,846,810,786.080236874469
low_010,low,287.3324671374015,44,1529,873,846,819,786.4975427732093
low_010,low,287.3324671374015,44,1529,873,846,861,789.7828318523591
low_010,low,287.3324671374015,44,1529,873,846,862,789.7950453578388
low_010,low,287.3324671374015,44,1529,873,846,876,875.493008971195
low_010,low,287.3324671374015,44,1529,873,846,1415,315.5694387343106
low_010,low,287.3324671374015,44,1529,873,846,1553,449.358622924304
low_010,low,287.3324671374015,44,1529,873,846,1559,427.60529326701385
low_010,low,287.3324671374015,44,1529,873,846,1570,293.9127293099877
low_010,low,287.3324671374015,44,1529,873,846,1604,371.3896408245075
low_010,low,287.3324671374015,44,1529,873,846,1605,372.9516169709427
low_010,low,287.3324671374015,44,1529,873,846,1628,322.2080861243416
low_010,low,287.3324671374015,44,1529,873,846,1635,659.4642138814386
low_010,low,287.3324671374015,44,1529,873,846,1721,378.4695767043145
low_010,low,287.3324671374015,44,1529,873,846,1809,329.7102224280986
low_010,low,287.3324671374015,44,1529,873,846,2121,470.0614972702056
low_010,low,287.3324671374015,44,1529,873,846,2184,305.4911133746015
low_010,low,287.3324671374015,44,1529,873,846,2200,379.4964219199034
low_010,low,287.3324671374015,44,1529,873,846,2281,369.2819233473845
low_010,low,287.3324671374015,44,1529,873,846,2296,376.08588188957
low_011,low,298.22025752935906,26,1550,852,825,46,547.9961639662802
low_011,low,298.22025752935906,26,1550,852,825,52,550.7829241694741
low_011,low,298.22025752935906,26,1550,852,825,60,587.2998727813588
low_011,low,298.22025752935906,26,1550,852,825,78,557.8644690803865
low_011,low,298.22025752935906,26,1550,852,825,92,544.7446474705552
low_011,low,298.22025752935906,26,1550,852,825,179,640.9542138124351
low_011,low,298.22025752935906,26,1550,852,825,203,643.1811820435772
low_011,low,298.22025752935906,26,1550,852,825,210,650.277328340862
low_011,low,298.22025752935906,26,1550,852,825,225,651.5289994554137
low_011,low,298.22025752935906,26,1550,852,825,231,692.2370814169777
low_011,low,298.22025752935906,26,1550,852,825,270,696.4149680777458
low_011,low,298.22025752935906,26,1550,852,825,301,713.2687803762585
low_011,low,298.22025752935906,26,1550,852,825,549,431.6511471597932
low_011,low,298.22025752935906,26,1550,852,825,570,518.6948100562744
low_011,low,298.22025752935906,26,1550,852,825,739,784.4355245096565
low_011,low,298.22025752935906,26,1550,852,825,750,795.9041466051841
low_011,low,298.22025752935906,26,1550,852,825,793,783.9100743930154
low_011,low,298.22025752935906,26,1550,852,825,887,876.6808512125316
low_011,low,298.22025752935906,26,1550,852,825,1412,316.0336189074966
low_011,low,298.22025752935906,26,1550,852,825,1598,428.7056937805709
low_011,low,298.22025752935906,26,1550,852,825,1806,327.65103730108
low_011,low,298.22025752935906,26,1550,852,825,2168,334.0416227232395
low_011,low,298.22025752935906,26,1550,852,825,2172,355.21169398397194
low_011,low,298.22025752935906,26,1550,852,825,2193,381.6822928572432
low_011,low,298.22025752935906,26,1550,852,825,2325,393.0258730434045
low_011,low,298.22025752935906,26,1550,852,825,2400,650.5149098484571
low_012,low,304.59025774990016,39,1560,842,815,38,545.5219779363505
low_012,low,304.59025774990016,39,1560,842,815,61,587.6689372392634
low_012,low,304.59025774990016,39,1560,842,815,83,577.6874625618593
low_012,low,304.59025774990016,39,1560,842,815,189,645.3056416577962
low_012,low,304.59025774990016,39,1560,842,815,244,692.2370814169777
low_012,low,304.59025774990016,39,1560,842,815,275,702.3153000184943
low_012,low,304.59025774990016,39,1560,842,815,423,345.9193049444435
low_012,low,304.59025774990016,39,1560,842,815,434,317.5431644025659
low_012,low,304.59025774990016,39,1560,842,815,677,595.6560158859918
low_012,low,304.59025774990016,39,1560,842,815,683,600.3997920605009
low_012,low,304.59025774990016,39,1560,842,815,748,831.1801729233086
low_012,low,304.59025774990016,39,1560,842,815,752,798.2189980698953
low_012,low,304.59025774990016,39,1560,842,815,765,800.8296464283861
low_012,low,304.59025774990016,39,1560,842,815,775,788.0062448990162
low_012,low,304.59025774990016,39,1560,842,815,778,794.0784657982342
low_012,low,304.59025774990016,39,1560,842,815,795,799.9727449865675
low_012,low,304.59025774990016,39,1560,842,815,817,792.8851302753445
low_012,low,304.59025774990016,39,1560,842,815,818,795.3287261559329
low_012,low,304.59025774990016,39,1560,842,815,823,791.6460879293643
low_012,low,304.59025774990016,39,1560,842,815,825,783.7519907735217
low_012,low,304.59025774990016,39,1560,842,815,853,782.6677602995428
low_012,low,304.59025774990016,39,1560,842,815,889,876.606520410577
low_012,low,304.59025774990016,39,1560,842,815,1554,333.9999560582893
low_012,low,304.59025774990016,39,1560,842,815,1580,366.2095994358828
low_012,low,304.59025774990016,39,1560,842,815,1589,326.6604476151856
low_012,low,304.59025774990016,39,1560,842,815,1610,395.4427983921253
low_012,low,304.59025774990016,39,1560,842,815,1614,453.5251671327538
low_012,low,304.59025774990016,39,1560,842,815,1619,435.2831940334958
low_012,low,304.59025774990016,39,1560,842,815,1640,690.0988572067555
low_012,low,304.59025774990016,39,1560,842,815,1685,327.5981552604403
low_012,low,304.59025774990016,39,1560,842,815,1687,329.797699089693
low_012,low,304.59025774990016,39,1560,842,815,1721,378.4695767043145
low_012,low,304.59025774990016,39,1560,842,815,1898,338.1926318521964
low_012,low,304.59025774990016,39,1560,842,815,1931,317.5456598447251
low_012,low,304.59025774990016,39,1560,842,815,2321,389.5288141167861
low_012,low,304.59025774990016,39,1560,842,815,2325,393.0258730434045
low_012,low,304.59025774990016,39,1560,842,815,2330,407.2350593165181
low_012,low,304.59025774990016,39,1560,842,815,2342,589.309646465496
low_012,low,304.59025774990016,39,1560,842,815,2347,476.8526024476981
low_013,low,169.83008791760346,63,1132,1270,1238,40,552.8550234981195
low_013,low,169.83008791760346,63,1132,1270,1238,43,555.7497318220805
low_013,low,169.83008791760346,63,1132,1270,1238,64,549.9022819300984
low_013,low,169.83008791760346,63,1132,1270,1238,106,551.9870924043248
low_013,low,169.83008791760346,63,1132,1270,1238,150,577.2666387817544
low_013,low,169.83008791760346,63,1132,1270,1238,222,643.9864914889016
low_013,low,169.83008791760346,63,1132,1270,1238,256,698.6809266650239
low_013,low,169.83008791760346,63,1132,1270,1238,292,712.1468368869175
low_013,low,169.83008791760346,63,1132,1270,1238,518,233.55085450466947
low_013,low,169.83008791760346,63,1132,1270,1238,543,381.7268455896428
low_013,low,169.83008791760346,63,1132,1270,1238,546,429.9628120556947
low_013,low,169.83008791760346,63,1132,1270,1238,548,445.7606161872753
low_013,low,169.83008791760346,63,1132,1270,1238,550,463.1297492110998
low_013,low,169.83008791760346,63,1132,1270,1238,669,581.4865779512797
low_013,low,169.83008791760346,63,1132,1270,1238,710,235.91420899789384
low_013,low,169.83008791760346,63,1132,1270,1238,717,782.6677602995428
low_013,low,169.83008791760346,63,1132,1270,1238,726,783.6781085995611
low_013,low,169.83008791760346,63,1132,1270,1238,731,795.3167761690516
low_013,low,169.83008791760346,63,1132,1270,1238,734,798.5919678394266
low_013,low,169.83008791760346,63,1132,1270,1238,767,802.0766788118748
low_013,low,169.83008791760346,63,1132,1270,1238,770,790.8939816717217
low_013,low,169.83008791760346,63,1132,1270,1238,795,799.9727449865675
low_013,low,169.83008791760346,63,1132,1270,1238,824,794.0784657982342
low_013,low,169.83008791760346,63,1132,1270,1238,825,783.7519907735217
low_013,low,169.83008791760346,63,1132,1270,1238,832,782.6677602995428
low_013,low,169.83008791760346,63,1132,1270,1238,837,786.7571792154567
low_013,low,169.83008791760346,63,1132,1270,1238,889,876.606520410577
low_013,low,169.83008791760346,63,1132,1270,1238,957,210.18935884149943
low_013,low,169.83008791760346,63,1132,1270,1238,959,195.47855804266092
low_013,low,169.83008791760346,63,1132,1270,1238,973,213.6476575310118
low_013,low,169.83008791760346,63,1132,1270,1238,978,206.81405714788852
low_013,low,169.83008791760346,63,1132,1270,1238,990,207.09790546237656
low_013,low,169.83008791760346,63,1132,1270,1238,996,198.602598967276
low_013,low,169.83008791760346,63,1132,1270,1238,997,199.68093493338955
low_013,low,169.83008791760346,63,1132,1270,1238,1006,186.2546134779753
low_013,low,169.83008791760346,63,1132,1270,1238,1217,183.65532660102713
low_013,low,169.83008791760346,63,1132,1270,1238,1278,262.9472942225361
low_013,low,169.83008791760346,63,1132,1270,1238,1365,270.8247844129565
low_013,low,169.83008791760346,63,1132,1270,1238,1414,315.5032639116436
low_013,low,169.83008791760346,63,1132,1270,1238,1416,315.62478877770195
low_013,low,169.83008791760346,63,1132,1270,1238,1419,315.9323778013494
low_013,low,169.83008791760346,63,1132,1270,1238,1422,317.8464664112209
low_013,low,169.83008791760346,63,1132,1270,1238,1554,333.9999560582893
low_013,low,169.83008791760346,63,1132,1270,1238,1560,411.15110021502335
low_013,low,169.83008791760346,63,1132,1270,1238,1578,505.42647113816815
low_013,low,169.83008791760346,63,1132,1270,1238,1599,360.7444689408965
low_013,low,169.83008791760346,63,1132,1270,1238,1600,360.7444689408965
low_013,low,169.83008791760346,63,1132,1270,1238,1613,355.5200603891806
low_013,low,169.83008791760346,63,1132,1270,1238,1656,296.11095522903605
low_013,low,169.83008791760346,63,1132,1270,1238,1687,329.797699089693
low_013,low,169.83008791760346,63,1132,1270,1238,1712,218.55567074683367
low_013,low,169.83008791760346,63,1132,1270,1238,1747,186.87977469395744
low_013,low,169.83008791760346,63,1132,1270,1238,1804,321.1157400777495
low_013,low,169.83008791760346,63,1132,1270,1238,1807,323.6408660655412
low_013,low,169.83008791760346,63,1132,1270,1238,1905,337.83935833832044
low_013,low,169.83008791760346,63,1132,1270,1238,2041,275.9388097481409
low_013,low,169.83008791760346,63,1132,1270,1238,2044,277.69884232820533
low_013,low,169.83008791760346,63,1132,1270,1238,2074,240.0165828954861
low_013,low,169.83008791760346,63,1132,1270,1238,2130,520.8786060648108
low_013,low,169.83008791760346,63,1132,1270,1238,2181,259.5654409824907
low_013,low,169.83008791760346,63,1132,1270,1238,2198,391.2894478519657
low_013,low,169.83008791760346,63,1132,1270,1238,2224,202.27825078248523
low_013,low,169.83008791760346,63,1132,1270,1238,2257,197.0308209411669
low_014,low,274.2760660290054,42,1503,899,872,95,545.1333127034528
low_014,low,274.2760660290054,42,1503,899,872,123,570.4192669441981
low_014,low,274.2760660290054,42,1503,899,872,161,579.5493179283791
low_014,low,274.2760660290054,42,1503,899,872,217,644.7172951566542
low_014,low,274.2760660290054,42,1503,899,872,247,700.2657903217379
low_014,low,274.2760660290054,42,1503,899,872,281,693.2552648907703
low_014,low,274.2760660290054,42,1503,899,872,293,712.1468368869175
low_014,low,274.2760660290054,42,1503,899,872,300,712.1468368869175
low_014,low,274.2760660290054,42,1503,899,872,415,312.8602439877742
low_014,low,274.2760660290054,42,1503,899,872,557,535.7027946602594
low_014,low,274.2760660290054,42,1503,899,872,561,587.5746670385457
low_014,low,274.2760660290054,42,1503,899,872,690,630.0567355452351
low_014,low,274.2760660290054,42,1503,899,872,713,690.0988572067555
low_014,low,274.2760660290054,42,1503,899,872,752,798.2189980698953
low_014,low,274.2760660290054,42,1503,899,872,768,799.247338432827
low_014,low,274.2760660290054,42,1503,899,872,772,787.329817841271
low_014,low,274.2760660290054,42,1503,899,872,776,782.6677602995428
low_014,low,274.2760660290054,42,1503,899,872,779,794.580686096473
low_014,low,274.2760660290054,42,1503,899,872,808,782.6677602995428
low_014,low,274.2760660290054,42,1503,899,872,809,800.8741303813488
low_014,low,274.2760660290054,42,1503,899,872,817,792.8851302753445
low_014,low,274.2760660290054,42,1503,899,872,836,799.3182393694005
low_014,low,274.2760660290054,42,1503,899,872,848,793.3789652691232
low_014,low,274.2760660290054,42,1503,899,872,850,793.4691180068276
low_014,low,274.2760660290054,42,1503,899,872,862,789.7950453578388
low_014,low,274.2760660290054,42,1503,899,872,1404,314.6327824470811
low_014,low,274.2760660290054,42,1503,899,872,1414,315.5032639116436
low_014,low,274.2760660290054,42,1503,899,872,1550,399.3352621244887
low_014,low,274.2760660290054,42,1503,899,872,1560,411.15110021502335
low_014,low,274.2760660290054,42,1503,899,872,1595,374.3313872073858
low_014,low,274.2760660290054,42,1503,899,872,1604,371.3896408245075
low_014,low,274.2760660290054,42,1503,899,872,1802,319.3032699191513
low_014,low,274.2760660290054,42,1503,899,872,1906,335.3491333612665
low_014,low,274.2760660290054,42,1503,899,872,2129,519.2770175114636
low_014,low,274.2760660290054,42,1503,899,872,2169,339.70463057527195
low_014,low,274.2760660290054,42,1503,899,872,2174,360.70285505001846
low_014,low,274.2760660290054,42,1503,899,872,2180,375.780066567389
low_014,low,274.2760660290054,42,1503,899,872,2184,305.4911133746015
low_014,low,274.2760660290054,42,1503,899,872,2200,379.4964219199034
low_014,low,274.2760660290054,42,1503,899,872,2296,376.08588188957
low_014,low,274.2760660290054,42,1503,899,872,2319,394.0865382917716
low_014,low,274.2760660290054,42,1503,899,872,2347,476.8526024476981
low_015,low,291.5101206096015,38,1537,865,838,42,555.1153735292443
low_015,low,291.5101206096015,38,1537,865,838,130,571.3451967745423
low_015,low,291.5101206096015,38,1537,865,838,155,581.7712999654473
low_015,low,291.5101206096015,38,1537,865,838,161,579.5493179283791
low_015,low,291.5101206096015,38,1537,865,838,190,635.5969833305865
low_015,low,291.5101206096015,38,1537,865,838,250,694.4518332668458
low_015,low,291.5101206096015,38,1537,865,838,255,695.0484238534156
low_015,low,291.5101206096015,38,1537,865,838,258,700.0981187315634
low_015,low,291.5101206096015,38,1537,865,838,286,694.5678422297934
low_015,low,291.5101206096015,38,1537,865,838,293,712.1468368869175
low_015,low,291.5101206096015,38,1537,865,838,294,712.1468368869175
low_015,low,291.5101206096015,38,1537,865,838,305,716.8516573676255
low_015,low,291.5101206096015,38,1537,865,838,404,307.1480786645509
low_015,low,291.5101206096015,38,1537,865,838,409,311.061925809549
low_015,low,291.5101206096015,38,1537,865,838,435,321.283556392238
low_015,low,291.5101206096015,38,1537,865,838,670,587.2998727813588
low_015,low,291.5101206096015,38,1537,865,838,720,794.5444081217781
low_015,low,291.5101206096015,38,1537,865,838,756,782.6677602995428
low_015,low,291.5101206096015,38,1537,865,838,772,787.329817841271
low_015,low,291.5101206096015,38,1537,865,838,815,789.7470551080306
low_015,low,291.5101206096015,38,1537,865,838,821,786.1259171217689
low_015,low,291.5101206096015,38,1537,865,838,857,791.6039193586488
low_015,low,291.5101206096015,38,1537,865,838,873,875.25882164368
low_015,low,291.5101206096015,38,1537,865,838,880,874.2484733436617
low_015,low,291.5101206096015,38,1537,865,838,1401,304.6944377448391
low_015,low,291.5101206096015,38,1537,865,838,1406,313.1477554927568
low_015,low,291.5101206096015,38,1537,865,838,1539,300.21291784600476
low_015,low,291.5101206096015,38,1537,865,838,1582,318.46256279696024
low_015,low,291.5101206096015,38,1537,865,838,1588,384.5225198844798
low_015,low,291.5101206096015,38,1537,865,838,1604,371.3896408245075
low_015,low,291.5101206096015,38,1537,865,838,1605,372.9516169709427
low_015,low,291.5101206096015,38,1537,865,838,1606,381.3478023478997
low_015,low,291.5101206096015,38,1537,865,838,1613,355.5200603891806
low_015,low,291.5101206096015,38,1537,865,838,1637,593.0474861423077
low_015,low,291.5101206096015,38,1537,865,838,1780,391.2894478519657
low_015,low,291.5101206096015,38,1537,865,838,1911,337.2131883855752
low_015,low,291.5101206096015,38,1537,865,838,2056,297.55323207185126
low_015,low,291.5101206096015,38,1537,865,838,2189,348.37721937478
low_016,low,267.47850231578,50,1489,913,886,58,593.0521153722777
low_016,low,267.47850231578,50,1489,913,886,76,556.4425230939675
low_016,low,267.47850231578,50,1489,913,886,111,576.5517739032198
low_016,low,267.47850231578,50,1489,913,886,184,648.957544085597
low_016,low,267.47850231578,50,1489,913,886,199,636.7655153568172
low_016,low,267.47850231578,50,1489,913,886,212,637.0266099190445
low_016,low,267.47850231578,50,1489,913,886,234,701.8295267299648
low_016,low,267.47850231578,50,1489,913,886,237,693.1241789760284
low_016,low,267.47850231578,50,1489,913,886,259,699.0857254244921
low_016,low,267.47850231578,50,1489,913,886,265,695.2916318383554
low_016,low,267.47850231578,50,1489,913,886,268,696.0147853704823
low_016,low,267.47850231578,50,1489,913,886,288,697.1227184900887
low_016,low,267.47850231578,50,1489,913,886,411,307.71214516379206
low_016,low,267.47850231578,50,1489,913,886,559,536.1555318968406
low_016,low,267.47850231578,50,1489,913,886,570,518.6948100562744
low_016,low,267.47850231578,50,1489,913,886,671,583.9163454109107
low_016,low,267.47850231578,50,1489,913,886,674,598.7256195197028
low_016,low,267.47850231578,50,1489,913,886,683,600.3997920605009
low_016,low,267.47850231578,50,1489,913,886,685,598.2102586573666
low_016,low,267.47850231578,50,1489,913,886,698,286.60852835083745
low_016,low,267.47850231578,50,1489,913,886,735,800.0601571369465
low_016,low,267.47850231578,50,1489,913,886,739,784.4355245096565
low_016,low,267.47850231578,50,1489,913,886,740,790.103754990894
low_016,low,267.47850231578,50,1489,913,886,742,800.70216830072
low_016,low,267.47850231578,50,1489,913,886,743,802.2841339347094
low_016,low,267.47850231578,50,1489,913,886,766,805.6820575141672
low_016,low,267.47850231578,50,1489,913,886,784,783.7122463281084
low_016,low,267.47850231578,50,1489,913,886,786,784.8974399724011
low_016,low,267.47850231578,50,1489,913,886,805,784.7173408533552
low_016,low,267.47850231578,50,1489,913,886,807,788.0980727441773
low_016,low,267.47850231578,50,1489,913,886,837,786.7571792154567
low_016,low,267.47850231578,50,1489,913,886,860,797.9274948872758
low_016,low,267.47850231578,50,1489,913,886,879,874.2484733436617
low_016,low,267.47850231578,50,1489,913,886,882,874.2484733436617
low_016,low,267.47850231578,50,1489,913,886,886,875.4893923641166
low_016,low,267.47850231578,50,1489,913,886,1417,315.7406918040711
low_016,low,267.47850231578,50,1489,913,886,1572,385.3193812562893
low_016,low,267.47850231578,50,1489,913,886,1583,321.36872077154004
low_016,low,267.47850231578,50,1489,913,886,1654,280.8227822741067
low_016,low,267.47850231578,50,1489,913,886,1799,309.4379073082076
low_016,low,267.47850231578,50,1489,913,886,1929,305.8877539787642
low_016,low,267.47850231578,50,1489,913,886,2044,278.007811805924
low_016,low,267.47850231578,50,1489,913,886,2050,368.71838058557785
low_016,low,267.47850231578,50,1489,913,886,2054,292.03216307781884
low_016,low,267.47850231578,50,1489,913,886,2172,355.21169398397194
low_016,low,267.47850231578,50,1489,913,886,2189,348.37721937478
low_016,low,267.47850231578,50,1489,913,886,2228,460.11920361602097
low_016,low,267.47850231578,50,1489,913,886,2298,348.52531690160293
low_016,low,267.47850231578,50,1489,913,886,2342,589.309646465496
low_016,low,267.47850231578,50,1489,913,886,2370,305.3400049893774
low_017,low,274.7597743224869,33,1504,898,871,71,550.1392402075911
low_017,low,274.7597743224869,33,1504,898,871,87,583.7603237790436
low_017,low,274.7597743224869,33,1504,898,871,100,546.9439239227694
low_017,low,274.7597743224869,33,1504,898,871,125,561.5060382199158
low_017,low,274.7597743224869,33,1504,898,871,128,562.6095865557038
low_017,low,274.7597743224869,33,1504,898,871,161,579.5493179283791
low_017,low,274.7597743224869,33,1504,898,871,169,655.8981463574353
low_017,low,274.7597743224869,33,1504,898,871,263,692.2370814169777
low_017,low,274.7597743224869,33,1504,898,871,273,698.9250560830324
low_017,low,274.7597743224869,33,1504,898,871,310,746.3479291065048
low_017,low,274.7597743224869,33,1504,898,871,365,416.7477305520801
low_017,low,274.7597743224869,33,1504,898,871,562,587.6195820624536
low_017,low,274.7597743224869,33,1504,898,871,610,462.8129589829139
low_017,low,274.7597743224869,33,1504,898,871,660,529.8830803817966
low_017,low,274.7597743224869,33,1504,898,871,714,681.2711679765998
low_017,low,274.7597743224869,33,1504,898,871,738,784.426746906022
low_017,low,274.7597743224869,33,1504,898,871,753,807.9055413773542
low_017,low,274.7597743224869,33,1504,898,871,776,782.6677602995428
low_017,low,274.7597743224869,33,1504,898,871,779,794.580686096473
low_017,low,274.7597743224869,33,1504,898,871,786,784.8974399724011
low_017,low,274.7597743224869,33,1504,898,871,823,791.6460879293643
low_017,low,274.7597743224869,33,1504,898,871,857,791.6039193586488
low_017,low,274.7597743224869,33,1504,898,871,858,788.2761061339194
low_017,low,274.7597743224869,33,1504,898,871,1408,316.34034076019174
low_017,low,274.7597743224869,33,1504,898,871,1544,281.73325383825886
low_017,low,274.7597743224869,33,1504,898,871,1547,351.58087534986123
low_017,low,274.7597743224869,33,1504,898,871,1555,409.7349275275296
low_017,low,274.7597743224869,33,1504,898,871,1567,356.5786483432155
low_017,low,274.7597743224869,33,1504,898,871,1574,290.74649327466966
low_017,low,274.7597743224869,33,1504,898,871,1593,363.4652170923442
low_017,low,274.7597743224869,33,1504,898,871,1685,327.5981552604403
low_017,low,274.7597743224869,33,1504,898,871,1941,338.868887257286
low_017,low,274.7597743224869,33,1504,898,871,2285,370.9002275225111
low_018,low,140.00650427465007,73,994,1408,1375,34,580.2482602222075
low_018,low,140.00650427465007,73,994,1408,1375,89,551.0391284133788
low_018,low,140.00650427465007,73,994,1408,1375,109,556.6366047481962
low_018,low,140.00650427465007,73,994,1408,1375,118,579.5493179283791
low_018,low,140.00650427465007,73,994,1408,1375,169,655.8981463574353
low_018,low,140.00650427465007,73,994,1408,1375,174,661.3925810918831
low_018,low,140.00650427465007,73,994,1408,1375,183,641.1874635423555
low_018,low,140.00650427465007,73,994,1408,1375,188,645.3373660341226
low_018,low,140.00650427465007,73,994,1408,1375,190,635.5969833305865
low_018,low,140.00650427465007,73,994,1408,1375,239,694.707546939714
low_018,low,140.00650427465007,73,994,1408,1375,256,698.6809266650239
low_018,low,140.00650427465007,73,994,1408,1375,283,693.9924648032658
low_018,low,140.00650427465007,73,994,1408,1375,288,697.1227184900887
low_018,low,140.00650427465007,73,994,1408,1375,340,228.16374047126692
low_018,low,140.00650427465007,73,994,1408,1375,348,383.6235399747169
low_018,low,140.00650427465007,73,994,1408,1375,358,421.8745398385148
low_018,low,140.00650427465007,73,994,1408,1375,367,419.8529610270506
low_018,low,140.00650427465007,73,994,1408,1375,368,429.0636474972531
low_018,low,140.00650427465007,73,994,1408,1375,407,311.04391782275803
low_018,low,140.00650427465007,73,994,1408,1375,411,307.71214516379206
low_018,low,140.00650427465007,73,994,1408,1375,437,328.61687538487405
low_018,low,140.00650427465007,73,994,1408,1375,527,234.0261976313137
low_018,low,140.00650427465007,73,994,1408,1375,534,234.7315238371448
low_018,low,140.00650427465007,73,994,1408,1375,540,230.74977166312172
low_018,low,140.00650427465007,73,994,1408,1375,568,513.2842391856749
low_018,low,140.00650427465007,73,994,1408,1375,569,515.7084380136951
low_018,low,140.00650427465007,73,994,1408,1375,572,253.61310478434257
low_018,low,140.00650427465007,73,994,1408,1375,646,462.970563185292
low_018,low,140.00650427465007,73,994,1408,1375,702,227.86157896861
low_018,low,140.00650427465007,73,994,1408,1375,737,783.5092178050935
low_018,low,140.00650427465007,73,994,1408,1375,769,802.3548680808707
low_018,low,140.00650427465007,73,994,1408,1375,771,793.5339301360149
low_018,low,140.00650427465007,73,994,1408,1375,786,784.8974399724011
low_018,low,140.00650427465007,73,994,1408,1375,822,786.6273631996161
low_018,low,140.00650427465007,73,994,1408,1375,850,793.4691180068276
low_018,low,140.00650427465007,73,994,1408,1375,885,876.7601605643792
low_018,low,140.00650427465007,73,994,1408,1375,886,875.4893923641166
low_018,low,140.00650427465007,73,994,1408,1375,946,255.08642878785017
low_018,low,140.00650427465007,73,994,1408,1375,961,197.61453656363503
low_018,low,140.00650427465007,73,994,1408,1375,962,191.5580200073042
low_018,low,140.00650427465007,73,994,1408,1375,1031,158.30463998490563
low_018,low,140.00650427465007,73,994,1408,1375,1198,250.1168461254876
low_018,low,140.00650427465007,73,994,1408,1375,1213,188.3523127637984
low_018,low,140.00650427465007,73,994,1408,1375,1279,259.6669109622857
low_018,low,140.00650427465007,73,994,1408,1375,1285,261.9734518515634
low_018,low,140.00650427465007,73,994,1408,1375,1288,261.45128010070994
low_018,low,140.00650427465007,73,994,1408,1375,1339,169.23522819766953
low_018,low,140.00650427465007,73,994,1408,1375,1512,147.49918027572602
low_018,low,140.00650427465007,73,994,1408,1375,1549,448.0209034794357
low_018,low,140.00650427465007,73,994,1408,1375,1559,427.60529326701385
low_018,low,140.00650427465007,73,994,1408,1375,1564,447.5904044687069
low_018,low,140.00650427465007,73,994,1408,1375,1589,326.6604476151856
low_018,low,140.00650427465007,73,994,1408,1375,1609,274.7025991329703
low_018,low,140.00650427465007,73,994,1408,1375,1611,423.5810707053135
low_018,low,140.00650427465007,73,994,1408,1375,1668,214.91290413733395
low_018,low,140.00650427465007,73,994,1408,1375,1670,231.4889783055748
low_018,low,140.00650427465007,73,994,1408,1375,1692,221.0164441687689
low_018,low,140.00650427465007,73,994,1408,1375,1724,180.451522097104
low_018,low,140.00650427465007,73,994,1408,1375,1791,218.45308860912755
low_018,low,140.00650427465007,73,994,1408,1375,1799,309.4379073082076
low_018,low,140.00650427465007,73,994,1408,1375,1952,153.70713151827715
low_018,low,140.00650427465007,73,994,1408,1375,1962,148.1690379037839
low_018,low,140.00650427465007,73,994,1408,1375,1970,150.40138876433423
low_018,low,140.00650427465007,73,994,1408,1375,2130,520.8786060648108
low_018,low,140.00650427465007,73,994,1408,1375,2148,155.02382615726955
low_018,low,140.00650427465007,73,994,1408,1375,2173,351.5181151680484
low_018,low,140.00650427465007,73,994,1408,1375,2174,360.70285505001846
low_018,low,140.00650427465007,73,994,1408,1375,2176,357.9143297370746
low_018,low,140.00650427465007,73,994,1408,1375,2196,412.326036212932
low_018,low,140.00650427465007,73,994,1408,1375,2222,182.5006300682333
low_018,low,140.00650427465007,73,994,1408,1375,2273,169.91172135487594
low_018,low,140.00650427465007,73,994,1408,1375,2315,163.48000252095542
low_018,low,140.00650427465007,73,994,1408,1375,2339,588.1605694991475
low_019,low,137.21785952400685,53,982,1420,1387,64,549.9022819300984
low_019,low,137.21785952400685,53,982,1420,1387,66,547.4273855491114
low_019,low,137.21785952400685,53,982,1420,1387,85,579.1833871771622
low_019,low,137.21785952400685,53,982,1420,1387,122,576.5955970198564
low_019,low,137.21785952400685,53,982,1420,1387,156,579.5624553498279
low_019,low,137.21785952400685,53,982,1420,1387,159,575.0628611035378
low_019,low,137.21785952400685,53,982,1420,1387,185,648.0204577873307
low_019,low,137.21785952400685,53,982,1420,1387,217,644.7172951566542
low_019,low,137.21785952400685,53,982,1420,1387,237,693.1241789760284
low_019,low,137.21785952400685,53,982,1420,1387,293,712.1468368869175
low_019,low,137.21785952400685,53,982,1420,1387,343,338.5594502892794
low_019,low,137.21785952400685,53,982,1420,1387,436,333.2215125483615
low_019,low,137.21785952400685,53,982,1420,1387,446,228.16374047126692
low_019,low,137.21785952400685,53,982,1420,1387,477,172.10668369357086
low_019,low,137.21785952400685,53,982,1420,1387,482,164.5419322775342
low_019,low,137.21785952400685,53,982,1420,1387,519,232.12629000716404
low_019,low,137.21785952400685,53,982,1420,1387,534,234.7315238371448
low_019,low,137.21785952400685,53,982,1420,1387,567,508.8868581026072
low_019,low,137.21785952400685,53,982,1420,1387,684,594.9738817301085
low_019,low,137.21785952400685,53,982,1420,1387,726,783.6781085995611
low_019,low,137.21785952400685,53,982,1420,1387,777,794.0244476721699
low_019,low,137.21785952400685,53,982,1420,1387,793,783.9100743930154
low_019,low,137.21785952400685,53,982,1420,1387,819,786.4975427732093
low_019,low,137.21785952400685,53,982,1420,1387,822,786.6273631996161
low_019,low,137.21785952400685,53,982,1420,1387,860,797.9274948872758
low_019,low,137.21785952400685,53,982,1420,1387,917,240.9645871765607
low_019,low,137.21785952400685,53,982,1420,1387,959,195.47855804266092
low_019,low,137.21785952400685,53,982,1420,1387,1031,158.30463998490563
low_019,low,137.21785952400685,53,982,1420,1387,1280,260.17159328322606
low_019,low,137.21785952400685,53,982,1420,1387,1365,270.8247844129565
low_019,low,137.21785952400685,53,982,1420,1387,1408,316.34034076019174
low_019,low,137.21785952400685,53,982,1420,1387,1529,350.2232929585028
low_019,low,137.21785952400685,53,982,1420,1387,1558,361.419887884763
low_019,low,137.21785952400685,53,982,1420,1387,1593,363.4652170923442
low_019,low,137.21785952400685,53,982,1420,1387,1671,217.2094384388709
low_019,low,137.21785952400685,53,982,1420,1387,1810,224.2210842877075
low_019,low,137.21785952400685,53,982,1420,1387,1811,226.34693503450583
low_019,low,137.21785952400685,53,982,1420,1387,1905,337.83935833832044
low_019,low,137.21785952400685,53,982,1420,1387,1939,334.7513359334857
low_019,low,137.21785952400685,53,982,1420,1387,1959,146.47344931690145
low_019,low,137.21785952400685,53,982,1420,1387,1966,148.99455991476643
low_019,low,137.21785952400685,53,982,1420,1387,1998,264.9292786499958
low_019,low,137.21785952400685,53,982,1420,1387,2039,270.73560149214774
low_019,low,137.21785952400685,53,982,1420,1387,2041,275.9388097481409
low_019,low,137.21785952400685,53,982,1420,1387,2074,240.0165828954861
low_019,low,137.21785952400685,53,982,1420,1387,2129,519.2770175114636
low_019,low,137.21785952400685,53,982,1420,1387,2185,318.7387807192773
low_019,low,137.21785952400685,53,982,1420,1387,2272,189.81206305210316
low_019,low,137.21785952400685,53,982,1420,1387,2291,246.1542775085941
low_019,low,137.21785952400685,53,982,1420,1387,2303,193.34988139428205
low_019,low,137.21785952400685,53,982,1420,1387,2307,171.11311287041215
low_019,low,137.21785952400685,53,982,1420,1387,2330,407.2350593165181
low_019,low,137.21785952400685,53,982,1420,1387,2398,647.3926066201701
medium_000,medium,480.87831945917026,57,1844,558,539,27,505.2183968653411
medium_000,medium,480.87831945917026,57,1844,558,539,38,545.5219779363505
medium_000,medium,480.87831945917026,57,1844,558,539,71,550.1392402075911
medium_000,medium,480.87831945917026,57,1844,558,539,75,554.0252149622576
medium_000,medium,480.87831945917026,57,1844,558,539,79,558.1906792446803
medium_000,medium,480.87831945917026,57,1844,558,539,81,559.0213549340485
medium_000,medium,480.87831945917026,57,1844,558,539,90,573.5946233437774
medium_000,medium,480.87831945917026,57,1844,558,539,94,574.3145789840326
medium_000,medium,480.87831945917026,57,1844,558,539,103,559.848358732298
medium_000,medium,480.87831945917026,57,1844,558,539,123,570.4192669441981
medium_000,medium,480.87831945917026,57,1844,558,539,156,579.5624553498279
medium_000,medium,480.87831945917026,57,1844,558,539,162,575.7717728432992
medium_000,medium,480.87831945917026,57,1844,558,539,169,655.8981463574353
medium_000,medium,480.87831945917026,57,1844,558,539,170,637.773429780585
medium_000,medium,480.87831945917026,57,1844,558,539,183,641.1874635423555
medium_000,medium,480.87831945917026,57,1844,558,539,194,639.4541730290125
medium_000,medium,480.87831945917026,57,1844,558,539,223,643.1665889855386
medium_000,medium,480.87831945917026,57,1844,558,539,228,692.2370814169777
medium_000,medium,480.87831945917026,57,1844,558,539,249,693.2535201044548
medium_000,medium,480.87831945917026,57,1844,558,539,254,701.9379845525184
medium_000,medium,480.87831945917026,57,1844,558,539,273,698.9250560830324
medium_000,medium,480.87831945917026,57,1844,558,539,285,694.2422697353422
medium_000,medium,480.87831945917026,57,1844,558,539,289,698.2405682417269
medium_000,medium,480.87831945917026,57,1844,558,539,294,712.1468368869175
medium_000,medium,480.87831945917026,57,1844,558,539,299,712.1468368869175
medium_000,medium,480.87831945917026,57,1844,558,539,305,716.8516573676255
medium_000,medium,480.87831945917026,57,1844,558,539,311,752.6951731322458
medium_000,medium,480.87831945917026,57,1844,558,539,562,587.6195820624536
medium_000,medium,480.87831945917026,57,1844,558,539,567,508.8868581026072
medium_000,medium,480.87831945917026,57,1844,558,539,568,513.2842391856749
medium_000,medium,480.87831945917026,57,1844,558,539,672,584.1021856707571
medium_000,medium,480.87831945917026,57,1844,558,539,678,596.1558637973505
medium_000,medium,480.87831945917026,57,1844,558,539,685,598.2102586573666
medium_000,medium,480.87831945917026,57,1844,558,539,691,596.9065951491899
medium_000,medium,480.87831945917026,57,1844,558,539,712,681.2711679765998
medium_000,medium,480.87831945917026,57,1844,558,539,719,790.3041122463405
medium_000,medium,480.87831945917026,57,1844,558,539,721,797.8621285203254
medium_000,medium,480.87831945917026,57,1844,558,539,729,789.2065516369884
medium_000,medium,480.87831945917026,57,1844,558,539,730,793.6227115328523
medium_000,medium,480.87831945917026,57,1844,558,539,738,784.426746906022
medium_000,medium,480.87831945917026,57,1844,558,539,739,784.4355245096565
medium_000,medium,480.87831945917026,57,1844,558,539,757,785.5921897586769
medium_000,medium,480.87831945917026,57,1844,558,539,800,799.4720438879334
medium_000,medium,480.87831945917026,57,1844,558,539,812,841.4364476212364
medium_000,medium,480.87831945917026,57,1844,558,539,819,786.4975427732093
medium_000,medium,480.87831945917026,57,1844,558,539,823,791.6460879293643
medium_000,medium,480.87831945917026,57,1844,558,539,824,794.0784657982342
medium_000,medium,480.87831945917026,57,1844,558,539,825,783.7519907735217
medium_000,medium,480.87831945917026,57,1844,558,539,837,786.7571792154567
medium_000,medium,480.87831945917026,57,1844,558,539,847,792.8956688961663
medium_000,medium,480.87831945917026,57,1844,558,539,857,791.6039193586488
medium_000,medium,480.87831945917026,57,1844,558,539,866,788.0485975283544
medium_000,medium,480.87831945917026,57,1844,558,539,875,874.2484733436617
medium_000,medium,480.87831945917026,57,1844,558,539,882,874.2484733436617
medium_000,medium,480.87831945917026,57,1844,558,539,887,876.6808512125316
medium_000,medium,480.87831945917026,57,1844,558,539,1573,494.5231445651556
medium_000,medium,480.87831945917026,57,1844,558,539,2339,588.1605694991475
medium_001,medium,424.0062938876789,60,1802,600,580,33,584.1192798585071
medium_001,medium,424.0062938876789,60,1802,600,580,38,545.5219779363505
medium_001,medium,424.0062938876789,60,1802,600,580,49,548.5032936228646
medium_001,medium,424.0062938876789,60,1802,600,580,50,548.6597387486418
medium_001,medium,424.0062938876789,60,1802,600,580,57,586.8839839723255
medium_001,medium,424.0062938876789,60,1802,600,580,74,553.9946781535759
medium_001,medium,424.0062938876789,60,1802,600,580,90,573.5946233437774
medium_001,medium,424.0062938876789,60,1802,600,580,97,554.2291066084639
medium_001,medium,424.0062938876789,60,1802,600,580,99,576.3599579749128
medium_001,medium,424.0062938876789,60,1802,600,580,102,585.8127598987654
medium_001,medium,424.0062938876789,60,1802,600,580,113,568.2273508871389
medium_001,medium,424.0062938876789,60,1802,600,580,116,569.3002635741059
medium_001,medium,424.0062938876789,60,1802,600,580,118,579.5493179283791
medium_001,medium,424.0062938876789,60,1802,600,580,123,570.4192669441981
medium_001,medium,424.0062938876789,60,1802,600,580,129,571.3255570059794
medium_001,medium,424.0062938876789,60,1802,600,580,130,571.3451967745423
medium_001,medium,424.0062938876789,60,1802,600,580,140,584.4726380667537
medium_001,medium,424.0062938876789,60,1802,600,580,145,567.7232939985931
medium_001,medium,424.0062938876789,60,1802,600,580,149,573.3170037509601
medium_001,medium,424.0062938876789,60,1802,600,580,182,641.7467247781187
medium_001,medium,424.0062938876789,60,1802,600,580,185,648.0204577873307
medium_001,medium,424.0062938876789,60,1802,600,580,191,638.8296464700686
medium_001,medium,424.0062938876789,60,1802,600,580,197,636.8029079613991
medium_001,medium,424.0062938876789,60,1802,600,580,217,644.7172951566542
medium_001,medium,424.0062938876789,60,1802,600,580,244,692.2370814169777
medium_001,medium,424.0062938876789,60,1802,600,580,250,694.4518332668458
medium_001,medium,424.0062938876789,60,1802,600,580,270,696.4149680777458
medium_001,medium,424.0062938876789,60,1802,600,580,274,698.5920347496126
medium_001,medium,424.0062938876789,60,1802,600,580,285,694.2422697353422
medium_001,medium,424.0062938876789,60,1802,600,580,298,712.1468368869175
medium_001,medium,424.0062938876789,60,1802,600,580,306,716.8516573676255
medium_001,medium,424.0062938876789,60,1802,600,580,551,458.13520889379527
medium_001,medium,424.0062938876789,60,1802,600,580,558,535.7027946602594
medium_001,medium,424.0062938876789,60,1802,600,580,676,594.9738817301085
medium_001,medium,424.0062938876789,60,1802,600,580,684,594.9738817301085
medium_001,medium,424.0062938876789,60,1802,600,580,691,596.9065951491899
medium_001,medium,424.0062938876789,60,1802,600,580,751,799.0718287634069
medium_001,medium,424.0062938876789,60,1802,600,580,766,805.6820575141672
medium_001,medium,424.0062938876789,60,1802,600,580,770,790.8939816717217
medium_001,medium,424.0062938876789,60,1802,600,580,781,791.4308006744615
medium_001,medium,424.0062938876789,60,1802,600,580,789,783.8278684562797
medium_001,medium,424.0062938876789,60,1802,600,580,796,803.2748330304976
medium_001,medium,424.0062938876789,60,1802,600,580,803,786.8831546756995
medium_001,medium,424.0062938876789,60,1802,600,580,808,782.6677602995428
medium_001,medium,424.0062938876789,60,1802,600,580,813,783.5526648823072
medium_001,medium,424.0062938876789,60,1802,600,580,822,786.6273631996161
medium_001,medium,424.0062938876789,60,1802,600,580,834,788.7870686305126
medium_001,medium,424.0062938876789,60,1802,600,580,858,788.2761061339194
medium_001,medium,424.0062938876789,60,1802,600,580,870,875.788958225759
medium_001,medium,424.0062938876789,60,1802,600,580,872,874.9283149691182
medium_001,medium,424.0062938876789,60,1802,600,580,878,874.2484733436617
medium_001,medium,424.0062938876789,60,1802,600,580,882,874.2484733436617
medium_001,medium,424.0062938876789,60,1802,600,580,1535,463.4536189685295
medium_001,medium,424.0062938876789,60,1802,600,580,1536,468.91631429123794
medium_001,medium,424.0062938876789,60,1802,600,580,1549,448.0209034794357
medium_001,medium,424.0062938876789,60,1802,600,580,1618,453.1195669111068
medium_001,medium,424.0062938876789,60,1802,600,580,1633,629.7007391902042
medium_001,medium,424.0062938876789,60,1802,600,580,1634,646.2030337321304
medium_001,medium,424.0062938876789,60,1802,600,580,1636,611.618494535044
medium_001,medium,424.0062938876789,60,1802,600,580,2120,476.3645549477848
medium_002,medium,276.58764257710493,99,1507,895,868,35,580.8283772117352
medium_002,medium,276.58764257710493,99,1507,895,868,42,555.1153735292443
medium_002,medium,276.58764257710493,99,1507,895,868,49,548.5032936228646
medium_002,medium,276.58764257710493,99,1507,895,868,50,548.6597387486418
medium_002,medium,276.58764257710493,99,1507,895,868,94,574.3145789840326
medium_002,medium,276.58764257710493,99,1507,895,868,123,570.4192669441981
medium_002,medium,276.58764257710493,99,1507,895,868,126,561.9385047351052
medium_002,medium,276.58764257710493,99,1507,895,868,158,574.4075045315326
medium_002,medium,276.58764257710493,99,1507,895,868,169,655.8981463574353
medium_002,medium,276.58764257710493,99,1507,895,868,179,640.9542138124351
medium_002,medium,276.58764257710493,99,1507,895,868,194,639.4541730290125
medium_002,medium,276.58764257710493,99,1507,895,868,208,637.4550472032806
medium_002,medium,276.58764257710493,99,1507,895,868,215,635.5969833305865
medium_002,medium,276.58764257710493,99,1507,895,868,231,692.2370814169777
medium_002,medium,276.58764257710493,99,1507,895,868,233,699.0082091530453
medium_002,medium,276.58764257710493,99,1507,895,868,238,692.2370814169777
medium_002,medium,276.58764257710493,99,1507,895,868,241,692.9933463581984
medium_002,medium,276.58764257710493,99,1507,895,868,243,701.0905211626183
medium_002,medium,276.58764257710493,99,1507,895,868,247,700.2657903217379
medium_002,medium,276.58764257710493,99,1507,895,868,249,693.2535201044548
medium_002,medium,276.58764257710493,99,1507,895,868,250,694.4518332668458
medium_002,medium,276.58764257710493,99,1507,895,868,251,695.675379814367
medium_002,medium,276.58764257710493,99,1507,895,868,254,701.9379845525184
medium_002,medium,276.58764257710493,99,1507,895,868,261,706.156290385119
medium_002,medium,276.58764257710493,99,1507,895,868,267,695.675379814367
medium_002,medium,276.58764257710493,99,1507,895,868,274,698.5920347496126
medium_002,medium,276.58764257710493,99,1507,895,868,279,695.6573242614611
medium_002,medium,276.58764257710493,99,1507,895,868,307,732.7312216095022
medium_002,medium,276.58764257710493,99,1507,895,868,311,752.6951731322458
medium_002,medium,276.58764257710493,99,1507,895,868,314,746.3479291065048
medium_002,medium,276.58764257710493,99,1507,895,868,346,350.5433120246236
medium_002,medium,276.58764257710493,99,1507,895,868,354,410.60502127041576
medium_002,medium,276.58764257710493,99,1507,895,868,356,417.2518087358644
medium_002,medium,276.58764257710493,99,1507,895,868,357,415.45873970959394
medium_002,medium,276.58764257710493,99,1507,895,868,363,423.4044130840741
medium_002,medium,276.58764257710493,99,1507,895,868,401,307.1480786645509
medium_002,medium,276.58764257710493,99,1507,895,868,421,342.37400607302953
medium_002,medium,276.58764257710493,99,1507,895,868,436,333.2215125483615
medium_002,medium,276.58764257710493,99,1507,895,868,543,381.7268455896428
medium_002,medium,276.58764257710493,99,1507,895,868,550,463.1297492110998
medium_002,medium,276.58764257710493,99,1507,895,868,551,444.2811958588166
medium_002,medium,276.58764257710493,99,1507,895,868,554,498.0411924639419
medium_002,medium,276.58764257710493,99,1507,895,868,555,562.8446369631413
medium_002,medium,276.58764257710493,99,1507,895,868,557,535.7027946602594
medium_002,medium,276.58764257710493,99,1507,895,868,563,587.6689372392634
medium_002,medium,276.58764257710493,99,1507,895,868,663,533.3513589100099
medium_002,medium,276.58764257710493,99,1507,895,868,675,600.0128579895717
medium_002,medium,276.58764257710493,99,1507,895,868,677,595.6560158859918
medium_002,medium,276.58764257710493,99,1507,895,868,680,598.2102586573666
medium_002,medium,276.58764257710493,99,1507,895,868,688,602.6878701887103
medium_002,medium,276.58764257710493,99,1507,895,868,692,603.5248855910521
medium_002,medium,276.58764257710493,99,1507,895,868,695,305.5840832183325
medium_002,medium,276.58764257710493,99,1507,895,868,699,296.9580432837139
medium_002,medium,276.58764257710493,99,1507,895,868,725,811.2704788773182
medium_002,medium,276.58764257710493,99,1507,895,868,734,798.5919678394266
medium_002,medium,276.58764257710493,99,1507,895,868,758,791.2447825393449
medium_002,medium,276.58764257710493,99,1507,895,868,782,782.6677602995428
medium_002,medium,276.58764257710493,99,1507,895,868,788,791.6576787558417
medium_002,medium,276.58764257710493,99,1507,895,868,800,799.4720438879334
medium_002,medium,276.58764257710493,99,1507,895,868,822,786.6273631996161
medium_002,medium,276.58764257710493,99,1507,895,868,836,799.3182393694005
medium_002,medium,276.58764257710493,99,1507,895,868,849,792.7583566994916
medium_002,medium,276.58764257710493,99,1507,895,868,863,791.6051495060503
medium_002,medium,276.58764257710493,99,1507,895,868,874,874.2484733436617
medium_002,medium,276.58764257710493,99,1507,895,868,878,874.2484733436617
medium_002,medium,276.58764257710493,99,1507,895,868,884,875.3664263932063
medium_002,medium,276.58764257710493,99,1507,895,868,1401,304.6944377448391
medium_002,medium,276.58764257710493,99,1507,895,868,1417,315.7406918040711
medium_002,medium,276.58764257710493,99,1507,895,868,1533,296.89916492763496
medium_002,medium,276.58764257710493,99,1507,895,868,1544,302.84546366221315
medium_002,medium,276.58764257710493,99,1507,895,868,1546,350.40170932046334
medium_002,medium,276.58764257710493,99,1507,895,868,1566,303.45308135407004
medium_002,medium,276.58764257710493,99,1507,895,868,1583,321.36872077154004
medium_002,medium,276.58764257710493,99,1507,895,868,1586,373.3769621682852
medium_002,medium,276.58764257710493,99,1507,895,868,1587,376.35834358742886
medium_002,medium,276.58764257710493,99,1507,895,868,1617,305.63442367321704
medium_002,medium,276.58764257710493,99,1507,895,868,1619,435.2831940334958
medium_002,medium,276.58764257710493,99,1507,895,868,1624,480.2276311491274
medium_002,medium,276.58764257710493,99,1507,895,868,1629,308.1723338931048
medium_002,medium,276.58764257710493,99,1507,895,868,1632,522.38473171584
medium_002,medium,276.58764257710493,99,1507,895,868,1634,646.2030337321304
medium_002,medium,276.58764257710493,99,1507,895,868,1638,604.1529125552305
medium_002,medium,276.58764257710493,99,1507,895,868,1657,298.7777986861607
medium_002,medium,276.58764257710493,99,1507,895,868,1683,325.7378399839527
medium_002,medium,276.58764257710493,99,1507,895,868,1780,391.2894478519657
medium_002,medium,276.58764257710493,99,1507,895,868,1807,323.6408660655412
medium_002,medium,276.58764257710493,99,1507,895,868,2128,517.7708918604344
medium_002,medium,276.58764257710493,99,1507,895,868,2129,519.2770175114636
medium_002,medium,276.58764257710493,99,1507,895,868,2173,351.5181151680484
medium_002,medium,276.58764257710493,99,1507,895,868,2174,360.70285505001846
medium_002,medium,276.58764257710493,99,1507,895,868,2252,359.1777699942081
medium_002,medium,276.58764257710493,99,1507,895,868,2283,369.9111447556728
medium_002,medium,276.58764257710493,99,1507,895,868,2323,391.697275064744
medium_002,medium,276.58764257710493,99,1507,895,868,2329,400.1801148401086
medium_002,medium,276.58764257710493,99,1507,895,868,2339,588.1605694991475
medium_002,medium,276.58764257710493,99,1507,895,868,2346,515.1203246599597
medium_002,medium,276.58764257710493,99,1507,895,868,2397,646.443423602035
medium_002,medium,276.58764257710493,99,1507,895,868,2399,645.6241850317183
medium_002,medium,276.58764257710493,99,1507,895,868,2400,650.5149098484571
medium_003,medium,381.1797259075613,58,1741,661,638,27,494.3989064271889
medium_003,medium,381.1797259075613,58,1741,661,638,46,547.9961639662802
medium_003,medium,381.1797259075613,58,1741,661,638,49,548.5032936228646
medium_003,medium,381.1797259075613,58,1741,661,638,51,549.0734421862895
medium_003,medium,381.1797259075613,58,1741,661,638,54,549.3212669152279
medium_003,medium,381.1797259075613,58,1741,661,638,59,587.6195820624536
medium_003,medium,381.1797259075613,58,1741,661,638,61,587.6689372392634
medium_003,medium,381.1797259075613,58,1741,661,638,62,598.0343376366804
medium_003,medium,381.1797259075613,58,1741,661,638,73,553.0532700425905
medium_003,medium,381.1797259075613,58,1741,661,638,74,553.9946781535759
medium_003,medium,381.1797259075613,58,1741,661,638,101,560.2412102128715
medium_003,medium,381.1797259075613,58,1741,661,638,104,551.8189738337968
medium_003,medium,381.1797259075613,58,1741,661,638,109,556.6366047481962
medium_003,medium,381.1797259075613,58,1741,661,638,115,568.9655951114019
medium_003,medium,381.1797259075613,58,1741,661,638,116,569.3002635741059
medium_003,medium,381.1797259075613,58,1741,661,638,125,561.5060382199158
medium_003,medium,381.1797259075613,58,1741,661,638,138,565.6193841546055
medium_003,medium,381.1797259075613,58,1741,661,638,140,584.4726380667537
medium_003,medium,381.1797259075613,58,1741,661,638,142,566.433112912473
medium_003,medium,381.1797259075613,58,1741,661,638,150,577.2666387817544
medium_003,medium,381.1797259075613,58,1741,661,638,152,579.1833871771622
medium_003,medium,381.1797259075613,58,1741,661,638,157,581.6724584322287
medium_003,medium,381.1797259075613,58,1741,661,638,162,575.7717728432992
medium_003,medium,381.1797259075613,58,1741,661,638,188,645.3373660341226
medium_003,medium,381.1797259075613,58,1741,661,638,234,701.8295267299648
medium_003,medium,381.1797259075613,58,1741,661,638,239,694.707546939714
medium_003,medium,381.1797259075613,58,1741,661,638,245,692.2370814169777
medium_003,medium,381.1797259075613,58,1741,661,638,256,698.6809266650239
medium_003,medium,381.1797259075613,58,1741,661,638,269,696.3491638007521
medium_003,medium,381.1797259075613,58,1741,661,638,305,716.8516573676255
medium_003,medium,381.1797259075613,58,1741,661,638,551,444.2811958588166
medium_003,medium,381.1797259075613,58,1741,661,638,556,524.3632578156611
medium_003,medium,381.1797259075613,58,1741,661,638,560,589.309646465496
medium_003,medium,381.1797259075613,58,1741,661,638,662,532.5683656760467
medium_003,medium,381.1797259075613,58,1741,661,638,714,681.2711679765998
medium_003,medium,381.1797259075613,58,1741,661,638,736,782.6677602995428
medium_003,medium,381.1797259075613,58,1741,661,638,743,802.2841339347094
medium_003,medium,381.1797259075613,58,1741,661,638,745,812.1023793465511
medium_003,medium,381.1797259075613,58,1741,661,638,746,813.4548901567302
medium_003,medium,381.1797259075613,58,1741,661,638,751,799.0718287634069
medium_003,medium,381.1797259075613,58,1741,661,638,755,791.7862029957263
medium_003,medium,381.1797259075613,58,1741,661,638,766,805.6820575141672
medium_003,medium,381.1797259075613,58,1741,661,638,812,841.4364476212364
medium_003,medium,381.1797259075613,58,1741,661,638,818,795.3287261559329
medium_003,medium,381.1797259075613,58,1741,661,638,824,794.0784657982342
medium_003,medium,381.1797259075613,58,1741,661,638,825,783.7519907735217
medium_003,medium,381.1797259075613,58,1741,661,638,830,795.4337016247945
medium_003,medium,381.1797259075613,58,1741,661,638,845,789.7670708202182
medium_003,medium,381.1797259075613,58,1741,661,638,856,791.5898341578982
medium_003,medium,381.1797259075613,58,1741,661,638,863,791.6051495060503
medium_003,medium,381.1797259075613,58,1741,661,638,870,875.788958225759
medium_003,medium,381.1797259075613,58,1741,661,638,888,874.2484733436617
medium_003,medium,381.1797259075613,58,1741,661,638,1560,411.15110021502335
medium_003,medium,381.1797259075613,58,1741,661,638,1561,442.5942477773578
medium_003,medium,381.1797259075613,58,1741,661,638,1562,456.3645881187658
medium_003,medium,381.1797259075613,58,1741,661,638,1635,659.4642138814386
medium_003,medium,381.1797259075613,58,1741,661,638,2319,414.7117714363939
medium_003,medium,381.1797259075613,58,1741,661,638,2342,589.309646465496
medium_004,medium,402.68120203424235,65,1776,626,606,41,555.4356171430909
medium_004,medium,402.68120203424235,65,1776,626,606,49,548.5032936228646
medium_004,medium,402.68120203424235,65,1776,626,606,54,549.3212669152279
medium_004,medium,402.68120203424235,65,1776,626,606,62,598.0343376366804
medium_004,medium,402.68120203424235,65,1776,626,606,66,547.4273855491114
medium_004,medium,402.68120203424235,65,1776,626,606,67,546.2538670536295
medium_004,medium,402.68120203424235,65,1776,626,606,68,546.4699419272964
medium_004,medium,402.68120203424235,65,1776,626,606,84,576.3578781044064
medium_004,medium,402.68120203424235,65,1776,626,606,96,545.3234224510876
medium_004,medium,402.68120203424235,65,1776,626,606,101,560.2412102128715
medium_004,medium,402.68120203424235,65,1776,626,606,108,547.8898136383561
medium_004,medium,402.68120203424235,65,1776,626,606,114,568.3085423720651
medium_004,medium,402.68120203424235,65,1776,626,606,138,565.6193841546055
medium_004,medium,402.68120203424235,65,1776,626,606,150,577.2666387817544
medium_004,medium,402.68120203424235,65,1776,626,606,170,637.773429780585
medium_004,medium,402.68120203424235,65,1776,626,606,173,646.9398190453412
medium_004,medium,402.68120203424235,65,1776,626,606,175,645.3187823123559
medium_004,medium,402.68120203424235,65,1776,626,606,180,640.5916821105504
medium_004,medium,402.68120203424235,65,1776,626,606,181,635.5969833305865
medium_004,medium,402.68120203424235,65,1776,626,606,193,639.9294235355289
medium_004,medium,402.68120203424235,65,1776,626,606,196,636.0416459693099
medium_004,medium,402.68120203424235,65,1776,626,606,203,643.1811820435772
medium_004,medium,402.68120203424235,65,1776,626,606,205,642.237327566793
medium_004,medium,402.68120203424235,65,1776,626,606,212,637.0266099190445
medium_004,medium,402.68120203424235,65,1776,626,606,216,636.1559598553588
medium_004,medium,402.68120203424235,65,1776,626,606,217,644.7172951566542
medium_004,medium,402.68120203424235,65,1776,626,606,224,648.5545071411027
medium_004,medium,402.68120203424235,65,1776,626,606,237,693.1241789760284
medium_004,medium,402.68120203424235,65,1776,626,606,239,694.707546939714
medium_004,medium,402.68120203424235,65,1776,626,606,243,701.0905211626183
medium_004,medium,402.68120203424235,65,1776,626,606,272,694.1613262943649
medium_004,medium,402.68120203424235,65,1776,626,606,276,703.1182524651521
medium_004,medium,402.68120203424235,65,1776,626,606,284,695.0484238534156
medium_004,medium,402.68120203424235,65,1776,626,606,289,698.2405682417269
medium_004,medium,402.68120203424235,65,1776,626,606,303,723.2871693275948
medium_004,medium,402.68120203424235,65,1776,626,606,304,716.8516573676255
medium_004,medium,402.68120203424235,65,1776,626,606,352,420.78926746749624
medium_004,medium,402.68120203424235,65,1776,626,606,551,444.2811958588166
medium_004,medium,402.68120203424235,65,1776,626,606,561,587.5746670385457
medium_004,medium,402.68120203424235,65,1776,626,606,569,515.7084380136951
medium_004,medium,402.68120203424235,65,1776,626,606,677,595.6560158859918
medium_004,medium,402.68120203424235,65,1776,626,606,679,604.1529125552305
medium_004,medium,402.68120203424235,65,1776,626,606,690,630.0567355452351
medium_004,medium,402.68120203424235,65,1776,626,606,725,811.2704788773182
medium_004,medium,402.68120203424235,65,1776,626,606,737,783.5092178050935
medium_004,medium,402.68120203424235,65,1776,626,606,747,829.7816277034057
medium_004,medium,402.68120203424235,65,1776,626,606,761,785.8352939028998
medium_004,medium,402.68120203424235,65,1776,626,606,762,796.7304469452394
medium_004,medium,402.68120203424235,65,1776,626,606,777,794.0244476721699
medium_004,medium,402.68120203424235,65,1776,626,606,797,783.9122069098672
medium_004,medium,402.68120203424235,65,1776,626,606,800,799.4720438879334
medium_004,medium,402.68120203424235,65,1776,626,606,811,804.6597679588986
medium_004,medium,402.68120203424235,65,1776,626,606,824,794.0784657982342
medium_004,medium,402.68120203424235,65,1776,626,606,830,795.4337016247945
medium_004,medium,402.68120203424235,65,1776,626,606,841,785.2697850547416
medium_004,medium,402.68120203424235,65,1776,626,606,846,790.0690254324404
medium_004,medium,402.68120203424235,65,1776,626,606,849,792.7583566994916
medium_004,medium,402.68120203424235,65,1776,626,606,861,789.7828318523591
medium_004,medium,402.68120203424235,65,1776,626,606,862,789.7950453578388
medium_004,medium,402.68120203424235,65,1776,626,606,1553,449.358622924304
medium_004,medium,402.68120203424235,65,1776,626,606,1575,496.897111752629
medium_004,medium,402.68120203424235,65,1776,626,606,1620,437.2349549718582
medium_004,medium,402.68120203424235,65,1776,626,606,1636,611.618494535044
medium_004,medium,402.68120203424235,65,1776,626,606,1639,674.2693063209895
medium_004,medium,402.68120203424235,65,1776,626,606,2229,460.491878704228
medium_005,medium,474.2911414766675,56,1840,562,543,58,593.0521153722777
medium_005,medium,474.2911414766675,56,1840,562,543,67,546.2538670536295
medium_005,medium,474.2911414766675,56,1840,562,543,79,558.1906792446803
medium_005,medium,474.2911414766675,56,1840,562,543,129,571.3255570059794
medium_005,medium,474.2911414766675,56,1840,562,543,131,562.8446369631413
medium_005,medium,474.2911414766675,56,1840,562,543,136,564.6388749378071
medium_005,medium,474.2911414766675,56,1840,562,543,138,565.6193841546055
medium_005,medium,474.2911414766675,56,1840,562,543,167,641.8536774566307
medium_005,medium,474.2911414766675,56,1840,562,543,174,661.3925810918831
medium_005,medium,474.2911414766675,56,1840,562,543,193,639.9294235355289
medium_005,medium,474.2911414766675,56,1840,562,543,196,636.0416459693099
medium_005,medium,474.2911414766675,56,1840,562,543,199,636.7655153568172
medium_005,medium,474.2911414766675,56,1840,562,543,200,644.6143277605532
medium_005,medium,474.2911414766675,56,1840,562,543,210,650.277328340862
medium_005,medium,474.2911414766675,56,1840,562,543,229,692.2370814169777
medium_005,medium,474.2911414766675,56,1840,562,543,264,696.9829783818076
medium_005,medium,474.2911414766675,56,1840,562,543,269,696.3491638007521
medium_005,medium,474.2911414766675,56,1840,562,543,278,694.5678422297934
medium_005,medium,474.2911414766675,56,1840,562,543,286,694.5678422297934
medium_005,medium,474.2911414766675,56,1840,562,543,298,712.1468368869175
medium_005,medium,474.2911414766675,56,1840,562,543,305,716.8516573676255
medium_005,medium,474.2911414766675,56,1840,562,543,562,587.6195820624536
medium_005,medium,474.2911414766675,56,1840,562,543,565,525.9144903964814
medium_005,medium,474.2911414766675,56,1840,562,543,661,530.5471859231793
medium_005,medium,474.2911414766675,56,1840,562,543,665,584.1021856707571
medium_005,medium,474.2911414766675,56,1840,562,543,667,581.303846019092
medium_005,medium,474.2911414766675,56,1840,562,543,670,587.2998727813588
medium_005,medium,474.2911414766675,56,1840,562,543,671,583.9163454109107
medium_005,medium,474.2911414766675,56,1840,562,543,674,598.7256195197028
medium_005,medium,474.2911414766675,56,1840,562,543,680,598.2102586573666
medium_005,medium,474.2911414766675,56,1840,562,543,726,783.6781085995611
medium_005,medium,474.2911414766675,56,1840,562,543,727,790.2344342393266
medium_005,medium,474.2911414766675,56,1840,562,543,730,793.6227115328523
medium_005,medium,474.2911414766675,56,1840,562,543,736,782.6677602995428
medium_005,medium,474.2911414766675,56,1840,562,543,746,813.4548901567302
medium_005,medium,474.2911414766675,56,1840,562,543,765,800.8296464283861
medium_005,medium,474.2911414766675,56,1840,562,543,783,784.9134991135697
medium_005,medium,474.2911414766675,56,1840,562,543,788,791.6576787558417
medium_005,medium,474.2911414766675,56,1840,562,543,789,783.8278684562797
medium_005,medium,474.2911414766675,56,1840,562,543,794,788.0887672161598
medium_005,medium,474.2911414766675,56,1840,562,543,801,783.953006228626
medium_005,medium,474.2911414766675,56,1840,562,543,809,800.8741303813488
medium_005,medium,474.2911414766675,56,1840,562,543,815,789.7470551080306
medium_005,medium,474.2911414766675,56,1840,562,543,829,787.7909795779839
medium_005,medium,474.2911414766675,56,1840,562,543,840,791.6576787558417
medium_005,medium,474.2911414766675,56,1840,562,543,847,792.8956688961663
medium_005,medium,474.2911414766675,56,1840,562,543,856,791.5898341578982
medium_005,medium,474.2911414766675,56,1840,562,543,875,874.2484733436617
medium_005,medium,474.2911414766675,56,1840,562,543,878,874.2484733436617
medium_005,medium,474.2911414766675,56,1840,562,543,881,874.2484733436617
medium_005,medium,474.2911414766675,56,1840,562,543,882,874.2484733436617
medium_005,medium,474.2911414766675,56,1840,562,543,1633,629.7007391902042
medium_005,medium,474.2911414766675,56,1840,562,543,1636,611.618494535044
medium_005,medium,474.2911414766675,56,1840,562,543,1640,690.0988572067555
medium_005,medium,474.2911414766675,56,1840,562,543,2127,516.1693033070871
medium_005,medium,474.2911414766675,56,1840,562,543,2397,646.443423602035
medium_006,medium,417.45087943418804,55,1793,609,589,33,584.1192798585071
medium_006,medium,417.45087943418804,55,1793,609,589,34,580.2482602222075
medium_006,medium,417.45087943418804,55,1793,609,589,35,580.8283772117352
medium_006,medium,417.45087943418804,55,1793,609,589,49,548.5032936228646
medium_006,medium,417.45087943418804,55,1793,609,589,81,559.0213549340485
medium_006,medium,417.45087943418804,55,1793,609,589,84,576.3578781044064
medium_006,medium,417.45087943418804,55,1793,609,589,87,583.7603237790436
medium_006,medium,417.45087943418804,55,1793,609,589,130,571.3451967745423
medium_006,medium,417.45087943418804,55,1793,609,589,140,584.4726380667537
medium_006,medium,417.45087943418804,55,1793,609,589,141,566.408890433278
medium_006,medium,417.45087943418804,55,1793,609,589,154,578.8473682591405
medium_006,medium,417.45087943418804,55,1793,609,589,157,581.6724584322287
medium_006,medium,417.45087943418804,55,1793,609,589,167,641.8536774566307
medium_006,medium,417.45087943418804,55,1793,609,589,168,644.3853807153395
medium_006,medium,417.45087943418804,55,1793,609,589,179,640.9542138124351
medium_006,medium,417.45087943418804,55,1793,609,589,193,639.9294235355289
medium_006,medium,417.45087943418804,55,1793,609,589,208,637.4550472032806
medium_006,medium,417.45087943418804,55,1793,609,589,214,643.6390483560995
medium_006,medium,417.45087943418804,55,1793,609,589,228,692.2370814169777
medium_006,medium,417.45087943418804,55,1793,609,589,233,699.0082091530453
medium_006,medium,417.45087943418804,55,1793,609,589,252,692.2370814169777
medium_006,medium,417.45087943418804,55,1793,609,589,262,692.2370814169777
medium_006,medium,417.45087943418804,55,1793,609,589,273,698.9250560830324
medium_006,medium,417.45087943418804,55,1793,609,589,289,698.2405682417269
medium_006,medium,417.45087943418804,55,1793,609,589,296,712.1468368869175
medium_006,medium,417.45087943418804,55,1793,609,589,367,434.77616917822604
medium_006,medium,417.45087943418804,55,1793,609,589,368,450.46762155731744
medium_006,medium,417.45087943418804,55,1793,609,589,547,434.8861803230786
medium_006,medium,417.45087943418804,55,1793,609,589,550,463.1297492110998
medium_006,medium,417.45087943418804,55,1793,609,589,681,600.559883089766
medium_006,medium,417.45087943418804,55,1793,609,589,688,602.6878701887103
medium_006,medium,417.45087943418804,55,1793,609,589,731,795.3167761690516
medium_006,medium,417.45087943418804,55,1793,609,589,751,799.0718287634069
medium_006,medium,417.45087943418804,55,1793,609,589,752,798.2189980698953
medium_006,medium,417.45087943418804,55,1793,609,589,753,807.9055413773542
medium_006,medium,417.45087943418804,55,1793,609,589,759,782.6677602995428
medium_006,medium,417.45087943418804,55,1793,609,589,820,786.6205779186399
medium_006,medium,417.45087943418804,55,1793,609,589,824,794.0784657982342
medium_006,medium,417.45087943418804,55,1793,609,589,826,785.0934410137605
medium_006,medium,417.45087943418804,55,1793,609,589,832,782.6677602995428
medium_006,medium,417.45087943418804,55,1793,609,589,844,795.8226037018438
medium_006,medium,417.45087943418804,55,1793,609,589,850,793.4691180068276
medium_006,medium,417.45087943418804,55,1793,609,589,860,797.9274948872758
medium_006,medium,417.45087943418804,55,1793,609,589,877,874.2484733436617
medium_006,medium,417.45087943418804,55,1793,609,589,1564,447.5904044687069
medium_006,medium,417.45087943418804,55,1793,609,589,1601,451.3536858218081
medium_006,medium,417.45087943418804,55,1793,609,589,1615,462.8297851608906
medium_006,medium,417.45087943418804,55,1793,609,589,1618,453.1195669111068
medium_006,medium,417.45087943418804,55,1793,609,589,1632,522.38473171584
medium_006,medium,417.45087943418804,55,1793,609,589,1642,512.0863814943942
medium_006,medium,417.45087943418804,55,1793,609,589,2129,519.2770175114636
medium_006,medium,417.45087943418804,55,1793,609,589,2130,520.8786060648108
medium_006,medium,417.45087943418804,55,1793,609,589,2342,589.309646465496
medium_006,medium,417.45087943418804,55,1793,609,589,2349,493.068898614276
medium_006,medium,417.45087943418804,55,1793,609,589,2400,650.5149098484571
medium_007,medium,352.35114764410895,64,1693,709,685,27,494.3989064271889
medium_007,medium,352.35114764410895,64,1693,709,685,33,584.1192798585071
medium_007,medium,352.35114764410895,64,1693,709,685,85,579.1833871771622
medium_007,medium,352.35114764410895,64,1693,709,685,92,544.7446474705552
medium_007,medium,352.35114764410895,64,1693,709,685,99,576.3599579749128
medium_007,medium,352.35114764410895,64,1693,709,685,116,569.3002635741059
medium_007,medium,352.35114764410895,64,1693,709,685,118,579.5493179283791
medium_007,medium,352.35114764410895,64,1693,709,685,120,560.7099346169167
medium_007,medium,352.35114764410895,64,1693,709,685,146,571.587004879608
medium_007,medium,352.35114764410895,64,1693,709,685,152,579.1833871771622
medium_007,medium,352.35114764410895,64,1693,709,685,162,575.7717728432992
medium_007,medium,352.35114764410895,64,1693,709,685,186,651.4497231080711
medium_007,medium,352.35114764410895,64,1693,709,685,189,645.3056416577962
medium_007,medium,352.35114764410895,64,1693,709,685,206,643.5986247769109
medium_007,medium,352.35114764410895,64,1693,709,685,207,638.4200738863915
medium_007,medium,352.35114764410895,64,1693,709,685,229,692.2370814169777
medium_007,medium,352.35114764410895,64,1693,709,685,231,692.2370814169777
medium_007,medium,352.35114764410895,64,1693,709,685,247,700.2657903217379
medium_007,medium,352.35114764410895,64,1693,709,685,257,699.5957664716279
medium_007,medium,352.35114764410895,64,1693,709,685,258,700.0981187315634
medium_007,medium,352.35114764410895,64,1693,709,685,272,694.1613262943649
medium_007,medium,352.35114764410895,64,1693,709,685,277,698.3978000807248
medium_007,medium,352.35114764410895,64,1693,709,685,278,694.5678422297934
medium_007,medium,352.35114764410895,64,1693,709,685,289,698.2405682417269
medium_007,medium,352.35114764410895,64,1693,709,685,301,713.2687803762585
medium_007,medium,352.35114764410895,64,1693,709,685,368,429.0636474972531
medium_007,medium,352.35114764410895,64,1693,709,685,369,419.8280813723891
medium_007,medium,352.35114764410895,64,1693,709,685,370,417.16043721964223
medium_007,medium,352.35114764410895,64,1693,709,685,566,513.0086789152951
medium_007,medium,352.35114764410895,64,1693,709,685,610,462.8129589829139
medium_007,medium,352.35114764410895,64,1693,709,685,658,571.587004879608
medium_007,medium,352.35114764410895,64,1693,709,685,671,583.9163454109107
medium_007,medium,352.35114764410895,64,1693,709,685,674,598.7256195197028
medium_007,medium,352.35114764410895,64,1693,709,685,686,594.9738817301085
medium_007,medium,352.35114764410895,64,1693,709,685,713,690.0988572067555
medium_007,medium,352.35114764410895,64,1693,709,685,718,789.3267931084201
medium_007,medium,352.35114764410895,64,1693,709,685,745,812.1023793465511
medium_007,medium,352.35114764410895,64,1693,709,685,757,785.5921897586769
medium_007,medium,352.35114764410895,64,1693,709,685,773,783.5993878038105
medium_007,medium,352.35114764410895,64,1693,709,685,787,791.4922657268133
medium_007,medium,352.35114764410895,64,1693,709,685,788,791.6576787558417
medium_007,medium,352.35114764410895,64,1693,709,685,809,800.8741303813488
medium_007,medium,352.35114764410895,64,1693,709,685,818,795.3287261559329
medium_007,medium,352.35114764410895,64,1693,709,685,830,795.4337016247945
medium_007,medium,352.35114764410895,64,1693,709,685,832,782.6677602995428
medium_007,medium,352.35114764410895,64,1693,709,685,851,794.5444081217781
medium_007,medium,352.35114764410895,64,1693,709,685,859,786.6690360886429
medium_007,medium,352.35114764410895,64,1693,709,685,865,792.7923402564963
medium_007,medium,352.35114764410895,64,1693,709,685,875,874.2484733436617
medium_007,medium,352.35114764410895,64,1693,709,685,1569,464.2986014075043
medium_007,medium,352.35114764410895,64,1693,709,685,1571,476.333176887297
medium_007,medium,352.35114764410895,64,1693,709,685,1575,496.897111752629
medium_007,medium,352.35114764410895,64,1693,709,685,1580,386.29981249304853
medium_007,medium,352.35114764410895,64,1693,709,685,1585,372.9119661407002
medium_007,medium,352.35114764410895,64,1693,709,685,1586,382.09532614666153
medium_007,medium,352.35114764410895,64,1693,709,685,1606,381.3478023478997
medium_007,medium,352.35114764410895,64,1693,709,685,1622,441.1154304566624
medium_007,medium,352.35114764410895,64,1693,709,685,1640,690.0988572067555
medium_007,medium,352.35114764410895,64,1693,709,685,2121,470.0614972702056
medium_007,medium,352.35114764410895,64,1693,709,685,2195,388.47296097734574
medium_007,medium,352.35114764410895,64,1693,709,685,2282,383.4128665888278
medium_007,medium,352.35114764410895,64,1693,709,685,2286,386.5870071985741
medium_007,medium,352.35114764410895,64,1693,709,685,2319,394.0865382917716
medium_007,medium,352.35114764410895,64,1693,709,685,2349,493.068898614276
medium_008,medium,340.1673990849906,85,1668,734,710,43,555.7497318220805
medium_008,medium,340.1673990849906,85,1668,734,710,53,545.9959599318234
medium_008,medium,340.1673990849906,85,1668,734,710,55,583.5932184573822
medium_008,medium,340.1673990849906,85,1668,734,710,62,598.0343376366804
medium_008,medium,340.1673990849906,85,1668,734,710,75,554.0252149622576
medium_008,medium,340.1673990849906,85,1668,734,710,85,579.1833871771622
medium_008,medium,340.1673990849906,85,1668,734,710,88,551.0083368421541
medium_008,medium,340.1673990849906,85,1668,734,710,97,554.2291066084639
medium_008,medium,340.1673990849906,85,1668,734,710,107,547.6229726191856
medium_008,medium,340.1673990849906,85,1668,734,710,117,569.4296290240874
medium_008,medium,340.1673990849906,85,1668,734,710,133,563.7789444448554
medium_008,medium,340.1673990849906,85,1668,734,710,140,584.4726380667537
medium_008,medium,340.1673990849906,85,1668,734,710,162,575.7717728432992
medium_008,medium,340.1673990849906,85,1668,734,710,171,638.8619591926968
medium_008,medium,340.1673990849906,85,1668,734,710,201,642.6730387470549
medium_008,medium,340.1673990849906,85,1668,734,710,203,643.1811820435772
medium_008,medium,340.1673990849906,85,1668,734,710,206,643.5986247769109
medium_008,medium,340.1673990849906,85,1668,734,710,225,651.5289994554137
medium_008,medium,340.1673990849906,85,1668,734,710,226,651.6154351142774
medium_008,medium,340.1673990849906,85,1668,734,710,232,702.6969563863231
medium_008,medium,340.1673990849906,85,1668,734,710,234,701.8295267299648
medium_008,medium,340.1673990849906,85,1668,734,710,242,701.7873956687066
medium_008,medium,340.1673990849906,85,1668,734,710,248,700.9705984639436
medium_008,medium,340.1673990849906,85,1668,734,710,258,700.0981187315634
medium_008,medium,340.1673990849906,85,1668,734,710,271,693.0637847964962
medium_008,medium,340.1673990849906,85,1668,734,710,279,695.6573242614611
medium_008,medium,340.1673990849906,85,1668,734,710,282,693.8904881760146
medium_008,medium,340.1673990849906,85,1668,734,710,284,695.0484238534156
medium_008,medium,340.1673990849906,85,1668,734,710,301,713.2687803762585
medium_008,medium,340.1673990849906,85,1668,734,710,315,746.3479291065048
medium_008,medium,340.1673990849906,85,1668,734,710,363,423.4044130840741
medium_008,medium,340.1673990849906,85,1668,734,710,544,385.4631417806041
medium_008,medium,340.1673990849906,85,1668,734,710,551,444.2811958588166
medium_008,medium,340.1673990849906,85,1668,734,710,555,562.8446369631413
medium_008,medium,340.1673990849906,85,1668,734,710,564,505.48402798000063
medium_008,medium,340.1673990849906,85,1668,734,710,668,581.4084942012629
medium_008,medium,340.1673990849906,85,1668,734,710,671,583.9163454109107
medium_008,medium,340.1673990849906,85,1668,734,710,680,598.2102586573666
medium_008,medium,340.1673990849906,85,1668,734,710,681,600.559883089766
medium_008,medium,340.1673990849906,85,1668,734,710,684,594.9738817301085
medium_008,medium,340.1673990849906,85,1668,734,710,689,603.3383763466318
medium_008,medium,340.1673990849906,85,1668,734,710,725,811.2704788773182
medium_008,medium,340.1673990849906,85,1668,734,710,735,800.0601571369465
medium_008,medium,340.1673990849906,85,1668,734,710,747,829.7816277034057
medium_008,medium,340.1673990849906,85,1668,734,710,762,796.7304469452394
medium_008,medium,340.1673990849906,85,1668,734,710,764,796.2936968914166
medium_008,medium,340.1673990849906,85,1668,734,710,771,793.5339301360149
medium_008,medium,340.1673990849906,85,1668,734,710,777,794.0244476721699
medium_008,medium,340.1673990849906,85,1668,734,710,781,791.4308006744615
medium_008,medium,340.1673990849906,85,1668,734,710,816,796.9273747579631
medium_008,medium,340.1673990849906,85,1668,734,710,817,792.8851302753445
medium_008,medium,340.1673990849906,85,1668,734,710,818,795.3287261559329
medium_008,medium,340.1673990849906,85,1668,734,710,819,786.4975427732093
medium_008,medium,340.1673990849906,85,1668,734,710,837,786.7571792154567
medium_008,medium,340.1673990849906,85,1668,734,710,843,785.3550927220414
medium_008,medium,340.1673990849906,85,1668,734,710,853,782.6677602995428
medium_008,medium,340.1673990849906,85,1668,734,710,854,788.9951782497461
medium_008,medium,340.1673990849906,85,1668,734,710,859,786.6690360886429
medium_008,medium,340.1673990849906,85,1668,734,710,861,789.7828318523591
medium_008,medium,340.1673990849906,85,1668,734,710,866,788.0485975283544
medium_008,medium,340.1673990849906,85,1668,734,710,874,874.2484733436617
medium_008,medium,340.1673990849906,85,1668,734,710,877,874.2484733436617
medium_008,medium,340.1673990849906,85,1668,734,710,887,876.6808512125316
medium_008,medium,340.1673990849906,85,1668,734,710,1529,364.4405237444201
medium_008,medium,340.1673990849906,85,1668,734,710,1535,463.4536189685295
medium_008,medium,340.1673990849906,85,1668,734,710,1553,449.358622924304
medium_008,medium,340.1673990849906,85,1668,734,710,1557,425.1112870194124
medium_008,medium,340.1673990849906,85,1668,734,710,1562,456.3645881187658
medium_008,medium,340.1673990849906,85,1668,734,710,1585,372.9119661407002
medium_008,medium,340.1673990849906,85,1668,734,710,1587,376.35834358742886
medium_008,medium,340.1673990849906,85,1668,734,710,1621,438.5471372699277
medium_008,medium,340.1673990849906,85,1668,734,710,1622,441.1154304566624
medium_008,medium,340.1673990849906,85,1668,734,710,1624,480.2276311491274
medium_008,medium,340.1673990849906,85,1668,734,710,1631,512.2386082413901
medium_008,medium,340.1673990849906,85,1668,734,710,1634,646.2030337321304
medium_008,medium,340.1673990849906,85,1668,734,710,1640,690.0988572067555
medium_008,medium,340.1673990849906,85,1668,734,710,1681,354.7696784831589
medium_008,medium,340.1673990849906,85,1668,734,710,1904,368.6221968140789
medium_008,medium,340.1673990849906,85,1668,734,710,2171,364.6360529922317
medium_008,medium,340.1673990849906,85,1668,734,710,2172,355.21169398397194
medium_008,medium,340.1673990849906,85,1668,734,710,2286,373.8631155813525
medium_008,medium,340.1673990849906,85,1668,734,710,2316,356.029162885745
medium_008,medium,340.1673990849906,85,1668,734,710,2322,396.13307362825935
medium_008,medium,340.1673990849906,85,1668,734,710,2330,407.2350593165181
medium_008,medium,340.1673990849906,85,1668,734,710,2400,650.5149098484571
medium_009,medium,475.9193472678216,55,1840,562,543,40,552.8550234981195
medium_009,medium,475.9193472678216,55,1840,562,543,48,548.2446024424806
medium_009,medium,475.9193472678216,55,1840,562,543,50,548.6597387486418
medium_009,medium,475.9193472678216,55,1840,562,543,52,550.7829241694741
medium_009,medium,475.9193472678216,55,1840,562,543,54,549.3212669152279
medium_009,medium,475.9193472678216,55,1840,562,543,64,549.9022819300984
medium_009,medium,475.9193472678216,55,1840,562,543,71,550.1392402075911
medium_009,medium,475.9193472678216,55,1840,562,543,81,559.0213549340485
medium_009,medium,475.9193472678216,55,1840,562,543,82,559.3812114885013
medium_009,medium,475.9193472678216,55,1840,562,543,88,551.0083368421541
medium_009,medium,475.9193472678216,55,1840,562,543,89,551.0391284133788
medium_009,medium,475.9193472678216,55,1840,562,543,102,585.8127598987654
medium_009,medium,475.9193472678216,55,1840,562,543,104,551.8189738337968
medium_009,medium,475.9193472678216,55,1840,562,543,115,568.9655951114019
medium_009,medium,475.9193472678216,55,1840,562,543,120,560.7099346169167
medium_009,medium,475.9193472678216,55,1840,562,543,147,572.2145467560825
medium_009,medium,475.9193472678216,55,1840,562,543,154,578.8473682591405
medium_009,medium,475.9193472678216,55,1840,562,543,155,581.7712999654473
medium_009,medium,475.9193472678216,55,1840,562,543,156,579.5624553498279
medium_009,medium,475.9193472678216,55,1840,562,543,161,579.5493179283791
medium_009,medium,475.9193472678216,55,1840,562,543,175,645.3187823123559
medium_009,medium,475.9193472678216,55,1840,562,543,180,640.5916821105504
medium_009,medium,475.9193472678216,55,1840,562,543,195,640.8347400595266
medium_009,medium,475.9193472678216,55,1840,562,543,199,636.7655153568172
medium_009,medium,475.9193472678216,55,1840,562,543,218,645.6912113252067
medium_009,medium,475.9193472678216,55,1840,562,543,259,699.0857254244921
medium_009,medium,475.9193472678216,55,1840,562,543,264,696.9829783818076
medium_009,medium,475.9193472678216,55,1840,562,543,274,698.5920347496126
medium_009,medium,475.9193472678216,55,1840,562,543,275,702.3153000184943
medium_009,medium,475.9193472678216,55,1840,562,543,278,694.5678422297934
medium_009,medium,475.9193472678216,55,1840,562,543,279,695.6573242614611
medium_009,medium,475.9193472678216,55,1840,562,543,286,694.5678422297934
medium_009,medium,475.9193472678216,55,1840,562,543,315,746.3479291065048
medium_009,medium,475.9193472678216,55,1840,562,543,659,527.1977950875465
medium_009,medium,475.9193472678216,55,1840,562,543,666,581.0326930724631
medium_009,medium,475.9193472678216,55,1840,562,543,690,630.0567355452351
medium_009,medium,475.9193472678216,55,1840,562,543,724,807.4289736310574
medium_009,medium,475.9193472678216,55,1840,562,543,730,793.6227115328523
medium_009,medium,475.9193472678216,55,1840,562,543,752,798.2189980698953
medium_009,medium,475.9193472678216,55,1840,562,543,755,791.7862029957263
medium_009,medium,475.9193472678216,55,1840,562,543,761,785.8352939028998
medium_009,medium,475.9193472678216,55,1840,562,543,763,800.0770634469781
medium_009,medium,475.9193472678216,55,1840,562,543,782,782.6677602995428
medium_009,medium,475.9193472678216,55,1840,562,543,793,783.9100743930154
medium_009,medium,475.9193472678216,55,1840,562,543,809,800.8741303813488
medium_009,medium,475.9193472678216,55,1840,562,543,826,785.0934410137605
medium_009,medium,475.9193472678216,55,1840,562,543,839,787.0464096140244
medium_009,medium,475.9193472678216,55,1840,562,543,857,791.6039193586488
medium_009,medium,475.9193472678216,55,1840,562,543,863,791.6051495060503
medium_009,medium,475.9193472678216,55,1840,562,543,873,875.25882164368
medium_009,medium,475.9193472678216,55,1840,562,543,883,875.4312702457296
medium_009,medium,475.9193472678216,55,1840,562,543,1636,611.618494535044
medium_009,medium,475.9193472678216,55,1840,562,543,1643,525.2630408858774
medium_009,medium,475.9193472678216,55,1840,562,543,1645,533.7411393890911
medium_009,medium,475.9193472678216,55,1840,562,543,2128,517.7708918604344
medium_010,medium,457.8492879952113,54,1828,574,555,32,583.3941530045158
medium_010,medium,457.8492879952113,54,1828,574,555,37,586.6841155048023
medium_010,medium,457.8492879952113,54,1828,574,555,46,547.9961639662802
medium_010,medium,457.8492879952113,54,1828,574,555,52,550.7829241694741
medium_010,medium,457.8492879952113,54,1828,574,555,56,583.8662099732511
medium_010,medium,457.8492879952113,54,1828,574,555,61,587.6689372392634
medium_010,medium,457.8492879952113,54,1828,574,555,66,547.4273855491114
medium_010,medium,457.8492879952113,54,1828,574,555,68,546.4699419272964
medium_010,medium,457.8492879952113,54,1828,574,555,76,556.4425230939675
medium_010,medium,457.8492879952113,54,1828,574,555,78,557.8644690803865
medium_010,medium,457.8492879952113,54,1828,574,555,92,544.7446474705552
medium_010,medium,457.8492879952113,54,1828,574,555,94,574.3145789840326
medium_010,medium,457.8492879952113,54,1828,574,555,132,563.3709274427873
medium_010,medium,457.8492879952113,54,1828,574,555,135,564.5092384944909
medium_010,medium,457.8492879952113,54,1828,574,555,136,564.6388749378071
medium_010,medium,457.8492879952113,54,1828,574,555,156,579.5624553498279
medium_010,medium,457.8492879952113,54,1828,574,555,159,575.0628611035378
medium_010,medium,457.8492879952113,54,1828,574,555,180,640.5916821105504
medium_010,medium,457.8492879952113,54,1828,574,555,187,654.6761123147055
medium_010,medium,457.8492879952113,54,1828,574,555,191,638.8296464700686
medium_010,medium,457.8492879952113,54,1828,574,555,196,636.0416459693099
medium_010,medium,457.8492879952113,54,1828,574,555,207,638.4200738863915
medium_010,medium,457.8492879952113,54,1828,574,555,209,647.3967373464193
medium_010,medium,457.8492879952113,54,1828,574,555,233,699.0082091530453
medium_010,medium,457.8492879952113,54,1828,574,555,247,700.2657903217379
medium_010,medium,457.8492879952113,54,1828,574,555,252,692.2370814169777
medium_010,medium,457.8492879952113,54,1828,574,555,255,695.0484238534156
medium_010,medium,457.8492879952113,54,1828,574,555,257,699.5957664716279
medium_010,medium,457.8492879952113,54,1828,574,555,284,695.0484238534156
medium_010,medium,457.8492879952113,54,1828,574,555,312,747.2828819771372
medium_010,medium,457.8492879952113,54,1828,574,555,554,498.0411924639419
medium_010,medium,457.8492879952113,54,1828,574,555,556,524.3632578156611
medium_010,medium,457.8492879952113,54,1828,574,555,562,587.6195820624536
medium_010,medium,457.8492879952113,54,1828,574,555,564,505.48402798000063
medium_010,medium,457.8492879952113,54,1828,574,555,686,594.9738817301085
medium_010,medium,457.8492879952113,54,1828,574,555,690,630.0567355452351
medium_010,medium,457.8492879952113,54,1828,574,555,714,681.2711679765998
medium_010,medium,457.8492879952113,54,1828,574,555,727,790.2344342393266
medium_010,medium,457.8492879952113,54,1828,574,555,763,800.0770634469781
medium_010,medium,457.8492879952113,54,1828,574,555,793,783.9100743930154
medium_010,medium,457.8492879952113,54,1828,574,555,796,803.2748330304976
medium_010,medium,457.8492879952113,54,1828,574,555,797,783.9122069098672
medium_010,medium,457.8492879952113,54,1828,574,555,798,795.5363101767468
medium_010,medium,457.8492879952113,54,1828,574,555,812,841.4364476212364
medium_010,medium,457.8492879952113,54,1828,574,555,815,789.7470551080306
medium_010,medium,457.8492879952113,54,1828,574,555,818,795.3287261559329
medium_010,medium,457.8492879952113,54,1828,574,555,819,786.4975427732093
medium_010,medium,457.8492879952113,54,1828,574,555,850,793.4691180068276
medium_010,medium,457.8492879952113,54,1828,574,555,852,797.8621285203254
medium_010,medium,457.8492879952113,54,1828,574,555,854,788.9951782497461
medium_010,medium,457.8492879952113,54,1828,574,555,860,797.9274948872758
medium_010,medium,457.8492879952113,54,1828,574,555,862,789.7950453578388
medium_010,medium,457.8492879952113,54,1828,574,555,879,874.2484733436617
medium_010,medium,457.8492879952113,54,1828,574,555,2129,519.2770175114636
medium_011,medium,378.5889438136287,50,1740,662,639,35,580.8283772117352
medium_011,medium,378.5889438136287,50,1740,662,639,36,587.0356273776359
medium_011,medium,378.5889438136287,50,1740,662,639,64,549.9022819300984
medium_011,medium,378.5889438136287,50,1740,662,639,95,545.1333127034528
medium_011,medium,378.5889438136287,50,1740,662,639,102,585.8127598987654
medium_011,medium,378.5889438136287,50,1740,662,639,104,551.8189738337968
medium_011,medium,378.5889438136287,50,1740,662,639,114,568.3085423720651
medium_011,medium,378.5889438136287,50,1740,662,639,125,561.5060382199158
medium_011,medium,378.5889438136287,50,1740,662,639,132,563.3709274427873
medium_011,medium,378.5889438136287,50,1740,662,639,142,566.433112912473
medium_011,medium,378.5889438136287,50,1740,662,639,156,579.5624553498279
medium_011,medium,378.5889438136287,50,1740,662,639,200,644.6143277605532
medium_011,medium,378.5889438136287,50,1740,662,639,204,642.2116736327318
medium_011,medium,378.5889438136287,50,1740,662,639,245,692.2370814169777
medium_011,medium,378.5889438136287,50,1740,662,639,247,700.2657903217379
medium_011,medium,378.5889438136287,50,1740,662,639,258,700.0981187315634
medium_011,medium,378.5889438136287,50,1740,662,639,264,696.9829783818076
medium_011,medium,378.5889438136287,50,1740,662,639,272,694.1613262943649
medium_011,medium,378.5889438136287,50,1740,662,639,279,695.6573242614611
medium_011,medium,378.5889438136287,50,1740,662,639,281,693.2552648907703
medium_011,medium,378.5889438136287,50,1740,662,639,306,716.8516573676255
medium_011,medium,378.5889438136287,50,1740,662,639,372,422.551915225777
medium_011,medium,378.5889438136287,50,1740,662,639,568,513.2842391856749
medium_011,medium,378.5889438136287,50,1740,662,639,612,471.1440902911445
medium_011,medium,378.5889438136287,50,1740,662,639,671,583.9163454109107
medium_011,medium,378.5889438136287,50,1740,662,639,680,598.2102586573666
medium_011,medium,378.5889438136287,50,1740,662,639,726,783.6781085995611
medium_011,medium,378.5889438136287,50,1740,662,639,731,795.3167761690516
medium_011,medium,378.5889438136287,50,1740,662,639,772,787.329817841271
medium_011,medium,378.5889438136287,50,1740,662,639,778,794.0784657982342
medium_011,medium,378.5889438136287,50,1740,662,639,788,791.6576787558417
medium_011,medium,378.5889438136287,50,1740,662,639,791,788.6111810539278
medium_011,medium,378.5889438136287,50,1740,662,639,796,803.2748330304976
medium_011,medium,378.5889438136287,50,1740,662,639,811,804.6597679588986
medium_011,medium,378.5889438136287,50,1740,662,639,838,788.0485975283544
medium_011,medium,378.5889438136287,50,1740,662,639,852,797.8621285203254
medium_011,medium,378.5889438136287,50,1740,662,639,856,791.5898341578982
medium_011,medium,378.5889438136287,50,1740,662,639,859,786.6690360886429
medium_011,medium,378.5889438136287,50,1740,662,639,861,789.7828318523591
medium_011,medium,378.5889438136287,50,1740,662,639,874,874.2484733436617
medium_011,medium,378.5889438136287,50,1740,662,639,876,875.493008971195
medium_011,medium,378.5889438136287,50,1740,662,639,878,874.2484733436617
medium_011,medium,378.5889438136287,50,1740,662,639,1555,409.7349275275296
medium_011,medium,378.5889438136287,50,1740,662,639,1562,456.3645881187658
medium_011,medium,378.5889438136287,50,1740,662,639,1578,505.42647113816815
medium_011,medium,378.5889438136287,50,1740,662,639,1632,522.38473171584
medium_011,medium,378.5889438136287,50,1740,662,639,1642,512.0863814943942
medium_011,medium,378.5889438136287,50,1740,662,639,2196,412.326036212932
medium_011,medium,378.5889438136287,50,1740,662,639,2198,402.4166775647504
medium_011,medium,378.5889438136287,50,1740,662,639,2320,411.7483301081076
medium_012,medium,414.3206589612784,60,1788,614,594,37,586.6841155048023
medium_012,medium,414.3206589612784,60,1788,614,594,77,557.3327752511804
medium_012,medium,414.3206589612784,60,1788,614,594,81,559.0213549340485
medium_012,medium,414.3206589612784,60,1788,614,594,126,561.9385047351052
medium_012,medium,414.3206589612784,60,1788,614,594,127,562.6042889221104
medium_012,medium,414.3206589612784,60,1788,614,594,129,571.3255570059794
medium_012,medium,414.3206589612784,60,1788,614,594,133,563.7789444448554
medium_012,medium,414.3206589612784,60,1788,614,594,136,564.6388749378071
medium_012,medium,414.3206589612784,60,1788,614,594,145,567.7232939985931
medium_012,medium,414.3206589612784,60,1788,614,594,149,573.3170037509601
medium_012,medium,414.3206589612784,60,1788,614,594,154,578.8473682591405
medium_012,medium,414.3206589612784,60,1788,614,594,155,581.7712999654473
medium_012,medium,414.3206589612784,60,1788,614,594,163,576.0076444130312
medium_012,medium,414.3206589612784,60,1788,614,594,166,651.8594490018652
medium_012,medium,414.3206589612784,60,1788,614,594,169,655.8981463574353
medium_012,medium,414.3206589612784,60,1788,614,594,175,645.3187823123559
medium_012,medium,414.3206589612784,60,1788,614,594,200,644.6143277605532
medium_012,medium,414.3206589612784,60,1788,614,594,204,642.2116736327318
medium_012,medium,414.3206589612784,60,1788,614,594,223,643.1665889855386
medium_012,medium,414.3206589612784,60,1788,614,594,242,701.7873956687066
medium_012,medium,414.3206589612784,60,1788,614,594,250,694.4518332668458
medium_012,medium,414.3206589612784,60,1788,614,594,265,695.2916318383554
medium_012,medium,414.3206589612784,60,1788,614,594,267,695.675379814367
medium_012,medium,414.3206589612784,60,1788,614,594,282,693.8904881760146
medium_012,medium,414.3206589612784,60,1788,614,594,283,693.9924648032658
medium_012,medium,414.3206589612784,60,1788,614,594,292,712.1468368869175
medium_012,medium,414.3206589612784,60,1788,614,594,301,713.2687803762585
medium_012,medium,414.3206589612784,60,1788,614,594,308,716.8516573676255
medium_012,medium,414.3206589612784,60,1788,614,594,310,746.3479291065048
medium_012,medium,414.3206589612784,60,1788,614,594,313,746.3479291065048
medium_012,medium,414.3206589612784,60,1788,614,594,356,445.13072172879413
medium_012,medium,414.3206589612784,60,1788,614,594,366,449.03952711823
medium_012,medium,414.3206589612784,60,1788,614,594,367,434.58029881355816
medium_012,medium,414.3206589612784,60,1788,614,594,548,445.7606161872753
medium_012,medium,414.3206589612784,60,1788,614,594,647,457.76920767326766
medium_012,medium,414.3206589612784,60,1788,614,594,674,598.7256195197028
medium_012,medium,414.3206589612784,60,1788,614,594,678,596.1558637973505
medium_012,medium,414.3206589612784,60,1788,614,594,732,795.9944020504578
medium_012,medium,414.3206589612784,60,1788,614,594,736,782.6677602995428
medium_012,medium,414.3206589612784,60,1788,614,594,763,800.0770634469781
medium_012,medium,414.3206589612784,60,1788,614,594,765,800.8296464283861
medium_012,medium,414.3206589612784,60,1788,614,594,766,805.6820575141672
medium_012,medium,414.3206589612784,60,1788,614,594,770,790.8939816717217
medium_012,medium,414.3206589612784,60,1788,614,594,806,793.6415164536355
medium_012,medium,414.3206589612784,60,1788,614,594,813,783.5526648823072
medium_012,medium,414.3206589612784,60,1788,614,594,822,786.6273631996161
medium_012,medium,414.3206589612784,60,1788,614,594,830,795.4337016247945
medium_012,medium,414.3206589612784,60,1788,614,594,831,795.5363101767468
medium_012,medium,414.3206589612784,60,1788,614,594,854,788.9951782497461
medium_012,medium,414.3206589612784,60,1788,614,594,855,782.6677602995428
medium_012,medium,414.3206589612784,60,1788,614,594,856,791.5898341578982
medium_012,medium,414.3206589612784,60,1788,614,594,873,875.25882164368
medium_012,medium,414.3206589612784,60,1788,614,594,884,875.3664263932063
medium_012,medium,414.3206589612784,60,1788,614,594,887,876.6808512125316
medium_012,medium,414.3206589612784,60,1788,614,594,1536,468.91631429123794
medium_012,medium,414.3206589612784,60,1788,614,594,1598,428.91673201748296
medium_012,medium,414.3206589612784,60,1788,614,594,1615,462.8297851608906
medium_012,medium,414.3206589612784,60,1788,614,594,1623,470.4750503406826
medium_012,medium,414.3206589612784,60,1788,614,594,2199,441.58058948498734
medium_012,medium,414.3206589612784,60,1788,614,594,2339,588.1605694991475
medium_013,medium,438.0689333850655,52,1813,589,569,34,580.2482602222075
medium_013,medium,438.0689333850655,52,1813,589,569,43,555.7497318220805
medium_013,medium,438.0689333850655,52,1813,589,569,53,545.9959599318234
medium_013,medium,438.0689333850655,52,1813,589,569,72,552.9350563952709
medium_013,medium,438.0689333850655,52,1813,589,569,73,553.0532700425905
medium_013,medium,438.0689333850655,52,1813,589,569,92,544.7446474705552
medium_013,medium,438.0689333850655,52,1813,589,569,97,554.2291066084639
medium_013,medium,438.0689333850655,52,1813,589,569,110,573.4351776246883
medium_013,medium,438.0689333850655,52,1813,589,569,134,564.3106239476047
medium_013,medium,438.0689333850655,52,1813,589,569,161,579.5493179283791
medium_013,medium,438.0689333850655,52,1813,589,569,177,662.4815496732496
medium_013,medium,438.0689333850655,52,1813,589,569,199,636.7655153568172
medium_013,medium,438.0689333850655,52,1813,589,569,201,642.6730387470549
medium_013,medium,438.0689333850655,52,1813,589,569,217,644.7172951566542
medium_013,medium,438.0689333850655,52,1813,589,569,230,692.2370814169777
medium_013,medium,438.0689333850655,52,1813,589,569,252,692.2370814169777
medium_013,medium,438.0689333850655,52,1813,589,569,254,701.9379845525184
medium_013,medium,438.0689333850655,52,1813,589,569,261,706.156290385119
medium_013,medium,438.0689333850655,52,1813,589,569,288,697.1227184900887
medium_013,medium,438.0689333850655,52,1813,589,569,295,713.2021451200385
medium_013,medium,438.0689333850655,52,1813,589,569,305,716.8516573676255
medium_013,medium,438.0689333850655,52,1813,589,569,560,589.309646465496
medium_013,medium,438.0689333850655,52,1813,589,569,661,530.5471859231793
medium_013,medium,438.0689333850655,52,1813,589,569,669,581.4865779512797
medium_013,medium,438.0689333850655,52,1813,589,569,679,604.1529125552305
medium_013,medium,438.0689333850655,52,1813,589,569,680,598.2102586573666
medium_013,medium,438.0689333850655,52,1813,589,569,712,681.2711679765998
medium_013,medium,438.0689333850655,52,1813,589,569,714,681.2711679765998
medium_013,medium,438.0689333850655,52,1813,589,569,717,782.6677602995428
medium_013,medium,438.0689333850655,52,1813,589,569,727,790.2344342393266
medium_013,medium,438.0689333850655,52,1813,589,569,730,793.6227115328523
medium_013,medium,438.0689333850655,52,1813,589,569,732,795.9944020504578
medium_013,medium,438.0689333850655,52,1813,589,569,737,783.5092178050935
medium_013,medium,438.0689333850655,52,1813,589,569,740,790.103754990894
medium_013,medium,438.0689333850655,52,1813,589,569,741,797.1163794297654
medium_013,medium,438.0689333850655,52,1813,589,569,775,788.0062448990162
medium_013,medium,438.0689333850655,52,1813,589,569,785,804.0756273071712
medium_013,medium,438.0689333850655,52,1813,589,569,786,784.8974399724011
medium_013,medium,438.0689333850655,52,1813,589,569,804,785.5574679989975
medium_013,medium,438.0689333850655,52,1813,589,569,813,783.5526648823072
medium_013,medium,438.0689333850655,52,1813,589,569,815,789.7470551080306
medium_013,medium,438.0689333850655,52,1813,589,569,828,787.7300504037429
medium_013,medium,438.0689333850655,52,1813,589,569,836,799.3182393694005
medium_013,medium,438.0689333850655,52,1813,589,569,839,787.0464096140244
medium_013,medium,438.0689333850655,52,1813,589,569,845,789.7670708202182
medium_013,medium,438.0689333850655,52,1813,589,569,854,788.9951782497461
medium_013,medium,438.0689333850655,52,1813,589,569,865,792.7923402564963
medium_013,medium,438.0689333850655,52,1813,589,569,870,875.788958225759
medium_013,medium,438.0689333850655,52,1813,589,569,875,874.2484733436617
medium_013,medium,438.0689333850655,52,1813,589,569,1639,674.2693063209895
medium_013,medium,438.0689333850655,52,1813,589,569,1640,690.0988572067555
medium_013,medium,438.0689333850655,52,1813,589,569,2128,517.7708918604344
medium_014,medium,433.4511499314882,64,1810,592,572,32,583.3941530045158
medium_014,medium,433.4511499314882,64,1810,592,572,35,580.8283772117352
medium_014,medium,433.4511499314882,64,1810,592,572,40,552.8550234981195
medium_014,medium,433.4511499314882,64,1810,592,572,46,547.9961639662802
medium_014,medium,433.4511499314882,64,1810,592,572,47,573.411077831263
medium_014,medium,433.4511499314882,64,1810,592,572,58,593.0521153722777
medium_014,medium,433.4511499314882,64,1810,592,572,62,598.0343376366804
medium_014,medium,433.4511499314882,64,1810,592,572,68,546.4699419272964
medium_014,medium,433.4511499314882,64,1810,592,572,78,557.8644690803865
medium_014,medium,433.4511499314882,64,1810,592,572,79,558.1906792446803
medium_014,medium,433.4511499314882,64,1810,592,572,83,577.6874625618593
medium_014,medium,433.4511499314882,64,1810,592,572,87,583.7603237790436
medium_014,medium,433.4511499314882,64,1810,592,572,114,568.3085423720651
medium_014,medium,433.4511499314882,64,1810,592,572,116,569.3002635741059
medium_014,medium,433.4511499314882,64,1810,592,572,121,560.8979538966162
medium_014,medium,433.4511499314882,64,1810,592,572,128,562.6095865557038
medium_014,medium,433.4511499314882,64,1810,592,572,132,563.3709274427873
medium_014,medium,433.4511499314882,64,1810,592,572,136,564.6388749378071
medium_014,medium,433.4511499314882,64,1810,592,572,137,565.2358166656588
medium_014,medium,433.4511499314882,64,1810,592,572,151,577.42118301609
medium_014,medium,433.4511499314882,64,1810,592,572,154,578.8473682591405
medium_014,medium,433.4511499314882,64,1810,592,572,163,576.0076444130312
medium_014,medium,433.4511499314882,64,1810,592,572,181,635.5969833305865
medium_014,medium,433.4511499314882,64,1810,592,572,183,641.1874635423555
medium_014,medium,433.4511499314882,64,1810,592,572,215,635.5969833305865
medium_014,medium,433.4511499314882,64,1810,592,572,224,648.5545071411027
medium_014,medium,433.4511499314882,64,1810,592,572,228,692.2370814169777
medium_014,medium,433.4511499314882,64,1810,592,572,237,693.1241789760284
medium_014,medium,433.4511499314882,64,1810,592,572,249,693.2535201044548
medium_014,medium,433.4511499314882,64,1810,592,572,258,700.0981187315634
medium_014,medium,433.4511499314882,64,1810,592,572,262,692.2370814169777
medium_014,medium,433.4511499314882,64,1810,592,572,274,698.5920347496126
medium_014,medium,433.4511499314882,64,1810,592,572,287,694.4512797009743
medium_014,medium,433.4511499314882,64,1810,592,572,301,713.2687803762585
medium_014,medium,433.4511499314882,64,1810,592,572,554,498.0411924639419
medium_014,medium,433.4511499314882,64,1810,592,572,564,505.48402798000063
medium_014,medium,433.4511499314882,64,1810,592,572,565,525.9144903964814
medium_014,medium,433.4511499314882,64,1810,592,572,567,508.8868581026072
medium_014,medium,433.4511499314882,64,1810,592,572,568,513.2842391856749
medium_014,medium,433.4511499314882,64,1810,592,572,665,584.1021856707571
medium_014,medium,433.4511499314882,64,1810,592,572,671,583.9163454109107
medium_014,medium,433.4511499314882,64,1810,592,572,672,584.1021856707571
medium_014,medium,433.4511499314882,64,1810,592,572,675,600.0128579895717
medium_014,medium,433.4511499314882,64,1810,592,572,682,639.8494827392433
medium_014,medium,433.4511499314882,64,1810,592,572,718,789.3267931084201
medium_014,medium,433.4511499314882,64,1810,592,572,731,795.3167761690516
medium_014,medium,433.4511499314882,64,1810,592,572,736,782.6677602995428
medium_014,medium,433.4511499314882,64,1810,592,572,738,784.426746906022
medium_014,medium,433.4511499314882,64,1810,592,572,759,782.6677602995428
medium_014,medium,433.4511499314882,64,1810,592,572,768,799.247338432827
medium_014,medium,433.4511499314882,64,1810,592,572,778,794.0784657982342
medium_014,medium,433.4511499314882,64,1810,592,572,788,791.6576787558417
medium_014,medium,433.4511499314882,64,1810,592,572,796,803.2748330304976
medium_014,medium,433.4511499314882,64,1810,592,572,816,796.9273747579631
medium_014,medium,433.4511499314882,64,1810,592,572,822,786.6273631996161
medium_014,medium,433.4511499314882,64,1810,592,572,863,791.6051495060503
medium_014,medium,433.4511499314882,64,1810,592,572,868,794.9066781579263
medium_014,medium,433.4511499314882,64,1810,592,572,881,874.2484733436617
medium_014,medium,433.4511499314882,64,1810,592,572,889,876.606520410577
medium_014,medium,433.4511499314882,64,1810,592,572,1573,488.3677523670898
medium_014,medium,433.4511499314882,64,1810,592,572,1619,448.4295197349935
medium_014,medium,433.4511499314882,64,1810,592,572,1632,522.38473171584
medium_014,medium,433.4511499314882,64,1810,592,572,2336,525.9663996798788
medium_014,medium,433.4511499314882,64,1810,592,572,2342,589.309646465496
medium_015,medium,461.4580599410213,46,1830,572,553,27,495.1043548149903
medium_015,medium,461.4580599410213,46,1830,572,553,40,552.8550234981195
medium_015,medium,461.4580599410213,46,1830,572,553,46,547.9961639662802
medium_015,medium,461.4580599410213,46,1830,572,553,68,546.4699419272964
medium_015,medium,461.4580599410213,46,1830,572,553,86,550.2238793676045
medium_015,medium,461.4580599410213,46,1830,572,553,90,573.5946233437774
medium_015,medium,461.4580599410213,46,1830,572,553,98,547.0738663267362
medium_015,medium,461.4580599410213,46,1830,572,553,119,570.2209488216107
medium_015,medium,461.4580599410213,46,1830,572,553,133,563.7789444448554
medium_015,medium,461.4580599410213,46,1830,572,553,136,564.6388749378071
medium_015,medium,461.4580599410213,46,1830,572,553,148,572.7410640238679
medium_015,medium,461.4580599410213,46,1830,572,553,149,573.3170037509601
medium_015,medium,461.4580599410213,46,1830,572,553,152,579.1833871771622
medium_015,medium,461.4580599410213,46,1830,572,553,154,578.8473682591405
medium_015,medium,461.4580599410213,46,1830,572,553,169,655.8981463574353
medium_015,medium,461.4580599410213,46,1830,572,553,177,662.4815496732496
medium_015,medium,461.4580599410213,46,1830,572,553,189,645.3056416577962
medium_015,medium,461.4580599410213,46,1830,572,553,205,642.237327566793
medium_015,medium,461.4580599410213,46,1830,572,553,237,693.1241789760284
medium_015,medium,461.4580599410213,46,1830,572,553,255,695.0484238534156
medium_015,medium,461.4580599410213,46,1830,572,553,257,699.5957664716279
medium_015,medium,461.4580599410213,46,1830,572,553,259,699.0857254244921
medium_015,medium,461.4580599410213,46,1830,572,553,262,692.2370814169777
medium_015,medium,461.4580599410213,46,1830,572,553,270,696.4149680777458
medium_015,medium,461.4580599410213,46,1830,572,553,561,587.5746670385457
medium_015,medium,461.4580599410213,46,1830,572,553,564,505.48402798000063
medium_015,medium,461.4580599410213,46,1830,572,553,568,513.2842391856749
medium_015,medium,461.4580599410213,46,1830,572,553,610,495.5024083857705
medium_015,medium,461.4580599410213,46,1830,572,553,658,571.587004879608
medium_015,medium,461.4580599410213,46,1830,572,553,675,600.0128579895717
medium_015,medium,461.4580599410213,46,1830,572,553,683,600.3997920605009
medium_015,medium,461.4580599410213,46,1830,572,553,684,594.9738817301085
medium_015,medium,461.4580599410213,46,1830,572,553,712,681.2711679765998
medium_015,medium,461.4580599410213,46,1830,572,553,718,789.3267931084201
medium_015,medium,461.4580599410213,46,1830,572,553,728,794.690698841271
medium_015,medium,461.4580599410213,46,1830,572,553,731,795.3167761690516
medium_015,medium,461.4580599410213,46,1830,572,553,767,802.0766788118748
medium_015,medium,461.4580599410213,46,1830,572,553,851,794.5444081217781
medium_015,medium,461.4580599410213,46,1830,572,553,858,788.2761061339194
medium_015,medium,461.4580599410213,46,1830,572,553,867,795.8896200930674
medium_015,medium,461.4580599410213,46,1830,572,553,870,875.788958225759
medium_015,medium,461.4580599410213,46,1830,572,553,1634,646.2030337321304
medium_015,medium,461.4580599410213,46,1830,572,553,1635,659.4642138814386
medium_015,medium,461.4580599410213,46,1830,572,553,1638,604.1529125552305
medium_015,medium,461.4580599410213,46,1830,572,553,1642,512.0863814943942
medium_015,medium,461.4580599410213,46,1830,572,553,2347,491.27008200804335
medium_016,medium,416.49693946661705,71,1790,612,592,51,549.0734421862895
medium_016,medium,416.49693946661705,71,1790,612,592,56,583.8662099732511
medium_016,medium,416.49693946661705,71,1790,612,592,74,553.9946781535759
medium_016,medium,416.49693946661705,71,1790,612,592,85,579.1833871771622
medium_016,medium,416.49693946661705,71,1790,612,592,87,583.7603237790436
medium_016,medium,416.49693946661705,71,1790,612,592,94,574.3145789840326
medium_016,medium,416.49693946661705,71,1790,612,592,99,576.3599579749128
medium_016,medium,416.49693946661705,71,1790,612,592,103,559.848358732298
medium_016,medium,416.49693946661705,71,1790,612,592,104,551.8189738337968
medium_016,medium,416.49693946661705,71,1790,612,592,105,587.6195820624536
medium_016,medium,416.49693946661705,71,1790,612,592,108,547.8898136383561
medium_016,medium,416.49693946661705,71,1790,612,592,112,552.0308034423723
medium_016,medium,416.49693946661705,71,1790,612,592,113,568.2273508871389
medium_016,medium,416.49693946661705,71,1790,612,592,122,576.5955970198564
medium_016,medium,416.49693946661705,71,1790,612,592,125,561.5060382199158
medium_016,medium,416.49693946661705,71,1790,612,592,132,563.3709274427873
medium_016,medium,416.49693946661705,71,1790,612,592,143,567.1007058885303
medium_016,medium,416.49693946661705,71,1790,612,592,150,577.2666387817544
medium_016,medium,416.49693946661705,71,1790,612,592,155,581.7712999654473
medium_016,medium,416.49693946661705,71,1790,612,592,215,635.5969833305865
medium_016,medium,416.49693946661705,71,1790,612,592,222,643.9864914889016
medium_016,medium,416.49693946661705,71,1790,612,592,225,651.5289994554137
medium_016,medium,416.49693946661705,71,1790,612,592,233,699.0082091530453
medium_016,medium,416.49693946661705,71,1790,612,592,236,692.2370814169777
medium_016,medium,416.49693946661705,71,1790,612,592,239,694.707546939714
medium_016,medium,416.49693946661705,71,1790,612,592,243,701.0905211626183
medium_016,medium,416.49693946661705,71,1790,612,592,244,692.2370814169777
medium_016,medium,416.49693946661705,71,1790,612,592,249,693.2535201044548
medium_016,medium,416.49693946661705,71,1790,612,592,265,695.2916318383554
medium_016,medium,416.49693946661705,71,1790,612,592,275,702.3153000184943
medium_016,medium,416.49693946661705,71,1790,612,592,276,703.1182524651521
medium_016,medium,416.49693946661705,71,1790,612,592,296,712.1468368869175
medium_016,medium,416.49693946661705,71,1790,612,592,312,747.2828819771372
medium_016,medium,416.49693946661705,71,1790,612,592,315,746.3479291065048
medium_016,medium,416.49693946661705,71,1790,612,592,371,435.6385788159656
medium_016,medium,416.49693946661705,71,1790,612,592,566,513.0086789152951
medium_016,medium,416.49693946661705,71,1790,612,592,567,508.8868581026072
medium_016,medium,416.49693946661705,71,1790,612,592,646,462.970563185292
medium_016,medium,416.49693946661705,71,1790,612,592,662,532.5683656760467
medium_016,medium,416.49693946661705,71,1790,612,592,667,581.303846019092
medium_016,medium,416.49693946661705,71,1790,612,592,677,595.6560158859918
medium_016,medium,416.49693946661705,71,1790,612,592,684,594.9738817301085
medium_016,medium,416.49693946661705,71,1790,612,592,713,690.0988572067555
medium_016,medium,416.49693946661705,71,1790,612,592,717,782.6677602995428
medium_016,medium,416.49693946661705,71,1790,612,592,722,798.452064986975
medium_016,medium,416.49693946661705,71,1790,612,592,735,800.0601571369465
medium_016,medium,416.49693946661705,71,1790,612,592,765,800.8296464283861
medium_016,medium,416.49693946661705,71,1790,612,592,790,782.6677602995428
medium_016,medium,416.49693946661705,71,1790,612,592,792,793.6928914157801
medium_016,medium,416.49693946661705,71,1790,612,592,794,788.0887672161598
medium_016,medium,416.49693946661705,71,1790,612,592,813,783.5526648823072
medium_016,medium,416.49693946661705,71,1790,612,592,826,785.0934410137605
medium_016,medium,416.49693946661705,71,1790,612,592,835,785.2653261558277
medium_016,medium,416.49693946661705,71,1790,612,592,842,798.1867979588502
medium_016,medium,416.49693946661705,71,1790,612,592,843,785.3550927220414
medium_016,medium,416.49693946661705,71,1790,612,592,860,797.9274948872758
medium_016,medium,416.49693946661705,71,1790,612,592,868,794.9066781579263
medium_016,medium,416.49693946661705,71,1790,612,592,881,874.2484733436617
medium_016,medium,416.49693946661705,71,1790,612,592,1535,463.4536189685295
medium_016,medium,416.49693946661705,71,1790,612,592,1549,448.0209034794357
medium_016,medium,416.49693946661705,71,1790,612,592,1611,435.26403010497756
medium_016,medium,416.49693946661705,71,1790,612,592,1614,453.5251671327538
medium_016,medium,416.49693946661705,71,1790,612,592,1631,512.2386082413901
medium_016,medium,416.49693946661705,71,1790,612,592,1640,690.0988572067555
medium_016,medium,416.49693946661705,71,1790,612,592,1641,620.2659071789096
medium_016,medium,416.49693946661705,71,1790,612,592,1642,512.0863814943942
medium_016,medium,416.49693946661705,71,1790,612,592,2121,470.0614972702056
medium_016,medium,416.49693946661705,71,1790,612,592,2342,589.309646465496
medium_016,medium,416.49693946661705,71,1790,612,592,2348,487.0109892892962
medium_016,medium,416.49693946661705,71,1790,612,592,2397,646.443423602035
medium_016,medium,416.49693946661705,71,1790,612,592,2401,672.886271766872
medium_017,medium,386.869471213806,54,1752,650,627,37,586.6841155048023
medium_017,medium,386.869471213806,54,1752,650,627,42,555.1153735292443
medium_017,medium,386.869471213806,54,1752,650,627,49,548.5032936228646
medium_017,medium,386.869471213806,54,1752,650,627,66,547.4273855491114
medium_017,medium,386.869471213806,54,1752,650,627,68,546.4699419272964
medium_017,medium,386.869471213806,54,1752,650,627,70,546.7651003537386
medium_017,medium,386.869471213806,54,1752,650,627,76,556.4425230939675
medium_017,medium,386.869471213806,54,1752,650,627,101,560.2412102128715
medium_017,medium,386.869471213806,54,1752,650,627,104,551.8189738337968
medium_017,medium,386.869471213806,54,1752,650,627,111,576.5517739032198
medium_017,medium,386.869471213806,54,1752,650,627,145,567.7232939985931
medium_017,medium,386.869471213806,54,1752,650,627,149,573.3170037509601
medium_017,medium,386.869471213806,54,1752,650,627,159,575.0628611035378
medium_017,medium,386.869471213806,54,1752,650,627,163,576.0076444130312
medium_017,medium,386.869471213806,54,1752,650,627,169,655.8981463574353
medium_017,medium,386.869471213806,54,1752,650,627,172,660.4199590962617
medium_017,medium,386.869471213806,54,1752,650,627,194,639.4541730290125
medium_017,medium,386.869471213806,54,1752,650,627,197,636.8029079613991
medium_017,medium,386.869471213806,54,1752,650,627,201,642.6730387470549
medium_017,medium,386.869471213806,54,1752,650,627,217,644.7172951566542
medium_017,medium,386.869471213806,54,1752,650,627,226,651.6154351142774
medium_017,medium,386.869471213806,54,1752,650,627,230,692.2370814169777
medium_017,medium,386.869471213806,54,1752,650,627,241,692.9933463581984
medium_017,medium,386.869471213806,54,1752,650,627,282,693.8904881760146
medium_017,medium,386.869471213806,54,1752,650,627,289,698.2405682417269
medium_017,medium,386.869471213806,54,1752,650,627,300,712.1468368869175
medium_017,medium,386.869471213806,54,1752,650,627,306,716.8516573676255
medium_017,medium,386.869471213806,54,1752,650,627,356,417.55484572413917
medium_017,medium,386.869471213806,54,1752,650,627,363,423.4044130840741
medium_017,medium,386.869471213806,54,1752,650,627,547,434.8861803230786
medium_017,medium,386.869471213806,54,1752,650,627,550,463.1297492110998
medium_017,medium,386.869471213806,54,1752,650,627,551,444.2811958588166
medium_017,medium,386.869471213806,54,1752,650,627,557,535.7027946602594
medium_017,medium,386.869471213806,54,1752,650,627,612,471.1440902911445
medium_017,medium,386.869471213806,54,1752,650,627,660,529.8830803817966
medium_017,medium,386.869471213806,54,1752,650,627,666,581.0326930724631
medium_017,medium,386.869471213806,54,1752,650,627,689,603.3383763466318
medium_017,medium,386.869471213806,54,1752,650,627,720,794.5444081217781
medium_017,medium,386.869471213806,54,1752,650,627,726,783.6781085995611
medium_017,medium,386.869471213806,54,1752,650,627,742,800.70216830072
medium_017,medium,386.869471213806,54,1752,650,627,788,791.6576787558417
medium_017,medium,386.869471213806,54,1752,650,627,812,841.4364476212364
medium_017,medium,386.869471213806,54,1752,650,627,829,787.7909795779839
medium_017,medium,386.869471213806,54,1752,650,627,843,785.3550927220414
medium_017,medium,386.869471213806,54,1752,650,627,861,789.7828318523591
medium_017,medium,386.869471213806,54,1752,650,627,872,874.9283149691182
medium_017,medium,386.869471213806,54,1752,650,627,880,874.2484733436617
medium_017,medium,386.869471213806,54,1752,650,627,1550,413.7481681397557
medium_017,medium,386.869471213806,54,1752,650,627,1615,462.8297851608906
medium_017,medium,386.869471213806,54,1752,650,627,1622,441.1154304566624
medium_017,medium,386.869471213806,54,1752,650,627,1636,611.618494535044
medium_017,medium,386.869471213806,54,1752,650,627,2198,416.7588121691469
medium_017,medium,386.869471213806,54,1752,650,627,2348,487.0109892892962
medium_017,medium,386.869471213806,54,1752,650,627,2401,672.886271766872
medium_018,medium,338.4442662192898,64,1664,738,714,39,545.7426337535204
medium_018,medium,338.4442662192898,64,1664,738,714,61,587.6689372392634
medium_018,medium,338.4442662192898,64,1664,738,714,73,553.0532700425905
medium_018,medium,338.4442662192898,64,1664,738,714,81,559.0213549340485
medium_018,medium,338.4442662192898,64,1664,738,714,88,551.0083368421541
medium_018,medium,338.4442662192898,64,1664,738,714,100,546.9439239227694
medium_018,medium,338.4442662192898,64,1664,738,714,146,571.587004879608
medium_018,medium,338.4442662192898,64,1664,738,714,151,577.42118301609
medium_018,medium,338.4442662192898,64,1664,738,714,175,645.3187823123559
medium_018,medium,338.4442662192898,64,1664,738,714,201,642.6730387470549
medium_018,medium,338.4442662192898,64,1664,738,714,226,651.6154351142774
medium_018,medium,338.4442662192898,64,1664,738,714,249,693.2535201044548
medium_018,medium,338.4442662192898,64,1664,738,714,251,695.675379814367
medium_018,medium,338.4442662192898,64,1664,738,714,252,692.2370814169777
medium_018,medium,338.4442662192898,64,1664,738,714,255,695.0484238534156
medium_018,medium,338.4442662192898,64,1664,738,714,268,696.0147853704823
medium_018,medium,338.4442662192898,64,1664,738,714,270,696.4149680777458
medium_018,medium,338.4442662192898,64,1664,738,714,292,712.1468368869175
medium_018,medium,338.4442662192898,64,1664,738,714,315,746.3479291065048
medium_018,medium,338.4442662192898,64,1664,738,714,352,408.3511897464747
medium_018,medium,338.4442662192898,64,1664,738,714,361,402.0467473115869
medium_018,medium,338.4442662192898,64,1664,738,714,365,416.7477305520801
medium_018,medium,338.4442662192898,64,1664,738,714,368,429.0636474972531
medium_018,medium,338.4442662192898,64,1664,738,714,369,419.8280813723891
medium_018,medium,338.4442662192898,64,1664,738,714,418,358.576116586786
medium_018,medium,338.4442662192898,64,1664,738,714,546,429.9628120556947
medium_018,medium,338.4442662192898,64,1664,738,714,549,431.6511471597932
medium_018,medium,338.4442662192898,64,1664,738,714,668,581.4084942012629
medium_018,medium,338.4442662192898,64,1664,738,714,672,584.1021856707571
medium_018,medium,338.4442662192898,64,1664,738,714,679,604.1529125552305
medium_018,medium,338.4442662192898,64,1664,738,714,683,600.3997920605009
medium_018,medium,338.4442662192898,64,1664,738,714,693,596.3468178315959
medium_018,medium,338.4442662192898,64,1664,738,714,713,690.0988572067555
medium_018,medium,338.4442662192898,64,1664,738,714,742,800.70216830072
medium_018,medium,338.4442662192898,64,1664,738,714,745,812.1023793465511
medium_018,medium,338.4442662192898,64,1664,738,714,752,798.2189980698953
medium_018,medium,338.4442662192898,64,1664,738,714,760,788.6111810539278
medium_018,medium,338.4442662192898,64,1664,738,714,770,790.8939816717217
medium_018,medium,338.4442662192898,64,1664,738,714,774,787.4736158886659
medium_018,medium,338.4442662192898,64,1664,738,714,788,791.6576787558417
medium_018,medium,338.4442662192898,64,1664,738,714,805,784.7173408533552
medium_018,medium,338.4442662192898,64,1664,738,714,812,841.4364476212364
medium_018,medium,338.4442662192898,64,1664,738,714,813,783.5526648823072
medium_018,medium,338.4442662192898,64,1664,738,714,824,794.0784657982342
medium_018,medium,338.4442662192898,64,1664,738,714,829,787.7909795779839
medium_018,medium,338.4442662192898,64,1664,738,714,846,790.0690254324404
medium_018,medium,338.4442662192898,64,1664,738,714,854,788.9951782497461
medium_018,medium,338.4442662192898,64,1664,738,714,866,788.0485975283544
medium_018,medium,338.4442662192898,64,1664,738,714,885,876.7601605643792
medium_018,medium,338.4442662192898,64,1664,738,714,1529,359.7280230154972
medium_018,medium,338.4442662192898,64,1664,738,714,1548,382.159702928363
medium_018,medium,338.4442662192898,64,1664,738,714,1579,366.88785022163245
medium_018,medium,338.4442662192898,64,1664,738,714,1580,368.9047763857562
medium_018,medium,338.4442662192898,64,1664,738,714,1631,512.2386082413901
medium_018,medium,338.4442662192898,64,1664,738,714,1637,593.0474861423077
medium_018,medium,338.4442662192898,64,1664,738,714,1644,543.1921049855887
medium_018,medium,338.4442662192898,64,1664,738,714,1681,350.2934946627569
medium_018,medium,338.4442662192898,64,1664,738,714,1780,391.2894478519657
medium_018,medium,338.4442662192898,64,1664,738,714,2152,363.25893777436806
medium_018,medium,338.4442662192898,64,1664,738,714,2173,357.0712478500906
medium_018,medium,338.4442662192898,64,1664,738,714,2189,361.84718266285284
medium_018,medium,338.4442662192898,64,1664,738,714,2197,377.265998250164
medium_018,medium,338.4442662192898,64,1664,738,714,2286,373.8631155813525
medium_018,medium,338.4442662192898,64,1664,738,714,2297,351.2242756976442
medium_019,medium,456.12621615837816,59,1826,576,557,38,545.5219779363505
medium_019,medium,456.12621615837816,59,1826,576,557,63,549.4181099526992
medium_019,medium,456.12621615837816,59,1826,576,557,71,550.1392402075911
medium_019,medium,456.12621615837816,59,1826,576,557,75,554.0252149622576
medium_019,medium,456.12621615837816,59,1826,576,557,76,556.4425230939675
medium_019,medium,456.12621615837816,59,1826,576,557,86,550.2238793676045
medium_019,medium,456.12621615837816,59,1826,576,557,92,544.7446474705552
medium_019,medium,456.12621615837816,59,1826,576,557,93,574.179587101504
medium_019,medium,456.12621615837816,59,1826,576,557,98,547.0738663267362
medium_019,medium,456.12621615837816,59,1826,576,557,108,547.8898136383561
medium_019,medium,456.12621615837816,59,1826,576,557,115,568.9655951114019
medium_019,medium,456.12621615837816,59,1826,576,557,124,571.0376944400474
medium_019,medium,456.12621615837816,59,1826,576,557,134,564.3106239476047
medium_019,medium,456.12621615837816,59,1826,576,557,136,564.6388749378071
medium_019,medium,456.12621615837816,59,1826,576,557,143,567.1007058885303
medium_019,medium,456.12621615837816,59,1826,576,557,149,573.3170037509601
medium_019,medium,456.12621615837816,59,1826,576,557,189,645.3056416577962
medium_019,medium,456.12621615837816,59,1826,576,557,194,639.4541730290125
medium_019,medium,456.12621615837816,59,1826,576,557,207,638.4200738863915
medium_019,medium,456.12621615837816,59,1826,576,557,222,643.9864914889016
medium_019,medium,456.12621615837816,59,1826,576,557,229,692.2370814169777
medium_019,medium,456.12621615837816,59,1826,576,557,236,692.2370814169777
medium_019,medium,456.12621615837816,59,1826,576,557,244,692.2370814169777
medium_019,medium,456.12621615837816,59,1826,576,557,245,692.2370814169777
medium_019,medium,456.12621615837816,59,1826,576,557,247,700.2657903217379
medium_019,medium,456.12621615837816,59,1826,576,557,256,698.6809266650239
medium_019,medium,456.12621615837816,59,1826,576,557,257,699.5957664716279
medium_019,medium,456.12621615837816,59,1826,576,557,284,695.0484238534156
medium_019,medium,456.12621615837816,59,1826,576,557,300,712.1468368869175
medium_019,medium,456.12621615837816,59,1826,576,557,612,472.0887394613969
medium_019,medium,456.12621615837816,59,1826,576,557,660,529.8830803817966
medium_019,medium,456.12621615837816,59,1826,576,557,666,581.0326930724631
medium_019,medium,456.12621615837816,59,1826,576,557,671,583.9163454109107
medium_019,medium,456.12621615837816,59,1826,576,557,683,600.3997920605009
medium_019,medium,456.12621615837816,59,1826,576,557,687,597.8977320991642
medium_019,medium,456.12621615837816,59,1826,576,557,713,690.0988572067555
medium_019,medium,456.12621615837816,59,1826,576,557,728,794.690698841271
medium_019,medium,456.12621615837816,59,1826,576,557,742,800.70216830072
medium_019,medium,456.12621615837816,59,1826,576,557,743,802.2841339347094
medium_019,medium,456.12621615837816,59,1826,576,557,758,791.2447825393449
medium_019,medium,456.12621615837816,59,1826,576,557,762,796.7304469452394
medium_019,medium,456.12621615837816,59,1826,576,557,786,784.8974399724011
medium_019,medium,456.12621615837816,59,1826,576,557,791,788.6111810539278
medium_019,medium,456.12621615837816,59,1826,576,557,796,803.2748330304976
medium_019,medium,456.12621615837816,59,1826,576,557,799,798.1867979588502
medium_019,medium,456.12621615837816,59,1826,576,557,812,841.4364476212364
medium_019,medium,456.12621615837816,59,1826,576,557,820,786.6205779186399
medium_019,medium,456.12621615837816,59,1826,576,557,822,786.6273631996161
medium_019,medium,456.12621615837816,59,1826,576,557,831,795.5363101767468
medium_019,medium,456.12621615837816,59,1826,576,557,840,791.6576787558417
medium_019,medium,456.12621615837816,59,1826,576,557,843,785.3550927220414
medium_019,medium,456.12621615837816,59,1826,576,557,845,789.7670708202182
medium_019,medium,456.12621615837816,59,1826,576,557,852,797.8621285203254
medium_019,medium,456.12621615837816,59,1826,576,557,860,797.9274948872758
medium_019,medium,456.12621615837816,59,1826,576,557,863,791.6051495060503
medium_019,medium,456.12621615837816,59,1826,576,557,865,792.7923402564963
medium_019,medium,456.12621615837816,59,1826,576,557,876,875.493008971195
medium_019,medium,456.12621615837816,59,1826,576,557,1640,690.0988572067555
medium_019,medium,456.12621615837816,59,1826,576,557,1644,543.1921049855887
high_000,high,451.61636595298626,98,1824,578,559,38,545.5219779363505
high_000,high,451.61636595298626,98,1824,578,559,43,555.7497318220805
high_000,high,451.61636595298626,98,1824,578,559,44,555.1861352428457
high_000,high,451.61636595298626,98,1824,578,559,48,548.2446024424806
high_000,high,451.61636595298626,98,1824,578,559,51,549.0734421862895
high_000,high,451.61636595298626,98,1824,578,559,53,545.9959599318234
high_000,high,451.61636595298626,98,1824,578,559,76,556.4425230939675
high_000,high,451.61636595298626,98,1824,578,559,80,558.6052636281448
high_000,high,451.61636595298626,98,1824,578,559,81,559.0213549340485
high_000,high,451.61636595298626,98,1824,578,559,83,577.6874625618593
high_000,high,451.61636595298626,98,1824,578,559,88,551.0083368421541
high_000,high,451.61636595298626,98,1824,578,559,99,576.3599579749128
high_000,high,451.61636595298626,98,1824,578,559,101,560.2412102128715
high_000,high,451.61636595298626,98,1824,578,559,105,587.6195820624536
high_000,high,451.61636595298626,98,1824,578,559,107,547.6229726191856
high_000,high,451.61636595298626,98,1824,578,559,110,573.4351776246883
high_000,high,451.61636595298626,98,1824,578,559,111,576.5517739032198
high_000,high,451.61636595298626,98,1824,578,559,115,568.9655951114019
high_000,high,451.61636595298626,98,1824,578,559,118,579.5493179283791
high_000,high,451.61636595298626,98,1824,578,559,124,571.0376944400474
high_000,high,451.61636595298626,98,1824,578,559,135,564.5092384944909
high_000,high,451.61636595298626,98,1824,578,559,136,564.6388749378071
high_000,high,451.61636595298626,98,1824,578,559,140,584.4726380667537
high_000,high,451.61636595298626,98,1824,578,559,142,566.433112912473
high_000,high,451.61636595298626,98,1824,578,559,152,579.1833871771622
high_000,high,451.61636595298626,98,1824,578,559,159,575.0628611035378
high_000,high,451.61636595298626,98,1824,578,559,162,575.7717728432992
high_000,high,451.61636595298626,98,1824,578,559,167,641.8536774566307
high_000,high,451.61636595298626,98,1824,578,559,195,640.8347400595266
high_000,high,451.61636595298626,98,1824,578,559,200,644.6143277605532
high_000,high,451.61636595298626,98,1824,578,559,201,642.6730387470549
high_000,high,451.61636595298626,98,1824,578,559,208,637.4550472032806
high_000,high,451.61636595298626,98,1824,578,559,215,635.5969833305865
high_000,high,451.61636595298626,98,1824,578,559,244,692.2370814169777
high_000,high,451.61636595298626,98,1824,578,559,249,693.2535201044548
high_000,high,451.61636595298626,98,1824,578,559,251,695.675379814367
high_000,high,451.61636595298626,98,1824,578,559,254,701.9379845525184
high_000,high,451.61636595298626,98,1824,578,559,264,696.9829783818076
high_000,high,451.61636595298626,98,1824,578,559,272,694.1613262943649
high_000,high,451.61636595298626,98,1824,578,559,285,694.2422697353422
high_000,high,451.61636595298626,98,1824,578,559,296,712.1468368869175
high_000,high,451.61636595298626,98,1824,578,559,298,712.1468368869175
high_000,high,451.61636595298626,98,1824,578,559,299,712.1468368869175
high_000,high,451.61636595298626,98,1824,578,559,301,713.2687803762585
high_000,high,451.61636595298626,98,1824,578,559,304,716.8516573676255
high_000,high,451.61636595298626,98,1824,578,559,550,508.40083472558786
high_000,high,451.61636595298626,98,1824,578,559,555,562.8446369631413
high_000,high,451.61636595298626,98,1824,578,559,558,535.7027946602594
high_000,high,451.61636595298626,98,1824,578,559,563,587.6689372392634
high_000,high,451.61636595298626,98,1824,578,559,567,508.8868581026072
high_000,high,451.61636595298626,98,1824,578,559,662,532.5683656760467
high_000,high,451.61636595298626,98,1824,578,559,663,533.3513589100099
high_000,high,451.61636595298626,98,1824,578,559,666,581.0326930724631
high_000,high,451.61636595298626,98,1824,578,559,674,598.7256195197028
high_000,high,451.61636595298626,98,1824,578,559,676,594.9738817301085
high_000,high,451.61636595298626,98,1824,578,559,678,596.1558637973505
high_000,high,451.61636595298626,98,1824,578,559,688,602.6878701887103
high_000,high,451.61636595298626,98,1824,578,559,690,630.0567355452351
high_000,high,451.61636595298626,98,1824,578,559,713,690.0988572067555
high_000,high,451.61636595298626,98,1824,578,559,722,798.452064986975
high_000,high,451.61636595298626,98,1824,578,559,731,795.3167761690516
high_000,high,451.61636595298626,98,1824,578,559,734,798.5919678394266
high_000,high,451.61636595298626,98,1824,578,559,737,783.5092178050935
high_000,high,451.61636595298626,98,1824,578,559,738,784.426746906022
high_000,high,451.61636595298626,98,1824,578,559,742,800.70216830072
high_000,high,451.61636595298626,98,1824,578,559,750,795.9041466051841
high_000,high,451.61636595298626,98,1824,578,559,756,782.6677602995428
high_000,high,451.61636595298626,98,1824,578,559,759,782.6677602995428
high_000,high,451.61636595298626,98,1824,578,559,772,787.329817841271
high_000,high,451.61636595298626,98,1824,578,559,777,794.0244476721699
high_000,high,451.61636595298626,98,1824,578,559,782,782.6677602995428
high_000,high,451.61636595298626,98,1824,578,559,783,784.9134991135697
high_000,high,451.61636595298626,98,1824,578,559,788,791.6576787558417
high_000,high,451.61636595298626,98,1824,578,559,814,786.3590135712413
high_000,high,451.61636595298626,98,1824,578,559,823,791.6460879293643
high_000,high,451.61636595298626,98,1824,578,559,824,794.0784657982342
high_000,high,451.61636595298626,98,1824,578,559,827,788.2575253251489
high_000,high,451.61636595298626,98,1824,578,559,834,788.7870686305126
high_000,high,451.61636595298626,98,1824,578,559,840,791.6576787558417
high_000,high,451.61636595298626,98,1824,578,559,843,785.3550927220414
high_000,high,451.61636595298626,98,1824,578,559,852,797.8621285203254
high_000,high,451.61636595298626,98,1824,578,559,856,791.5898341578982
high_000,high,451.61636595298626,98,1824,578,559,861,789.7828318523591
high_000,high,451.61636595298626,98,1824,578,559,862,789.7950453578388
high_000,high,451.61636595298626,98,1824,578,559,864,800.4518676825654
high_000,high,451.61636595298626,98,1824,578,559,871,874.2484733436617
high_000,high,451.61636595298626,98,1824,578,559,876,875.493008971195
high_000,high,451.61636595298626,98,1824,578,559,878,874.2484733436617
high_000,high,451.61636595298626,98,1824,578,559,880,874.2484733436617
high_000,high,451.61636595298626,98,1824,578,559,884,875.3664263932063
high_000,high,451.61636595298626,98,1824,578,559,1614,481.9425405547283
high_000,high,451.61636595298626,98,1824,578,559,1631,512.2386082413901
high_000,high,451.61636595298626,98,1824,578,559,1634,646.2030337321304
high_000,high,451.61636595298626,98,1824,578,559,1642,512.0863814943942
high_000,high,451.61636595298626,98,1824,578,559,2120,499.60249147323486
high_000,high,451.61636595298626,98,1824,578,559,2130,520.8786060648108
high_000,high,451.61636595298626,98,1824,578,559,2349,493.068898614276
high_000,high,451.61636595298626,98,1824,578,559,2399,645.6241850317183
high_001,high,448.66671163387286,98,1823,579,560,36,587.0356273776359
high_001,high,448.66671163387286,98,1823,579,560,45,556.9693170434182
high_001,high,448.66671163387286,98,1823,579,560,55,583.5932184573822
high_001,high,448.66671163387286,98,1823,579,560,57,586.8839839723255
high_001,high,448.66671163387286,98,1823,579,560,80,558.6052636281448
high_001,high,448.66671163387286,98,1823,579,560,85,579.1833871771622
high_001,high,448.66671163387286,98,1823,579,560,89,551.0391284133788
high_001,high,448.66671163387286,98,1823,579,560,95,545.1333127034528
high_001,high,448.66671163387286,98,1823,579,560,96,545.3234224510876
high_001,high,448.66671163387286,98,1823,579,560,103,559.848358732298
high_001,high,448.66671163387286,98,1823,579,560,113,568.2273508871389
high_001,high,448.66671163387286,98,1823,579,560,114,568.3085423720651
high_001,high,448.66671163387286,98,1823,579,560,120,560.7099346169167
high_001,high,448.66671163387286,98,1823,579,560,123,570.4192669441981
high_001,high,448.66671163387286,98,1823,579,560,127,562.6042889221104
high_001,high,448.66671163387286,98,1823,579,560,130,571.3451967745423
high_001,high,448.66671163387286,98,1823,579,560,134,564.3106239476047
high_001,high,448.66671163387286,98,1823,579,560,137,565.2358166656588
high_001,high,448.66671163387286,98,1823,579,560,140,584.4726380667537
high_001,high,448.66671163387286,98,1823,579,560,143,567.1007058885303
high_001,high,448.66671163387286,98,1823,579,560,147,572.2145467560825
high_001,high,448.66671163387286,98,1823,579,560,157,581.6724584322287
high_001,high,448.66671163387286,98,1823,579,560,159,575.0628611035378
high_001,high,448.66671163387286,98,1823,579,560,175,645.3187823123559
high_001,high,448.66671163387286,98,1823,579,560,177,662.4815496732496
high_001,high,448.66671163387286,98,1823,579,560,178,639.9178696950679
high_001,high,448.66671163387286,98,1823,579,560,181,635.5969833305865
high_001,high,448.66671163387286,98,1823,579,560,185,648.0204577873307
high_001,high,448.66671163387286,98,1823,579,560,199,636.7655153568172
high_001,high,448.66671163387286,98,1823,579,560,207,638.4200738863915
high_001,high,448.66671163387286,98,1823,579,560,219,646.4757060446872
high_001,high,448.66671163387286,98,1823,579,560,220,648.7547667633744
high_001,high,448.66671163387286,98,1823,579,560,221,647.927117424296
high_001,high,448.66671163387286,98,1823,579,560,235,707.8200732317633
high_001,high,448.66671163387286,98,1823,579,560,241,692.9933463581984
high_001,high,448.66671163387286,98,1823,579,560,256,698.6809266650239
high_001,high,448.66671163387286,98,1823,579,560,259,699.0857254244921
high_001,high,448.66671163387286,98,1823,579,560,267,695.675379814367
high_001,high,448.66671163387286,98,1823,579,560,271,693.0637847964962
high_001,high,448.66671163387286,98,1823,579,560,275,702.3153000184943
high_001,high,448.66671163387286,98,1823,579,560,280,693.186260709365
high_001,high,448.66671163387286,98,1823,579,560,289,698.2405682417269
high_001,high,448.66671163387286,98,1823,579,560,293,712.1468368869175
high_001,high,448.66671163387286,98,1823,579,560,305,716.8516573676255
high_001,high,448.66671163387286,98,1823,579,560,308,716.8516573676255
high_001,high,448.66671163387286,98,1823,579,560,310,746.3479291065048
high_001,high,448.66671163387286,98,1823,579,560,313,746.3479291065048
high_001,high,448.66671163387286,98,1823,579,560,556,524.3632578156611
high_001,high,448.66671163387286,98,1823,579,560,557,535.7027946602594
high_001,high,448.66671163387286,98,1823,579,560,558,535.7027946602594
high_001,high,448.66671163387286,98,1823,579,560,564,505.48402798000063
high_001,high,448.66671163387286,98,1823,579,560,663,533.3513589100099
high_001,high,448.66671163387286,98,1823,579,560,666,581.0326930724631
high_001,high,448.66671163387286,98,1823,579,560,667,581.303846019092
high_001,high,448.66671163387286,98,1823,579,560,676,594.9738817301085
high_001,high,448.66671163387286,98,1823,579,560,678,596.1558637973505
high_001,high,448.66671163387286,98,1823,579,560,713,690.0988572067555
high_001,high,448.66671163387286,98,1823,579,560,729,789.2065516369884
high_001,high,448.66671163387286,98,1823,579,560,737,783.5092178050935
high_001,high,448.66671163387286,98,1823,579,560,739,784.4355245096565
high_001,high,448.66671163387286,98,1823,579,560,740,790.103754990894
high_001,high,448.66671163387286,98,1823,579,560,746,813.4548901567302
high_001,high,448.66671163387286,98,1823,579,560,747,829.7816277034057
high_001,high,448.66671163387286,98,1823,579,560,753,807.9055413773542
high_001,high,448.66671163387286,98,1823,579,560,763,800.0770634469781
high_001,high,448.66671163387286,98,1823,579,560,770,790.8939816717217
high_001,high,448.66671163387286,98,1823,579,560,787,791.4922657268133
high_001,high,448.66671163387286,98,1823,579,560,793,783.9100743930154
high_001,high,448.66671163387286,98,1823,579,560,803,786.8831546756995
high_001,high,448.66671163387286,98,1823,579,560,808,782.6677602995428
high_001,high,448.66671163387286,98,1823,579,560,814,786.3590135712413
high_001,high,448.66671163387286,98,1823,579,560,819,786.4975427732093
high_001,high,448.66671163387286,98,1823,579,560,830,795.4337016247945
high_001,high,448.66671163387286,98,1823,579,560,837,786.7571792154567
high_001,high,448.66671163387286,98,1823,579,560,840,791.6576787558417
high_001,high,448.66671163387286,98,1823,579,560,845,789.7670708202182
high_001,high,448.66671163387286,98,1823,579,560,846,790.0690254324404
high_001,high,448.66671163387286,98,1823,579,560,852,797.8621285203254
high_001,high,448.66671163387286,98,1823,579,560,854,788.9951782497461
high_001,high,448.66671163387286,98,1823,579,560,855,782.6677602995428
high_001,high,448.66671163387286,98,1823,579,560,856,791.5898341578982
high_001,high,448.66671163387286,98,1823,579,560,858,788.2761061339194
high_001,high,448.66671163387286,98,1823,579,560,862,789.7950453578388
high_001,high,448.66671163387286,98,1823,579,560,864,800.4518676825654
high_001,high,448.66671163387286,98,1823,579,560,866,788.0485975283544
high_001,high,448.66671163387286,98,1823,579,560,867,795.8896200930674
high_001,high,448.66671163387286,98,1823,579,560,876,875.493008971195
high_001,high,448.66671163387286,98,1823,579,560,887,876.6808512125316
high_001,high,448.66671163387286,98,1823,579,560,1536,499.50184626852126
high_001,high,448.66671163387286,98,1823,579,560,1562,483.26288189740615
high_001,high,448.66671163387286,98,1823,579,560,1571,476.333176887297
high_001,high,448.66671163387286,98,1823,579,560,1618,497.60276205652775
high_001,high,448.66671163387286,98,1823,579,560,1632,522.38473171584
high_001,high,448.66671163387286,98,1823,579,560,1633,629.7007391902042
high_001,high,448.66671163387286,98,1823,579,560,1642,512.0863814943942
high_001,high,448.66671163387286,98,1823,579,560,2228,501.99079415697474
high_001,high,448.66671163387286,98,1823,579,560,2349,505.59859414900023
high_001,high,448.66671163387286,98,1823,579,560,2399,645.6241850317183
high_002,high,510.7477874616617,104,1855,547,529,34,580.2482602222075
high_002,high,510.7477874616617,104,1855,547,529,35,580.8283772117352
high_002,high,510.7477874616617,104,1855,547,529,37,586.6841155048023
high_002,high,510.7477874616617,104,1855,547,529,39,569.4730841873463
high_002,high,510.7477874616617,104,1855,547,529,50,548.6597387486418
high_002,high,510.7477874616617,104,1855,547,529,52,550.7829241694741
high_002,high,510.7477874616617,104,1855,547,529,60,587.2998727813588
high_002,high,510.7477874616617,104,1855,547,529,63,549.4181099526992
high_002,high,510.7477874616617,104,1855,547,529,70,557.917772195508
high_002,high,510.7477874616617,104,1855,547,529,74,553.9946781535759
high_002,high,510.7477874616617,104,1855,547,529,77,557.3327752511804
high_002,high,510.7477874616617,104,1855,547,529,84,576.3578781044064
high_002,high,510.7477874616617,104,1855,547,529,89,551.0391284133788
high_002,high,510.7477874616617,104,1855,547,529,92,547.6681434032652
high_002,high,510.7477874616617,104,1855,547,529,97,555.6740918277297
high_002,high,510.7477874616617,104,1855,547,529,101,560.2412102128715
high_002,high,510.7477874616617,104,1855,547,529,104,551.8189738337968
high_002,high,510.7477874616617,104,1855,547,529,108,547.8898136383561
high_002,high,510.7477874616617,104,1855,547,529,111,576.5517739032198
high_002,high,510.7477874616617,104,1855,547,529,115,568.9655951114019
high_002,high,510.7477874616617,104,1855,547,529,118,579.5493179283791
high_002,high,510.7477874616617,104,1855,547,529,124,571.0376944400474
high_002,high,510.7477874616617,104,1855,547,529,126,568.6038180660182
high_002,high,510.7477874616617,104,1855,547,529,129,571.3255570059794
high_002,high,510.7477874616617,104,1855,547,529,132,563.3709274427873
high_002,high,510.7477874616617,104,1855,547,529,139,566.0169589730989
high_002,high,510.7477874616617,104,1855,547,529,147,572.2145467560825
high_002,high,510.7477874616617,104,1855,547,529,152,579.1833871771622
high_002,high,510.7477874616617,104,1855,547,529,158,574.4075045315326
high_002,high,510.7477874616617,104,1855,547,529,161,579.5493179283791
high_002,high,510.7477874616617,104,1855,547,529,162,575.7717728432992
high_002,high,510.7477874616617,104,1855,547,529,166,651.8594490018652
high_002,high,510.7477874616617,104,1855,547,529,167,641.8536774566307
high_002,high,510.7477874616617,104,1855,547,529,169,655.8981463574353
high_002,high,510.7477874616617,104,1855,547,529,177,662.4815496732496
high_002,high,510.7477874616617,104,1855,547,529,178,639.9178696950679
high_002,high,510.7477874616617,104,1855,547,529,198,636.279790057504
high_002,high,510.7477874616617,104,1855,547,529,200,644.6143277605532
high_002,high,510.7477874616617,104,1855,547,529,201,642.6730387470549
high_002,high,510.7477874616617,104,1855,547,529,207,638.4200738863915
high_002,high,510.7477874616617,104,1855,547,529,218,645.6912113252067
high_002,high,510.7477874616617,104,1855,547,529,224,648.5545071411027
high_002,high,510.7477874616617,104,1855,547,529,226,651.6154351142774
high_002,high,510.7477874616617,104,1855,547,529,228,692.2370814169777
high_002,high,510.7477874616617,104,1855,547,529,230,692.2370814169777
high_002,high,510.7477874616617,104,1855,547,529,236,692.2370814169777
high_002,high,510.7477874616617,104,1855,547,529,247,700.2657903217379
high_002,high,510.7477874616617,104,1855,547,529,259,699.0857254244921
high_002,high,510.7477874616617,104,1855,547,529,267,695.675379814367
high_002,high,510.7477874616617,104,1855,547,529,276,703.1182524651521
high_002,high,510.7477874616617,104,1855,547,529,280,693.186260709365
high_002,high,510.7477874616617,104,1855,547,529,294,712.1468368869175
high_002,high,510.7477874616617,104,1855,547,529,295,713.2021451200385
high_002,high,510.7477874616617,104,1855,547,529,296,712.1468368869175
high_002,high,510.7477874616617,104,1855,547,529,305,716.8516573676255
high_002,high,510.7477874616617,104,1855,547,529,308,716.8516573676255
high_002,high,510.7477874616617,104,1855,547,529,312,747.2828819771372
high_002,high,510.7477874616617,104,1855,547,529,565,552.1622726911304
high_002,high,510.7477874616617,104,1855,547,529,568,570.7013490520246
high_002,high,510.7477874616617,104,1855,547,529,658,571.587004879608
high_002,high,510.7477874616617,104,1855,547,529,667,581.303846019092
high_002,high,510.7477874616617,104,1855,547,529,669,581.4865779512797
high_002,high,510.7477874616617,104,1855,547,529,670,587.2998727813588
high_002,high,510.7477874616617,104,1855,547,529,674,598.7256195197028
high_002,high,510.7477874616617,104,1855,547,529,681,600.559883089766
high_002,high,510.7477874616617,104,1855,547,529,682,639.8494827392433
high_002,high,510.7477874616617,104,1855,547,529,687,597.8977320991642
high_002,high,510.7477874616617,104,1855,547,529,718,789.3267931084201
high_002,high,510.7477874616617,104,1855,547,529,719,790.3041122463405
high_002,high,510.7477874616617,104,1855,547,529,723,803.2748330304976
high_002,high,510.7477874616617,104,1855,547,529,727,790.2344342393266
high_002,high,510.7477874616617,104,1855,547,529,738,784.426746906022
high_002,high,510.7477874616617,104,1855,547,529,746,813.4548901567302
high_002,high,510.7477874616617,104,1855,547,529,763,800.0770634469781
high_002,high,510.7477874616617,104,1855,547,529,764,796.2936968914166
high_002,high,510.7477874616617,104,1855,547,529,767,802.0766788118748
high_002,high,510.7477874616617,104,1855,547,529,783,784.9134991135697
high_002,high,510.7477874616617,104,1855,547,529,789,783.8278684562797
high_002,high,510.7477874616617,104,1855,547,529,792,793.6928914157801
high_002,high,510.7477874616617,104,1855,547,529,794,788.0887672161598
high_002,high,510.7477874616617,104,1855,547,529,803,786.8831546756995
high_002,high,510.7477874616617,104,1855,547,529,811,804.6597679588986
high_002,high,510.7477874616617,104,1855,547,529,813,783.5526648823072
high_002,high,510.7477874616617,104,1855,547,529,819,786.4975427732093
high_002,high,510.7477874616617,104,1855,547,529,831,795.5363101767468
high_002,high,510.7477874616617,104,1855,547,529,837,786.7571792154567
high_002,high,510.7477874616617,104,1855,547,529,843,785.3550927220414
high_002,high,510.7477874616617,104,1855,547,529,847,792.8956688961663
high_002,high,510.7477874616617,104,1855,547,529,848,793.3789652691232
high_002,high,510.7477874616617,104,1855,547,529,853,782.6677602995428
high_002,high,510.7477874616617,104,1855,547,529,854,788.9951782497461
high_002,high,510.7477874616617,104,1855,547,529,870,875.788958225759
high_002,high,510.7477874616617,104,1855,547,529,876,875.493008971195
high_002,high,510.7477874616617,104,1855,547,529,877,874.2484733436617
high_002,high,510.7477874616617,104,1855,547,529,882,874.2484733436617
high_002,high,510.7477874616617,104,1855,547,529,884,875.3664263932063
high_002,high,510.7477874616617,104,1855,547,529,1633,629.7007391902042
high_002,high,510.7477874616617,104,1855,547,529,1634,646.2030337321304
high_002,high,510.7477874616617,104,1855,547,529,1639,674.2693063209895
high_002,high,510.7477874616617,104,1855,547,529,1640,690.0988572067555
high_002,high,510.7477874616617,104,1855,547,529,1642,538.0217750115668
high_002,high,510.7477874616617,104,1855,547,529,2127,557.3029151003327
high_002,high,510.7477874616617,104,1855,547,529,2129,569.1487995864959
high_002,high,510.7477874616617,104,1855,547,529,2401,672.886271766872
high_003,high,497.77550382941877,98,1851,551,533,34,580.2482602222075
high_003,high,497.77550382941877,98,1851,551,533,35,580.8283772117352
high_003,high,497.77550382941877,98,1851,551,533,44,555.1861352428457
high_003,high,497.77550382941877,98,1851,551,533,45,557.218676384548
high_003,high,497.77550382941877,98,1851,551,533,46,547.9961639662802
high_003,high,497.77550382941877,98,1851,551,533,47,573.411077831263
high_003,high,497.77550382941877,98,1851,551,533,49,548.5032936228646
high_003,high,497.77550382941877,98,1851,551,533,53,545.9959599318234
high_003,high,497.77550382941877,98,1851,551,533,55,583.5932184573822
high_003,high,497.77550382941877,98,1851,551,533,77,557.3327752511804
high_003,high,497.77550382941877,98,1851,551,533,78,557.8644690803865
high_003,high,497.77550382941877,98,1851,551,533,88,551.0083368421541
high_003,high,497.77550382941877,98,1851,551,533,91,635.1351354890749
high_003,high,497.77550382941877,98,1851,551,533,104,551.8189738337968
high_003,high,497.77550382941877,98,1851,551,533,119,570.2209488216107
high_003,high,497.77550382941877,98,1851,551,533,127,562.6042889221104
high_003,high,497.77550382941877,98,1851,551,533,130,571.3451967745423
high_003,high,497.77550382941877,98,1851,551,533,131,562.8446369631413
high_003,high,497.77550382941877,98,1851,551,533,136,564.6388749378071
high_003,high,497.77550382941877,98,1851,551,533,139,566.0169589730989
high_003,high,497.77550382941877,98,1851,551,533,152,579.1833871771622
high_003,high,497.77550382941877,98,1851,551,533,153,578.4721676875439
high_003,high,497.77550382941877,98,1851,551,533,154,578.8473682591405
high_003,high,497.77550382941877,98,1851,551,533,162,575.7717728432992
high_003,high,497.77550382941877,98,1851,551,533,174,661.3925810918831
high_003,high,497.77550382941877,98,1851,551,533,176,650.9779029426652
high_003,high,497.77550382941877,98,1851,551,533,181,635.5969833305865
high_003,high,497.77550382941877,98,1851,551,533,185,648.0204577873307
high_003,high,497.77550382941877,98,1851,551,533,186,651.4497231080711
high_003,high,497.77550382941877,98,1851,551,533,191,638.8296464700686
high_003,high,497.77550382941877,98,1851,551,533,204,642.2116736327318
high_003,high,497.77550382941877,98,1851,551,533,206,643.5986247769109
high_003,high,497.77550382941877,98,1851,551,533,208,637.4550472032806
high_003,high,497.77550382941877,98,1851,551,533,217,644.7172951566542
high_003,high,497.77550382941877,98,1851,551,533,234,701.8295267299648
high_003,high,497.77550382941877,98,1851,551,533,248,700.9705984639436
high_003,high,497.77550382941877,98,1851,551,533,251,695.675379814367
high_003,high,497.77550382941877,98,1851,551,533,254,701.9379845525184
high_003,high,497.77550382941877,98,1851,551,533,257,699.5957664716279
high_003,high,497.77550382941877,98,1851,551,533,265,695.2916318383554
high_003,high,497.77550382941877,98,1851,551,533,277,698.3978000807248
high_003,high,497.77550382941877,98,1851,551,533,287,694.4512797009743
high_003,high,497.77550382941877,98,1851,551,533,298,712.1468368869175
high_003,high,497.77550382941877,98,1851,551,533,301,713.2687803762585
high_003,high,497.77550382941877,98,1851,551,533,304,716.8516573676255
high_003,high,497.77550382941877,98,1851,551,533,308,716.8516573676255
high_003,high,497.77550382941877,98,1851,551,533,311,752.6951731322458
high_003,high,497.77550382941877,98,1851,551,533,560,589.309646465496
high_003,high,497.77550382941877,98,1851,551,533,562,587.6195820624536
high_003,high,497.77550382941877,98,1851,551,533,565,556.0083106092395
high_003,high,497.77550382941877,98,1851,551,533,566,553.7736771026666
high_003,high,497.77550382941877,98,1851,551,533,567,521.8269818352605
high_003,high,497.77550382941877,98,1851,551,533,667,581.303846019092
high_003,high,497.77550382941877,98,1851,551,533,675,600.0128579895717
high_003,high,497.77550382941877,98,1851,551,533,679,604.1529125552305
high_003,high,497.77550382941877,98,1851,551,533,680,598.2102586573666
high_003,high,497.77550382941877,98,1851,551,533,690,630.0567355452351
high_003,high,497.77550382941877,98,1851,551,533,714,681.2711679765998
high_003,high,497.77550382941877,98,1851,551,533,717,782.6677602995428
high_003,high,497.77550382941877,98,1851,551,533,718,789.3267931084201
high_003,high,497.77550382941877,98,1851,551,533,724,807.4289736310574
high_003,high,497.77550382941877,98,1851,551,533,729,789.2065516369884
high_003,high,497.77550382941877,98,1851,551,533,736,782.6677602995428
high_003,high,497.77550382941877,98,1851,551,533,739,784.4355245096565
high_003,high,497.77550382941877,98,1851,551,533,744,808.4688492021031
high_003,high,497.77550382941877,98,1851,551,533,747,829.7816277034057
high_003,high,497.77550382941877,98,1851,551,533,750,795.9041466051841
high_003,high,497.77550382941877,98,1851,551,533,757,785.5921897586769
high_003,high,497.77550382941877,98,1851,551,533,759,782.6677602995428
high_003,high,497.77550382941877,98,1851,551,533,760,788.6111810539278
high_003,high,497.77550382941877,98,1851,551,533,761,785.8352939028998
high_003,high,497.77550382941877,98,1851,551,533,770,790.8939816717217
high_003,high,497.77550382941877,98,1851,551,533,776,782.6677602995428
high_003,high,497.77550382941877,98,1851,551,533,783,784.9134991135697
high_003,high,497.77550382941877,98,1851,551,533,792,793.6928914157801
high_003,high,497.77550382941877,98,1851,551,533,794,788.0887672161598
high_003,high,497.77550382941877,98,1851,551,533,795,799.9727449865675
high_003,high,497.77550382941877,98,1851,551,533,796,803.2748330304976
high_003,high,497.77550382941877,98,1851,551,533,804,785.5574679989975
high_003,high,497.77550382941877,98,1851,551,533,811,804.6597679588986
high_003,high,497.77550382941877,98,1851,551,533,812,841.4364476212364
high_003,high,497.77550382941877,98,1851,551,533,815,789.7470551080306
high_003,high,497.77550382941877,98,1851,551,533,827,788.2575253251489
high_003,high,497.77550382941877,98,1851,551,533,832,782.6677602995428
high_003,high,497.77550382941877,98,1851,551,533,834,788.7870686305126
high_003,high,497.77550382941877,98,1851,551,533,837,786.7571792154567
high_003,high,497.77550382941877,98,1851,551,533,841,785.2697850547416
high_003,high,497.77550382941877,98,1851,551,533,847,792.8956688961663
high_003,high,497.77550382941877,98,1851,551,533,851,794.5444081217781
high_003,high,497.77550382941877,98,1851,551,533,866,788.0485975283544
high_003,high,497.77550382941877,98,1851,551,533,867,795.8896200930674
high_003,high,497.77550382941877,98,1851,551,533,876,875.493008971195
high_003,high,497.77550382941877,98,1851,551,533,877,874.2484733436617
high_003,high,497.77550382941877,98,1851,551,533,1634,646.2030337321304
high_003,high,497.77550382941877,98,1851,551,533,1637,593.0474861423077
high_003,high,497.77550382941877,98,1851,551,533,2129,548.9706202571183
high_003,high,497.77550382941877,98,1851,551,533,2336,556.7101761573283
high_003,high,497.77550382941877,98,1851,551,533,2400,650.5149098484571
high_004,high,458.6685917229872,109,1828,574,555,37,586.6841155048023
high_004,high,458.6685917229872,109,1828,574,555,39,545.7426337535204
high_004,high,458.6685917229872,109,1828,574,555,40,552.8550234981195
high_004,high,458.6685917229872,109,1828,574,555,44,555.1861352428457
high_004,high,458.6685917229872,109,1828,574,555,45,556.9693170434182
high_004,high,458.6685917229872,109,1828,574,555,53,545.9959599318234
high_004,high,458.6685917229872,109,1828,574,555,57,586.8839839723255
high_004,high,458.6685917229872,109,1828,574,555,62,598.0343376366804
high_004,high,458.6685917229872,109,1828,574,555,100,546.9439239227694
high_004,high,458.6685917229872,109,1828,574,555,101,560.2412102128715
high_004,high,458.6685917229872,109,1828,574,555,110,573.4351776246883
high_004,high,458.6685917229872,109,1828,574,555,115,568.9655951114019
high_004,high,458.6685917229872,109,1828,574,555,120,560.7099346169167
high_004,high,458.6685917229872,109,1828,574,555,121,560.8979538966162
high_004,high,458.6685917229872,109,1828,574,555,125,561.5060382199158
high_004,high,458.6685917229872,109,1828,574,555,133,563.7789444448554
high_004,high,458.6685917229872,109,1828,574,555,135,564.5092384944909
high_004,high,458.6685917229872,109,1828,574,555,139,566.0169589730989
high_004,high,458.6685917229872,109,1828,574,555,140,584.4726380667537
high_004,high,458.6685917229872,109,1828,574,555,142,566.433112912473
high_004,high,458.6685917229872,109,1828,574,555,143,567.1007058885303
high_004,high,458.6685917229872,109,1828,574,555,145,567.7232939985931
high_004,high,458.6685917229872,109,1828,574,555,154,578.8473682591405
high_004,high,458.6685917229872,109,1828,574,555,165,637.4893847443245
high_004,high,458.6685917229872,109,1828,574,555,166,651.8594490018652
high_004,high,458.6685917229872,109,1828,574,555,180,640.5916821105504
high_004,high,458.6685917229872,109,1828,574,555,190,635.5969833305865
high_004,high,458.6685917229872,109,1828,574,555,193,639.9294235355289
high_004,high,458.6685917229872,109,1828,574,555,206,643.5986247769109
high_004,high,458.6685917229872,109,1828,574,555,216,636.1559598553588
high_004,high,458.6685917229872,109,1828,574,555,219,646.4757060446872
high_004,high,458.6685917229872,109,1828,574,555,226,651.6154351142774
high_004,high,458.6685917229872,109,1828,574,555,231,692.2370814169777
high_004,high,458.6685917229872,109,1828,574,555,232,702.6969563863231
high_004,high,458.6685917229872,109,1828,574,555,239,694.707546939714
high_004,high,458.6685917229872,109,1828,574,555,241,692.9933463581984
high_004,high,458.6685917229872,109,1828,574,555,243,701.0905211626183
high_004,high,458.6685917229872,109,1828,574,555,249,693.2535201044548
high_004,high,458.6685917229872,109,1828,574,555,253,695.1734600793335
high_004,high,458.6685917229872,109,1828,574,555,265,695.2916318383554
high_004,high,458.6685917229872,109,1828,574,555,274,698.5920347496126
high_004,high,458.6685917229872,109,1828,574,555,276,703.1182524651521
high_004,high,458.6685917229872,109,1828,574,555,278,694.5678422297934
high_004,high,458.6685917229872,109,1828,574,555,280,693.186260709365
high_004,high,458.6685917229872,109,1828,574,555,282,693.8904881760146
high_004,high,458.6685917229872,109,1828,574,555,284,695.0484238534156
high_004,high,458.6685917229872,109,1828,574,555,289,698.2405682417269
high_004,high,458.6685917229872,109,1828,574,555,293,712.1468368869175
high_004,high,458.6685917229872,109,1828,574,555,296,712.1468368869175
high_004,high,458.6685917229872,109,1828,574,555,298,712.1468368869175
high_004,high,458.6685917229872,109,1828,574,555,311,752.6951731322458
high_004,high,458.6685917229872,109,1828,574,555,556,524.3632578156611
high_004,high,458.6685917229872,109,1828,574,555,561,587.5746670385457
high_004,high,458.6685917229872,109,1828,574,555,570,518.6948100562744
high_004,high,458.6685917229872,109,1828,574,555,612,490.90366219630357
high_004,high,458.6685917229872,109,1828,574,555,661,530.5471859231793
high_004,high,458.6685917229872,109,1828,574,555,662,532.5683656760467
high_004,high,458.6685917229872,109,1828,574,555,666,581.0326930724631
high_004,high,458.6685917229872,109,1828,574,555,671,583.9163454109107
high_004,high,458.6685917229872,109,1828,574,555,672,584.1021856707571
high_004,high,458.6685917229872,109,1828,574,555,682,639.8494827392433
high_004,high,458.6685917229872,109,1828,574,555,689,603.3383763466318
high_004,high,458.6685917229872,109,1828,574,555,690,630.0567355452351
high_004,high,458.6685917229872,109,1828,574,555,691,596.9065951491899
high_004,high,458.6685917229872,109,1828,574,555,720,794.5444081217781
high_004,high,458.6685917229872,109,1828,574,555,729,789.2065516369884
high_004,high,458.6685917229872,109,1828,574,555,734,798.5919678394266
high_004,high,458.6685917229872,109,1828,574,555,739,784.4355245096565
high_004,high,458.6685917229872,109,1828,574,555,745,812.1023793465511
high_004,high,458.6685917229872,109,1828,574,555,746,813.4548901567302
high_004,high,458.6685917229872,109,1828,574,555,750,795.9041466051841
high_004,high,458.6685917229872,109,1828,574,555,751,799.0718287634069
high_004,high,458.6685917229872,109,1828,574,555,754,809.6655240939391
high_004,high,458.6685917229872,109,1828,574,555,764,796.2936968914166
high_004,high,458.6685917229872,109,1828,574,555,773,783.5993878038105
high_004,high,458.6685917229872,109,1828,574,555,774,787.4736158886659
high_004,high,458.6685917229872,109,1828,574,555,775,788.0062448990162
high_004,high,458.6685917229872,109,1828,574,555,783,784.9134991135697
high_004,high,458.6685917229872,109,1828,574,555,790,782.6677602995428
high_004,high,458.6685917229872,109,1828,574,555,796,803.2748330304976
high_004,high,458.6685917229872,109,1828,574,555,798,795.5363101767468
high_004,high,458.6685917229872,109,1828,574,555,810,786.080236874469
high_004,high,458.6685917229872,109,1828,574,555,813,783.5526648823072
high_004,high,458.6685917229872,109,1828,574,555,814,786.3590135712413
high_004,high,458.6685917229872,109,1828,574,555,823,791.6460879293643
high_004,high,458.6685917229872,109,1828,574,555,828,787.7300504037429
high_004,high,458.6685917229872,109,1828,574,555,833,785.1048945506589
high_004,high,458.6685917229872,109,1828,574,555,834,788.7870686305126
high_004,high,458.6685917229872,109,1828,574,555,835,785.2653261558277
high_004,high,458.6685917229872,109,1828,574,555,843,785.3550927220414
high_004,high,458.6685917229872,109,1828,574,555,854,788.9951782497461
high_004,high,458.6685917229872,109,1828,574,555,856,791.5898341578982
high_004,high,458.6685917229872,109,1828,574,555,864,800.4518676825654
high_004,high,458.6685917229872,109,1828,574,555,870,875.788958225759
high_004,high,458.6685917229872,109,1828,574,555,871,874.2484733436617
high_004,high,458.6685917229872,109,1828,574,555,873,875.25882164368
high_004,high,458.6685917229872,109,1828,574,555,876,875.493008971195
high_004,high,458.6685917229872,109,1828,574,555,881,874.2484733436617
high_004,high,458.6685917229872,109,1828,574,555,882,874.2484733436617
high_004,high,458.6685917229872,109,1828,574,555,1631,517.4757290802613
high_004,high,458.6685917229872,109,1828,574,555,1637,593.0474861423077
high_004,high,458.6685917229872,109,1828,574,555,2121,482.96721653584564
high_004,high,458.6685917229872,109,1828,574,555,2127,516.1693033070871
high_004,high,458.6685917229872,109,1828,574,555,2228,493.6568517186558
high_004,high,458.6685917229872,109,1828,574,555,2339,588.1605694991475
high_004,high,458.6685917229872,109,1828,574,555,2346,515.1203246599597
high_004,high,458.6685917229872,109,1828,574,555,2351,592.8857321111817
high_004,high,458.6685917229872,109,1828,574,555,2398,647.3926066201701
high_004,high,458.6685917229872,109,1828,574,555,2399,645.6241850317183
high_005,high,474.94251821363457,116,1840,562,543,49,548.5032936228646
high_005,high,474.94251821363457,116,1840,562,543,51,549.0734421862895
high_005,high,474.94251821363457,116,1840,562,543,60,587.2998727813588
high_005,high,474.94251821363457,116,1840,562,543,61,587.6689372392634
high_005,high,474.94251821363457,116,1840,562,543,62,598.0343376366804
high_005,high,474.94251821363457,116,1840,562,543,63,549.4181099526992
high_005,high,474.94251821363457,116,1840,562,543,69,546.5558414945748
high_005,high,474.94251821363457,116,1840,562,543,72,552.9350563952709
high_005,high,474.94251821363457,116,1840,562,543,74,553.9946781535759
high_005,high,474.94251821363457,116,1840,562,543,98,547.0738663267362
high_005,high,474.94251821363457,116,1840,562,543,110,573.4351776246883
high_005,high,474.94251821363457,116,1840,562,543,114,568.3085423720651
high_005,high,474.94251821363457,116,1840,562,543,115,568.9655951114019
high_005,high,474.94251821363457,116,1840,562,543,116,569.3002635741059
high_005,high,474.94251821363457,116,1840,562,543,117,569.4296290240874
high_005,high,474.94251821363457,116,1840,562,543,119,570.2209488216107
high_005,high,474.94251821363457,116,1840,562,543,120,560.7099346169167
high_005,high,474.94251821363457,116,1840,562,543,121,560.8979538966162
high_005,high,474.94251821363457,116,1840,562,543,124,571.0376944400474
high_005,high,474.94251821363457,116,1840,562,543,127,562.6042889221104
high_005,high,474.94251821363457,116,1840,562,543,128,562.6095865557038
high_005,high,474.94251821363457,116,1840,562,543,130,571.3451967745423
high_005,high,474.94251821363457,116,1840,562,543,132,563.3709274427873
high_005,high,474.94251821363457,116,1840,562,543,133,563.7789444448554
high_005,high,474.94251821363457,116,1840,562,543,136,564.6388749378071
high_005,high,474.94251821363457,116,1840,562,543,146,571.587004879608
high_005,high,474.94251821363457,116,1840,562,543,147,572.2145467560825
high_005,high,474.94251821363457,116,1840,562,543,148,572.7410640238679
high_005,high,474.94251821363457,116,1840,562,543,161,579.5493179283791
high_005,high,474.94251821363457,116,1840,562,543,166,651.8594490018652
high_005,high,474.94251821363457,116,1840,562,543,176,650.9779029426652
high_005,high,474.94251821363457,116,1840,562,543,178,639.9178696950679
high_005,high,474.94251821363457,116,1840,562,543,185,648.0204577873307
high_005,high,474.94251821363457,116,1840,562,543,194,639.4541730290125
high_005,high,474.94251821363457,116,1840,562,543,199,636.7655153568172
high_005,high,474.94251821363457,116,1840,562,543,200,644.6143277605532
high_005,high,474.94251821363457,116,1840,562,543,204,642.2116736327318
high_005,high,474.94251821363457,116,1840,562,543,207,638.4200738863915
high_005,high,474.94251821363457,116,1840,562,543,212,637.0266099190445
high_005,high,474.94251821363457,116,1840,562,543,218,645.6912113252067
high_005,high,474.94251821363457,116,1840,562,543,233,699.0082091530453
high_005,high,474.94251821363457,116,1840,562,543,245,692.2370814169777
high_005,high,474.94251821363457,116,1840,562,543,246,693.1860234668666
high_005,high,474.94251821363457,116,1840,562,543,252,692.2370814169777
high_005,high,474.94251821363457,116,1840,562,543,253,695.1734600793335
high_005,high,474.94251821363457,116,1840,562,543,255,695.0484238534156
high_005,high,474.94251821363457,116,1840,562,543,259,699.0857254244921
high_005,high,474.94251821363457,116,1840,562,543,271,693.0637847964962
high_005,high,474.94251821363457,116,1840,562,543,286,694.5678422297934
high_005,high,474.94251821363457,116,1840,562,543,287,694.4512797009743
high_005,high,474.94251821363457,116,1840,562,543,289,698.2405682417269
high_005,high,474.94251821363457,116,1840,562,543,294,712.1468368869175
high_005,high,474.94251821363457,116,1840,562,543,304,716.8516573676255
high_005,high,474.94251821363457,116,1840,562,543,311,752.6951731322458
high_005,high,474.94251821363457,116,1840,562,543,313,746.3479291065048
high_005,high,474.94251821363457,116,1840,562,543,315,746.3479291065048
high_005,high,474.94251821363457,116,1840,562,543,561,587.5746670385457
high_005,high,474.94251821363457,116,1840,562,543,663,533.3513589100099
high_005,high,474.94251821363457,116,1840,562,543,670,587.2998727813588
high_005,high,474.94251821363457,116,1840,562,543,674,598.7256195197028
high_005,high,474.94251821363457,116,1840,562,543,676,594.9738817301085
high_005,high,474.94251821363457,116,1840,562,543,688,602.6878701887103
high_005,high,474.94251821363457,116,1840,562,543,690,630.0567355452351
high_005,high,474.94251821363457,116,1840,562,543,720,794.5444081217781
high_005,high,474.94251821363457,116,1840,562,543,722,798.452064986975
high_005,high,474.94251821363457,116,1840,562,543,725,811.2704788773182
high_005,high,474.94251821363457,116,1840,562,543,729,789.2065516369884
high_005,high,474.94251821363457,116,1840,562,543,740,790.103754990894
high_005,high,474.94251821363457,116,1840,562,543,742,800.70216830072
high_005,high,474.94251821363457,116,1840,562,543,745,812.1023793465511
high_005,high,474.94251821363457,116,1840,562,543,746,813.4548901567302
high_005,high,474.94251821363457,116,1840,562,543,753,807.9055413773542
high_005,high,474.94251821363457,116,1840,562,543,759,782.6677602995428
high_005,high,474.94251821363457,116,1840,562,543,760,788.6111810539278
high_005,high,474.94251821363457,116,1840,562,543,761,785.8352939028998
high_005,high,474.94251821363457,116,1840,562,543,762,796.7304469452394
high_005,high,474.94251821363457,116,1840,562,543,765,800.8296464283861
high_005,high,474.94251821363457,116,1840,562,543,769,802.3548680808707
high_005,high,474.94251821363457,116,1840,562,543,772,787.329817841271
high_005,high,474.94251821363457,116,1840,562,543,779,794.580686096473
high_005,high,474.94251821363457,116,1840,562,543,782,782.6677602995428
high_005,high,474.94251821363457,116,1840,562,543,784,783.7122463281084
high_005,high,474.94251821363457,116,1840,562,543,796,803.2748330304976
high_005,high,474.94251821363457,116,1840,562,543,801,783.953006228626
high_005,high,474.94251821363457,116,1840,562,543,807,788.0980727441773
high_005,high,474.94251821363457,116,1840,562,543,808,782.6677602995428
high_005,high,474.94251821363457,116,1840,562,543,809,800.8741303813488
high_005,high,474.94251821363457,116,1840,562,543,813,783.5526648823072
high_005,high,474.94251821363457,116,1840,562,543,816,796.9273747579631
high_005,high,474.94251821363457,116,1840,562,543,826,785.0934410137605
high_005,high,474.94251821363457,116,1840,562,543,830,795.4337016247945
high_005,high,474.94251821363457,116,1840,562,543,835,785.2653261558277
high_005,high,474.94251821363457,116,1840,562,543,840,791.6576787558417
high_005,high,474.94251821363457,116,1840,562,543,844,795.8226037018438
high_005,high,474.94251821363457,116,1840,562,543,847,792.8956688961663
high_005,high,474.94251821363457,116,1840,562,543,848,793.3789652691232
high_005,high,474.94251821363457,116,1840,562,543,852,797.8621285203254
high_005,high,474.94251821363457,116,1840,562,543,856,791.5898341578982
high_005,high,474.94251821363457,116,1840,562,543,859,786.6690360886429
high_005,high,474.94251821363457,116,1840,562,543,861,789.7828318523591
high_005,high,474.94251821363457,116,1840,562,543,863,791.6051495060503
high_005,high,474.94251821363457,116,1840,562,543,864,800.4518676825654
high_005,high,474.94251821363457,116,1840,562,543,865,792.7923402564963
high_005,high,474.94251821363457,116,1840,562,543,871,874.2484733436617
high_005,high,474.94251821363457,116,1840,562,543,878,874.2484733436617
high_005,high,474.94251821363457,116,1840,562,543,881,874.2484733436617
high_005,high,474.94251821363457,116,1840,562,543,882,874.2484733436617
high_005,high,474.94251821363457,116,1840,562,543,1573,526.2270007594043
high_005,high,474.94251821363457,116,1840,562,543,1627,513.2906091653388
high_005,high,474.94251821363457,116,1840,562,543,1631,512.2386082413901
high_005,high,474.94251821363457,116,1840,562,543,1642,512.0863814943942
high_005,high,474.94251821363457,116,1840,562,543,1643,525.2630408858774
high_005,high,474.94251821363457,116,1840,562,543,1645,533.7411393890911
high_005,high,474.94251821363457,116,1840,562,543,2120,531.6263079399364
high_005,high,474.94251821363457,116,1840,562,543,2346,515.1203246599597
high_005,high,474.94251821363457,116,1840,562,543,2348,506.15615666111864
high_006,high,458.24648888319456,100,1828,574,555,38,545.5219779363505
high_006,high,458.24648888319456,100,1828,574,555,41,555.4356171430909
high_006,high,458.24648888319456,100,1828,574,555,44,555.1861352428457
high_006,high,458.24648888319456,100,1828,574,555,45,556.9693170434182
high_006,high,458.24648888319456,100,1828,574,555,51,549.0734421862895
high_006,high,458.24648888319456,100,1828,574,555,65,547.2763336538477
high_006,high,458.24648888319456,100,1828,574,555,75,554.0252149622576
high_006,high,458.24648888319456,100,1828,574,555,83,577.6874625618593
high_006,high,458.24648888319456,100,1828,574,555,88,551.0083368421541
high_006,high,458.24648888319456,100,1828,574,555,94,574.3145789840326
high_006,high,458.24648888319456,100,1828,574,555,102,585.8127598987654
high_006,high,458.24648888319456,100,1828,574,555,105,587.6195820624536
high_006,high,458.24648888319456,100,1828,574,555,110,573.4351776246883
high_006,high,458.24648888319456,100,1828,574,555,121,560.8979538966162
high_006,high,458.24648888319456,100,1828,574,555,131,562.8446369631413
high_006,high,458.24648888319456,100,1828,574,555,138,565.6193841546055
high_006,high,458.24648888319456,100,1828,574,555,143,567.1007058885303
high_006,high,458.24648888319456,100,1828,574,555,144,567.4598238643557
high_006,high,458.24648888319456,100,1828,574,555,155,581.7712999654473
high_006,high,458.24648888319456,100,1828,574,555,157,581.6724584322287
high_006,high,458.24648888319456,100,1828,574,555,159,575.0628611035378
high_006,high,458.24648888319456,100,1828,574,555,165,637.4893847443245
high_006,high,458.24648888319456,100,1828,574,555,188,645.3373660341226
high_006,high,458.24648888319456,100,1828,574,555,189,645.3056416577962
high_006,high,458.24648888319456,100,1828,574,555,191,638.8296464700686
high_006,high,458.24648888319456,100,1828,574,555,200,644.6143277605532
high_006,high,458.24648888319456,100,1828,574,555,206,643.5986247769109
high_006,high,458.24648888319456,100,1828,574,555,214,643.6390483560995
high_006,high,458.24648888319456,100,1828,574,555,223,643.1665889855386
high_006,high,458.24648888319456,100,1828,574,555,225,651.5289994554137
high_006,high,458.24648888319456,100,1828,574,555,229,692.2370814169777
high_006,high,458.24648888319456,100,1828,574,555,232,702.6969563863231
high_006,high,458.24648888319456,100,1828,574,555,234,701.8295267299648
high_006,high,458.24648888319456,100,1828,574,555,243,701.0905211626183
high_006,high,458.24648888319456,100,1828,574,555,246,693.1860234668666
high_006,high,458.24648888319456,100,1828,574,555,249,693.2535201044548
high_006,high,458.24648888319456,100,1828,574,555,251,695.675379814367
high_006,high,458.24648888319456,100,1828,574,555,257,699.5957664716279
high_006,high,458.24648888319456,100,1828,574,555,260,692.2370814169777
high_006,high,458.24648888319456,100,1828,574,555,265,695.2916318383554
high_006,high,458.24648888319456,100,1828,574,555,266,695.5438949350514
high_006,high,458.24648888319456,100,1828,574,555,276,703.1182524651521
high_006,high,458.24648888319456,100,1828,574,555,280,693.186260709365
high_006,high,458.24648888319456,100,1828,574,555,289,698.2405682417269
high_006,high,458.24648888319456,100,1828,574,555,292,712.1468368869175
high_006,high,458.24648888319456,100,1828,574,555,301,713.2687803762585
high_006,high,458.24648888319456,100,1828,574,555,306,716.8516573676255
high_006,high,458.24648888319456,100,1828,574,555,310,746.3479291065048
high_006,high,458.24648888319456,100,1828,574,555,312,747.2828819771372
high_006,high,458.24648888319456,100,1828,574,555,565,525.9144903964814
high_006,high,458.24648888319456,100,1828,574,555,570,518.6948100562744
high_006,high,458.24648888319456,100,1828,574,555,659,527.1977950875465
high_006,high,458.24648888319456,100,1828,574,555,660,529.8830803817966
high_006,high,458.24648888319456,100,1828,574,555,665,584.1021856707571
high_006,high,458.24648888319456,100,1828,574,555,667,581.303846019092
high_006,high,458.24648888319456,100,1828,574,555,676,594.9738817301085
high_006,high,458.24648888319456,100,1828,574,555,678,596.1558637973505
high_006,high,458.24648888319456,100,1828,574,555,679,604.1529125552305
high_006,high,458.24648888319456,100,1828,574,555,683,600.3997920605009
high_006,high,458.24648888319456,100,1828,574,555,689,603.3383763466318
high_006,high,458.24648888319456,100,1828,574,555,692,603.5248855910521
high_006,high,458.24648888319456,100,1828,574,555,693,596.3468178315959
high_006,high,458.24648888319456,100,1828,574,555,720,794.5444081217781
high_006,high,458.24648888319456,100,1828,574,555,736,782.6677602995428
high_006,high,458.24648888319456,100,1828,574,555,737,783.5092178050935
high_006,high,458.24648888319456,100,1828,574,555,744,808.4688492021031
high_006,high,458.24648888319456,100,1828,574,555,745,812.1023793465511
high_006,high,458.24648888319456,100,1828,574,555,746,813.4548901567302
high_006,high,458.24648888319456,100,1828,574,555,753,807.9055413773542
high_006,high,458.24648888319456,100,1828,574,555,758,791.2447825393449
high_006,high,458.24648888319456,100,1828,574,555,762,796.7304469452394
high_006,high,458.24648888319456,100,1828,574,555,771,793.5339301360149
high_006,high,458.24648888319456,100,1828,574,555,773,783.5993878038105
high_006,high,458.24648888319456,100,1828,574,555,791,788.6111810539278
high_006,high,458.24648888319456,100,1828,574,555,797,783.9122069098672
high_006,high,458.24648888319456,100,1828,574,555,801,783.953006228626
high_006,high,458.24648888319456,100,1828,574,555,806,793.6415164536355
high_006,high,458.24648888319456,100,1828,574,555,808,782.6677602995428
high_006,high,458.24648888319456,100,1828,574,555,812,841.4364476212364
high_006,high,458.24648888319456,100,1828,574,555,817,792.8851302753445
high_006,high,458.24648888319456,100,1828,574,555,824,794.0784657982342
high_006,high,458.24648888319456,100,1828,574,555,825,783.7519907735217
high_006,high,458.24648888319456,100,1828,574,555,850,793.4691180068276
high_006,high,458.24648888319456,100,1828,574,555,851,794.5444081217781
high_006,high,458.24648888319456,100,1828,574,555,868,794.9066781579263
high_006,high,458.24648888319456,100,1828,574,555,879,874.2484733436617
high_006,high,458.24648888319456,100,1828,574,555,880,874.2484733436617
high_006,high,458.24648888319456,100,1828,574,555,882,874.2484733436617
high_006,high,458.24648888319456,100,1828,574,555,883,875.4312702457296
high_006,high,458.24648888319456,100,1828,574,555,888,874.2484733436617
high_006,high,458.24648888319456,100,1828,574,555,1573,493.5228429166216
high_006,high,458.24648888319456,100,1828,574,555,1615,497.9772238788331
high_006,high,458.24648888319456,100,1828,574,555,1634,646.2030337321304
high_006,high,458.24648888319456,100,1828,574,555,1639,674.2693063209895
high_006,high,458.24648888319456,100,1828,574,555,1643,525.2630408858774
high_006,high,458.24648888319456,100,1828,574,555,2121,483.1820218756275
high_006,high,458.24648888319456,100,1828,574,555,2229,509.83716961166715
high_006,high,458.24648888319456,100,1828,574,555,2342,589.309646465496
high_006,high,458.24648888319456,100,1828,574,555,2347,499.112395581313
high_006,high,458.24648888319456,100,1828,574,555,2400,650.5149098484571
high_007,high,423.62107843960354,112,1801,601,581,39,545.7426337535204
high_007,high,423.62107843960354,112,1801,601,581,42,555.1153735292443
high_007,high,423.62107843960354,112,1801,601,581,46,547.9961639662802
high_007,high,423.62107843960354,112,1801,601,581,56,583.8662099732511
high_007,high,423.62107843960354,112,1801,601,581,68,546.4699419272964
high_007,high,423.62107843960354,112,1801,601,581,73,553.0532700425905
high_007,high,423.62107843960354,112,1801,601,581,74,553.9946781535759
high_007,high,423.62107843960354,112,1801,601,581,75,554.0252149622576
high_007,high,423.62107843960354,112,1801,601,581,79,558.1906792446803
high_007,high,423.62107843960354,112,1801,601,581,82,559.3812114885013
high_007,high,423.62107843960354,112,1801,601,581,83,577.6874625618593
high_007,high,423.62107843960354,112,1801,601,581,90,573.5946233437774
high_007,high,423.62107843960354,112,1801,601,581,91,635.1351354890749
high_007,high,423.62107843960354,112,1801,601,581,94,574.3145789840326
high_007,high,423.62107843960354,112,1801,601,581,99,576.3599579749128
high_007,high,423.62107843960354,112,1801,601,581,102,585.8127598987654
high_007,high,423.62107843960354,112,1801,601,581,111,576.5517739032198
high_007,high,423.62107843960354,112,1801,601,581,113,568.2273508871389
high_007,high,423.62107843960354,112,1801,601,581,114,568.3085423720651
high_007,high,423.62107843960354,112,1801,601,581,118,579.5493179283791
high_007,high,423.62107843960354,112,1801,601,581,119,570.2209488216107
high_007,high,423.62107843960354,112,1801,601,581,121,560.8979538966162
high_007,high,423.62107843960354,112,1801,601,581,132,563.3709274427873
high_007,high,423.62107843960354,112,1801,601,581,133,563.7789444448554
high_007,high,423.62107843960354,112,1801,601,581,136,564.6388749378071
high_007,high,423.62107843960354,112,1801,601,581,137,565.2358166656588
high_007,high,423.62107843960354,112,1801,601,581,138,565.6193841546055
high_007,high,423.62107843960354,112,1801,601,581,151,577.42118301609
high_007,high,423.62107843960354,112,1801,601,581,159,575.0628611035378
high_007,high,423.62107843960354,112,1801,601,581,169,655.8981463574353
high_007,high,423.62107843960354,112,1801,601,581,194,639.4541730290125
high_007,high,423.62107843960354,112,1801,601,581,198,636.279790057504
high_007,high,423.62107843960354,112,1801,601,581,202,641.822260149441
high_007,high,423.62107843960354,112,1801,601,581,204,642.2116736327318
high_007,high,423.62107843960354,112,1801,601,581,206,643.5986247769109
high_007,high,423.62107843960354,112,1801,601,581,207,638.4200738863915
high_007,high,423.62107843960354,112,1801,601,581,210,650.277328340862
high_007,high,423.62107843960354,112,1801,601,581,214,643.6390483560995
high_007,high,423.62107843960354,112,1801,601,581,216,636.1559598553588
high_007,high,423.62107843960354,112,1801,601,581,218,645.6912113252067
high_007,high,423.62107843960354,112,1801,601,581,221,647.927117424296
high_007,high,423.62107843960354,112,1801,601,581,223,643.1665889855386
high_007,high,423.62107843960354,112,1801,601,581,225,651.5289994554137
high_007,high,423.62107843960354,112,1801,601,581,230,692.2370814169777
high_007,high,423.62107843960354,112,1801,601,581,231,692.2370814169777
high_007,high,423.62107843960354,112,1801,601,581,242,701.7873956687066
high_007,high,423.62107843960354,112,1801,601,581,245,692.2370814169777
high_007,high,423.62107843960354,112,1801,601,581,253,695.1734600793335
high_007,high,423.62107843960354,112,1801,601,581,255,695.0484238534156
high_007,high,423.62107843960354,112,1801,601,581,256,698.6809266650239
high_007,high,423.62107843960354,112,1801,601,581,261,706.156290385119
high_007,high,423.62107843960354,112,1801,601,581,284,695.0484238534156
high_007,high,423.62107843960354,112,1801,601,581,289,698.2405682417269
high_007,high,423.62107843960354,112,1801,601,581,297,714.2685682206018
high_007,high,423.62107843960354,112,1801,601,581,303,723.2871693275948
high_007,high,423.62107843960354,112,1801,601,581,371,472.59128062148875
high_007,high,423.62107843960354,112,1801,601,581,546,445.635415799211
high_007,high,423.62107843960354,112,1801,601,581,549,464.7415009697232
high_007,high,423.62107843960354,112,1801,601,581,557,535.7027946602594
high_007,high,423.62107843960354,112,1801,601,581,561,587.5746670385457
high_007,high,423.62107843960354,112,1801,601,581,562,587.6195820624536
high_007,high,423.62107843960354,112,1801,601,581,564,505.48402798000063
high_007,high,423.62107843960354,112,1801,601,581,610,475.691575466608
high_007,high,423.62107843960354,112,1801,601,581,646,462.970563185292
high_007,high,423.62107843960354,112,1801,601,581,667,581.303846019092
high_007,high,423.62107843960354,112,1801,601,581,669,581.4865779512797
high_007,high,423.62107843960354,112,1801,601,581,672,584.1021856707571
high_007,high,423.62107843960354,112,1801,601,581,685,598.2102586573666
high_007,high,423.62107843960354,112,1801,601,581,690,630.0567355452351
high_007,high,423.62107843960354,112,1801,601,581,712,681.2711679765998
high_007,high,423.62107843960354,112,1801,601,581,717,782.6677602995428
high_007,high,423.62107843960354,112,1801,601,581,724,807.4289736310574
high_007,high,423.62107843960354,112,1801,601,581,729,789.2065516369884
high_007,high,423.62107843960354,112,1801,601,581,737,783.5092178050935
high_007,high,423.62107843960354,112,1801,601,581,744,808.4688492021031
high_007,high,423.62107843960354,112,1801,601,581,770,790.8939816717217
high_007,high,423.62107843960354,112,1801,601,581,773,783.5993878038105
high_007,high,423.62107843960354,112,1801,601,581,774,787.4736158886659
high_007,high,423.62107843960354,112,1801,601,581,777,794.0244476721699
high_007,high,423.62107843960354,112,1801,601,581,780,799.1466686454672
high_007,high,423.62107843960354,112,1801,601,581,787,791.4922657268133
high_007,high,423.62107843960354,112,1801,601,581,789,783.8278684562797
high_007,high,423.62107843960354,112,1801,601,581,792,793.6928914157801
high_007,high,423.62107843960354,112,1801,601,581,801,783.953006228626
high_007,high,423.62107843960354,112,1801,601,581,805,784.7173408533552
high_007,high,423.62107843960354,112,1801,601,581,806,793.6415164536355
high_007,high,423.62107843960354,112,1801,601,581,809,800.8741303813488
high_007,high,423.62107843960354,112,1801,601,581,811,804.6597679588986
high_007,high,423.62107843960354,112,1801,601,581,812,841.4364476212364
high_007,high,423.62107843960354,112,1801,601,581,817,792.8851302753445
high_007,high,423.62107843960354,112,1801,601,581,819,786.4975427732093
high_007,high,423.62107843960354,112,1801,601,581,831,795.5363101767468
high_007,high,423.62107843960354,112,1801,601,581,837,786.7571792154567
high_007,high,423.62107843960354,112,1801,601,581,838,788.0485975283544
high_007,high,423.62107843960354,112,1801,601,581,841,785.2697850547416
high_007,high,423.62107843960354,112,1801,601,581,851,794.5444081217781
high_007,high,423.62107843960354,112,1801,601,581,864,800.4518676825654
high_007,high,423.62107843960354,112,1801,601,581,866,788.0485975283544
high_007,high,423.62107843960354,112,1801,601,581,871,874.2484733436617
high_007,high,423.62107843960354,112,1801,601,581,874,874.2484733436617
high_007,high,423.62107843960354,112,1801,601,581,877,874.2484733436617
high_007,high,423.62107843960354,112,1801,601,581,1535,463.4536189685295
high_007,high,423.62107843960354,112,1801,601,581,1536,468.91631429123794
high_007,high,423.62107843960354,112,1801,601,581,1559,478.66404110951623
high_007,high,423.62107843960354,112,1801,601,581,1636,611.618494535044
high_007,high,423.62107843960354,112,1801,601,581,1641,620.2659071789096
high_007,high,423.62107843960354,112,1801,601,581,2121,470.0614972702056
high_007,high,423.62107843960354,112,1801,601,581,2126,514.663177656058
high_007,high,423.62107843960354,112,1801,601,581,2127,516.1693033070871
high_007,high,423.62107843960354,112,1801,601,581,2129,519.2770175114636
high_007,high,423.62107843960354,112,1801,601,581,2398,647.3926066201701
high_007,high,423.62107843960354,112,1801,601,581,2400,650.5149098484571
high_008,high,537.3851999974579,101,1883,519,503,41,578.3749287118658
high_008,high,537.3851999974579,101,1883,519,503,43,595.2963825100574
high_008,high,537.3851999974579,101,1883,519,503,46,569.3675615177285
high_008,high,537.3851999974579,101,1883,519,503,47,593.7094268304807
high_008,high,537.3851999974579,101,1883,519,503,52,566.454262284599
high_008,high,537.3851999974579,101,1883,519,503,55,583.5932184573822
high_008,high,537.3851999974579,101,1883,519,503,56,583.8662099732511
high_008,high,537.3851999974579,101,1883,519,503,67,571.737282182131
high_008,high,537.3851999974579,101,1883,519,503,68,578.5085407477701
high_008,high,537.3851999974579,101,1883,519,503,76,566.3318161623656
high_008,high,537.3851999974579,101,1883,519,503,78,562.2598112018569
high_008,high,537.3851999974579,101,1883,519,503,83,577.6874625618593
high_008,high,537.3851999974579,101,1883,519,503,84,584.5752593917367
high_008,high,537.3851999974579,101,1883,519,503,87,583.7603237790436
high_008,high,537.3851999974579,101,1883,519,503,90,590.4837175795126
high_008,high,537.3851999974579,101,1883,519,503,96,567.1945646926664
high_008,high,537.3851999974579,101,1883,519,503,108,590.4094405546016
high_008,high,537.3851999974579,101,1883,519,503,113,588.0030780880554
high_008,high,537.3851999974579,101,1883,519,503,116,570.6563128356544
high_008,high,537.3851999974579,101,1883,519,503,120,563.7465535473737
high_008,high,537.3851999974579,101,1883,519,503,121,588.8706111215229
high_008,high,537.3851999974579,101,1883,519,503,125,564.148191612218
high_008,high,537.3851999974579,101,1883,519,503,139,571.1671367872536
high_008,high,537.3851999974579,101,1883,519,503,154,578.8473682591405
high_008,high,537.3851999974579,101,1883,519,503,156,594.6263112298346
high_008,high,537.3851999974579,101,1883,519,503,163,578.9285118205497
high_008,high,537.3851999974579,101,1883,519,503,168,644.3853807153395
high_008,high,537.3851999974579,101,1883,519,503,178,639.9178696950679
high_008,high,537.3851999974579,101,1883,519,503,181,635.5969833305865
high_008,high,537.3851999974579,101,1883,519,503,198,636.279790057504
high_008,high,537.3851999974579,101,1883,519,503,199,636.7655153568172
high_008,high,537.3851999974579,101,1883,519,503,206,643.5986247769109
high_008,high,537.3851999974579,101,1883,519,503,208,637.4550472032806
high_008,high,537.3851999974579,101,1883,519,503,221,647.927117424296
high_008,high,537.3851999974579,101,1883,519,503,222,643.9864914889016
high_008,high,537.3851999974579,101,1883,519,503,251,695.675379814367
high_008,high,537.3851999974579,101,1883,519,503,263,692.2370814169777
high_008,high,537.3851999974579,101,1883,519,503,264,696.9829783818076
high_008,high,537.3851999974579,101,1883,519,503,265,695.2916318383554
high_008,high,537.3851999974579,101,1883,519,503,267,695.675379814367
high_008,high,537.3851999974579,101,1883,519,503,276,703.1182524651521
high_008,high,537.3851999974579,101,1883,519,503,278,694.5678422297934
high_008,high,537.3851999974579,101,1883,519,503,280,693.186260709365
high_008,high,537.3851999974579,101,1883,519,503,285,694.2422697353422
high_008,high,537.3851999974579,101,1883,519,503,286,694.5678422297934
high_008,high,537.3851999974579,101,1883,519,503,287,694.4512797009743
high_008,high,537.3851999974579,101,1883,519,503,289,698.2405682417269
high_008,high,537.3851999974579,101,1883,519,503,292,712.1468368869175
high_008,high,537.3851999974579,101,1883,519,503,295,713.2021451200385
high_008,high,537.3851999974579,101,1883,519,503,296,712.1468368869175
high_008,high,537.3851999974579,101,1883,519,503,311,752.6951731322458
high_008,high,537.3851999974579,101,1883,519,503,563,587.6689372392634
high_008,high,537.3851999974579,101,1883,519,503,671,589.6376199856753
high_008,high,537.3851999974579,101,1883,519,503,678,596.1558637973505
high_008,high,537.3851999974579,101,1883,519,503,682,639.8494827392433
high_008,high,537.3851999974579,101,1883,519,503,683,600.3997920605009
high_008,high,537.3851999974579,101,1883,519,503,688,602.6878701887103
high_008,high,537.3851999974579,101,1883,519,503,690,630.0567355452351
high_008,high,537.3851999974579,101,1883,519,503,720,794.5444081217781
high_008,high,537.3851999974579,101,1883,519,503,722,798.452064986975
high_008,high,537.3851999974579,101,1883,519,503,724,807.4289736310574
high_008,high,537.3851999974579,101,1883,519,503,725,811.2704788773182
high_008,high,537.3851999974579,101,1883,519,503,729,789.2065516369884
high_008,high,537.3851999974579,101,1883,519,503,736,782.6677602995428
high_008,high,537.3851999974579,101,1883,519,503,738,784.426746906022
high_008,high,537.3851999974579,101,1883,519,503,741,797.1163794297654
high_008,high,537.3851999974579,101,1883,519,503,744,808.4688492021031
high_008,high,537.3851999974579,101,1883,519,503,745,812.1023793465511
high_008,high,537.3851999974579,101,1883,519,503,746,813.4548901567302
high_008,high,537.3851999974579,101,1883,519,503,748,831.1801729233086
high_008,high,537.3851999974579,101,1883,519,503,749,832.9014594365901
high_008,high,537.3851999974579,101,1883,519,503,755,791.7862029957263
high_008,high,537.3851999974579,101,1883,519,503,758,791.2447825393449
high_008,high,537.3851999974579,101,1883,519,503,762,796.7304469452394
high_008,high,537.3851999974579,101,1883,519,503,772,787.329817841271
high_008,high,537.3851999974579,101,1883,519,503,779,794.580686096473
high_008,high,537.3851999974579,101,1883,519,503,782,782.6677602995428
high_008,high,537.3851999974579,101,1883,519,503,783,784.9134991135697
high_008,high,537.3851999974579,101,1883,519,503,784,783.7122463281084
high_008,high,537.3851999974579,101,1883,519,503,794,788.0887672161598
high_008,high,537.3851999974579,101,1883,519,503,796,803.2748330304976
high_008,high,537.3851999974579,101,1883,519,503,797,783.9122069098672
high_008,high,537.3851999974579,101,1883,519,503,801,783.953006228626
high_008,high,537.3851999974579,101,1883,519,503,809,800.8741303813488
high_008,high,537.3851999974579,101,1883,519,503,810,786.080236874469
high_008,high,537.3851999974579,101,1883,519,503,813,783.5526648823072
high_008,high,537.3851999974579,101,1883,519,503,825,783.7519907735217
high_008,high,537.3851999974579,101,1883,519,503,829,787.7909795779839
high_008,high,537.3851999974579,101,1883,519,503,830,795.4337016247945
high_008,high,537.3851999974579,101,1883,519,503,837,786.7571792154567
high_008,high,537.3851999974579,101,1883,519,503,843,785.3550927220414
high_008,high,537.3851999974579,101,1883,519,503,856,791.5898341578982
high_008,high,537.3851999974579,101,1883,519,503,861,789.7828318523591
high_008,high,537.3851999974579,101,1883,519,503,868,794.9066781579263
high_008,high,537.3851999974579,101,1883,519,503,871,874.2484733436617
high_008,high,537.3851999974579,101,1883,519,503,873,875.25882164368
high_008,high,537.3851999974579,101,1883,519,503,886,875.4893923641166
high_008,high,537.3851999974579,101,1883,519,503,1638,604.1529125552305
high_008,high,537.3851999974579,101,1883,519,503,1644,565.815087747611
high_008,high,537.3851999974579,101,1883,519,503,2397,646.443423602035
high_008,high,537.3851999974579,101,1883,519,503,2398,647.3926066201701
high_009,high,434.74800102405953,109,1810,592,572,38,545.5219779363505
high_009,high,434.74800102405953,109,1810,592,572,39,545.7426337535204
high_009,high,434.74800102405953,109,1810,592,572,62,598.0343376366804
high_009,high,434.74800102405953,109,1810,592,572,71,550.1392402075911
high_009,high,434.74800102405953,109,1810,592,572,76,556.4425230939675
high_009,high,434.74800102405953,109,1810,592,572,79,558.1906792446803
high_009,high,434.74800102405953,109,1810,592,572,82,559.3812114885013
high_009,high,434.74800102405953,109,1810,592,572,93,574.179587101504
high_009,high,434.74800102405953,109,1810,592,572,98,547.0738663267362
high_009,high,434.74800102405953,109,1810,592,572,99,576.3599579749128
high_009,high,434.74800102405953,109,1810,592,572,101,560.2412102128715
high_009,high,434.74800102405953,109,1810,592,572,105,587.6195820624536
high_009,high,434.74800102405953,109,1810,592,572,111,576.5517739032198
high_009,high,434.74800102405953,109,1810,592,572,118,579.5493179283791
high_009,high,434.74800102405953,109,1810,592,572,124,571.0376944400474
high_009,high,434.74800102405953,109,1810,592,572,127,562.6042889221104
high_009,high,434.74800102405953,109,1810,592,572,128,562.6095865557038
high_009,high,434.74800102405953,109,1810,592,572,130,571.3451967745423
high_009,high,434.74800102405953,109,1810,592,572,133,563.7789444448554
high_009,high,434.74800102405953,109,1810,592,572,135,564.5092384944909
high_009,high,434.74800102405953,109,1810,592,572,144,567.4598238643557
high_009,high,434.74800102405953,109,1810,592,572,156,579.5624553498279
high_009,high,434.74800102405953,109,1810,592,572,157,581.6724584322287
high_009,high,434.74800102405953,109,1810,592,572,158,574.4075045315326
high_009,high,434.74800102405953,109,1810,592,572,160,575.3673581398807
high_009,high,434.74800102405953,109,1810,592,572,165,637.4893847443245
high_009,high,434.74800102405953,109,1810,592,572,167,641.8536774566307
high_009,high,434.74800102405953,109,1810,592,572,170,637.773429780585
high_009,high,434.74800102405953,109,1810,592,572,181,635.5969833305865
high_009,high,434.74800102405953,109,1810,592,572,194,639.4541730290125
high_009,high,434.74800102405953,109,1810,592,572,198,636.279790057504
high_009,high,434.74800102405953,109,1810,592,572,202,641.822260149441
high_009,high,434.74800102405953,109,1810,592,572,203,643.1811820435772
high_009,high,434.74800102405953,109,1810,592,572,205,642.237327566793
high_009,high,434.74800102405953,109,1810,592,572,211,651.3527474101639
high_009,high,434.74800102405953,109,1810,592,572,231,692.2370814169777
high_009,high,434.74800102405953,109,1810,592,572,238,692.2370814169777
high_009,high,434.74800102405953,109,1810,592,572,243,701.0905211626183
high_009,high,434.74800102405953,109,1810,592,572,244,692.2370814169777
high_009,high,434.74800102405953,109,1810,592,572,251,695.675379814367
high_009,high,434.74800102405953,109,1810,592,572,252,692.2370814169777
high_009,high,434.74800102405953,109,1810,592,572,260,692.2370814169777
high_009,high,434.74800102405953,109,1810,592,572,268,696.0147853704823
high_009,high,434.74800102405953,109,1810,592,572,277,698.3978000807248
high_009,high,434.74800102405953,109,1810,592,572,280,693.186260709365
high_009,high,434.74800102405953,109,1810,592,572,292,712.1468368869175
high_009,high,434.74800102405953,109,1810,592,572,294,712.1468368869175
high_009,high,434.74800102405953,109,1810,592,572,313,746.3479291065048
high_009,high,434.74800102405953,109,1810,592,572,564,505.48402798000063
high_009,high,434.74800102405953,109,1810,592,572,565,525.9144903964814
high_009,high,434.74800102405953,109,1810,592,572,659,527.1977950875465
high_009,high,434.74800102405953,109,1810,592,572,660,529.8830803817966
high_009,high,434.74800102405953,109,1810,592,572,661,530.5471859231793
high_009,high,434.74800102405953,109,1810,592,572,662,532.5683656760467
high_009,high,434.74800102405953,109,1810,592,572,665,584.1021856707571
high_009,high,434.74800102405953,109,1810,592,572,668,581.4084942012629
high_009,high,434.74800102405953,109,1810,592,572,670,587.2998727813588
high_009,high,434.74800102405953,109,1810,592,572,677,595.6560158859918
high_009,high,434.74800102405953,109,1810,592,572,683,600.3997920605009
high_009,high,434.74800102405953,109,1810,592,572,689,603.3383763466318
high_009,high,434.74800102405953,109,1810,592,572,691,596.9065951491899
high_009,high,434.74800102405953,109,1810,592,572,692,603.5248855910521
high_009,high,434.74800102405953,109,1810,592,572,713,690.0988572067555
high_009,high,434.74800102405953,109,1810,592,572,726,783.6781085995611
high_009,high,434.74800102405953,109,1810,592,572,730,793.6227115328523
high_009,high,434.74800102405953,109,1810,592,572,735,800.0601571369465
high_009,high,434.74800102405953,109,1810,592,572,737,783.5092178050935
high_009,high,434.74800102405953,109,1810,592,572,744,808.4688492021031
high_009,high,434.74800102405953,109,1810,592,572,745,812.1023793465511
high_009,high,434.74800102405953,109,1810,592,572,746,813.4548901567302
high_009,high,434.74800102405953,109,1810,592,572,747,829.7816277034057
high_009,high,434.74800102405953,109,1810,592,572,748,831.1801729233086
high_009,high,434.74800102405953,109,1810,592,572,755,791.7862029957263
high_009,high,434.74800102405953,109,1810,592,572,757,785.5921897586769
high_009,high,434.74800102405953,109,1810,592,572,760,788.6111810539278
high_009,high,434.74800102405953,109,1810,592,572,767,802.0766788118748
high_009,high,434.74800102405953,109,1810,592,572,768,799.247338432827
high_009,high,434.74800102405953,109,1810,592,572,779,794.580686096473
high_009,high,434.74800102405953,109,1810,592,572,789,783.8278684562797
high_009,high,434.74800102405953,109,1810,592,572,794,788.0887672161598
high_009,high,434.74800102405953,109,1810,592,572,795,799.9727449865675
high_009,high,434.74800102405953,109,1810,592,572,797,783.9122069098672
high_009,high,434.74800102405953,109,1810,592,572,800,799.4720438879334
high_009,high,434.74800102405953,109,1810,592,572,803,786.8831546756995
high_009,high,434.74800102405953,109,1810,592,572,804,785.5574679989975
high_009,high,434.74800102405953,109,1810,592,572,805,784.7173408533552
high_009,high,434.74800102405953,109,1810,592,572,813,783.5526648823072
high_009,high,434.74800102405953,109,1810,592,572,814,786.3590135712413
high_009,high,434.74800102405953,109,1810,592,572,820,786.6205779186399
high_009,high,434.74800102405953,109,1810,592,572,821,786.1259171217689
high_009,high,434.74800102405953,109,1810,592,572,823,791.6460879293643
high_009,high,434.74800102405953,109,1810,592,572,827,788.2575253251489
high_009,high,434.74800102405953,109,1810,592,572,838,788.0485975283544
high_009,high,434.74800102405953,109,1810,592,572,845,789.7670708202182
high_009,high,434.74800102405953,109,1810,592,572,859,786.6690360886429
high_009,high,434.74800102405953,109,1810,592,572,888,874.2484733436617
high_009,high,434.74800102405953,109,1810,592,572,1573,488.3677523670898
high_009,high,434.74800102405953,109,1810,592,572,1622,488.5908398468294
high_009,high,434.74800102405953,109,1810,592,572,1623,470.4750503406826
high_009,high,434.74800102405953,109,1810,592,572,1624,480.2276311491274
high_009,high,434.74800102405953,109,1810,592,572,1637,593.0474861423077
high_009,high,434.74800102405953,109,1810,592,572,1643,525.2630408858774
high_009,high,434.74800102405953,109,1810,592,572,1645,533.7411393890911
high_009,high,434.74800102405953,109,1810,592,572,2120,487.3922435452714
high_009,high,434.74800102405953,109,1810,592,572,2128,517.7708918604344
high_009,high,434.74800102405953,109,1810,592,572,2339,588.1605694991475
high_009,high,434.74800102405953,109,1810,592,572,2342,589.309646465496
high_009,high,434.74800102405953,109,1810,592,572,2346,515.1203246599597
high_009,high,434.74800102405953,109,1810,592,572,2348,487.0109892892962
high_010,high,555.6839195893915,84,1926,476,461,37,591.3036978134518
high_010,high,555.6839195893915,84,1926,476,461,45,614.672909968506
high_010,high,555.6839195893915,84,1926,476,461,84,586.4402995583939
high_010,high,555.6839195893915,84,1926,476,461,85,593.7811782552487
high_010,high,555.6839195893915,84,1926,476,461,91,635.1351354890749
high_010,high,555.6839195893915,84,1926,476,461,109,587.3460758354747
high_010,high,555.6839195893915,84,1926,476,461,111,604.6036206858332
high_010,high,555.6839195893915,84,1926,476,461,114,586.8336023583669
high_010,high,555.6839195893915,84,1926,476,461,116,582.0444965185077
high_010,high,555.6839195893915,84,1926,476,461,123,614.134150397873
high_010,high,555.6839195893915,84,1926,476,461,124,589.3962365204246
high_010,high,555.6839195893915,84,1926,476,461,125,614.7052851845434
high_010,high,555.6839195893915,84,1926,476,461,128,582.6675771029728
high_010,high,555.6839195893915,84,1926,476,461,134,614.6308914180568
high_010,high,555.6839195893915,84,1926,476,461,140,606.6309012819574
high_010,high,555.6839195893915,84,1926,476,461,142,595.4179207280049
high_010,high,555.6839195893915,84,1926,476,461,148,589.9542350841001
high_010,high,555.6839195893915,84,1926,476,461,162,594.4071224663313
high_010,high,555.6839195893915,84,1926,476,461,168,644.3853807153395
high_010,high,555.6839195893915,84,1926,476,461,201,642.6730387470549
high_010,high,555.6839195893915,84,1926,476,461,202,641.822260149441
high_010,high,555.6839195893915,84,1926,476,461,217,644.7172951566542
high_010,high,555.6839195893915,84,1926,476,461,219,646.4757060446872
high_010,high,555.6839195893915,84,1926,476,461,225,651.5289994554137
high_010,high,555.6839195893915,84,1926,476,461,230,692.2370814169777
high_010,high,555.6839195893915,84,1926,476,461,246,693.1860234668666
high_010,high,555.6839195893915,84,1926,476,461,247,700.2657903217379
high_010,high,555.6839195893915,84,1926,476,461,252,692.2370814169777
high_010,high,555.6839195893915,84,1926,476,461,260,692.2370814169777
high_010,high,555.6839195893915,84,1926,476,461,262,692.2370814169777
high_010,high,555.6839195893915,84,1926,476,461,266,695.5438949350514
high_010,high,555.6839195893915,84,1926,476,461,273,698.9250560830324
high_010,high,555.6839195893915,84,1926,476,461,278,694.5678422297934
high_010,high,555.6839195893915,84,1926,476,461,287,694.4512797009743
high_010,high,555.6839195893915,84,1926,476,461,288,697.1227184900887
high_010,high,555.6839195893915,84,1926,476,461,297,714.2685682206018
high_010,high,555.6839195893915,84,1926,476,461,307,732.7312216095022
high_010,high,555.6839195893915,84,1926,476,461,313,746.3479291065048
high_010,high,555.6839195893915,84,1926,476,461,561,597.5901115154743
high_010,high,555.6839195893915,84,1926,476,461,563,602.5649337816774
high_010,high,555.6839195893915,84,1926,476,461,670,587.2998727813588
high_010,high,555.6839195893915,84,1926,476,461,680,598.2102586573666
high_010,high,555.6839195893915,84,1926,476,461,681,600.559883089766
high_010,high,555.6839195893915,84,1926,476,461,690,630.0567355452351
high_010,high,555.6839195893915,84,1926,476,461,691,596.9065951491899
high_010,high,555.6839195893915,84,1926,476,461,723,803.2748330304976
high_010,high,555.6839195893915,84,1926,476,461,724,807.4289736310574
high_010,high,555.6839195893915,84,1926,476,461,727,790.2344342393266
high_010,high,555.6839195893915,84,1926,476,461,729,789.2065516369884
high_010,high,555.6839195893915,84,1926,476,461,732,795.9944020504578
high_010,high,555.6839195893915,84,1926,476,461,734,798.5919678394266
high_010,high,555.6839195893915,84,1926,476,461,745,812.1023793465511
high_010,high,555.6839195893915,84,1926,476,461,758,791.2447825393449
high_010,high,555.6839195893915,84,1926,476,461,764,796.2936968914166
high_010,high,555.6839195893915,84,1926,476,461,767,802.0766788118748
high_010,high,555.6839195893915,84,1926,476,461,768,799.247338432827
high_010,high,555.6839195893915,84,1926,476,461,770,790.8939816717217
high_010,high,555.6839195893915,84,1926,476,461,778,794.0784657982342
high_010,high,555.6839195893915,84,1926,476,461,784,783.7122463281084
high_010,high,555.6839195893915,84,1926,476,461,790,782.6677602995428
high_010,high,555.6839195893915,84,1926,476,461,796,803.2748330304976
high_010,high,555.6839195893915,84,1926,476,461,800,799.4720438879334
high_010,high,555.6839195893915,84,1926,476,461,802,790.0287141810461
high_010,high,555.6839195893915,84,1926,476,461,815,789.7470551080306
high_010,high,555.6839195893915,84,1926,476,461,819,786.4975427732093
high_010,high,555.6839195893915,84,1926,476,461,820,786.6205779186399
high_010,high,555.6839195893915,84,1926,476,461,825,783.7519907735217
high_010,high,555.6839195893915,84,1926,476,461,827,788.2575253251489
high_010,high,555.6839195893915,84,1926,476,461,831,795.5363101767468
high_010,high,555.6839195893915,84,1926,476,461,833,785.1048945506589
high_010,high,555.6839195893915,84,1926,476,461,836,799.3182393694005
high_010,high,555.6839195893915,84,1926,476,461,837,786.7571792154567
high_010,high,555.6839195893915,84,1926,476,461,844,795.8226037018438
high_010,high,555.6839195893915,84,1926,476,461,848,793.3789652691232
high_010,high,555.6839195893915,84,1926,476,461,852,797.8621285203254
high_010,high,555.6839195893915,84,1926,476,461,861,789.7828318523591
high_010,high,555.6839195893915,84,1926,476,461,862,789.7950453578388
high_010,high,555.6839195893915,84,1926,476,461,874,874.2484733436617
high_010,high,555.6839195893915,84,1926,476,461,884,875.3664263932063
high_010,high,555.6839195893915,84,1926,476,461,1635,659.4642138814386
high_010,high,555.6839195893915,84,1926,476,461,1637,604.6947493936261
high_010,high,555.6839195893915,84,1926,476,461,1640,690.0988572067555
high_010,high,555.6839195893915,84,1926,476,461,2397,646.443423602035
high_010,high,555.6839195893915,84,1926,476,461,2399,645.6241850317183
high_011,high,488.16710833563053,95,1846,556,537,44,555.1861352428457
high_011,high,488.16710833563053,95,1846,556,537,48,548.2446024424806
high_011,high,488.16710833563053,95,1846,556,537,52,550.7829241694741
high_011,high,488.16710833563053,95,1846,556,537,54,549.3212669152279
high_011,high,488.16710833563053,95,1846,556,537,55,583.5932184573822
high_011,high,488.16710833563053,95,1846,556,537,56,583.8662099732511
high_011,high,488.16710833563053,95,1846,556,537,58,593.0521153722777
high_011,high,488.16710833563053,95,1846,556,537,61,587.6689372392634
high_011,high,488.16710833563053,95,1846,556,537,62,598.0343376366804
high_011,high,488.16710833563053,95,1846,556,537,66,547.4273855491114
high_011,high,488.16710833563053,95,1846,556,537,79,558.1906792446803
high_011,high,488.16710833563053,95,1846,556,537,81,559.0213549340485
high_011,high,488.16710833563053,95,1846,556,537,102,585.8127598987654
high_011,high,488.16710833563053,95,1846,556,537,105,587.6195820624536
high_011,high,488.16710833563053,95,1846,556,537,107,547.6229726191856
high_011,high,488.16710833563053,95,1846,556,537,112,552.0308034423723
high_011,high,488.16710833563053,95,1846,556,537,118,579.5493179283791
high_011,high,488.16710833563053,95,1846,556,537,122,576.5955970198564
high_011,high,488.16710833563053,95,1846,556,537,128,562.6095865557038
high_011,high,488.16710833563053,95,1846,556,537,134,564.3106239476047
high_011,high,488.16710833563053,95,1846,556,537,135,564.5092384944909
high_011,high,488.16710833563053,95,1846,556,537,140,584.4726380667537
high_011,high,488.16710833563053,95,1846,556,537,145,567.7232939985931
high_011,high,488.16710833563053,95,1846,556,537,146,571.587004879608
high_011,high,488.16710833563053,95,1846,556,537,147,572.2145467560825
high_011,high,488.16710833563053,95,1846,556,537,151,577.42118301609
high_011,high,488.16710833563053,95,1846,556,537,152,579.1833871771622
high_011,high,488.16710833563053,95,1846,556,537,153,578.4721676875439
high_011,high,488.16710833563053,95,1846,556,537,155,581.7712999654473
high_011,high,488.16710833563053,95,1846,556,537,157,581.6724584322287
high_011,high,488.16710833563053,95,1846,556,537,158,574.4075045315326
high_011,high,488.16710833563053,95,1846,556,537,161,579.5493179283791
high_011,high,488.16710833563053,95,1846,556,537,173,646.9398190453412
high_011,high,488.16710833563053,95,1846,556,537,178,639.9178696950679
high_011,high,488.16710833563053,95,1846,556,537,182,641.7467247781187
high_011,high,488.16710833563053,95,1846,556,537,187,654.6761123147055
high_011,high,488.16710833563053,95,1846,556,537,191,638.8296464700686
high_011,high,488.16710833563053,95,1846,556,537,202,641.822260149441
high_011,high,488.16710833563053,95,1846,556,537,205,642.237327566793
high_011,high,488.16710833563053,95,1846,556,537,209,647.3967373464193
high_011,high,488.16710833563053,95,1846,556,537,224,648.5545071411027
high_011,high,488.16710833563053,95,1846,556,537,235,707.8200732317633
high_011,high,488.16710833563053,95,1846,556,537,245,692.2370814169777
high_011,high,488.16710833563053,95,1846,556,537,252,692.2370814169777
high_011,high,488.16710833563053,95,1846,556,537,254,701.9379845525184
high_011,high,488.16710833563053,95,1846,556,537,261,706.156290385119
high_011,high,488.16710833563053,95,1846,556,537,265,695.2916318383554
high_011,high,488.16710833563053,95,1846,556,537,268,696.0147853704823
high_011,high,488.16710833563053,95,1846,556,537,272,694.1613262943649
high_011,high,488.16710833563053,95,1846,556,537,281,693.2552648907703
high_011,high,488.16710833563053,95,1846,556,537,283,693.9924648032658
high_011,high,488.16710833563053,95,1846,556,537,284,695.0484238534156
high_011,high,488.16710833563053,95,1846,556,537,289,698.2405682417269
high_011,high,488.16710833563053,95,1846,556,537,303,723.2871693275948
high_011,high,488.16710833563053,95,1846,556,537,307,732.7312216095022
high_011,high,488.16710833563053,95,1846,556,537,311,752.6951731322458
high_011,high,488.16710833563053,95,1846,556,537,562,587.6195820624536
high_011,high,488.16710833563053,95,1846,556,537,566,539.6435807972048
high_011,high,488.16710833563053,95,1846,556,537,661,530.5471859231793
high_011,high,488.16710833563053,95,1846,556,537,663,533.3513589100099
high_011,high,488.16710833563053,95,1846,556,537,679,604.1529125552305
high_011,high,488.16710833563053,95,1846,556,537,693,596.3468178315959
high_011,high,488.16710833563053,95,1846,556,537,723,803.2748330304976
high_011,high,488.16710833563053,95,1846,556,537,724,807.4289736310574
high_011,high,488.16710833563053,95,1846,556,537,729,789.2065516369884
high_011,high,488.16710833563053,95,1846,556,537,734,798.5919678394266
high_011,high,488.16710833563053,95,1846,556,537,742,800.70216830072
high_011,high,488.16710833563053,95,1846,556,537,748,831.1801729233086
high_011,high,488.16710833563053,95,1846,556,537,751,799.0718287634069
high_011,high,488.16710833563053,95,1846,556,537,752,798.2189980698953
high_011,high,488.16710833563053,95,1846,556,537,754,809.6655240939391
high_011,high,488.16710833563053,95,1846,556,537,761,785.8352939028998
high_011,high,488.16710833563053,95,1846,556,537,767,802.0766788118748
high_011,high,488.16710833563053,95,1846,556,537,781,791.4308006744615
high_011,high,488.16710833563053,95,1846,556,537,783,784.9134991135697
high_011,high,488.16710833563053,95,1846,556,537,787,791.4922657268133
high_011,high,488.16710833563053,95,1846,556,537,794,788.0887672161598
high_011,high,488.16710833563053,95,1846,556,537,804,785.5574679989975
high_011,high,488.16710833563053,95,1846,556,537,810,786.080236874469
high_011,high,488.16710833563053,95,1846,556,537,811,804.6597679588986
high_011,high,488.16710833563053,95,1846,556,537,818,795.3287261559329
high_011,high,488.16710833563053,95,1846,556,537,822,786.6273631996161
high_011,high,488.16710833563053,95,1846,556,537,850,793.4691180068276
high_011,high,488.16710833563053,95,1846,556,537,851,794.5444081217781
high_011,high,488.16710833563053,95,1846,556,537,856,791.5898341578982
high_011,high,488.16710833563053,95,1846,556,537,863,791.6051495060503
high_011,high,488.16710833563053,95,1846,556,537,875,874.2484733436617
high_011,high,488.16710833563053,95,1846,556,537,876,875.493008971195
high_011,high,488.16710833563053,95,1846,556,537,886,875.4893923641166
high_011,high,488.16710833563053,95,1846,556,537,889,876.606520410577
high_011,high,488.16710833563053,95,1846,556,537,1633,629.7007391902042
high_011,high,488.16710833563053,95,1846,556,537,1643,544.7303238132544
high_011,high,488.16710833563053,95,1846,556,537,2346,515.1203246599597
high_011,high,488.16710833563053,95,1846,556,537,2349,542.5185959063375
high_011,high,488.16710833563053,95,1846,556,537,2397,646.443423602035
high_012,high,482.22473973201613,98,1844,558,539,33,584.1192798585071
high_012,high,482.22473973201613,98,1844,558,539,39,545.7426337535204
high_012,high,482.22473973201613,98,1844,558,539,49,548.5032936228646
high_012,high,482.22473973201613,98,1844,558,539,54,549.3212669152279
high_012,high,482.22473973201613,98,1844,558,539,56,583.8662099732511
high_012,high,482.22473973201613,98,1844,558,539,64,549.9022819300984
high_012,high,482.22473973201613,98,1844,558,539,65,547.2763336538477
high_012,high,482.22473973201613,98,1844,558,539,71,550.1392402075911
high_012,high,482.22473973201613,98,1844,558,539,82,559.3812114885013
high_012,high,482.22473973201613,98,1844,558,539,84,576.3578781044064
high_012,high,482.22473973201613,98,1844,558,539,88,551.0083368421541
high_012,high,482.22473973201613,98,1844,558,539,99,576.3599579749128
high_012,high,482.22473973201613,98,1844,558,539,101,560.2412102128715
high_012,high,482.22473973201613,98,1844,558,539,112,552.0308034423723
high_012,high,482.22473973201613,98,1844,558,539,117,569.4296290240874
high_012,high,482.22473973201613,98,1844,558,539,124,571.0376944400474
high_012,high,482.22473973201613,98,1844,558,539,128,562.6095865557038
high_012,high,482.22473973201613,98,1844,558,539,129,571.3255570059794
high_012,high,482.22473973201613,98,1844,558,539,148,572.7410640238679
high_012,high,482.22473973201613,98,1844,558,539,156,579.5624553498279
high_012,high,482.22473973201613,98,1844,558,539,162,575.7717728432992
high_012,high,482.22473973201613,98,1844,558,539,167,641.8536774566307
high_012,high,482.22473973201613,98,1844,558,539,169,655.8981463574353
high_012,high,482.22473973201613,98,1844,558,539,170,637.773429780585
high_012,high,482.22473973201613,98,1844,558,539,178,639.9178696950679
high_012,high,482.22473973201613,98,1844,558,539,182,641.7467247781187
high_012,high,482.22473973201613,98,1844,558,539,185,648.0204577873307
high_012,high,482.22473973201613,98,1844,558,539,189,645.3056416577962
high_012,high,482.22473973201613,98,1844,558,539,196,636.0416459693099
high_012,high,482.22473973201613,98,1844,558,539,198,636.279790057504
high_012,high,482.22473973201613,98,1844,558,539,202,641.822260149441
high_012,high,482.22473973201613,98,1844,558,539,204,642.2116736327318
high_012,high,482.22473973201613,98,1844,558,539,211,651.3527474101639
high_012,high,482.22473973201613,98,1844,558,539,218,645.6912113252067
high_012,high,482.22473973201613,98,1844,558,539,224,648.5545071411027
high_012,high,482.22473973201613,98,1844,558,539,228,692.2370814169777
high_012,high,482.22473973201613,98,1844,558,539,231,692.2370814169777
high_012,high,482.22473973201613,98,1844,558,539,237,693.1241789760284
high_012,high,482.22473973201613,98,1844,558,539,247,700.2657903217379
high_012,high,482.22473973201613,98,1844,558,539,253,695.1734600793335
high_012,high,482.22473973201613,98,1844,558,539,256,698.6809266650239
high_012,high,482.22473973201613,98,1844,558,539,269,696.3491638007521
high_012,high,482.22473973201613,98,1844,558,539,274,698.5920347496126
high_012,high,482.22473973201613,98,1844,558,539,285,694.2422697353422
high_012,high,482.22473973201613,98,1844,558,539,288,697.1227184900887
high_012,high,482.22473973201613,98,1844,558,539,294,712.1468368869175
high_012,high,482.22473973201613,98,1844,558,539,301,713.2687803762585
high_012,high,482.22473973201613,98,1844,558,539,306,716.8516573676255
high_012,high,482.22473973201613,98,1844,558,539,307,732.7312216095022
high_012,high,482.22473973201613,98,1844,558,539,310,746.3479291065048
high_012,high,482.22473973201613,98,1844,558,539,554,513.2071633483629
high_012,high,482.22473973201613,98,1844,558,539,557,535.7027946602594
high_012,high,482.22473973201613,98,1844,558,539,560,589.309646465496
high_012,high,482.22473973201613,98,1844,558,539,565,525.9144903964814
high_012,high,482.22473973201613,98,1844,558,539,665,584.1021856707571
high_012,high,482.22473973201613,98,1844,558,539,666,581.0326930724631
high_012,high,482.22473973201613,98,1844,558,539,670,587.2998727813588
high_012,high,482.22473973201613,98,1844,558,539,672,584.1021856707571
high_012,high,482.22473973201613,98,1844,558,539,679,604.1529125552305
high_012,high,482.22473973201613,98,1844,558,539,681,600.559883089766
high_012,high,482.22473973201613,98,1844,558,539,689,603.3383763466318
high_012,high,482.22473973201613,98,1844,558,539,690,630.0567355452351
high_012,high,482.22473973201613,98,1844,558,539,691,596.9065951491899
high_012,high,482.22473973201613,98,1844,558,539,693,596.3468178315959
high_012,high,482.22473973201613,98,1844,558,539,712,681.2711679765998
high_012,high,482.22473973201613,98,1844,558,539,714,681.2711679765998
high_012,high,482.22473973201613,98,1844,558,539,718,789.3267931084201
high_012,high,482.22473973201613,98,1844,558,539,723,803.2748330304976
high_012,high,482.22473973201613,98,1844,558,539,744,808.4688492021031
high_012,high,482.22473973201613,98,1844,558,539,748,831.1801729233086
high_012,high,482.22473973201613,98,1844,558,539,749,832.9014594365901
high_012,high,482.22473973201613,98,1844,558,539,759,782.6677602995428
high_012,high,482.22473973201613,98,1844,558,539,760,788.6111810539278
high_012,high,482.22473973201613,98,1844,558,539,778,794.0784657982342
high_012,high,482.22473973201613,98,1844,558,539,780,799.1466686454672
high_012,high,482.22473973201613,98,1844,558,539,788,791.6576787558417
high_012,high,482.22473973201613,98,1844,558,539,808,782.6677602995428
high_012,high,482.22473973201613,98,1844,558,539,819,786.4975427732093
high_012,high,482.22473973201613,98,1844,558,539,821,786.1259171217689
high_012,high,482.22473973201613,98,1844,558,539,824,794.0784657982342
high_012,high,482.22473973201613,98,1844,558,539,825,783.7519907735217
high_012,high,482.22473973201613,98,1844,558,539,830,795.4337016247945
high_012,high,482.22473973201613,98,1844,558,539,833,785.1048945506589
high_012,high,482.22473973201613,98,1844,558,539,841,785.2697850547416
high_012,high,482.22473973201613,98,1844,558,539,847,792.8956688961663
high_012,high,482.22473973201613,98,1844,558,539,848,793.3789652691232
high_012,high,482.22473973201613,98,1844,558,539,850,793.4691180068276
high_012,high,482.22473973201613,98,1844,558,539,856,791.5898341578982
high_012,high,482.22473973201613,98,1844,558,539,858,788.2761061339194
high_012,high,482.22473973201613,98,1844,558,539,860,797.9274948872758
high_012,high,482.22473973201613,98,1844,558,539,871,874.2484733436617
high_012,high,482.22473973201613,98,1844,558,539,883,875.4312702457296
high_012,high,482.22473973201613,98,1844,558,539,889,876.606520410577
high_012,high,482.22473973201613,98,1844,558,539,1627,517.085707993767
high_012,high,482.22473973201613,98,1844,558,539,1639,674.2693063209895
high_012,high,482.22473973201613,98,1844,558,539,1641,620.2659071789096
high_012,high,482.22473973201613,98,1844,558,539,2127,533.050998525685
high_012,high,482.22473973201613,98,1844,558,539,2398,647.3926066201701
high_013,high,505.7742818947153,87,1854,548,530,37,586.6841155048023
high_013,high,505.7742818947153,87,1854,548,530,46,563.8697408554749
high_013,high,505.7742818947153,87,1854,548,530,48,548.2446024424806
high_013,high,505.7742818947153,87,1854,548,530,72,552.9350563952709
high_013,high,505.7742818947153,87,1854,548,530,79,558.1906792446803
high_013,high,505.7742818947153,87,1854,548,530,83,577.6874625618593
high_013,high,505.7742818947153,87,1854,548,530,89,551.0391284133788
high_013,high,505.7742818947153,87,1854,548,530,92,545.3672053030696
high_013,high,505.7742818947153,87,1854,548,530,97,554.2291066084639
high_013,high,505.7742818947153,87,1854,548,530,104,551.8189738337968
high_013,high,505.7742818947153,87,1854,548,530,106,551.9870924043248
high_013,high,505.7742818947153,87,1854,548,530,116,569.3002635741059
high_013,high,505.7742818947153,87,1854,548,530,120,560.7099346169167
high_013,high,505.7742818947153,87,1854,548,530,131,562.8446369631413
high_013,high,505.7742818947153,87,1854,548,530,133,563.7789444448554
high_013,high,505.7742818947153,87,1854,548,530,134,564.3106239476047
high_013,high,505.7742818947153,87,1854,548,530,139,566.0169589730989
high_013,high,505.7742818947153,87,1854,548,530,148,572.7410640238679
high_013,high,505.7742818947153,87,1854,548,530,151,577.42118301609
high_013,high,505.7742818947153,87,1854,548,530,158,574.4075045315326
high_013,high,505.7742818947153,87,1854,548,530,168,644.3853807153395
high_013,high,505.7742818947153,87,1854,548,530,178,639.9178696950679
high_013,high,505.7742818947153,87,1854,548,530,180,640.5916821105504
high_013,high,505.7742818947153,87,1854,548,530,203,643.1811820435772
high_013,high,505.7742818947153,87,1854,548,530,205,642.237327566793
high_013,high,505.7742818947153,87,1854,548,530,210,650.277328340862
high_013,high,505.7742818947153,87,1854,548,530,213,638.2098199508152
high_013,high,505.7742818947153,87,1854,548,530,220,648.7547667633744
high_013,high,505.7742818947153,87,1854,548,530,231,692.2370814169777
high_013,high,505.7742818947153,87,1854,548,530,234,701.8295267299648
high_013,high,505.7742818947153,87,1854,548,530,235,707.8200732317633
high_013,high,505.7742818947153,87,1854,548,530,258,700.0981187315634
high_013,high,505.7742818947153,87,1854,548,530,274,698.5920347496126
high_013,high,505.7742818947153,87,1854,548,530,286,694.5678422297934
high_013,high,505.7742818947153,87,1854,548,530,304,716.8516573676255
high_013,high,505.7742818947153,87,1854,548,530,307,732.7312216095022
high_013,high,505.7742818947153,87,1854,548,530,314,746.3479291065048
high_013,high,505.7742818947153,87,1854,548,530,560,589.309646465496
high_013,high,505.7742818947153,87,1854,548,530,569,557.1163620086941
high_013,high,505.7742818947153,87,1854,548,530,666,581.0326930724631
high_013,high,505.7742818947153,87,1854,548,530,669,581.4865779512797
high_013,high,505.7742818947153,87,1854,548,530,670,587.2998727813588
high_013,high,505.7742818947153,87,1854,548,530,676,594.9738817301085
high_013,high,505.7742818947153,87,1854,548,530,678,596.1558637973505
high_013,high,505.7742818947153,87,1854,548,530,688,602.6878701887103
high_013,high,505.7742818947153,87,1854,548,530,691,596.9065951491899
high_013,high,505.7742818947153,87,1854,548,530,720,794.5444081217781
high_013,high,505.7742818947153,87,1854,548,530,722,798.452064986975
high_013,high,505.7742818947153,87,1854,548,530,728,794.690698841271
high_013,high,505.7742818947153,87,1854,548,530,729,789.2065516369884
high_013,high,505.7742818947153,87,1854,548,530,730,793.6227115328523
high_013,high,505.7742818947153,87,1854,548,530,737,783.5092178050935
high_013,high,505.7742818947153,87,1854,548,530,744,808.4688492021031
high_013,high,505.7742818947153,87,1854,548,530,746,813.4548901567302
high_013,high,505.7742818947153,87,1854,548,530,751,799.0718287634069
high_013,high,505.7742818947153,87,1854,548,530,753,807.9055413773542
high_013,high,505.7742818947153,87,1854,548,530,754,809.6655240939391
high_013,high,505.7742818947153,87,1854,548,530,761,785.8352939028998
high_013,high,505.7742818947153,87,1854,548,530,766,805.6820575141672
high_013,high,505.7742818947153,87,1854,548,530,770,790.8939816717217
high_013,high,505.7742818947153,87,1854,548,530,779,794.580686096473
high_013,high,505.7742818947153,87,1854,548,530,792,793.6928914157801
high_013,high,505.7742818947153,87,1854,548,530,800,799.4720438879334
high_013,high,505.7742818947153,87,1854,548,530,801,783.953006228626
high_013,high,505.7742818947153,87,1854,548,530,802,790.0287141810461
high_013,high,505.7742818947153,87,1854,548,530,806,793.6415164536355
high_013,high,505.7742818947153,87,1854,548,530,807,788.0980727441773
high_013,high,505.7742818947153,87,1854,548,530,811,804.6597679588986
high_013,high,505.7742818947153,87,1854,548,530,817,792.8851302753445
high_013,high,505.7742818947153,87,1854,548,530,825,783.7519907735217
high_013,high,505.7742818947153,87,1854,548,530,829,787.7909795779839
high_013,high,505.7742818947153,87,1854,548,530,830,795.4337016247945
high_013,high,505.7742818947153,87,1854,548,530,837,786.7571792154567
high_013,high,505.7742818947153,87,1854,548,530,839,787.0464096140244
high_013,high,505.7742818947153,87,1854,548,530,841,785.2697850547416
high_013,high,505.7742818947153,87,1854,548,530,842,798.1867979588502
high_013,high,505.7742818947153,87,1854,548,530,849,792.7583566994916
high_013,high,505.7742818947153,87,1854,548,530,854,788.9951782497461
high_013,high,505.7742818947153,87,1854,548,530,873,875.25882164368
high_013,high,505.7742818947153,87,1854,548,530,874,874.2484733436617
high_013,high,505.7742818947153,87,1854,548,530,876,875.493008971195
high_013,high,505.7742818947153,87,1854,548,530,882,874.2484733436617
high_013,high,505.7742818947153,87,1854,548,530,1633,629.7007391902042
high_013,high,505.7742818947153,87,1854,548,530,1641,620.2659071789096
high_013,high,505.7742818947153,87,1854,548,530,2336,541.2570677985766
high_013,high,505.7742818947153,87,1854,548,530,2346,545.4472114471259
high_013,high,505.7742818947153,87,1854,548,530,2400,650.5149098484571
high_014,high,497.06082974526737,103,1851,551,533,35,580.8283772117352
high_014,high,497.06082974526737,103,1851,551,533,39,545.7426337535204
high_014,high,497.06082974526737,103,1851,551,533,41,555.4356171430909
high_014,high,497.06082974526737,103,1851,551,533,48,551.0662779895949
high_014,high,497.06082974526737,103,1851,551,533,60,587.2998727813588
high_014,high,497.06082974526737,103,1851,551,533,64,549.9022819300984
high_014,high,497.06082974526737,103,1851,551,533,86,550.2238793676045
high_014,high,497.06082974526737,103,1851,551,533,94,574.3145789840326
high_014,high,497.06082974526737,103,1851,551,533,99,576.3599579749128
high_014,high,497.06082974526737,103,1851,551,533,102,585.8127598987654
high_014,high,497.06082974526737,103,1851,551,533,106,551.9870924043248
high_014,high,497.06082974526737,103,1851,551,533,107,547.6229726191856
high_014,high,497.06082974526737,103,1851,551,533,111,576.5517739032198
high_014,high,497.06082974526737,103,1851,551,533,116,569.3002635741059
high_014,high,497.06082974526737,103,1851,551,533,117,569.4296290240874
high_014,high,497.06082974526737,103,1851,551,533,136,564.6388749378071
high_014,high,497.06082974526737,103,1851,551,533,142,566.433112912473
high_014,high,497.06082974526737,103,1851,551,533,146,571.587004879608
high_014,high,497.06082974526737,103,1851,551,533,149,573.3170037509601
high_014,high,497.06082974526737,103,1851,551,533,154,578.8473682591405
high_014,high,497.06082974526737,103,1851,551,533,155,581.7712999654473
high_014,high,497.06082974526737,103,1851,551,533,160,575.3673581398807
high_014,high,497.06082974526737,103,1851,551,533,166,651.8594490018652
high_014,high,497.06082974526737,103,1851,551,533,184,648.957544085597
high_014,high,497.06082974526737,103,1851,551,533,187,654.6761123147055
high_014,high,497.06082974526737,103,1851,551,533,189,645.3056416577962
high_014,high,497.06082974526737,103,1851,551,533,198,636.279790057504
high_014,high,497.06082974526737,103,1851,551,533,201,642.6730387470549
high_014,high,497.06082974526737,103,1851,551,533,206,643.5986247769109
high_014,high,497.06082974526737,103,1851,551,533,210,650.277328340862
high_014,high,497.06082974526737,103,1851,551,533,213,638.2098199508152
high_014,high,497.06082974526737,103,1851,551,533,217,644.7172951566542
high_014,high,497.06082974526737,103,1851,551,533,221,647.927117424296
high_014,high,497.06082974526737,103,1851,551,533,223,643.1665889855386
high_014,high,497.06082974526737,103,1851,551,533,224,648.5545071411027
high_014,high,497.06082974526737,103,1851,551,533,232,702.6969563863231
high_014,high,497.06082974526737,103,1851,551,533,234,701.8295267299648
high_014,high,497.06082974526737,103,1851,551,533,235,707.8200732317633
high_014,high,497.06082974526737,103,1851,551,533,236,692.2370814169777
high_014,high,497.06082974526737,103,1851,551,533,246,693.1860234668666
high_014,high,497.06082974526737,103,1851,551,533,254,701.9379845525184
high_014,high,497.06082974526737,103,1851,551,533,263,692.2370814169777
high_014,high,497.06082974526737,103,1851,551,533,268,696.0147853704823
high_014,high,497.06082974526737,103,1851,551,533,275,702.3153000184943
high_014,high,497.06082974526737,103,1851,551,533,276,703.1182524651521
high_014,high,497.06082974526737,103,1851,551,533,277,698.3978000807248
high_014,high,497.06082974526737,103,1851,551,533,279,695.6573242614611
high_014,high,497.06082974526737,103,1851,551,533,280,693.186260709365
high_014,high,497.06082974526737,103,1851,551,533,304,716.8516573676255
high_014,high,497.06082974526737,103,1851,551,533,308,716.8516573676255
high_014,high,497.06082974526737,103,1851,551,533,310,746.3479291065048
high_014,high,497.06082974526737,103,1851,551,533,558,550.7909112685498
high_014,high,497.06082974526737,103,1851,551,533,562,587.6195820624536
high_014,high,497.06082974526737,103,1851,551,533,568,543.8041549157437
high_014,high,497.06082974526737,103,1851,551,533,660,529.8830803817966
high_014,high,497.06082974526737,103,1851,551,533,662,541.4029182158392
high_014,high,497.06082974526737,103,1851,551,533,672,584.1021856707571
high_014,high,497.06082974526737,103,1851,551,533,679,604.1529125552305
high_014,high,497.06082974526737,103,1851,551,533,680,598.2102586573666
high_014,high,497.06082974526737,103,1851,551,533,721,797.8621285203254
high_014,high,497.06082974526737,103,1851,551,533,723,803.2748330304976
high_014,high,497.06082974526737,103,1851,551,533,724,807.4289736310574
high_014,high,497.06082974526737,103,1851,551,533,731,795.3167761690516
high_014,high,497.06082974526737,103,1851,551,533,737,783.5092178050935
high_014,high,497.06082974526737,103,1851,551,533,747,829.7816277034057
high_014,high,497.06082974526737,103,1851,551,533,760,788.6111810539278
high_014,high,497.06082974526737,103,1851,551,533,770,790.8939816717217
high_014,high,497.06082974526737,103,1851,551,533,772,787.329817841271
high_014,high,497.06082974526737,103,1851,551,533,781,791.4308006744615
high_014,high,497.06082974526737,103,1851,551,533,787,791.4922657268133
high_014,high,497.06082974526737,103,1851,551,533,788,791.6576787558417
high_014,high,497.06082974526737,103,1851,551,533,789,783.8278684562797
high_014,high,497.06082974526737,103,1851,551,533,790,782.6677602995428
high_014,high,497.06082974526737,103,1851,551,533,809,800.8741303813488
high_014,high,497.06082974526737,103,1851,551,533,815,789.7470551080306
high_014,high,497.06082974526737,103,1851,551,533,818,795.3287261559329
high_014,high,497.06082974526737,103,1851,551,533,819,786.4975427732093
high_014,high,497.06082974526737,103,1851,551,533,833,785.1048945506589
high_014,high,497.06082974526737,103,1851,551,533,834,788.7870686305126
high_014,high,497.06082974526737,103,1851,551,533,836,799.3182393694005
high_014,high,497.06082974526737,103,1851,551,533,838,788.0485975283544
high_014,high,497.06082974526737,103,1851,551,533,841,785.2697850547416
high_014,high,497.06082974526737,103,1851,551,533,842,798.1867979588502
high_014,high,497.06082974526737,103,1851,551,533,846,790.0690254324404
high_014,high,497.06082974526737,103,1851,551,533,853,782.6677602995428
high_014,high,497.06082974526737,103,1851,551,533,854,788.9951782497461
high_014,high,497.06082974526737,103,1851,551,533,861,789.7828318523591
high_014,high,497.06082974526737,103,1851,551,533,863,791.6051495060503
high_014,high,497.06082974526737,103,1851,551,533,867,795.8896200930674
high_014,high,497.06082974526737,103,1851,551,533,868,794.9066781579263
high_014,high,497.06082974526737,103,1851,551,533,871,874.2484733436617
high_014,high,497.06082974526737,103,1851,551,533,873,875.25882164368
high_014,high,497.06082974526737,103,1851,551,533,874,874.2484733436617
high_014,high,497.06082974526737,103,1851,551,533,875,874.2484733436617
high_014,high,497.06082974526737,103,1851,551,533,882,874.2484733436617
high_014,high,497.06082974526737,103,1851,551,533,884,875.3664263932063
high_014,high,497.06082974526737,103,1851,551,533,885,876.7601605643792
high_014,high,497.06082974526737,103,1851,551,533,888,874.2484733436617
high_014,high,497.06082974526737,103,1851,551,533,889,876.606520410577
high_014,high,497.06082974526737,103,1851,551,533,1636,611.618494535044
high_014,high,497.06082974526737,103,1851,551,533,1643,525.2630408858774
high_014,high,497.06082974526737,103,1851,551,533,2127,519.6487049559357
high_014,high,497.06082974526737,103,1851,551,533,2128,518.7643649703438
high_015,high,439.00510417460555,96,1814,588,568,40,552.8550234981195
high_015,high,439.00510417460555,96,1814,588,568,47,573.411077831263
high_015,high,439.00510417460555,96,1814,588,568,50,548.6597387486418
high_015,high,439.00510417460555,96,1814,588,568,60,587.2998727813588
high_015,high,439.00510417460555,96,1814,588,568,70,546.7651003537386
high_015,high,439.00510417460555,96,1814,588,568,73,553.0532700425905
high_015,high,439.00510417460555,96,1814,588,568,74,553.9946781535759
high_015,high,439.00510417460555,96,1814,588,568,77,557.3327752511804
high_015,high,439.00510417460555,96,1814,588,568,79,558.1906792446803
high_015,high,439.00510417460555,96,1814,588,568,86,550.2238793676045
high_015,high,439.00510417460555,96,1814,588,568,88,551.0083368421541
high_015,high,439.00510417460555,96,1814,588,568,90,573.5946233437774
high_015,high,439.00510417460555,96,1814,588,568,92,544.7446474705552
high_015,high,439.00510417460555,96,1814,588,568,98,547.0738663267362
high_015,high,439.00510417460555,96,1814,588,568,110,573.4351776246883
high_015,high,439.00510417460555,96,1814,588,568,116,569.3002635741059
high_015,high,439.00510417460555,96,1814,588,568,117,569.4296290240874
high_015,high,439.00510417460555,96,1814,588,568,123,570.4192669441981
high_015,high,439.00510417460555,96,1814,588,568,124,571.0376944400474
high_015,high,439.00510417460555,96,1814,588,568,133,563.7789444448554
high_015,high,439.00510417460555,96,1814,588,568,137,565.2358166656588
high_015,high,439.00510417460555,96,1814,588,568,151,577.42118301609
high_015,high,439.00510417460555,96,1814,588,568,160,575.3673581398807
high_015,high,439.00510417460555,96,1814,588,568,168,644.3853807153395
high_015,high,439.00510417460555,96,1814,588,568,172,660.4199590962617
high_015,high,439.00510417460555,96,1814,588,568,175,645.3187823123559
high_015,high,439.00510417460555,96,1814,588,568,177,662.4815496732496
high_015,high,439.00510417460555,96,1814,588,568,183,641.1874635423555
high_015,high,439.00510417460555,96,1814,588,568,196,636.0416459693099
high_015,high,439.00510417460555,96,1814,588,568,201,642.6730387470549
high_015,high,439.00510417460555,96,1814,588,568,202,641.822260149441
high_015,high,439.00510417460555,96,1814,588,568,206,643.5986247769109
high_015,high,439.00510417460555,96,1814,588,568,208,637.4550472032806
high_015,high,439.00510417460555,96,1814,588,568,212,637.0266099190445
high_015,high,439.00510417460555,96,1814,588,568,224,648.5545071411027
high_015,high,439.00510417460555,96,1814,588,568,226,651.6154351142774
high_015,high,439.00510417460555,96,1814,588,568,232,702.6969563863231
high_015,high,439.00510417460555,96,1814,588,568,235,707.8200732317633
high_015,high,439.00510417460555,96,1814,588,568,239,694.707546939714
high_015,high,439.00510417460555,96,1814,588,568,241,692.9933463581984
high_015,high,439.00510417460555,96,1814,588,568,242,701.7873956687066
high_015,high,439.00510417460555,96,1814,588,568,243,701.0905211626183
high_015,high,439.00510417460555,96,1814,588,568,246,693.1860234668666
high_015,high,439.00510417460555,96,1814,588,568,254,701.9379845525184
high_015,high,439.00510417460555,96,1814,588,568,274,698.5920347496126
high_015,high,439.00510417460555,96,1814,588,568,282,693.8904881760146
high_015,high,439.00510417460555,96,1814,588,568,295,713.2021451200385
high_015,high,439.00510417460555,96,1814,588,568,297,714.2685682206018
high_015,high,439.00510417460555,96,1814,588,568,310,746.3479291065048
high_015,high,439.00510417460555,96,1814,588,568,548,486.05750161142953
high_015,high,439.00510417460555,96,1814,588,568,560,589.309646465496
high_015,high,439.00510417460555,96,1814,588,568,564,505.48402798000063
high_015,high,439.00510417460555,96,1814,588,568,567,508.8868581026072
high_015,high,439.00510417460555,96,1814,588,568,568,513.2842391856749
high_015,high,439.00510417460555,96,1814,588,568,610,486.5720572535416
high_015,high,439.00510417460555,96,1814,588,568,658,571.587004879608
high_015,high,439.00510417460555,96,1814,588,568,675,600.0128579895717
high_015,high,439.00510417460555,96,1814,588,568,677,595.6560158859918
high_015,high,439.00510417460555,96,1814,588,568,685,598.2102586573666
high_015,high,439.00510417460555,96,1814,588,568,687,597.8977320991642
high_015,high,439.00510417460555,96,1814,588,568,692,603.5248855910521
high_015,high,439.00510417460555,96,1814,588,568,718,789.3267931084201
high_015,high,439.00510417460555,96,1814,588,568,721,797.8621285203254
high_015,high,439.00510417460555,96,1814,588,568,723,803.2748330304976
high_015,high,439.00510417460555,96,1814,588,568,730,793.6227115328523
high_015,high,439.00510417460555,96,1814,588,568,733,797.8014043559969
high_015,high,439.00510417460555,96,1814,588,568,735,800.0601571369465
high_015,high,439.00510417460555,96,1814,588,568,746,813.4548901567302
high_015,high,439.00510417460555,96,1814,588,568,752,798.2189980698953
high_015,high,439.00510417460555,96,1814,588,568,761,785.8352939028998
high_015,high,439.00510417460555,96,1814,588,568,769,802.3548680808707
high_015,high,439.00510417460555,96,1814,588,568,774,787.4736158886659
high_015,high,439.00510417460555,96,1814,588,568,780,799.1466686454672
high_015,high,439.00510417460555,96,1814,588,568,792,793.6928914157801
high_015,high,439.00510417460555,96,1814,588,568,793,783.9100743930154
high_015,high,439.00510417460555,96,1814,588,568,794,788.0887672161598
high_015,high,439.00510417460555,96,1814,588,568,801,783.953006228626
high_015,high,439.00510417460555,96,1814,588,568,818,795.3287261559329
high_015,high,439.00510417460555,96,1814,588,568,824,794.0784657982342
high_015,high,439.00510417460555,96,1814,588,568,826,785.0934410137605
high_015,high,439.00510417460555,96,1814,588,568,829,787.7909795779839
high_015,high,439.00510417460555,96,1814,588,568,847,792.8956688961663
high_015,high,439.00510417460555,96,1814,588,568,849,792.7583566994916
high_015,high,439.00510417460555,96,1814,588,568,861,789.7828318523591
high_015,high,439.00510417460555,96,1814,588,568,865,792.7923402564963
high_015,high,439.00510417460555,96,1814,588,568,871,874.2484733436617
high_015,high,439.00510417460555,96,1814,588,568,1536,487.761114759802
high_015,high,439.00510417460555,96,1814,588,568,1623,481.52528261341615
high_015,high,439.00510417460555,96,1814,588,568,1627,487.16605794058046
high_015,high,439.00510417460555,96,1814,588,568,1637,593.0474861423077
high_015,high,439.00510417460555,96,1814,588,568,1643,525.2630408858774
high_015,high,439.00510417460555,96,1814,588,568,2229,481.09462759883155
high_015,high,439.00510417460555,96,1814,588,568,2339,588.1605694991475
high_015,high,439.00510417460555,96,1814,588,568,2347,492.6463744000544
high_015,high,439.00510417460555,96,1814,588,568,2400,650.5149098484571
high_015,high,439.00510417460555,96,1814,588,568,2401,672.886271766872
high_016,high,578.5959003191074,80,1993,409,395,105,620.1940644711176
high_016,high,578.5959003191074,80,1993,409,395,155,620.8100186433468
high_016,high,578.5959003191074,80,1993,409,395,156,622.6870513472907
high_016,high,578.5959003191074,80,1993,409,395,165,637.4893847443245
high_016,high,578.5959003191074,80,1993,409,395,169,655.8981463574353
high_016,high,578.5959003191074,80,1993,409,395,171,638.8619591926968
high_016,high,578.5959003191074,80,1993,409,395,180,640.5916821105504
high_016,high,578.5959003191074,80,1993,409,395,193,639.9294235355289
high_016,high,578.5959003191074,80,1993,409,395,196,636.0416459693099
high_016,high,578.5959003191074,80,1993,409,395,199,636.7655153568172
high_016,high,578.5959003191074,80,1993,409,395,201,642.6730387470549
high_016,high,578.5959003191074,80,1993,409,395,211,651.3527474101639
high_016,high,578.5959003191074,80,1993,409,395,213,638.2098199508152
high_016,high,578.5959003191074,80,1993,409,395,217,644.7172951566542
high_016,high,578.5959003191074,80,1993,409,395,221,647.927117424296
high_016,high,578.5959003191074,80,1993,409,395,225,651.5289994554137
high_016,high,578.5959003191074,80,1993,409,395,231,692.2370814169777
high_016,high,578.5959003191074,80,1993,409,395,233,699.0082091530453
high_016,high,578.5959003191074,80,1993,409,395,249,693.2535201044548
high_016,high,578.5959003191074,80,1993,409,395,254,701.9379845525184
high_016,high,578.5959003191074,80,1993,409,395,255,695.0484238534156
high_016,high,578.5959003191074,80,1993,409,395,256,698.6809266650239
high_016,high,578.5959003191074,80,1993,409,395,259,699.0857254244921
high_016,high,578.5959003191074,80,1993,409,395,261,706.156290385119
high_016,high,578.5959003191074,80,1993,409,395,263,692.2370814169777
high_016,high,578.5959003191074,80,1993,409,395,269,696.3491638007521
high_016,high,578.5959003191074,80,1993,409,395,274,698.5920347496126
high_016,high,578.5959003191074,80,1993,409,395,279,695.6573242614611
high_016,high,578.5959003191074,80,1993,409,395,280,693.186260709365
high_016,high,578.5959003191074,80,1993,409,395,282,693.8904881760146
high_016,high,578.5959003191074,80,1993,409,395,286,694.5678422297934
high_016,high,578.5959003191074,80,1993,409,395,288,697.1227184900887
high_016,high,578.5959003191074,80,1993,409,395,292,712.1468368869175
high_016,high,578.5959003191074,80,1993,409,395,296,712.1468368869175
high_016,high,578.5959003191074,80,1993,409,395,305,716.8516573676255
high_016,high,578.5959003191074,80,1993,409,395,315,746.3479291065048
high_016,high,578.5959003191074,80,1993,409,395,560,636.6643655220876
high_016,high,578.5959003191074,80,1993,409,395,674,616.5214530159451
high_016,high,578.5959003191074,80,1993,409,395,682,639.8494827392433
high_016,high,578.5959003191074,80,1993,409,395,685,600.5705652078902
high_016,high,578.5959003191074,80,1993,409,395,687,632.2480820798501
high_016,high,578.5959003191074,80,1993,409,395,713,690.0988572067555
high_016,high,578.5959003191074,80,1993,409,395,720,794.5444081217781
high_016,high,578.5959003191074,80,1993,409,395,721,797.8621285203254
high_016,high,578.5959003191074,80,1993,409,395,736,782.6677602995428
high_016,high,578.5959003191074,80,1993,409,395,742,800.70216830072
high_016,high,578.5959003191074,80,1993,409,395,744,808.4688492021031
high_016,high,578.5959003191074,80,1993,409,395,745,812.1023793465511
high_016,high,578.5959003191074,80,1993,409,395,750,795.9041466051841
high_016,high,578.5959003191074,80,1993,409,395,755,791.7862029957263
high_016,high,578.5959003191074,80,1993,409,395,758,791.2447825393449
high_016,high,578.5959003191074,80,1993,409,395,759,782.6677602995428
high_016,high,578.5959003191074,80,1993,409,395,764,796.2936968914166
high_016,high,578.5959003191074,80,1993,409,395,766,805.6820575141672
high_016,high,578.5959003191074,80,1993,409,395,773,783.5993878038105
high_016,high,578.5959003191074,80,1993,409,395,783,784.9134991135697
high_016,high,578.5959003191074,80,1993,409,395,784,783.7122463281084
high_016,high,578.5959003191074,80,1993,409,395,793,783.9100743930154
high_016,high,578.5959003191074,80,1993,409,395,796,803.2748330304976
high_016,high,578.5959003191074,80,1993,409,395,801,783.953006228626
high_016,high,578.5959003191074,80,1993,409,395,803,786.8831546756995
high_016,high,578.5959003191074,80,1993,409,395,806,793.6415164536355
high_016,high,578.5959003191074,80,1993,409,395,813,783.5526648823072
high_016,high,578.5959003191074,80,1993,409,395,820,786.6205779186399
high_016,high,578.5959003191074,80,1993,409,395,830,795.4337016247945
high_016,high,578.5959003191074,80,1993,409,395,838,788.0485975283544
high_016,high,578.5959003191074,80,1993,409,395,844,795.8226037018438
high_016,high,578.5959003191074,80,1993,409,395,848,793.3789652691232
high_016,high,578.5959003191074,80,1993,409,395,852,797.8621285203254
high_016,high,578.5959003191074,80,1993,409,395,853,782.6677602995428
high_016,high,578.5959003191074,80,1993,409,395,858,788.2761061339194
high_016,high,578.5959003191074,80,1993,409,395,865,792.7923402564963
high_016,high,578.5959003191074,80,1993,409,395,870,875.788958225759
high_016,high,578.5959003191074,80,1993,409,395,875,874.2484733436617
high_016,high,578.5959003191074,80,1993,409,395,880,874.2484733436617
high_016,high,578.5959003191074,80,1993,409,395,887,876.6808512125316
high_016,high,578.5959003191074,80,1993,409,395,889,876.606520410577
high_016,high,578.5959003191074,80,1993,409,395,1633,629.7007391902042
high_016,high,578.5959003191074,80,1993,409,395,1637,631.6110951433312
high_016,high,578.5959003191074,80,1993,409,395,2342,635.6915588481204
high_017,high,399.534687919309,111,1771,631,610,27,494.3989064271889
high_017,high,399.534687919309,111,1771,631,610,42,555.1153735292443
high_017,high,399.534687919309,111,1771,631,610,45,556.9693170434182
high_017,high,399.534687919309,111,1771,631,610,51,549.0734421862895
high_017,high,399.534687919309,111,1771,631,610,59,587.6195820624536
high_017,high,399.534687919309,111,1771,631,610,63,549.4181099526992
high_017,high,399.534687919309,111,1771,631,610,73,553.0532700425905
high_017,high,399.534687919309,111,1771,631,610,74,553.9946781535759
high_017,high,399.534687919309,111,1771,631,610,88,551.0083368421541
high_017,high,399.534687919309,111,1771,631,610,96,545.3234224510876
high_017,high,399.534687919309,111,1771,631,610,101,560.2412102128715
high_017,high,399.534687919309,111,1771,631,610,103,559.848358732298
high_017,high,399.534687919309,111,1771,631,610,106,551.9870924043248
high_017,high,399.534687919309,111,1771,631,610,108,547.8898136383561
high_017,high,399.534687919309,111,1771,631,610,111,576.5517739032198
high_017,high,399.534687919309,111,1771,631,610,114,568.3085423720651
high_017,high,399.534687919309,111,1771,631,610,119,570.2209488216107
high_017,high,399.534687919309,111,1771,631,610,122,576.5955970198564
high_017,high,399.534687919309,111,1771,631,610,134,564.3106239476047
high_017,high,399.534687919309,111,1771,631,610,180,640.5916821105504
high_017,high,399.534687919309,111,1771,631,610,195,640.8347400595266
high_017,high,399.534687919309,111,1771,631,610,196,636.0416459693099
high_017,high,399.534687919309,111,1771,631,610,199,636.7655153568172
high_017,high,399.534687919309,111,1771,631,610,200,644.6143277605532
high_017,high,399.534687919309,111,1771,631,610,201,642.6730387470549
high_017,high,399.534687919309,111,1771,631,610,208,637.4550472032806
high_017,high,399.534687919309,111,1771,631,610,209,647.3967373464193
high_017,high,399.534687919309,111,1771,631,610,213,638.2098199508152
high_017,high,399.534687919309,111,1771,631,610,219,646.4757060446872
high_017,high,399.534687919309,111,1771,631,610,220,648.7547667633744
high_017,high,399.534687919309,111,1771,631,610,221,647.927117424296
high_017,high,399.534687919309,111,1771,631,610,223,643.1665889855386
high_017,high,399.534687919309,111,1771,631,610,235,707.8200732317633
high_017,high,399.534687919309,111,1771,631,610,238,692.2370814169777
high_017,high,399.534687919309,111,1771,631,610,247,700.2657903217379
high_017,high,399.534687919309,111,1771,631,610,251,695.675379814367
high_017,high,399.534687919309,111,1771,631,610,260,692.2370814169777
high_017,high,399.534687919309,111,1771,631,610,264,696.9829783818076
high_017,high,399.534687919309,111,1771,631,610,269,696.3491638007521
high_017,high,399.534687919309,111,1771,631,610,272,694.1613262943649
high_017,high,399.534687919309,111,1771,631,610,280,693.186260709365
high_017,high,399.534687919309,111,1771,631,610,299,712.1468368869175
high_017,high,399.534687919309,111,1771,631,610,306,716.8516573676255
high_017,high,399.534687919309,111,1771,631,610,311,752.6951731322458
high_017,high,399.534687919309,111,1771,631,610,350,455.4204127984555
high_017,high,399.534687919309,111,1771,631,610,359,436.3478360990013
high_017,high,399.534687919309,111,1771,631,610,365,424.09825244862475
high_017,high,399.534687919309,111,1771,631,610,546,429.9628120556947
high_017,high,399.534687919309,111,1771,631,610,547,451.9516530488585
high_017,high,399.534687919309,111,1771,631,610,549,449.887276184551
high_017,high,399.534687919309,111,1771,631,610,554,498.0411924639419
high_017,high,399.534687919309,111,1771,631,610,556,524.3632578156611
high_017,high,399.534687919309,111,1771,631,610,561,587.5746670385457
high_017,high,399.534687919309,111,1771,631,610,564,505.48402798000063
high_017,high,399.534687919309,111,1771,631,610,660,529.8830803817966
high_017,high,399.534687919309,111,1771,631,610,662,532.5683656760467
high_017,high,399.534687919309,111,1771,631,610,670,587.2998727813588
high_017,high,399.534687919309,111,1771,631,610,671,583.9163454109107
high_017,high,399.534687919309,111,1771,631,610,674,598.7256195197028
high_017,high,399.534687919309,111,1771,631,610,678,596.1558637973505
high_017,high,399.534687919309,111,1771,631,610,680,598.2102586573666
high_017,high,399.534687919309,111,1771,631,610,690,630.0567355452351
high_017,high,399.534687919309,111,1771,631,610,691,596.9065951491899
high_017,high,399.534687919309,111,1771,631,610,692,603.5248855910521
high_017,high,399.534687919309,111,1771,631,610,693,596.3468178315959
high_017,high,399.534687919309,111,1771,631,610,723,803.2748330304976
high_017,high,399.534687919309,111,1771,631,610,725,811.2704788773182
high_017,high,399.534687919309,111,1771,631,610,726,783.6781085995611
high_017,high,399.534687919309,111,1771,631,610,728,794.690698841271
high_017,high,399.534687919309,111,1771,631,610,734,798.5919678394266
high_017,high,399.534687919309,111,1771,631,610,752,798.2189980698953
high_017,high,399.534687919309,111,1771,631,610,757,785.5921897586769
high_017,high,399.534687919309,111,1771,631,610,769,802.3548680808707
high_017,high,399.534687919309,111,1771,631,610,776,782.6677602995428
high_017,high,399.534687919309,111,1771,631,610,781,791.4308006744615
high_017,high,399.534687919309,111,1771,631,610,784,783.7122463281084
high_017,high,399.534687919309,111,1771,631,610,802,790.0287141810461
high_017,high,399.534687919309,111,1771,631,610,812,841.4364476212364
high_017,high,399.534687919309,111,1771,631,610,817,792.8851302753445
high_017,high,399.534687919309,111,1771,631,610,819,786.4975427732093
high_017,high,399.534687919309,111,1771,631,610,820,786.6205779186399
high_017,high,399.534687919309,111,1771,631,610,823,791.6460879293643
high_017,high,399.534687919309,111,1771,631,610,830,795.4337016247945
high_017,high,399.534687919309,111,1771,631,610,832,782.6677602995428
high_017,high,399.534687919309,111,1771,631,610,833,785.1048945506589
high_017,high,399.534687919309,111,1771,631,610,838,788.0485975283544
high_017,high,399.534687919309,111,1771,631,610,841,785.2697850547416
high_017,high,399.534687919309,111,1771,631,610,843,785.3550927220414
high_017,high,399.534687919309,111,1771,631,610,844,795.8226037018438
high_017,high,399.534687919309,111,1771,631,610,852,797.8621285203254
high_017,high,399.534687919309,111,1771,631,610,854,788.9951782497461
high_017,high,399.534687919309,111,1771,631,610,859,786.6690360886429
high_017,high,399.534687919309,111,1771,631,610,860,797.9274948872758
high_017,high,399.534687919309,111,1771,631,610,865,792.7923402564963
high_017,high,399.534687919309,111,1771,631,610,875,874.2484733436617
high_017,high,399.534687919309,111,1771,631,610,876,875.493008971195
high_017,high,399.534687919309,111,1771,631,610,877,874.2484733436617
high_017,high,399.534687919309,111,1771,631,610,879,874.2484733436617
high_017,high,399.534687919309,111,1771,631,610,884,875.3664263932063
high_017,high,399.534687919309,111,1771,631,610,886,875.4893923641166
high_017,high,399.534687919309,111,1771,631,610,1601,446.66846518605433
high_017,high,399.534687919309,111,1771,631,610,1611,439.21297945919923
high_017,high,399.534687919309,111,1771,631,610,1618,453.1195669111068
high_017,high,399.534687919309,111,1771,631,610,1632,522.38473171584
high_017,high,399.534687919309,111,1771,631,610,1635,659.4642138814386
high_017,high,399.534687919309,111,1771,631,610,1643,525.2630408858774
high_017,high,399.534687919309,111,1771,631,610,2127,516.1693033070871
high_017,high,399.534687919309,111,1771,631,610,2196,433.3827267720012
high_017,high,399.534687919309,111,1771,631,610,2324,421.41022085629675
high_017,high,399.534687919309,111,1771,631,610,2342,589.309646465496
high_017,high,399.534687919309,111,1771,631,610,2348,487.0109892892962
high_018,high,608.7586632850929,60,2055,347,334,91,635.1351354890749
high_018,high,608.7586632850929,60,2055,347,334,165,637.4893847443245
high_018,high,608.7586632850929,60,2055,347,334,169,655.8981463574353
high_018,high,608.7586632850929,60,2055,347,334,171,660.5521802573792
high_018,high,608.7586632850929,60,2055,347,334,179,640.9542138124351
high_018,high,608.7586632850929,60,2055,347,334,184,648.957544085597
high_018,high,608.7586632850929,60,2055,347,334,191,667.6115548769124
high_018,high,608.7586632850929,60,2055,347,334,196,636.0416459693099
high_018,high,608.7586632850929,60,2055,347,334,199,663.2193556150045
high_018,high,608.7586632850929,60,2055,347,334,201,659.3195453424133
high_018,high,608.7586632850929,60,2055,347,334,220,665.8121317236787
high_018,high,608.7586632850929,60,2055,347,334,222,657.2124392281341
high_018,high,608.7586632850929,60,2055,347,334,223,650.2343936538365
high_018,high,608.7586632850929,60,2055,347,334,229,692.2370814169777
high_018,high,608.7586632850929,60,2055,347,334,232,702.6969563863231
high_018,high,608.7586632850929,60,2055,347,334,235,707.8200732317633
high_018,high,608.7586632850929,60,2055,347,334,248,700.9705984639436
high_018,high,608.7586632850929,60,2055,347,334,250,694.4518332668458
high_018,high,608.7586632850929,60,2055,347,334,252,692.2370814169777
high_018,high,608.7586632850929,60,2055,347,334,263,692.2370814169777
high_018,high,608.7586632850929,60,2055,347,334,265,695.2916318383554
high_018,high,608.7586632850929,60,2055,347,334,272,694.1613262943649
high_018,high,608.7586632850929,60,2055,347,334,275,702.3153000184943
high_018,high,608.7586632850929,60,2055,347,334,276,703.1182524651521
high_018,high,608.7586632850929,60,2055,347,334,281,693.2552648907703
high_018,high,608.7586632850929,60,2055,347,334,310,746.3479291065048
high_018,high,608.7586632850929,60,2055,347,334,312,747.2828819771372
high_018,high,608.7586632850929,60,2055,347,334,713,690.0988572067555
high_018,high,608.7586632850929,60,2055,347,334,723,803.2748330304976
high_018,high,608.7586632850929,60,2055,347,334,735,800.0601571369465
high_018,high,608.7586632850929,60,2055,347,334,743,802.2841339347094
high_018,high,608.7586632850929,60,2055,347,334,750,795.9041466051841
high_018,high,608.7586632850929,60,2055,347,334,753,807.9055413773542
high_018,high,608.7586632850929,60,2055,347,334,755,791.7862029957263
high_018,high,608.7586632850929,60,2055,347,334,756,782.6677602995428
high_018,high,608.7586632850929,60,2055,347,334,764,796.2936968914166
high_018,high,608.7586632850929,60,2055,347,334,774,787.4736158886659
high_018,high,608.7586632850929,60,2055,347,334,778,794.0784657982342
high_018,high,608.7586632850929,60,2055,347,334,786,784.8974399724011
high_018,high,608.7586632850929,60,2055,347,334,787,791.4922657268133
high_018,high,608.7586632850929,60,2055,347,334,788,791.6576787558417
high_018,high,608.7586632850929,60,2055,347,334,792,793.6928914157801
high_018,high,608.7586632850929,60,2055,347,334,798,795.5363101767468
high_018,high,608.7586632850929,60,2055,347,334,805,784.7173408533552
high_018,high,608.7586632850929,60,2055,347,334,811,804.6597679588986
high_018,high,608.7586632850929,60,2055,347,334,812,841.4364476212364
high_018,high,608.7586632850929,60,2055,347,334,813,783.5526648823072
high_018,high,608.7586632850929,60,2055,347,334,837,786.7571792154567
high_018,high,608.7586632850929,60,2055,347,334,842,798.1867979588502
high_018,high,608.7586632850929,60,2055,347,334,845,789.7670708202182
high_018,high,608.7586632850929,60,2055,347,334,851,794.5444081217781
high_018,high,608.7586632850929,60,2055,347,334,854,788.9951782497461
high_018,high,608.7586632850929,60,2055,347,334,858,788.2761061339194
high_018,high,608.7586632850929,60,2055,347,334,862,789.7950453578388
high_018,high,608.7586632850929,60,2055,347,334,865,792.7923402564963
high_018,high,608.7586632850929,60,2055,347,334,870,875.788958225759
high_018,high,608.7586632850929,60,2055,347,334,878,874.2484733436617
high_018,high,608.7586632850929,60,2055,347,334,886,875.4893923641166
high_018,high,608.7586632850929,60,2055,347,334,888,874.2484733436617
high_018,high,608.7586632850929,60,2055,347,334,889,876.606520410577
high_019,high,486.2158434835338,102,1844,558,539,32,583.3941530045158
high_019,high,486.2158434835338,102,1844,558,539,35,580.8283772117352
high_019,high,486.2158434835338,102,1844,558,539,45,556.9693170434182
high_019,high,486.2158434835338,102,1844,558,539,49,548.5032936228646
high_019,high,486.2158434835338,102,1844,558,539,51,549.0734421862895
high_019,high,486.2158434835338,102,1844,558,539,60,587.2998727813588
high_019,high,486.2158434835338,102,1844,558,539,70,546.7651003537386
high_019,high,486.2158434835338,102,1844,558,539,72,552.9350563952709
high_019,high,486.2158434835338,102,1844,558,539,73,553.0532700425905
high_019,high,486.2158434835338,102,1844,558,539,76,556.4425230939675
high_019,high,486.2158434835338,102,1844,558,539,80,558.6052636281448
high_019,high,486.2158434835338,102,1844,558,539,81,559.0213549340485
high_019,high,486.2158434835338,102,1844,558,539,84,576.3578781044064
high_019,high,486.2158434835338,102,1844,558,539,93,574.179587101504
high_019,high,486.2158434835338,102,1844,558,539,97,554.2291066084639
high_019,high,486.2158434835338,102,1844,558,539,103,559.848358732298
high_019,high,486.2158434835338,102,1844,558,539,111,576.5517739032198
high_019,high,486.2158434835338,102,1844,558,539,114,568.3085423720651
high_019,high,486.2158434835338,102,1844,558,539,118,579.5493179283791
high_019,high,486.2158434835338,102,1844,558,539,121,560.8979538966162
high_019,high,486.2158434835338,102,1844,558,539,123,570.4192669441981
high_019,high,486.2158434835338,102,1844,558,539,135,564.5092384944909
high_019,high,486.2158434835338,102,1844,558,539,139,566.0169589730989
high_019,high,486.2158434835338,102,1844,558,539,143,567.1007058885303
high_019,high,486.2158434835338,102,1844,558,539,146,571.587004879608
high_019,high,486.2158434835338,102,1844,558,539,149,573.3170037509601
high_019,high,486.2158434835338,102,1844,558,539,150,577.2666387817544
high_019,high,486.2158434835338,102,1844,558,539,153,578.4721676875439
high_019,high,486.2158434835338,102,1844,558,539,158,574.4075045315326
high_019,high,486.2158434835338,102,1844,558,539,160,575.3673581398807
high_019,high,486.2158434835338,102,1844,558,539,163,576.0076444130312
high_019,high,486.2158434835338,102,1844,558,539,171,638.8619591926968
high_019,high,486.2158434835338,102,1844,558,539,188,645.3373660341226
high_019,high,486.2158434835338,102,1844,558,539,189,645.3056416577962
high_019,high,486.2158434835338,102,1844,558,539,191,638.8296464700686
high_019,high,486.2158434835338,102,1844,558,539,195,640.8347400595266
high_019,high,486.2158434835338,102,1844,558,539,201,642.6730387470549
high_019,high,486.2158434835338,102,1844,558,539,208,637.4550472032806
high_019,high,486.2158434835338,102,1844,558,539,212,637.0266099190445
high_019,high,486.2158434835338,102,1844,558,539,218,645.6912113252067
high_019,high,486.2158434835338,102,1844,558,539,226,651.6154351142774
high_019,high,486.2158434835338,102,1844,558,539,234,701.8295267299648
high_019,high,486.2158434835338,102,1844,558,539,241,692.9933463581984
high_019,high,486.2158434835338,102,1844,558,539,250,694.4518332668458
high_019,high,486.2158434835338,102,1844,558,539,254,701.9379845525184
high_019,high,486.2158434835338,102,1844,558,539,260,692.2370814169777
high_019,high,486.2158434835338,102,1844,558,539,261,706.156290385119
high_019,high,486.2158434835338,102,1844,558,539,265,695.2916318383554
high_019,high,486.2158434835338,102,1844,558,539,268,696.0147853704823
high_019,high,486.2158434835338,102,1844,558,539,277,698.3978000807248
high_019,high,486.2158434835338,102,1844,558,539,287,694.4512797009743
high_019,high,486.2158434835338,102,1844,558,539,288,697.1227184900887
high_019,high,486.2158434835338,102,1844,558,539,292,712.1468368869175
high_019,high,486.2158434835338,102,1844,558,539,295,713.2021451200385
high_019,high,486.2158434835338,102,1844,558,539,300,712.1468368869175
high_019,high,486.2158434835338,102,1844,558,539,308,716.8516573676255
high_019,high,486.2158434835338,102,1844,558,539,310,746.3479291065048
high_019,high,486.2158434835338,102,1844,558,539,312,747.2828819771372
high_019,high,486.2158434835338,102,1844,558,539,555,562.8446369631413
high_019,high,486.2158434835338,102,1844,558,539,556,524.3632578156611
high_019,high,486.2158434835338,102,1844,558,539,559,536.1555318968406
high_019,high,486.2158434835338,102,1844,558,539,565,525.9144903964814
high_019,high,486.2158434835338,102,1844,558,539,568,514.2445791295418
high_019,high,486.2158434835338,102,1844,558,539,569,515.7084380136951
high_019,high,486.2158434835338,102,1844,558,539,658,571.587004879608
high_019,high,486.2158434835338,102,1844,558,539,659,527.1977950875465
high_019,high,486.2158434835338,102,1844,558,539,662,532.5683656760467
high_019,high,486.2158434835338,102,1844,558,539,669,581.4865779512797
high_019,high,486.2158434835338,102,1844,558,539,672,584.1021856707571
high_019,high,486.2158434835338,102,1844,558,539,675,600.0128579895717
high_019,high,486.2158434835338,102,1844,558,539,676,594.9738817301085
high_019,high,486.2158434835338,102,1844,558,539,684,594.9738817301085
high_019,high,486.2158434835338,102,1844,558,539,687,597.8977320991642
high_019,high,486.2158434835338,102,1844,558,539,689,603.3383763466318
high_019,high,486.2158434835338,102,1844,558,539,690,630.0567355452351
high_019,high,486.2158434835338,102,1844,558,539,719,790.3041122463405
high_019,high,486.2158434835338,102,1844,558,539,722,798.452064986975
high_019,high,486.2158434835338,102,1844,558,539,726,783.6781085995611
high_019,high,486.2158434835338,102,1844,558,539,728,794.690698841271
high_019,high,486.2158434835338,102,1844,558,539,734,798.5919678394266
high_019,high,486.2158434835338,102,1844,558,539,743,802.2841339347094
high_019,high,486.2158434835338,102,1844,558,539,754,809.6655240939391
high_019,high,486.2158434835338,102,1844,558,539,759,782.6677602995428
high_019,high,486.2158434835338,102,1844,558,539,775,788.0062448990162
high_019,high,486.2158434835338,102,1844,558,539,781,791.4308006744615
high_019,high,486.2158434835338,102,1844,558,539,793,783.9100743930154
high_019,high,486.2158434835338,102,1844,558,539,796,803.2748330304976
high_019,high,486.2158434835338,102,1844,558,539,803,786.8831546756995
high_019,high,486.2158434835338,102,1844,558,539,805,784.7173408533552
high_019,high,486.2158434835338,102,1844,558,539,820,786.6205779186399
high_019,high,486.2158434835338,102,1844,558,539,822,786.6273631996161
high_019,high,486.2158434835338,102,1844,558,539,828,787.7300504037429
high_019,high,486.2158434835338,102,1844,558,539,830,795.4337016247945
high_019,high,486.2158434835338,102,1844,558,539,833,785.1048945506589
high_019,high,486.2158434835338,102,1844,558,539,837,786.7571792154567
high_019,high,486.2158434835338,102,1844,558,539,849,792.7583566994916
high_019,high,486.2158434835338,102,1844,558,539,872,874.9283149691182
high_019,high,486.2158434835338,102,1844,558,539,887,876.6808512125316
high_019,high,486.2158434835338,102,1844,558,539,1631,512.2386082413901
high_019,high,486.2158434835338,102,1844,558,539,1632,543.7350126146317
high_019,high,486.2158434835338,102,1844,558,539,2339,588.1605694991475
high_019,high,486.2158434835338,102,1844,558,539,2397,646.443423602035
