scenario_id,level,reschedule_start_time,delayed_task_count,frozen_task_count,movable_task_count,eligible_delay_task_count,TaskID,release_time
low_000,low,66.35188212708854,20,331,384,369,33,172.34735595255566
low_000,low,66.35188212708854,20,331,384,369,41,149.52670955391338
low_000,low,66.35188212708854,20,331,384,369,64,144.9984527332598
low_000,low,66.35188212708854,20,331,384,369,71,145.05387035770573
low_000,low,66.35188212708854,20,331,384,369,78,151.2043821206082
low_000,low,66.35188212708854,20,331,384,369,129,160.80943020042363
low_000,low,66.35188212708854,20,331,384,369,160,163.91117229787528
low_000,low,66.35188212708854,20,331,384,369,165,192.0002230608721
low_000,low,66.35188212708854,20,331,384,369,198,191.72724847291877
low_000,low,66.35188212708854,20,331,384,369,205,194.18299220570856
low_000,low,66.35188212708854,20,331,384,369,213,192.4486609668615
low_000,low,66.35188212708854,20,331,384,369,265,245.4723003444209
low_000,low,66.35188212708854,20,331,384,369,267,245.70779348158973
low_000,low,66.35188212708854,20,331,384,369,293,261.0153733343846
low_000,low,66.35188212708854,20,331,384,369,299,259.09153170532784
low_000,low,66.35188212708854,20,331,384,369,306,263.220022237865
low_000,low,66.35188212708854,20,331,384,369,310,286.2588668438763
low_000,low,66.35188212708854,20,331,384,369,363,122.954419714159
low_000,low,66.35188212708854,20,331,384,369,666,174.31142421592116
low_000,low,66.35188212708854,20,331,384,369,712,245.4723003444209
low_001,low,86.86092596468296,13,343,372,358,34,173.56654127858667
low_001,low,86.86092596468296,13,343,372,358,38,141.10479256512596
low_001,low,86.86092596468296,13,343,372,358,63,144.94107081384783
low_001,low,86.86092596468296,13,343,372,358,67,142.11038970606896
low_001,low,86.86092596468296,13,343,372,358,68,142.22324103180878
low_001,low,86.86092596468296,13,343,372,358,100,142.7210703325431
low_001,low,86.86092596468296,13,343,372,358,119,159.67299142949025
low_001,low,86.86092596468296,13,343,372,358,126,154.00566970004408
low_001,low,86.86092596468296,13,343,372,358,147,161.39048596361312
low_001,low,86.86092596468296,13,343,372,358,152,165.86147405260132
low_001,low,86.86092596468296,13,343,372,358,179,193.03277985432268
low_001,low,86.86092596468296,13,343,372,358,255,244.91661846162765
low_001,low,86.86092596468296,13,343,372,358,293,261.0153733343846
low_002,low,103.98943411466544,16,359,356,342,59,172.78328579397228
low_002,low,103.98943411466544,16,359,356,342,88,145.89175203719412
low_002,low,103.98943411466544,16,359,356,342,109,150.4278598415586
low_002,low,103.98943411466544,16,359,356,342,130,161.02578588773935
low_002,low,103.98943411466544,16,359,356,342,133,155.00831036523567
low_002,low,103.98943411466544,16,359,356,342,179,193.03277985432268
low_002,low,103.98943411466544,16,359,356,342,228,242.3114843628087
low_002,low,103.98943411466544,16,359,356,342,257,249.2609499961078
low_002,low,103.98943411466544,16,359,356,342,273,249.0536633315719
low_002,low,103.98943411466544,16,359,356,342,284,245.2705368620096
low_002,low,103.98943411466544,16,359,356,342,300,259.09153170532784
low_002,low,103.98943411466544,16,359,356,342,559,133.42232578449858
low_002,low,103.98943411466544,16,359,356,342,568,126.19089814381948
low_002,low,103.98943411466544,16,359,356,342,674,188.70256878127336
low_002,low,103.98943411466544,16,359,356,342,681,188.99185811825117
low_002,low,103.98943411466544,16,359,356,342,683,188.9535839592292
low_003,low,80.54857221353899,20,342,373,359,32,174.24117887114622
low_003,low,80.54857221353899,20,342,373,359,46,143.63096026162876
low_003,low,80.54857221353899,20,342,373,359,91,139.72910096310574
low_003,low,80.54857221353899,20,342,373,359,120,153.20301193640228
low_003,low,80.54857221353899,20,342,373,359,124,160.75196576300974
low_003,low,80.54857221353899,20,342,373,359,133,155.00831036523567
low_003,low,80.54857221353899,20,342,373,359,146,161.37220907041555
low_003,low,80.54857221353899,20,342,373,359,157,168.194724221395
low_003,low,80.54857221353899,20,342,373,359,191,192.15721709233733
low_003,low,80.54857221353899,20,342,373,359,211,202.52286500683616
low_003,low,80.54857221353899,20,342,373,359,222,195.58619334347415
low_003,low,80.54857221353899,20,342,373,359,261,249.61000897288352
low_003,low,80.54857221353899,20,342,373,359,262,242.3114843628087
low_003,low,80.54857221353899,20,342,373,359,274,249.11032611693267
low_003,low,80.54857221353899,20,342,373,359,281,243.95027450586
low_003,low,80.54857221353899,20,342,373,359,282,243.97874823955223
low_003,low,80.54857221353899,20,342,373,359,310,286.2588668438763
low_003,low,80.54857221353899,20,342,373,359,361,88.13224531721755
low_003,low,80.54857221353899,20,342,373,359,570,126.10268026624846
low_003,low,80.54857221353899,20,342,373,359,675,189.95272473628967
low_004,low,90.89043598763826,13,344,371,357,49,144.04631202716865
low_004,low,90.89043598763826,13,344,371,357,110,162.03138338092535
low_004,low,90.89043598763826,13,344,371,357,120,153.20301193640228
low_004,low,90.89043598763826,13,344,371,357,123,159.96516871129825
low_004,low,90.89043598763826,13,344,371,357,156,167.26904221121043
low_004,low,90.89043598763826,13,344,371,357,158,163.47600678889677
low_004,low,90.89043598763826,13,344,371,357,228,242.3114843628087
low_004,low,90.89043598763826,13,344,371,357,251,247.1399998173795
low_004,low,90.89043598763826,13,344,371,357,257,249.2609499961078
low_004,low,90.89043598763826,13,344,371,357,570,126.10268026624846
low_004,low,90.89043598763826,13,344,371,357,658,168.26736374744485
low_004,low,90.89043598763826,13,344,371,357,679,187.85095658213237
low_004,low,90.89043598763826,13,344,371,357,683,188.9535839592292
low_005,low,87.89627553318857,12,344,371,357,45,150.6891611172482
low_005,low,87.89627553318857,12,344,371,357,55,170.67325344228837
low_005,low,87.89627553318857,12,344,371,357,78,151.2043821206082
low_005,low,87.89627553318857,12,344,371,357,84,164.90914282460244
low_005,low,87.89627553318857,12,344,371,357,108,143.37524292049304
low_005,low,87.89627553318857,12,344,371,357,120,153.20301193640228
low_005,low,87.89627553318857,12,344,371,357,126,154.00566970004408
low_005,low,87.89627553318857,12,344,371,357,137,156.56320405332053
low_005,low,87.89627553318857,12,344,371,357,170,192.1388993387521
low_005,low,87.89627553318857,12,344,371,357,363,122.954419714159
low_005,low,87.89627553318857,12,344,371,357,558,142.6747093104937
low_005,low,87.89627553318857,12,344,371,357,670,181.11503386392872
low_006,low,101.42050758771231,22,356,359,345,51,144.26912340418872
low_006,low,101.42050758771231,22,356,359,345,75,148.240493843894
low_006,low,101.42050758771231,22,356,359,345,87,172.34735595255566
low_006,low,101.42050758771231,22,356,359,345,139,156.917566093673
low_006,low,101.42050758771231,22,356,359,345,170,192.1388993387521
low_006,low,101.42050758771231,22,356,359,345,184,197.8306546887873
low_006,low,101.42050758771231,22,356,359,345,194,192.9797186619354
low_006,low,101.42050758771231,22,356,359,345,210,199.45077125484696
low_006,low,101.42050758771231,22,356,359,345,216,192.37276549198504
low_006,low,101.42050758771231,22,356,359,345,218,197.49333669515337
low_006,low,101.42050758771231,22,356,359,345,219,197.13101527141723
low_006,low,101.42050758771231,22,356,359,345,220,197.2131920469666
low_006,low,101.42050758771231,22,356,359,345,232,249.72551875590403
low_006,low,101.42050758771231,22,356,359,345,236,242.3114843628087
low_006,low,101.42050758771231,22,356,359,345,246,243.1813927989831
low_006,low,101.42050758771231,22,356,359,345,260,242.3114843628087
low_006,low,101.42050758771231,22,356,359,345,264,246.71701671932777
low_006,low,101.42050758771231,22,356,359,345,273,249.0536633315719
low_006,low,101.42050758771231,22,356,359,345,284,245.2705368620096
low_006,low,101.42050758771231,22,356,359,345,293,261.0153733343846
low_006,low,101.42050758771231,22,356,359,345,308,263.220022237865
low_006,low,101.42050758771231,22,356,359,345,372,120.82070113127246
low_007,low,72.78991925270618,22,337,378,363,53,141.66401679846737
low_007,low,72.78991925270618,22,337,378,363,55,170.67325344228837
low_007,low,72.78991925270618,22,337,378,363,58,172.34735595255566
low_007,low,72.78991925270618,22,337,378,363,94,162.86675899591532
low_007,low,72.78991925270618,22,337,378,363,109,150.4278598415586
low_007,low,72.78991925270618,22,337,378,363,111,164.84162092682473
low_007,low,72.78991925270618,22,337,378,363,150,165.58841744659966
low_007,low,72.78991925270618,22,337,378,363,155,166.67849257530904
low_007,low,72.78991925270618,22,337,378,363,165,192.0002230608721
low_007,low,72.78991925270618,22,337,378,363,168,197.0271859892964
low_007,low,72.78991925270618,22,337,378,363,170,192.1388993387521
low_007,low,72.78991925270618,22,337,378,363,189,196.41605863727176
low_007,low,72.78991925270618,22,337,378,363,257,249.2609499961078
low_007,low,72.78991925270618,22,337,378,363,263,242.3114843628087
low_007,low,72.78991925270618,22,337,378,363,314,286.2588668438763
low_007,low,72.78991925270618,22,337,378,363,558,142.6747093104937
low_007,low,72.78991925270618,22,337,378,363,579,104.56815603096796
low_007,low,72.78991925270618,22,337,378,363,659,168.43181842108987
low_007,low,72.78991925270618,22,337,378,363,662,169.40809383402464
low_007,low,72.78991925270618,22,337,378,363,663,169.51474358087958
low_007,low,72.78991925270618,22,337,378,363,669,176.1950983782915
low_007,low,72.78991925270618,22,337,378,363,675,189.95272473628967
low_008,low,87.30659202458818,17,343,372,358,49,144.04631202716865
low_008,low,87.30659202458818,17,343,372,358,71,145.05387035770573
low_008,low,87.30659202458818,17,343,372,358,162,164.16671695935457
low_008,low,87.30659202458818,17,343,372,358,169,199.5317821388916
low_008,low,87.30659202458818,17,343,372,358,179,193.03277985432268
low_008,low,87.30659202458818,17,343,372,358,201,194.38126080936192
low_008,low,87.30659202458818,17,343,372,358,233,249.61000897288352
low_008,low,87.30659202458818,17,343,372,358,255,244.91661846162765
low_008,low,87.30659202458818,17,343,372,358,272,243.14511630118048
low_008,low,87.30659202458818,17,343,372,358,305,269.74955781961995
low_008,low,87.30659202458818,17,343,372,358,364,115.99144719424454
low_008,low,87.30659202458818,17,343,372,358,560,140.99895097025396
low_008,low,87.30659202458818,17,343,372,358,567,122.05614919640792
low_008,low,87.30659202458818,17,343,372,358,570,126.10268026624846
low_008,low,87.30659202458818,17,343,372,358,661,171.50191610814156
low_008,low,87.30659202458818,17,343,372,358,674,188.70256878127336
low_008,low,87.30659202458818,17,343,372,358,678,187.639347308072
low_009,low,105.49208666887793,20,361,354,340,35,171.76044495054873
low_009,low,105.49208666887793,20,361,354,340,48,143.70781664530728
low_009,low,105.49208666887793,20,361,354,340,49,144.04631202716865
low_009,low,105.49208666887793,20,361,354,340,73,147.59668845109454
low_009,low,105.49208666887793,20,361,354,340,96,140.99895097025396
low_009,low,105.49208666887793,20,361,354,340,108,143.37524292049304
low_009,low,105.49208666887793,20,361,354,340,113,158.92864246750165
low_009,low,105.49208666887793,20,361,354,340,180,193.07550754184564
low_009,low,105.49208666887793,20,361,354,340,212,191.5519682321524
low_009,low,105.49208666887793,20,361,354,340,237,242.3114843628087
low_009,low,105.49208666887793,20,361,354,340,245,242.3114843628087
low_009,low,105.49208666887793,20,361,354,340,271,243.12883888271324
low_009,low,105.49208666887793,20,361,354,340,298,259.09153170532784
low_009,low,105.49208666887793,20,361,354,340,368,116.30404638577846
low_009,low,105.49208666887793,20,361,354,340,557,129.08620081230214
low_009,low,105.49208666887793,20,361,354,340,559,133.42232578449858
low_009,low,105.49208666887793,20,361,354,340,676,187.639347308072
low_009,low,105.49208666887793,20,361,354,340,680,189.27796903438576
low_009,low,105.49208666887793,20,361,354,340,683,188.9535839592292
low_009,low,105.49208666887793,20,361,354,340,688,189.0686496044762
low_010,low,102.17457989944279,20,357,358,344,39,141.49970907959482
low_010,low,102.17457989944279,20,357,358,344,67,142.11038970606896
low_010,low,102.17457989944279,20,357,358,344,112,146.95740877293312
low_010,low,102.17457989944279,20,357,358,344,114,158.99133742296718
low_010,low,102.17457989944279,20,357,358,344,133,155.00831036523567
low_010,low,102.17457989944279,20,357,358,344,156,167.26904221121043
low_010,low,102.17457989944279,20,357,358,344,165,192.0002230608721
low_010,low,102.17457989944279,20,357,358,344,171,192.07588053996375
low_010,low,102.17457989944279,20,357,358,344,176,202.8762028838766
low_010,low,102.17457989944279,20,357,358,344,187,204.48366790607287
low_010,low,102.17457989944279,20,357,358,344,190,190.7448461434097
low_010,low,102.17457989944279,20,357,358,344,199,191.3967096782245
low_010,low,102.17457989944279,20,357,358,344,250,247.1132493067352
low_010,low,102.17457989944279,20,357,358,344,255,244.91661846162765
low_010,low,102.17457989944279,20,357,358,344,262,242.3114843628087
low_010,low,102.17457989944279,20,357,358,344,308,263.220022237865
low_010,low,102.17457989944279,20,357,358,344,367,114.15874852567902
low_010,low,102.17457989944279,20,357,358,344,658,168.26736374744485
low_010,low,102.17457989944279,20,357,358,344,685,188.67494890791065
low_010,low,102.17457989944279,20,357,358,344,688,189.0686496044762
low_011,low,106.04624612781743,10,363,352,339,54,144.45916742917348
low_011,low,106.04624612781743,10,363,352,339,55,170.67325344228837
low_011,low,106.04624612781743,10,363,352,339,121,153.4534166771508
low_011,low,106.04624612781743,10,363,352,339,137,156.56320405332053
low_011,low,106.04624612781743,10,363,352,339,172,203.28235445097928
low_011,low,106.04624612781743,10,363,352,339,177,213.0787827803917
low_011,low,106.04624612781743,10,363,352,339,190,190.7448461434097
low_011,low,106.04624612781743,10,363,352,339,193,192.228223637242
low_011,low,106.04624612781743,10,363,352,339,261,249.61000897288352
low_011,low,106.04624612781743,10,363,352,339,300,259.09153170532784
low_012,low,108.31139946387226,18,363,352,339,47,163.30107683899035
low_012,low,108.31139946387226,18,363,352,339,54,144.45916742917348
low_012,low,108.31139946387226,18,363,352,339,58,172.34735595255566
low_012,low,108.31139946387226,18,363,352,339,76,150.2915277818732
low_012,low,108.31139946387226,18,363,352,339,81,152.13066584828243
low_012,low,108.31139946387226,18,363,352,339,91,139.72910096310574
low_012,low,108.31139946387226,18,363,352,339,109,150.4278598415586
low_012,low,108.31139946387226,18,363,352,339,114,158.99133742296718
low_012,low,108.31139946387226,18,363,352,339,121,153.4534166771508
low_012,low,108.31139946387226,18,363,352,339,185,200.9226268584094
low_012,low,108.31139946387226,18,363,352,339,207,193.19345151223536
low_012,low,108.31139946387226,18,363,352,339,212,191.5519682321524
low_012,low,108.31139946387226,18,363,352,339,235,254.4774333159818
low_012,low,108.31139946387226,18,363,352,339,237,242.3114843628087
low_012,low,108.31139946387226,18,363,352,339,282,243.97874823955223
low_012,low,108.31139946387226,18,363,352,339,686,187.639347308072
low_012,low,108.31139946387226,18,363,352,339,687,190.7448461434097
low_012,low,108.31139946387226,18,363,352,339,692,191.30869065484825
low_013,low,60.39107957461954,21,316,399,384,52,145.77336515558645
low_013,low,60.39107957461954,21,316,399,384,54,144.45916742917348
low_013,low,60.39107957461954,21,316,399,384,72,147.31338870477956
low_013,low,60.39107957461954,21,316,399,384,75,148.240493843894
low_013,low,60.39107957461954,21,316,399,384,103,152.5470110419019
low_013,low,60.39107957461954,21,316,399,384,144,158.27462951757423
low_013,low,60.39107957461954,21,316,399,384,145,158.6109800033558
low_013,low,60.39107957461954,21,316,399,384,147,161.39048596361312
low_013,low,60.39107957461954,21,316,399,384,153,168.83872769631836
low_013,low,60.39107957461954,21,316,399,384,159,164.02485128360664
low_013,low,60.39107957461954,21,316,399,384,180,193.07550754184564
low_013,low,60.39107957461954,21,316,399,384,200,195.4742495931885
low_013,low,60.39107957461954,21,316,399,384,208,191.3992850832046
low_013,low,60.39107957461954,21,316,399,384,268,245.86639243580623
low_013,low,60.39107957461954,21,316,399,384,275,253.07044744932267
low_013,low,60.39107957461954,21,316,399,384,282,243.97874823955223
low_013,low,60.39107957461954,21,316,399,384,300,259.09153170532784
low_013,low,60.39107957461954,21,316,399,384,304,263.220022237865
low_013,low,60.39107957461954,21,316,399,384,363,122.954419714159
low_013,low,60.39107957461954,21,316,399,384,371,108.99047361434226
low_013,low,60.39107957461954,21,316,399,384,557,129.08620081230214
low_014,low,97.53176208097794,17,351,364,350,43,149.72086002080718
low_014,low,97.53176208097794,17,351,364,350,58,172.34735595255566
low_014,low,97.53176208097794,17,351,364,350,64,144.9984527332598
low_014,low,97.53176208097794,17,351,364,350,79,151.70031036866985
low_014,low,97.53176208097794,17,351,364,350,82,152.25990157538337
low_014,low,97.53176208097794,17,351,364,350,85,166.3684764876154
low_014,low,97.53176208097794,17,351,364,350,114,158.99133742296718
low_014,low,97.53176208097794,17,351,364,350,174,203.74388743416677
low_014,low,97.53176208097794,17,351,364,350,178,194.0330782337104
low_014,low,97.53176208097794,17,351,364,350,191,192.15721709233733
low_014,low,97.53176208097794,17,351,364,350,203,193.2909107435133
low_014,low,97.53176208097794,17,351,364,350,204,195.2368686974945
low_014,low,97.53176208097794,17,351,364,350,205,194.18299220570856
low_014,low,97.53176208097794,17,351,364,350,209,199.79157580235508
low_014,low,97.53176208097794,17,351,364,350,239,243.0715150179951
low_014,low,97.53176208097794,17,351,364,350,297,259.09153170532784
low_014,low,97.53176208097794,17,351,364,350,688,189.0686496044762
low_015,low,103.66014118230109,16,359,356,342,32,174.24117887114622
low_015,low,103.66014118230109,16,359,356,342,46,143.63096026162876
low_015,low,103.66014118230109,16,359,356,342,70,142.6747093104937
low_015,low,103.66014118230109,16,359,356,342,78,151.2043821206082
low_015,low,103.66014118230109,16,359,356,342,90,162.28525586061846
low_015,low,103.66014118230109,16,359,356,342,96,140.99895097025396
low_015,low,103.66014118230109,16,359,356,342,101,153.04773448961438
low_015,low,103.66014118230109,16,359,356,342,191,192.15721709233733
low_015,low,103.66014118230109,16,359,356,342,195,193.24761256071764
low_015,low,103.66014118230109,16,359,356,342,208,191.3992850832046
low_015,low,103.66014118230109,16,359,356,342,368,116.30404638577846
low_015,low,103.66014118230109,16,359,356,342,371,109.70325264455089
low_015,low,103.66014118230109,16,359,356,342,561,138.62061252104672
low_015,low,103.66014118230109,16,359,356,342,662,169.40809383402464
low_015,low,103.66014118230109,16,359,356,342,681,188.99185811825117
low_015,low,103.66014118230109,16,359,356,342,684,188.28062789356125
low_016,low,95.11456842493914,16,348,367,353,41,149.52670955391338
low_016,low,95.11456842493914,16,348,367,353,42,148.71795411655054
low_016,low,95.11456842493914,16,348,367,353,70,142.6747093104937
low_016,low,95.11456842493914,16,348,367,353,72,147.31338870477956
low_016,low,95.11456842493914,16,348,367,353,74,147.89659723877088
low_016,low,95.11456842493914,16,348,367,353,94,162.86675899591532
low_016,low,95.11456842493914,16,348,367,353,95,140.6462286977859
low_016,low,95.11456842493914,16,348,367,353,136,156.48205667707688
low_016,low,95.11456842493914,16,348,367,353,179,193.03277985432268
low_016,low,95.11456842493914,16,348,367,353,209,199.79157580235508
low_016,low,95.11456842493914,16,348,367,353,215,190.7448461434097
low_016,low,95.11456842493914,16,348,367,353,292,259.09153170532784
low_016,low,95.11456842493914,16,348,367,353,366,117.93814671744532
low_016,low,95.11456842493914,16,348,367,353,610,108.45884838326583
low_016,low,95.11456842493914,16,348,367,353,684,188.28062789356125
low_016,low,95.11456842493914,16,348,367,353,685,188.67494890791065
low_017,low,97.70376732693128,12,351,364,350,35,171.76044495054873
low_017,low,97.70376732693128,12,351,364,350,90,162.28525586061846
low_017,low,97.70376732693128,12,351,364,350,127,154.2140796092201
low_017,low,97.70376732693128,12,351,364,350,245,242.3114843628087
low_017,low,97.70376732693128,12,351,364,350,246,243.1813927989831
low_017,low,97.70376732693128,12,351,364,350,258,249.72551875590403
low_017,low,97.70376732693128,12,351,364,350,561,138.62061252104672
low_017,low,97.70376732693128,12,351,364,350,579,104.67724684270323
low_017,low,97.70376732693128,12,351,364,350,674,188.70256878127336
low_017,low,97.70376732693128,12,351,364,350,682,187.639347308072
low_017,low,97.70376732693128,12,351,364,350,687,190.7448461434097
low_017,low,97.70376732693128,12,351,364,350,690,192.06344876657008
low_018,low,49.78590098073133,23,290,425,409,42,148.71795411655054
low_018,low,49.78590098073133,23,290,425,409,43,149.72086002080718
low_018,low,49.78590098073133,23,290,425,409,107,143.3439645598989
low_018,low,49.78590098073133,23,290,425,409,119,159.67299142949025
low_018,low,49.78590098073133,23,290,425,409,122,166.51751088205424
low_018,low,49.78590098073133,23,290,425,409,148,161.40065112868524
low_018,low,49.78590098073133,23,290,425,409,210,199.45077125484696
low_018,low,49.78590098073133,23,290,425,409,225,203.75109131542217
low_018,low,49.78590098073133,23,290,425,409,241,242.3114843628087
low_018,low,49.78590098073133,23,290,425,409,242,251.01310412784608
low_018,low,49.78590098073133,23,290,425,409,259,247.18626195681736
low_018,low,49.78590098073133,23,290,425,409,265,245.4723003444209
low_018,low,49.78590098073133,23,290,425,409,266,245.6460121162958
low_018,low,49.78590098073133,23,290,425,409,276,253.3073791228365
low_018,low,49.78590098073133,23,290,425,409,289,247.1132493067352
low_018,low,49.78590098073133,23,290,425,409,344,63.486528224358395
low_018,low,49.78590098073133,23,290,425,409,359,80.24678075694925
low_018,low,49.78590098073133,23,290,425,409,368,116.30404638577846
low_018,low,49.78590098073133,23,290,425,409,433,57.27857698180727
low_018,low,49.78590098073133,23,290,425,409,435,62.404325247577496
low_018,low,49.78590098073133,23,290,425,409,561,138.62061252104672
low_018,low,49.78590098073133,23,290,425,409,660,171.01005108409257
low_018,low,49.78590098073133,23,290,425,409,676,187.639347308072
low_019,low,48.794267112396135,15,290,425,409,60,173.27272192014635
low_019,low,48.794267112396135,15,290,425,409,69,142.6281324273636
low_019,low,48.794267112396135,15,290,425,409,112,146.95740877293312
low_019,low,48.794267112396135,15,290,425,409,125,153.4695553724327
low_019,low,48.794267112396135,15,290,425,409,133,155.00831036523567
low_019,low,48.794267112396135,15,290,425,409,140,178.90292036320662
low_019,low,48.794267112396135,15,290,425,409,237,242.3114843628087
low_019,low,48.794267112396135,15,290,425,409,253,245.2705368620096
low_019,low,48.794267112396135,15,290,425,409,268,245.86639243580623
low_019,low,48.794267112396135,15,290,425,409,275,253.07044744932267
low_019,low,48.794267112396135,15,290,425,409,277,247.8065727558686
low_019,low,48.794267112396135,15,290,425,409,303,263.220022237865
low_019,low,48.794267112396135,15,290,425,409,550,71.39832759936608
low_019,low,48.794267112396135,15,290,425,409,646,101.82488311279604
low_019,low,48.794267112396135,15,290,425,409,677,187.639347308072
medium_000,medium,170.99891551759532,20,510,205,194,32,181.7329131300401
medium_000,medium,170.99891551759532,20,510,205,194,35,184.6437406235806
medium_000,medium,170.99891551759532,20,510,205,194,58,195.33899292376617
medium_000,medium,170.99891551759532,20,510,205,194,201,196.85250411827974
medium_000,medium,170.99891551759532,20,510,205,194,214,197.3078530138244
medium_000,medium,170.99891551759532,20,510,205,194,216,196.59037253118632
medium_000,medium,170.99891551759532,20,510,205,194,217,196.4817481187664
medium_000,medium,170.99891551759532,20,510,205,194,219,202.22072101130664
medium_000,medium,170.99891551759532,20,510,205,194,247,249.98833416675305
medium_000,medium,170.99891551759532,20,510,205,194,260,242.3114843628087
medium_000,medium,170.99891551759532,20,510,205,194,281,243.95027450586
medium_000,medium,170.99891551759532,20,510,205,194,285,244.49180149678207
medium_000,medium,170.99891551759532,20,510,205,194,288,246.8685656894365
medium_000,medium,170.99891551759532,20,510,205,194,298,259.09153170532784
medium_000,medium,170.99891551759532,20,510,205,194,301,259.09153170532784
medium_000,medium,170.99891551759532,20,510,205,194,311,286.2588668438763
medium_000,medium,170.99891551759532,20,510,205,194,314,286.2588668438763
medium_000,medium,170.99891551759532,20,510,205,194,669,198.6342108821202
medium_000,medium,170.99891551759532,20,510,205,194,689,199.55917520055954
medium_000,medium,170.99891551759532,20,510,205,194,713,244.06279181242604
medium_001,medium,150.7753905582013,33,435,280,268,57,183.25816638584405
medium_001,medium,150.7753905582013,33,435,280,268,60,173.27272192014635
medium_001,medium,150.7753905582013,33,435,280,268,116,179.53840765652353
medium_001,medium,150.7753905582013,33,435,280,268,119,184.2586409332539
medium_001,medium,150.7753905582013,33,435,280,268,132,184.90430556431767
medium_001,medium,150.7753905582013,33,435,280,268,136,170.65077132110565
medium_001,medium,150.7753905582013,33,435,280,268,138,178.63245142918416
medium_001,medium,150.7753905582013,33,435,280,268,146,171.3834074543853
medium_001,medium,150.7753905582013,33,435,280,268,169,199.5317821388916
medium_001,medium,150.7753905582013,33,435,280,268,174,203.74388743416677
medium_001,medium,150.7753905582013,33,435,280,268,175,195.4395266007134
medium_001,medium,150.7753905582013,33,435,280,268,188,195.64424280161413
medium_001,medium,150.7753905582013,33,435,280,268,204,195.2368686974945
medium_001,medium,150.7753905582013,33,435,280,268,217,196.4817481187664
medium_001,medium,150.7753905582013,33,435,280,268,219,197.13101527141723
medium_001,medium,150.7753905582013,33,435,280,268,220,197.2131920469666
medium_001,medium,150.7753905582013,33,435,280,268,221,198.44921245305613
medium_001,medium,150.7753905582013,33,435,280,268,244,242.3114843628087
medium_001,medium,150.7753905582013,33,435,280,268,251,247.1399998173795
medium_001,medium,150.7753905582013,33,435,280,268,255,244.91661846162765
medium_001,medium,150.7753905582013,33,435,280,268,257,249.2609499961078
medium_001,medium,150.7753905582013,33,435,280,268,259,247.18626195681736
medium_001,medium,150.7753905582013,33,435,280,268,280,244.2385002488528
medium_001,medium,150.7753905582013,33,435,280,268,283,244.341270790698
medium_001,medium,150.7753905582013,33,435,280,268,285,244.49180149678207
medium_001,medium,150.7753905582013,33,435,280,268,292,259.09153170532784
medium_001,medium,150.7753905582013,33,435,280,268,296,259.09153170532784
medium_001,medium,150.7753905582013,33,435,280,268,306,263.220022237865
medium_001,medium,150.7753905582013,33,435,280,268,314,286.2588668438763
medium_001,medium,150.7753905582013,33,435,280,268,661,179.32015507852137
medium_001,medium,150.7753905582013,33,435,280,268,670,181.43860115611506
medium_001,medium,150.7753905582013,33,435,280,268,680,189.27796903438576
medium_001,medium,150.7753905582013,33,435,280,268,688,189.0686496044762
medium_002,medium,98.35375190016023,40,351,364,350,34,173.56654127858667
medium_002,medium,98.35375190016023,40,351,364,350,48,143.70781664530728
medium_002,medium,98.35375190016023,40,351,364,350,54,144.45916742917348
medium_002,medium,98.35375190016023,40,351,364,350,57,181.11503386392872
medium_002,medium,98.35375190016023,40,351,364,350,62,184.37183791922655
medium_002,medium,98.35375190016023,40,351,364,350,68,142.22324103180878
medium_002,medium,98.35375190016023,40,351,364,350,81,152.13066584828243
medium_002,medium,98.35375190016023,40,351,364,350,92,140.1876648304458
medium_002,medium,98.35375190016023,40,351,364,350,108,143.37524292049304
medium_002,medium,98.35375190016023,40,351,364,350,115,159.06406073184354
medium_002,medium,98.35375190016023,40,351,364,350,119,159.67299142949025
medium_002,medium,98.35375190016023,40,351,364,350,129,160.80943020042363
medium_002,medium,98.35375190016023,40,351,364,350,159,164.02485128360664
medium_002,medium,98.35375190016023,40,351,364,350,173,197.98586974874053
medium_002,medium,98.35375190016023,40,351,364,350,176,202.8762028838766
medium_002,medium,98.35375190016023,40,351,364,350,202,193.2653850367658
medium_002,medium,98.35375190016023,40,351,364,350,204,195.2368686974945
medium_002,medium,98.35375190016023,40,351,364,350,208,191.3992850832046
medium_002,medium,98.35375190016023,40,351,364,350,213,192.4486609668615
medium_002,medium,98.35375190016023,40,351,364,350,218,197.49333669515337
medium_002,medium,98.35375190016023,40,351,364,350,245,242.3114843628087
medium_002,medium,98.35375190016023,40,351,364,350,258,249.72551875590403
medium_002,medium,98.35375190016023,40,351,364,350,262,242.3114843628087
medium_002,medium,98.35375190016023,40,351,364,350,266,245.6460121162958
medium_002,medium,98.35375190016023,40,351,364,350,270,246.43613021897693
medium_002,medium,98.35375190016023,40,351,364,350,272,243.14511630118048
medium_002,medium,98.35375190016023,40,351,364,350,282,243.97874823955223
medium_002,medium,98.35375190016023,40,351,364,350,292,259.09153170532784
medium_002,medium,98.35375190016023,40,351,364,350,301,259.09153170532784
medium_002,medium,98.35375190016023,40,351,364,350,310,286.2588668438763
medium_002,medium,98.35375190016023,40,351,364,350,312,287.42485536047496
medium_002,medium,98.35375190016023,40,351,364,350,314,286.2588668438763
medium_002,medium,98.35375190016023,40,351,364,350,353,127.35019254138783
medium_002,medium,98.35375190016023,40,351,364,350,355,127.40053299627232
medium_002,medium,98.35375190016023,40,351,364,350,370,118.72415260676917
medium_002,medium,98.35375190016023,40,351,364,350,556,126.69649869864712
medium_002,medium,98.35375190016023,40,351,364,350,563,180.6759624174839
medium_002,medium,98.35375190016023,40,351,364,350,610,124.61157298526842
medium_002,medium,98.35375190016023,40,351,364,350,674,188.70256878127336
medium_002,medium,98.35375190016023,40,351,364,350,685,188.67494890791065
medium_003,medium,135.54638899253086,32,384,331,318,55,170.67325344228837
medium_003,medium,135.54638899253086,32,384,331,318,87,172.34735595255566
medium_003,medium,135.54638899253086,32,384,331,318,97,158.93086675254887
medium_003,medium,135.54638899253086,32,384,331,318,107,169.0784345213635
medium_003,medium,135.54638899253086,32,384,331,318,111,164.84162092682473
medium_003,medium,135.54638899253086,32,384,331,318,116,163.7544920578945
medium_003,medium,135.54638899253086,32,384,331,318,139,156.917566093673
medium_003,medium,135.54638899253086,32,384,331,318,141,157.2876515450158
medium_003,medium,135.54638899253086,32,384,331,318,165,192.0002230608721
medium_003,medium,135.54638899253086,32,384,331,318,179,193.03277985432268
medium_003,medium,135.54638899253086,32,384,331,318,181,190.7806835260312
medium_003,medium,135.54638899253086,32,384,331,318,195,193.24761256071764
medium_003,medium,135.54638899253086,32,384,331,318,200,195.4742495931885
medium_003,medium,135.54638899253086,32,384,331,318,214,197.3078530138244
medium_003,medium,135.54638899253086,32,384,331,318,218,197.49333669515337
medium_003,medium,135.54638899253086,32,384,331,318,223,195.8650280259389
medium_003,medium,135.54638899253086,32,384,331,318,229,242.3114843628087
medium_003,medium,135.54638899253086,32,384,331,318,245,242.3114843628087
medium_003,medium,135.54638899253086,32,384,331,318,249,244.19076351079332
medium_003,medium,135.54638899253086,32,384,331,318,251,247.1399998173795
medium_003,medium,135.54638899253086,32,384,331,318,254,252.2373287853513
medium_003,medium,135.54638899253086,32,384,331,318,256,248.99421963629655
medium_003,medium,135.54638899253086,32,384,331,318,266,245.6460121162958
medium_003,medium,135.54638899253086,32,384,331,318,271,243.12883888271324
medium_003,medium,135.54638899253086,32,384,331,318,273,249.0536633315719
medium_003,medium,135.54638899253086,32,384,331,318,288,246.8685656894365
medium_003,medium,135.54638899253086,32,384,331,318,679,187.85095658213237
medium_003,medium,135.54638899253086,32,384,331,318,680,189.27796903438576
medium_003,medium,135.54638899253086,32,384,331,318,682,187.639347308072
medium_003,medium,135.54638899253086,32,384,331,318,684,188.28062789356125
medium_003,medium,135.54638899253086,32,384,331,318,687,190.7448461434097
medium_003,medium,135.54638899253086,32,384,331,318,691,187.639347308072
medium_004,medium,143.1922506396624,33,404,311,299,48,161.3003160729163
medium_004,medium,143.1922506396624,33,404,311,299,59,172.78328579397228
medium_004,medium,143.1922506396624,33,404,311,299,82,170.02132009649756
medium_004,medium,143.1922506396624,33,404,311,299,83,164.71563667736848
medium_004,medium,143.1922506396624,33,404,311,299,87,172.34735595255566
medium_004,medium,143.1922506396624,33,404,311,299,102,178.9482694880685
medium_004,medium,143.1922506396624,33,404,311,299,105,177.78025346165862
medium_004,medium,143.1922506396624,33,404,311,299,125,154.47937052060936
medium_004,medium,143.1922506396624,33,404,311,299,132,175.54599252681072
medium_004,medium,143.1922506396624,33,404,311,299,138,175.0811966416846
medium_004,medium,143.1922506396624,33,404,311,299,149,169.8228256916415
medium_004,medium,143.1922506396624,33,404,311,299,176,202.8762028838766
medium_004,medium,143.1922506396624,33,404,311,299,182,194.49727268382816
medium_004,medium,143.1922506396624,33,404,311,299,186,200.71002775555192
medium_004,medium,143.1922506396624,33,404,311,299,199,191.3967096782245
medium_004,medium,143.1922506396624,33,404,311,299,207,193.19345151223536
medium_004,medium,143.1922506396624,33,404,311,299,242,251.01310412784608
medium_004,medium,143.1922506396624,33,404,311,299,248,250.03839311335707
medium_004,medium,143.1922506396624,33,404,311,299,250,247.1132493067352
medium_004,medium,143.1922506396624,33,404,311,299,256,248.99421963629655
medium_004,medium,143.1922506396624,33,404,311,299,276,253.3073791228365
medium_004,medium,143.1922506396624,33,404,311,299,286,244.50422511936048
medium_004,medium,143.1922506396624,33,404,311,299,292,259.09153170532784
medium_004,medium,143.1922506396624,33,404,311,299,294,260.2575202219265
medium_004,medium,143.1922506396624,33,404,311,299,297,259.09153170532784
medium_004,medium,143.1922506396624,33,404,311,299,298,259.09153170532784
medium_004,medium,143.1922506396624,33,404,311,299,304,263.220022237865
medium_004,medium,143.1922506396624,33,404,311,299,314,286.2588668438763
medium_004,medium,143.1922506396624,33,404,311,299,315,286.2588668438763
medium_004,medium,143.1922506396624,33,404,311,299,661,171.97329498101962
medium_004,medium,143.1922506396624,33,404,311,299,665,175.04099069865396
medium_004,medium,143.1922506396624,33,404,311,299,671,176.7252508385191
medium_004,medium,143.1922506396624,33,404,311,299,688,189.0686496044762
medium_005,medium,168.65653440838628,16,504,211,200,176,202.8762028838766
medium_005,medium,168.65653440838628,16,504,211,200,210,199.45077125484696
medium_005,medium,168.65653440838628,16,504,211,200,211,202.52286500683616
medium_005,medium,168.65653440838628,16,504,211,200,223,195.8650280259389
medium_005,medium,168.65653440838628,16,504,211,200,232,249.72551875590403
medium_005,medium,168.65653440838628,16,504,211,200,260,242.3114843628087
medium_005,medium,168.65653440838628,16,504,211,200,261,249.61000897288352
medium_005,medium,168.65653440838628,16,504,211,200,276,253.3073791228365
medium_005,medium,168.65653440838628,16,504,211,200,289,247.1132493067352
medium_005,medium,168.65653440838628,16,504,211,200,296,259.09153170532784
medium_005,medium,168.65653440838628,16,504,211,200,303,263.220022237865
medium_005,medium,168.65653440838628,16,504,211,200,315,286.2588668438763
medium_005,medium,168.65653440838628,16,504,211,200,670,193.3582348485327
medium_005,medium,168.65653440838628,16,504,211,200,672,178.8468619634975
medium_005,medium,168.65653440838628,16,504,211,200,678,198.44568016056039
medium_005,medium,168.65653440838628,16,504,211,200,680,191.68683041564526
medium_006,medium,148.44430446645148,29,427,288,276,42,165.7695942104895
medium_006,medium,148.44430446645148,29,427,288,276,82,181.46104658958092
medium_006,medium,148.44430446645148,29,427,288,276,83,177.59175891949621
medium_006,medium,148.44430446645148,29,427,288,276,94,174.57555332065556
medium_006,medium,148.44430446645148,29,427,288,276,101,182.34711085407153
medium_006,medium,148.44430446645148,29,427,288,276,114,182.6754524422093
medium_006,medium,148.44430446645148,29,427,288,276,116,174.31153808924321
medium_006,medium,148.44430446645148,29,427,288,276,121,162.11413431592024
medium_006,medium,148.44430446645148,29,427,288,276,122,168.91221901235926
medium_006,medium,148.44430446645148,29,427,288,276,136,159.50954012409795
medium_006,medium,148.44430446645148,29,427,288,276,139,164.42153194524107
medium_006,medium,148.44430446645148,29,427,288,276,155,178.42975011941206
medium_006,medium,148.44430446645148,29,427,288,276,156,172.08941844131598
medium_006,medium,148.44430446645148,29,427,288,276,174,203.74388743416677
medium_006,medium,148.44430446645148,29,427,288,276,182,194.49727268382816
medium_006,medium,148.44430446645148,29,427,288,276,198,191.72724847291877
medium_006,medium,148.44430446645148,29,427,288,276,214,197.3078530138244
medium_006,medium,148.44430446645148,29,427,288,276,231,243.23683437320125
medium_006,medium,148.44430446645148,29,427,288,276,237,242.3114843628087
medium_006,medium,148.44430446645148,29,427,288,276,242,251.01310412784608
medium_006,medium,148.44430446645148,29,427,288,276,254,252.2373287853513
medium_006,medium,148.44430446645148,29,427,288,276,262,242.3114843628087
medium_006,medium,148.44430446645148,29,427,288,276,263,242.3114843628087
medium_006,medium,148.44430446645148,29,427,288,276,281,243.95027450586
medium_006,medium,148.44430446645148,29,427,288,276,283,244.341270790698
medium_006,medium,148.44430446645148,29,427,288,276,285,244.49180149678207
medium_006,medium,148.44430446645148,29,427,288,276,288,246.8685656894365
medium_006,medium,148.44430446645148,29,427,288,276,305,269.74955781961995
medium_006,medium,148.44430446645148,29,427,288,276,670,181.11503386392872
medium_007,medium,125.29503138400173,32,376,339,326,48,156.35675032872058
medium_007,medium,125.29503138400173,32,376,339,326,50,144.07678134078736
medium_007,medium,125.29503138400173,32,376,339,326,60,173.27272192014635
medium_007,medium,125.29503138400173,32,376,339,326,63,155.03920988655432
medium_007,medium,125.29503138400173,32,376,339,326,64,159.53089093846688
medium_007,medium,125.29503138400173,32,376,339,326,68,159.24369623294132
medium_007,medium,125.29503138400173,32,376,339,326,73,153.53396728011322
medium_007,medium,125.29503138400173,32,376,339,326,78,156.02815582401792
medium_007,medium,125.29503138400173,32,376,339,326,87,172.34735595255566
medium_007,medium,125.29503138400173,32,376,339,326,99,164.29210705235676
medium_007,medium,125.29503138400173,32,376,339,326,105,177.78025346165862
medium_007,medium,125.29503138400173,32,376,339,326,120,153.20301193640228
medium_007,medium,125.29503138400173,32,376,339,326,129,160.80943020042363
medium_007,medium,125.29503138400173,32,376,339,326,140,178.90292036320662
medium_007,medium,125.29503138400173,32,376,339,326,146,161.37220907041555
medium_007,medium,125.29503138400173,32,376,339,326,152,165.86147405260132
medium_007,medium,125.29503138400173,32,376,339,326,174,203.74388743416677
medium_007,medium,125.29503138400173,32,376,339,326,199,191.3967096782245
medium_007,medium,125.29503138400173,32,376,339,326,232,249.72551875590403
medium_007,medium,125.29503138400173,32,376,339,326,233,249.61000897288352
medium_007,medium,125.29503138400173,32,376,339,326,255,244.91661846162765
medium_007,medium,125.29503138400173,32,376,339,326,261,249.61000897288352
medium_007,medium,125.29503138400173,32,376,339,326,264,246.71701671932777
medium_007,medium,125.29503138400173,32,376,339,326,281,243.95027450586
medium_007,medium,125.29503138400173,32,376,339,326,286,244.50422511936048
medium_007,medium,125.29503138400173,32,376,339,326,289,247.1132493067352
medium_007,medium,125.29503138400173,32,376,339,326,298,259.09153170532784
medium_007,medium,125.29503138400173,32,376,339,326,301,259.09153170532784
medium_007,medium,125.29503138400173,32,376,339,326,660,171.01005108409257
medium_007,medium,125.29503138400173,32,376,339,326,666,174.31142421592116
medium_007,medium,125.29503138400173,32,376,339,326,668,177.78025346165862
medium_007,medium,125.29503138400173,32,376,339,326,677,187.639347308072
medium_008,medium,120.96252624446569,35,374,341,328,34,173.56654127858667
medium_008,medium,120.96252624446569,35,374,341,328,36,188.7299470678636
medium_008,medium,120.96252624446569,35,374,341,328,39,145.23565090389513
medium_008,medium,120.96252624446569,35,374,341,328,47,163.30107683899035
medium_008,medium,120.96252624446569,35,374,341,328,50,145.4311801517068
medium_008,medium,120.96252624446569,35,374,341,328,60,173.27272192014635
medium_008,medium,120.96252624446569,35,374,341,328,61,177.21791031679535
medium_008,medium,120.96252624446569,35,374,341,328,66,143.1443035434126
medium_008,medium,120.96252624446569,35,374,341,328,68,142.22324103180878
medium_008,medium,120.96252624446569,35,374,341,328,76,150.2915277818732
medium_008,medium,120.96252624446569,35,374,341,328,78,151.2043821206082
medium_008,medium,120.96252624446569,35,374,341,328,103,153.29452983473544
medium_008,medium,120.96252624446569,35,374,341,328,123,159.96516871129825
medium_008,medium,120.96252624446569,35,374,341,328,138,156.58409032385026
medium_008,medium,120.96252624446569,35,374,341,328,140,178.90292036320662
medium_008,medium,120.96252624446569,35,374,341,328,196,190.96417356542287
medium_008,medium,120.96252624446569,35,374,341,328,200,195.4742495931885
medium_008,medium,120.96252624446569,35,374,341,328,214,197.3078530138244
medium_008,medium,120.96252624446569,35,374,341,328,215,190.7448461434097
medium_008,medium,120.96252624446569,35,374,341,328,226,202.52286500683616
medium_008,medium,120.96252624446569,35,374,341,328,230,242.3114843628087
medium_008,medium,120.96252624446569,35,374,341,328,235,254.4774333159818
medium_008,medium,120.96252624446569,35,374,341,328,236,242.3114843628087
medium_008,medium,120.96252624446569,35,374,341,328,245,242.3114843628087
medium_008,medium,120.96252624446569,35,374,341,328,251,247.1399998173795
medium_008,medium,120.96252624446569,35,374,341,328,255,244.91661846162765
medium_008,medium,120.96252624446569,35,374,341,328,285,244.49180149678207
medium_008,medium,120.96252624446569,35,374,341,328,303,263.220022237865
medium_008,medium,120.96252624446569,35,374,341,328,314,286.2588668438763
medium_008,medium,120.96252624446569,35,374,341,328,559,135.56480564263393
medium_008,medium,120.96252624446569,35,374,341,328,565,149.417323973554
medium_008,medium,120.96252624446569,35,374,341,328,659,168.43181842108987
medium_008,medium,120.96252624446569,35,374,341,328,662,169.40809383402464
medium_008,medium,120.96252624446569,35,374,341,328,667,174.50223218896969
medium_008,medium,120.96252624446569,35,374,341,328,678,187.639347308072
medium_009,medium,169.23551959707174,25,506,209,198,62,185.90921060613348
medium_009,medium,169.23551959707174,25,506,209,198,170,192.1388993387521
medium_009,medium,169.23551959707174,25,506,209,198,179,198.16886663758078
medium_009,medium,169.23551959707174,25,506,209,198,180,196.97471394947388
medium_009,medium,169.23551959707174,25,506,209,198,184,202.6040679839531
medium_009,medium,169.23551959707174,25,506,209,198,193,203.57395338266537
medium_009,medium,169.23551959707174,25,506,209,198,194,196.81823033987183
medium_009,medium,169.23551959707174,25,506,209,198,198,191.72724847291877
medium_009,medium,169.23551959707174,25,506,209,198,203,195.80132236296265
medium_009,medium,169.23551959707174,25,506,209,198,207,193.19345151223536
medium_009,medium,169.23551959707174,25,506,209,198,216,192.37276549198504
medium_009,medium,169.23551959707174,25,506,209,198,219,197.13101527141723
medium_009,medium,169.23551959707174,25,506,209,198,220,197.2131920469666
medium_009,medium,169.23551959707174,25,506,209,198,241,242.3114843628087
medium_009,medium,169.23551959707174,25,506,209,198,242,251.01310412784608
medium_009,medium,169.23551959707174,25,506,209,198,246,243.1813927989831
medium_009,medium,169.23551959707174,25,506,209,198,251,247.1399998173795
medium_009,medium,169.23551959707174,25,506,209,198,264,246.71701671932777
medium_009,medium,169.23551959707174,25,506,209,198,268,245.86639243580623
medium_009,medium,169.23551959707174,25,506,209,198,274,249.11032611693267
medium_009,medium,169.23551959707174,25,506,209,198,288,246.8685656894365
medium_009,medium,169.23551959707174,25,506,209,198,668,187.41779355119206
medium_009,medium,169.23551959707174,25,506,209,198,678,187.639347308072
medium_009,medium,169.23551959707174,25,506,209,198,679,187.85095658213237
medium_009,medium,169.23551959707174,25,506,209,198,690,194.74227707278868
medium_010,medium,162.8098596870342,23,481,234,223,60,182.9125102447794
medium_010,medium,162.8098596870342,23,481,234,223,62,195.49432894981373
medium_010,medium,162.8098596870342,23,481,234,223,154,185.52812786555288
medium_010,medium,162.8098596870342,23,481,234,223,168,197.0271859892964
medium_010,medium,162.8098596870342,23,481,234,223,178,194.0330782337104
medium_010,medium,162.8098596870342,23,481,234,223,207,193.19345151223536
medium_010,medium,162.8098596870342,23,481,234,223,214,197.3078530138244
medium_010,medium,162.8098596870342,23,481,234,223,218,197.49333669515337
medium_010,medium,162.8098596870342,23,481,234,223,234,249.8323327412729
medium_010,medium,162.8098596870342,23,481,234,223,247,249.98833416675305
medium_010,medium,162.8098596870342,23,481,234,223,255,244.91661846162765
medium_010,medium,162.8098596870342,23,481,234,223,256,248.99421963629655
medium_010,medium,162.8098596870342,23,481,234,223,260,242.3114843628087
medium_010,medium,162.8098596870342,23,481,234,223,263,242.3114843628087
medium_010,medium,162.8098596870342,23,481,234,223,264,246.71701671932777
medium_010,medium,162.8098596870342,23,481,234,223,296,259.09153170532784
medium_010,medium,162.8098596870342,23,481,234,223,659,176.22895445607733
medium_010,medium,162.8098596870342,23,481,234,223,666,175.5532572073257
medium_010,medium,162.8098596870342,23,481,234,223,683,188.9535839592292
medium_010,medium,162.8098596870342,23,481,234,223,689,192.15918202779278
medium_010,medium,162.8098596870342,23,481,234,223,692,191.30869065484825
medium_010,medium,162.8098596870342,23,481,234,223,693,195.73735332443945
medium_010,medium,162.8098596870342,23,481,234,223,714,245.86639243580623
medium_011,medium,134.6251145027532,24,383,332,319,42,148.71795411655054
medium_011,medium,134.6251145027532,24,383,332,319,63,167.7845007972321
medium_011,medium,134.6251145027532,24,383,332,319,72,147.31338870477956
medium_011,medium,134.6251145027532,24,383,332,319,81,164.31759981465808
medium_011,medium,134.6251145027532,24,383,332,319,93,162.75762143154003
medium_011,medium,134.6251145027532,24,383,332,319,98,158.4528482538749
medium_011,medium,134.6251145027532,24,383,332,319,116,159.40951540887494
medium_011,medium,134.6251145027532,24,383,332,319,122,166.51751088205424
medium_011,medium,134.6251145027532,24,383,332,319,152,165.86147405260132
medium_011,medium,134.6251145027532,24,383,332,319,161,165.30309638085367
medium_011,medium,134.6251145027532,24,383,332,319,195,193.24761256071764
medium_011,medium,134.6251145027532,24,383,332,319,201,194.38126080936192
medium_011,medium,134.6251145027532,24,383,332,319,220,197.2131920469666
medium_011,medium,134.6251145027532,24,383,332,319,223,195.8650280259389
medium_011,medium,134.6251145027532,24,383,332,319,231,243.23683437320125
medium_011,medium,134.6251145027532,24,383,332,319,253,245.2705368620096
medium_011,medium,134.6251145027532,24,383,332,319,267,245.70779348158973
medium_011,medium,134.6251145027532,24,383,332,319,275,253.07044744932267
medium_011,medium,134.6251145027532,24,383,332,319,278,243.2803338161632
medium_011,medium,134.6251145027532,24,383,332,319,663,169.51474358087958
medium_011,medium,134.6251145027532,24,383,332,319,669,176.1950983782915
medium_011,medium,134.6251145027532,24,383,332,319,674,188.70256878127336
medium_011,medium,134.6251145027532,24,383,332,319,680,189.27796903438576
medium_011,medium,134.6251145027532,24,383,332,319,714,245.86639243580623
medium_012,medium,147.33120727629222,26,424,291,279,41,167.590847128572
medium_012,medium,147.33120727629222,26,424,291,279,42,178.1412700438079
medium_012,medium,147.33120727629222,26,424,291,279,76,182.05007543324382
medium_012,medium,147.33120727629222,26,424,291,279,103,161.9272803324968
medium_012,medium,147.33120727629222,26,424,291,279,116,160.65894079424393
medium_012,medium,147.33120727629222,26,424,291,279,129,168.57123230398312
medium_012,medium,147.33120727629222,26,424,291,279,133,174.07963730873183
medium_012,medium,147.33120727629222,26,424,291,279,137,164.83936130104445
medium_012,medium,147.33120727629222,26,424,291,279,145,164.65064024331002
medium_012,medium,147.33120727629222,26,424,291,279,146,172.14793055077882
medium_012,medium,147.33120727629222,26,424,291,279,167,194.2227319910655
medium_012,medium,147.33120727629222,26,424,291,279,169,199.5317821388916
medium_012,medium,147.33120727629222,26,424,291,279,179,193.03277985432268
medium_012,medium,147.33120727629222,26,424,291,279,194,192.9797186619354
medium_012,medium,147.33120727629222,26,424,291,279,203,193.2909107435133
medium_012,medium,147.33120727629222,26,424,291,279,208,191.3992850832046
medium_012,medium,147.33120727629222,26,424,291,279,218,197.49333669515337
medium_012,medium,147.33120727629222,26,424,291,279,222,195.58619334347415
medium_012,medium,147.33120727629222,26,424,291,279,225,203.75109131542217
medium_012,medium,147.33120727629222,26,424,291,279,233,249.61000897288352
medium_012,medium,147.33120727629222,26,424,291,279,243,250.0859530091861
medium_012,medium,147.33120727629222,26,424,291,279,244,242.3114843628087
medium_012,medium,147.33120727629222,26,424,291,279,279,243.77999514831507
medium_012,medium,147.33120727629222,26,424,291,279,284,245.2705368620096
medium_012,medium,147.33120727629222,26,424,291,279,288,246.8685656894365
medium_012,medium,147.33120727629222,26,424,291,279,690,192.06344876657008
medium_013,medium,155.77602378714892,17,453,262,250,33,186.4332161334047
medium_013,medium,155.77602378714892,17,453,262,250,61,177.21791031679535
medium_013,medium,155.77602378714892,17,453,262,250,182,194.49727268382816
medium_013,medium,155.77602378714892,17,453,262,250,190,190.7448461434097
medium_013,medium,155.77602378714892,17,453,262,250,196,190.96417356542287
medium_013,medium,155.77602378714892,17,453,262,250,208,191.3992850832046
medium_013,medium,155.77602378714892,17,453,262,250,215,190.7448461434097
medium_013,medium,155.77602378714892,17,453,262,250,226,202.52286500683616
medium_013,medium,155.77602378714892,17,453,262,250,231,243.23683437320125
medium_013,medium,155.77602378714892,17,453,262,250,254,252.2373287853513
medium_013,medium,155.77602378714892,17,453,262,250,272,243.14511630118048
medium_013,medium,155.77602378714892,17,453,262,250,277,247.8065727558686
medium_013,medium,155.77602378714892,17,453,262,250,282,243.97874823955223
medium_013,medium,155.77602378714892,17,453,262,250,299,259.09153170532784
medium_013,medium,155.77602378714892,17,453,262,250,313,286.2588668438763
medium_013,medium,155.77602378714892,17,453,262,250,658,188.9300470500977
medium_013,medium,155.77602378714892,17,453,262,250,667,179.1405485661249
medium_014,medium,154.13395357790162,38,447,268,256,62,185.86343530077173
medium_014,medium,154.13395357790162,38,447,268,256,84,164.90914282460244
medium_014,medium,154.13395357790162,38,447,268,256,99,181.53631447966228
medium_014,medium,154.13395357790162,38,447,268,256,111,180.67471340165906
medium_014,medium,154.13395357790162,38,447,268,256,128,169.11232338140692
medium_014,medium,154.13395357790162,38,447,268,256,151,171.21663960914117
medium_014,medium,154.13395357790162,38,447,268,256,158,174.9402322937654
medium_014,medium,154.13395357790162,38,447,268,256,165,192.0002230608721
medium_014,medium,154.13395357790162,38,447,268,256,168,197.0271859892964
medium_014,medium,154.13395357790162,38,447,268,256,182,194.49727268382816
medium_014,medium,154.13395357790162,38,447,268,256,187,204.48366790607287
medium_014,medium,154.13395357790162,38,447,268,256,189,196.41605863727176
medium_014,medium,154.13395357790162,38,447,268,256,198,191.72724847291877
medium_014,medium,154.13395357790162,38,447,268,256,201,194.38126080936192
medium_014,medium,154.13395357790162,38,447,268,256,203,193.2909107435133
medium_014,medium,154.13395357790162,38,447,268,256,207,193.19345151223536
medium_014,medium,154.13395357790162,38,447,268,256,209,199.79157580235508
medium_014,medium,154.13395357790162,38,447,268,256,213,192.4486609668615
medium_014,medium,154.13395357790162,38,447,268,256,237,242.3114843628087
medium_014,medium,154.13395357790162,38,447,268,256,241,242.3114843628087
medium_014,medium,154.13395357790162,38,447,268,256,245,242.3114843628087
medium_014,medium,154.13395357790162,38,447,268,256,247,249.98833416675305
medium_014,medium,154.13395357790162,38,447,268,256,249,244.19076351079332
medium_014,medium,154.13395357790162,38,447,268,256,251,247.1399998173795
medium_014,medium,154.13395357790162,38,447,268,256,254,252.2373287853513
medium_014,medium,154.13395357790162,38,447,268,256,256,248.99421963629655
medium_014,medium,154.13395357790162,38,447,268,256,272,243.14511630118048
medium_014,medium,154.13395357790162,38,447,268,256,282,243.97874823955223
medium_014,medium,154.13395357790162,38,447,268,256,283,244.341270790698
medium_014,medium,154.13395357790162,38,447,268,256,285,244.49180149678207
medium_014,medium,154.13395357790162,38,447,268,256,286,244.50422511936048
medium_014,medium,154.13395357790162,38,447,268,256,293,261.0153733343846
medium_014,medium,154.13395357790162,38,447,268,256,304,263.220022237865
medium_014,medium,154.13395357790162,38,447,268,256,659,172.89978780063637
medium_014,medium,154.13395357790162,38,447,268,256,662,184.74803101977838
medium_014,medium,154.13395357790162,38,447,268,256,663,181.64190603774048
medium_014,medium,154.13395357790162,38,447,268,256,672,177.15893068908156
medium_014,medium,154.13395357790162,38,447,268,256,689,189.26244002420017
medium_015,medium,164.093128372921,24,486,229,218,33,189.3818403760647
medium_015,medium,164.093128372921,24,486,229,218,55,190.35658755488265
medium_015,medium,164.093128372921,24,486,229,218,122,193.90515043994304
medium_015,medium,164.093128372921,24,486,229,218,153,197.73942324689
medium_015,medium,164.093128372921,24,486,229,218,162,198.13747681767015
medium_015,medium,164.093128372921,24,486,229,218,187,204.48366790607287
medium_015,medium,164.093128372921,24,486,229,218,191,192.15721709233733
medium_015,medium,164.093128372921,24,486,229,218,208,191.3992850832046
medium_015,medium,164.093128372921,24,486,229,218,218,197.49333669515337
medium_015,medium,164.093128372921,24,486,229,218,221,198.44921245305613
medium_015,medium,164.093128372921,24,486,229,218,234,249.8323327412729
medium_015,medium,164.093128372921,24,486,229,218,237,242.3114843628087
medium_015,medium,164.093128372921,24,486,229,218,244,242.3114843628087
medium_015,medium,164.093128372921,24,486,229,218,245,242.3114843628087
medium_015,medium,164.093128372921,24,486,229,218,255,244.91661846162765
medium_015,medium,164.093128372921,24,486,229,218,262,242.3114843628087
medium_015,medium,164.093128372921,24,486,229,218,285,244.49180149678207
medium_015,medium,164.093128372921,24,486,229,218,298,259.09153170532784
medium_015,medium,164.093128372921,24,486,229,218,305,269.74955781961995
medium_015,medium,164.093128372921,24,486,229,218,310,286.2588668438763
medium_015,medium,164.093128372921,24,486,229,218,660,196.0904388535581
medium_015,medium,164.093128372921,24,486,229,218,675,189.95272473628967
medium_015,medium,164.093128372921,24,486,229,218,681,198.28741578646463
medium_015,medium,164.093128372921,24,486,229,218,685,197.56320935981637
medium_016,medium,148.10508622074852,38,426,289,277,36,188.7299470678636
medium_016,medium,148.10508622074852,38,426,289,277,37,189.34133590207665
medium_016,medium,148.10508622074852,38,426,289,277,57,181.11503386392872
medium_016,medium,148.10508622074852,38,426,289,277,78,166.87217685910906
medium_016,medium,148.10508622074852,38,426,289,277,81,167.24672557009708
medium_016,medium,148.10508622074852,38,426,289,277,84,166.42356246859117
medium_016,medium,148.10508622074852,38,426,289,277,93,162.75762143154003
medium_016,medium,148.10508622074852,38,426,289,277,111,172.33668493039258
medium_016,medium,148.10508622074852,38,426,289,277,117,178.37838846007884
medium_016,medium,148.10508622074852,38,426,289,277,123,165.82767772453224
medium_016,medium,148.10508622074852,38,426,289,277,130,167.3994009051644
medium_016,medium,148.10508622074852,38,426,289,277,139,175.97914276663136
medium_016,medium,148.10508622074852,38,426,289,277,143,181.4835202002631
medium_016,medium,148.10508622074852,38,426,289,277,161,165.30309638085367
medium_016,medium,148.10508622074852,38,426,289,277,163,172.99900018380987
medium_016,medium,148.10508622074852,38,426,289,277,170,192.1388993387521
medium_016,medium,148.10508622074852,38,426,289,277,175,195.4395266007134
medium_016,medium,148.10508622074852,38,426,289,277,177,213.0787827803917
medium_016,medium,148.10508622074852,38,426,289,277,188,195.64424280161413
medium_016,medium,148.10508622074852,38,426,289,277,202,193.2653850367658
medium_016,medium,148.10508622074852,38,426,289,277,211,202.52286500683616
medium_016,medium,148.10508622074852,38,426,289,277,213,192.4486609668615
medium_016,medium,148.10508622074852,38,426,289,277,229,242.3114843628087
medium_016,medium,148.10508622074852,38,426,289,277,230,242.3114843628087
medium_016,medium,148.10508622074852,38,426,289,277,245,242.3114843628087
medium_016,medium,148.10508622074852,38,426,289,277,246,243.1813927989831
medium_016,medium,148.10508622074852,38,426,289,277,249,244.19076351079332
medium_016,medium,148.10508622074852,38,426,289,277,257,249.2609499961078
medium_016,medium,148.10508622074852,38,426,289,277,273,249.0536633315719
medium_016,medium,148.10508622074852,38,426,289,277,279,243.77999514831507
medium_016,medium,148.10508622074852,38,426,289,277,289,247.1132493067352
medium_016,medium,148.10508622074852,38,426,289,277,298,259.09153170532784
medium_016,medium,148.10508622074852,38,426,289,277,303,263.220022237865
medium_016,medium,148.10508622074852,38,426,289,277,660,171.01005108409257
medium_016,medium,148.10508622074852,38,426,289,277,678,187.639347308072
medium_016,medium,148.10508622074852,38,426,289,277,681,188.99185811825117
medium_016,medium,148.10508622074852,38,426,289,277,713,244.06279181242604
medium_016,medium,148.10508622074852,38,426,289,277,714,245.86639243580623
medium_017,medium,137.56964568256714,32,384,331,318,34,173.56654127858667
medium_017,medium,137.56964568256714,32,384,331,318,40,168.25502019290033
medium_017,medium,137.56964568256714,32,384,331,318,44,169.16607962856074
medium_017,medium,137.56964568256714,32,384,331,318,82,154.05428962322682
medium_017,medium,137.56964568256714,32,384,331,318,96,167.45898663790808
medium_017,medium,137.56964568256714,32,384,331,318,100,164.4483426085169
medium_017,medium,137.56964568256714,32,384,331,318,119,167.7361868783126
medium_017,medium,137.56964568256714,32,384,331,318,121,171.19091245617932
medium_017,medium,137.56964568256714,32,384,331,318,127,154.2140796092201
medium_017,medium,137.56964568256714,32,384,331,318,140,178.90292036320662
medium_017,medium,137.56964568256714,32,384,331,318,143,164.68475286932292
medium_017,medium,137.56964568256714,32,384,331,318,145,163.8912166889562
medium_017,medium,137.56964568256714,32,384,331,318,146,171.5260870212642
medium_017,medium,137.56964568256714,32,384,331,318,176,202.8762028838766
medium_017,medium,137.56964568256714,32,384,331,318,182,194.49727268382816
medium_017,medium,137.56964568256714,32,384,331,318,185,200.9226268584094
medium_017,medium,137.56964568256714,32,384,331,318,212,191.5519682321524
medium_017,medium,137.56964568256714,32,384,331,318,218,197.49333669515337
medium_017,medium,137.56964568256714,32,384,331,318,224,199.78711058669327
medium_017,medium,137.56964568256714,32,384,331,318,248,250.03839311335707
medium_017,medium,137.56964568256714,32,384,331,318,252,242.3114843628087
medium_017,medium,137.56964568256714,32,384,331,318,275,253.07044744932267
medium_017,medium,137.56964568256714,32,384,331,318,280,244.2385002488528
medium_017,medium,137.56964568256714,32,384,331,318,293,261.0153733343846
medium_017,medium,137.56964568256714,32,384,331,318,313,286.2588668438763
medium_017,medium,137.56964568256714,32,384,331,318,658,168.26736374744485
medium_017,medium,137.56964568256714,32,384,331,318,663,169.51474358087958
medium_017,medium,137.56964568256714,32,384,331,318,666,174.31142421592116
medium_017,medium,137.56964568256714,32,384,331,318,671,176.7252508385191
medium_017,medium,137.56964568256714,32,384,331,318,675,189.95272473628967
medium_017,medium,137.56964568256714,32,384,331,318,688,189.0686496044762
medium_017,medium,137.56964568256714,32,384,331,318,691,187.639347308072
medium_018,medium,120.34978526737413,29,373,342,329,33,172.34735595255566
medium_018,medium,120.34978526737413,29,373,342,329,40,150.81029543384054
medium_018,medium,120.34978526737413,29,373,342,329,53,143.7527017109372
medium_018,medium,120.34978526737413,29,373,342,329,58,172.34735595255566
medium_018,medium,120.34978526737413,29,373,342,329,59,172.78328579397228
medium_018,medium,120.34978526737413,29,373,342,329,68,142.22324103180878
medium_018,medium,120.34978526737413,29,373,342,329,81,152.13066584828243
medium_018,medium,120.34978526737413,29,373,342,329,88,148.79336926971683
medium_018,medium,120.34978526737413,29,373,342,329,89,146.01822030709536
medium_018,medium,120.34978526737413,29,373,342,329,94,162.86675899591532
medium_018,medium,120.34978526737413,29,373,342,329,100,142.7210703325431
medium_018,medium,120.34978526737413,29,373,342,329,115,159.06406073184354
medium_018,medium,120.34978526737413,29,373,342,329,118,166.3887580747408
medium_018,medium,120.34978526737413,29,373,342,329,125,153.4695553724327
medium_018,medium,120.34978526737413,29,373,342,329,136,156.48205667707688
medium_018,medium,120.34978526737413,29,373,342,329,156,167.26904221121043
medium_018,medium,120.34978526737413,29,373,342,329,162,164.16671695935457
medium_018,medium,120.34978526737413,29,373,342,329,174,203.74388743416677
medium_018,medium,120.34978526737413,29,373,342,329,188,195.64424280161413
medium_018,medium,120.34978526737413,29,373,342,329,199,191.3967096782245
medium_018,medium,120.34978526737413,29,373,342,329,206,194.67775592093665
medium_018,medium,120.34978526737413,29,373,342,329,220,197.2131920469666
medium_018,medium,120.34978526737413,29,373,342,329,232,249.72551875590403
medium_018,medium,120.34978526737413,29,373,342,329,236,242.3114843628087
medium_018,medium,120.34978526737413,29,373,342,329,278,243.2803338161632
medium_018,medium,120.34978526737413,29,373,342,329,293,261.0153733343846
medium_018,medium,120.34978526737413,29,373,342,329,562,138.62061252104672
medium_018,medium,120.34978526737413,29,373,342,329,565,140.48163563487032
medium_018,medium,120.34978526737413,29,373,342,329,570,133.12979474572856
medium_019,medium,162.19714041162837,23,478,237,225,62,195.10296612469472
medium_019,medium,162.19714041162837,23,478,237,225,161,178.15966371464714
medium_019,medium,162.19714041162837,23,478,237,225,169,199.5317821388916
medium_019,medium,162.19714041162837,23,478,237,225,193,192.228223637242
medium_019,medium,162.19714041162837,23,478,237,225,196,190.96417356542287
medium_019,medium,162.19714041162837,23,478,237,225,197,191.2753265739387
medium_019,medium,162.19714041162837,23,478,237,225,207,193.19345151223536
medium_019,medium,162.19714041162837,23,478,237,225,211,202.52286500683616
medium_019,medium,162.19714041162837,23,478,237,225,218,197.49333669515337
medium_019,medium,162.19714041162837,23,478,237,225,220,197.2131920469666
medium_019,medium,162.19714041162837,23,478,237,225,225,203.75109131542217
medium_019,medium,162.19714041162837,23,478,237,225,237,242.3114843628087
medium_019,medium,162.19714041162837,23,478,237,225,252,242.3114843628087
medium_019,medium,162.19714041162837,23,478,237,225,265,245.4723003444209
medium_019,medium,162.19714041162837,23,478,237,225,288,246.8685656894365
medium_019,medium,162.19714041162837,23,478,237,225,301,259.09153170532784
medium_019,medium,162.19714041162837,23,478,237,225,307,263.220022237865
medium_019,medium,162.19714041162837,23,478,237,225,670,193.20083532664265
medium_019,medium,162.19714041162837,23,478,237,225,672,178.48231614512588
medium_019,medium,162.19714041162837,23,478,237,225,674,188.70256878127336
medium_019,medium,162.19714041162837,23,478,237,225,678,194.62417314338825
medium_019,medium,162.19714041162837,23,478,237,225,687,190.7448461434097
medium_019,medium,162.19714041162837,23,478,237,225,688,189.0686496044762
high_000,high,160.59345094786522,47,470,245,233,35,201.98916548598083
high_000,high,160.59345094786522,47,470,245,233,83,208.5795764681138
high_000,high,160.59345094786522,47,470,245,233,93,217.37791972046682
high_000,high,160.59345094786522,47,470,245,233,129,190.91962554960725
high_000,high,160.59345094786522,47,470,245,233,151,198.01738618846568
high_000,high,160.59345094786522,47,470,245,233,156,196.22840806109215
high_000,high,160.59345094786522,47,470,245,233,157,200.78532787204057
high_000,high,160.59345094786522,47,470,245,233,171,218.70860629433972
high_000,high,160.59345094786522,47,470,245,233,175,208.09754372213533
high_000,high,160.59345094786522,47,470,245,233,178,194.0330782337104
high_000,high,160.59345094786522,47,470,245,233,185,207.16010429935122
high_000,high,160.59345094786522,47,470,245,233,189,196.41605863727176
high_000,high,160.59345094786522,47,470,245,233,191,203.59694357320387
high_000,high,160.59345094786522,47,470,245,233,193,195.83046957170535
high_000,high,160.59345094786522,47,470,245,233,195,213.93028888547784
high_000,high,160.59345094786522,47,470,245,233,207,212.99541589484903
high_000,high,160.59345094786522,47,470,245,233,210,199.45077125484696
high_000,high,160.59345094786522,47,470,245,233,214,205.880522474877
high_000,high,160.59345094786522,47,470,245,233,215,213.86634952033364
high_000,high,160.59345094786522,47,470,245,233,223,195.8650280259389
high_000,high,160.59345094786522,47,470,245,233,228,242.3114843628087
high_000,high,160.59345094786522,47,470,245,233,233,249.61000897288352
high_000,high,160.59345094786522,47,470,245,233,241,242.3114843628087
high_000,high,160.59345094786522,47,470,245,233,243,250.0859530091861
high_000,high,160.59345094786522,47,470,245,233,245,242.3114843628087
high_000,high,160.59345094786522,47,470,245,233,246,243.1813927989831
high_000,high,160.59345094786522,47,470,245,233,262,242.3114843628087
high_000,high,160.59345094786522,47,470,245,233,263,242.3114843628087
high_000,high,160.59345094786522,47,470,245,233,270,246.43613021897693
high_000,high,160.59345094786522,47,470,245,233,273,249.0536633315719
high_000,high,160.59345094786522,47,470,245,233,276,253.3073791228365
high_000,high,160.59345094786522,47,470,245,233,279,243.77999514831507
high_000,high,160.59345094786522,47,470,245,233,281,243.95027450586
high_000,high,160.59345094786522,47,470,245,233,283,244.341270790698
high_000,high,160.59345094786522,47,470,245,233,293,261.0153733343846
high_000,high,160.59345094786522,47,470,245,233,299,259.09153170532784
high_000,high,160.59345094786522,47,470,245,233,311,286.2588668438763
high_000,high,160.59345094786522,47,470,245,233,312,287.42485536047496
high_000,high,160.59345094786522,47,470,245,233,563,191.60706153597692
high_000,high,160.59345094786522,47,470,245,233,658,194.68269335044823
high_000,high,160.59345094786522,47,470,245,233,665,209.19668833939696
high_000,high,160.59345094786522,47,470,245,233,667,216.57223754057193
high_000,high,160.59345094786522,47,470,245,233,670,188.79823865463658
high_000,high,160.59345094786522,47,470,245,233,672,213.9012705112284
high_000,high,160.59345094786522,47,470,245,233,674,197.73004727711765
high_000,high,160.59345094786522,47,470,245,233,679,207.29754966948246
high_000,high,160.59345094786522,47,470,245,233,681,197.52918968218077
high_001,high,159.5445625507184,42,468,247,235,33,212.6039606998412
high_001,high,159.5445625507184,42,468,247,235,35,182.36458259009348
high_001,high,159.5445625507184,42,468,247,235,47,210.37969718536684
high_001,high,159.5445625507184,42,468,247,235,122,211.74962182047142
high_001,high,159.5445625507184,42,468,247,235,123,208.4806129733733
high_001,high,159.5445625507184,42,468,247,235,129,194.1407328142517
high_001,high,159.5445625507184,42,468,247,235,140,197.40876033164318
high_001,high,159.5445625507184,42,468,247,235,146,212.86864507382026
high_001,high,159.5445625507184,42,468,247,235,150,216.47644506584578
high_001,high,159.5445625507184,42,468,247,235,156,218.66047229647356
high_001,high,159.5445625507184,42,468,247,235,162,185.36720112979884
high_001,high,159.5445625507184,42,468,247,235,172,211.29084933489372
high_001,high,159.5445625507184,42,468,247,235,173,197.98586974874053
high_001,high,159.5445625507184,42,468,247,235,178,199.51395653847507
high_001,high,159.5445625507184,42,468,247,235,180,201.19801727989073
high_001,high,159.5445625507184,42,468,247,235,182,194.49727268382816
high_001,high,159.5445625507184,42,468,247,235,189,196.41605863727176
high_001,high,159.5445625507184,42,468,247,235,202,193.2653850367658
high_001,high,159.5445625507184,42,468,247,235,209,199.79157580235508
high_001,high,159.5445625507184,42,468,247,235,211,208.25672405014978
high_001,high,159.5445625507184,42,468,247,235,214,197.3078530138244
high_001,high,159.5445625507184,42,468,247,235,215,217.32101063604128
high_001,high,159.5445625507184,42,468,247,235,216,192.37276549198504
high_001,high,159.5445625507184,42,468,247,235,221,214.54640728856052
high_001,high,159.5445625507184,42,468,247,235,222,214.73346299204323
high_001,high,159.5445625507184,42,468,247,235,237,242.3114843628087
high_001,high,159.5445625507184,42,468,247,235,238,243.2803338161632
high_001,high,159.5445625507184,42,468,247,235,248,250.03839311335707
high_001,high,159.5445625507184,42,468,247,235,250,247.1132493067352
high_001,high,159.5445625507184,42,468,247,235,255,244.91661846162765
high_001,high,159.5445625507184,42,468,247,235,265,245.4723003444209
high_001,high,159.5445625507184,42,468,247,235,269,246.0810876630468
high_001,high,159.5445625507184,42,468,247,235,275,253.07044744932267
high_001,high,159.5445625507184,42,468,247,235,280,244.2385002488528
high_001,high,159.5445625507184,42,468,247,235,283,244.341270790698
high_001,high,159.5445625507184,42,468,247,235,288,246.8685656894365
high_001,high,159.5445625507184,42,468,247,235,305,269.74955781961995
high_001,high,159.5445625507184,42,468,247,235,313,286.2588668438763
high_001,high,159.5445625507184,42,468,247,235,667,213.68108441762485
high_001,high,159.5445625507184,42,468,247,235,668,181.79833628327137
high_001,high,159.5445625507184,42,468,247,235,669,198.11755007256306
high_001,high,159.5445625507184,42,468,247,235,671,199.0098444864237
high_002,high,181.62041045473032,40,535,180,170,62,208.8943980046354
high_002,high,181.62041045473032,40,535,180,170,165,240.345707180415
high_002,high,181.62041045473032,40,535,180,170,172,214.36239861811148
high_002,high,181.62041045473032,40,535,180,170,177,239.47644105908682
high_002,high,181.62041045473032,40,535,180,170,178,210.66709029009687
high_002,high,181.62041045473032,40,535,180,170,193,228.79039518857655
high_002,high,181.62041045473032,40,535,180,170,199,218.54076639633382
high_002,high,181.62041045473032,40,535,180,170,200,208.28459989418104
high_002,high,181.62041045473032,40,535,180,170,201,217.50129827215227
high_002,high,181.62041045473032,40,535,180,170,204,216.06409914581366
high_002,high,181.62041045473032,40,535,180,170,207,205.43127544904718
high_002,high,181.62041045473032,40,535,180,170,214,226.5467148207984
high_002,high,181.62041045473032,40,535,180,170,219,215.8341472478159
high_002,high,181.62041045473032,40,535,180,170,222,217.33778666171366
high_002,high,181.62041045473032,40,535,180,170,224,202.54073681024042
high_002,high,181.62041045473032,40,535,180,170,232,249.72551875590403
high_002,high,181.62041045473032,40,535,180,170,237,242.3114843628087
high_002,high,181.62041045473032,40,535,180,170,242,251.01310412784608
high_002,high,181.62041045473032,40,535,180,170,247,249.98833416675305
high_002,high,181.62041045473032,40,535,180,170,248,250.03839311335707
high_002,high,181.62041045473032,40,535,180,170,250,247.1132493067352
high_002,high,181.62041045473032,40,535,180,170,251,247.1399998173795
high_002,high,181.62041045473032,40,535,180,170,253,245.2705368620096
high_002,high,181.62041045473032,40,535,180,170,255,244.91661846162765
high_002,high,181.62041045473032,40,535,180,170,258,249.72551875590403
high_002,high,181.62041045473032,40,535,180,170,261,249.61000897288352
high_002,high,181.62041045473032,40,535,180,170,263,242.3114843628087
high_002,high,181.62041045473032,40,535,180,170,264,246.71701671932777
high_002,high,181.62041045473032,40,535,180,170,275,253.07044744932267
high_002,high,181.62041045473032,40,535,180,170,279,243.77999514831507
high_002,high,181.62041045473032,40,535,180,170,280,244.2385002488528
high_002,high,181.62041045473032,40,535,180,170,283,244.341270790698
high_002,high,181.62041045473032,40,535,180,170,303,263.220022237865
high_002,high,181.62041045473032,40,535,180,170,307,263.220022237865
high_002,high,181.62041045473032,40,535,180,170,308,263.220022237865
high_002,high,181.62041045473032,40,535,180,170,678,241.5739720450933
high_002,high,181.62041045473032,40,535,180,170,685,240.0214225795645
high_002,high,181.62041045473032,40,535,180,170,688,223.03489568419906
high_002,high,181.62041045473032,40,535,180,170,693,228.1755380934014
high_002,high,181.62041045473032,40,535,180,170,714,245.86639243580623
high_003,high,177.00750456328777,32,526,189,179,168,202.50249236584042
high_003,high,177.00750456328777,32,526,189,179,172,209.89388489938815
high_003,high,177.00750456328777,32,526,189,179,173,234.7965601752382
high_003,high,177.00750456328777,32,526,189,179,179,220.08488533871986
high_003,high,177.00750456328777,32,526,189,179,183,213.0677874820454
high_003,high,177.00750456328777,32,526,189,179,184,236.45067711841693
high_003,high,177.00750456328777,32,526,189,179,199,207.1525022408214
high_003,high,177.00750456328777,32,526,189,179,201,224.25540781035284
high_003,high,177.00750456328777,32,526,189,179,213,217.77696256306552
high_003,high,177.00750456328777,32,526,189,179,221,222.88511007809274
high_003,high,177.00750456328777,32,526,189,179,225,203.75109131542217
high_003,high,177.00750456328777,32,526,189,179,233,249.61000897288352
high_003,high,177.00750456328777,32,526,189,179,236,242.3114843628087
high_003,high,177.00750456328777,32,526,189,179,238,243.2803338161632
high_003,high,177.00750456328777,32,526,189,179,244,242.3114843628087
high_003,high,177.00750456328777,32,526,189,179,251,247.1399998173795
high_003,high,177.00750456328777,32,526,189,179,254,252.2373287853513
high_003,high,177.00750456328777,32,526,189,179,256,248.99421963629655
high_003,high,177.00750456328777,32,526,189,179,258,249.72551875590403
high_003,high,177.00750456328777,32,526,189,179,259,247.18626195681736
high_003,high,177.00750456328777,32,526,189,179,261,249.61000897288352
high_003,high,177.00750456328777,32,526,189,179,282,243.97874823955223
high_003,high,177.00750456328777,32,526,189,179,286,244.50422511936048
high_003,high,177.00750456328777,32,526,189,179,287,245.70779348158973
high_003,high,177.00750456328777,32,526,189,179,307,263.220022237865
high_003,high,177.00750456328777,32,526,189,179,311,286.2588668438763
high_003,high,177.00750456328777,32,526,189,179,315,286.2588668438763
high_003,high,177.00750456328777,32,526,189,179,563,233.00567783653557
high_003,high,177.00750456328777,32,526,189,179,668,201.05898256912957
high_003,high,177.00750456328777,32,526,189,179,674,235.94217689119728
high_003,high,177.00750456328777,32,526,189,179,685,235.24031134310846
high_003,high,177.00750456328777,32,526,189,179,686,228.2026209909873
high_004,high,163.1012016820045,42,482,233,222,33,207.30979220536028
high_004,high,163.1012016820045,42,482,233,222,47,198.0894616776731
high_004,high,163.1012016820045,42,482,233,222,56,221.9083390392786
high_004,high,163.1012016820045,42,482,233,222,60,204.13865736835692
high_004,high,163.1012016820045,42,482,233,222,87,196.64279933410378
high_004,high,163.1012016820045,42,482,233,222,105,191.53118521466865
high_004,high,163.1012016820045,42,482,233,222,150,195.33627215532093
high_004,high,163.1012016820045,42,482,233,222,163,187.39982649486296
high_004,high,163.1012016820045,42,482,233,222,166,201.31074187949642
high_004,high,163.1012016820045,42,482,233,222,169,202.8923989071007
high_004,high,163.1012016820045,42,482,233,222,171,206.45915052406983
high_004,high,163.1012016820045,42,482,233,222,175,221.75726022726593
high_004,high,163.1012016820045,42,482,233,222,179,213.53643348508695
high_004,high,163.1012016820045,42,482,233,222,186,222.86932216767215
high_004,high,163.1012016820045,42,482,233,222,200,195.4742495931885
high_004,high,163.1012016820045,42,482,233,222,203,217.02534907655075
high_004,high,163.1012016820045,42,482,233,222,204,210.33808858808976
high_004,high,163.1012016820045,42,482,233,222,218,220.73742690288924
high_004,high,163.1012016820045,42,482,233,222,220,197.2131920469666
high_004,high,163.1012016820045,42,482,233,222,222,198.31062390083522
high_004,high,163.1012016820045,42,482,233,222,224,215.06267903716292
high_004,high,163.1012016820045,42,482,233,222,226,209.9385484458668
high_004,high,163.1012016820045,42,482,233,222,232,249.72551875590403
high_004,high,163.1012016820045,42,482,233,222,235,254.4774333159818
high_004,high,163.1012016820045,42,482,233,222,242,251.01310412784608
high_004,high,163.1012016820045,42,482,233,222,245,242.3114843628087
high_004,high,163.1012016820045,42,482,233,222,250,247.1132493067352
high_004,high,163.1012016820045,42,482,233,222,251,247.1399998173795
high_004,high,163.1012016820045,42,482,233,222,273,249.0536633315719
high_004,high,163.1012016820045,42,482,233,222,274,249.11032611693267
high_004,high,163.1012016820045,42,482,233,222,276,253.3073791228365
high_004,high,163.1012016820045,42,482,233,222,277,247.8065727558686
high_004,high,163.1012016820045,42,482,233,222,280,244.2385002488528
high_004,high,163.1012016820045,42,482,233,222,293,261.0153733343846
high_004,high,163.1012016820045,42,482,233,222,301,259.09153170532784
high_004,high,163.1012016820045,42,482,233,222,311,286.2588668438763
high_004,high,163.1012016820045,42,482,233,222,667,215.6484005675297
high_004,high,163.1012016820045,42,482,233,222,668,221.30809381204983
high_004,high,163.1012016820045,42,482,233,222,674,207.09933016441522
high_004,high,163.1012016820045,42,482,233,222,686,195.83354644636597
high_004,high,163.1012016820045,42,482,233,222,691,196.12918214094753
high_004,high,163.1012016820045,42,482,233,222,712,245.4723003444209
high_005,high,168.8881620595144,42,505,210,199,32,193.80166222212978
high_005,high,168.8881620595144,42,505,210,199,56,200.10180050699847
high_005,high,168.8881620595144,42,505,210,199,166,200.97693453926698
high_005,high,168.8881620595144,42,505,210,199,170,226.91768913740003
high_005,high,168.8881620595144,42,505,210,199,181,203.5690529983296
high_005,high,168.8881620595144,42,505,210,199,184,228.79740625055913
high_005,high,168.8881620595144,42,505,210,199,186,217.84636924862718
high_005,high,168.8881620595144,42,505,210,199,190,204.5512682931909
high_005,high,168.8881620595144,42,505,210,199,198,201.52349222650764
high_005,high,168.8881620595144,42,505,210,199,203,216.00468520685718
high_005,high,168.8881620595144,42,505,210,199,205,215.0799030150086
high_005,high,168.8881620595144,42,505,210,199,209,221.55378609706463
high_005,high,168.8881620595144,42,505,210,199,210,209.14513593425107
high_005,high,168.8881620595144,42,505,210,199,218,221.78249340322142
high_005,high,168.8881620595144,42,505,210,199,226,210.4236905448712
high_005,high,168.8881620595144,42,505,210,199,235,254.4774333159818
high_005,high,168.8881620595144,42,505,210,199,236,242.3114843628087
high_005,high,168.8881620595144,42,505,210,199,237,242.3114843628087
high_005,high,168.8881620595144,42,505,210,199,239,243.0715150179951
high_005,high,168.8881620595144,42,505,210,199,241,242.3114843628087
high_005,high,168.8881620595144,42,505,210,199,244,242.3114843628087
high_005,high,168.8881620595144,42,505,210,199,245,242.3114843628087
high_005,high,168.8881620595144,42,505,210,199,246,243.1813927989831
high_005,high,168.8881620595144,42,505,210,199,260,242.3114843628087
high_005,high,168.8881620595144,42,505,210,199,263,242.3114843628087
high_005,high,168.8881620595144,42,505,210,199,270,246.43613021897693
high_005,high,168.8881620595144,42,505,210,199,272,243.14511630118048
high_005,high,168.8881620595144,42,505,210,199,276,253.3073791228365
high_005,high,168.8881620595144,42,505,210,199,278,243.2803338161632
high_005,high,168.8881620595144,42,505,210,199,292,259.09153170532784
high_005,high,168.8881620595144,42,505,210,199,298,259.09153170532784
high_005,high,168.8881620595144,42,505,210,199,306,263.220022237865
high_005,high,168.8881620595144,42,505,210,199,315,286.2588668438763
high_005,high,168.8881620595144,42,505,210,199,660,207.23625301121865
high_005,high,168.8881620595144,42,505,210,199,661,220.17264460528415
high_005,high,168.8881620595144,42,505,210,199,662,225.57195178581628
high_005,high,168.8881620595144,42,505,210,199,666,193.11102837151762
high_005,high,168.8881620595144,42,505,210,199,670,202.61107984659427
high_005,high,168.8881620595144,42,505,210,199,671,207.75007499811565
high_005,high,168.8881620595144,42,505,210,199,690,192.06344876657008
high_005,high,168.8881620595144,42,505,210,199,691,190.38995376818514
high_005,high,168.8881620595144,42,505,210,199,693,225.7131780379396
high_006,high,162.951103154122,41,482,233,222,60,184.2790940097141
high_006,high,162.951103154122,41,482,233,222,61,202.07641933934428
high_006,high,162.951103154122,41,482,233,222,85,203.81700985224046
high_006,high,162.951103154122,41,482,233,222,156,198.22745718754905
high_006,high,162.951103154122,41,482,233,222,158,214.5417838825946
high_006,high,162.951103154122,41,482,233,222,159,202.68183814976052
high_006,high,162.951103154122,41,482,233,222,163,187.88663614655496
high_006,high,162.951103154122,41,482,233,222,179,214.24103124773563
high_006,high,162.951103154122,41,482,233,222,180,202.561851995645
high_006,high,162.951103154122,41,482,233,222,200,195.4742495931885
high_006,high,162.951103154122,41,482,233,222,203,202.20144222006522
high_006,high,162.951103154122,41,482,233,222,208,220.0470731903621
high_006,high,162.951103154122,41,482,233,222,209,207.50138401097956
high_006,high,162.951103154122,41,482,233,222,215,202.6371515577673
high_006,high,162.951103154122,41,482,233,222,216,192.37276549198504
high_006,high,162.951103154122,41,482,233,222,217,221.9259578081668
high_006,high,162.951103154122,41,482,233,222,221,217.19937617398222
high_006,high,162.951103154122,41,482,233,222,224,218.5074093562214
high_006,high,162.951103154122,41,482,233,222,234,249.8323327412729
high_006,high,162.951103154122,41,482,233,222,239,243.0715150179951
high_006,high,162.951103154122,41,482,233,222,245,242.3114843628087
high_006,high,162.951103154122,41,482,233,222,256,248.99421963629655
high_006,high,162.951103154122,41,482,233,222,262,242.3114843628087
high_006,high,162.951103154122,41,482,233,222,266,245.6460121162958
high_006,high,162.951103154122,41,482,233,222,268,245.86639243580623
high_006,high,162.951103154122,41,482,233,222,275,253.07044744932267
high_006,high,162.951103154122,41,482,233,222,289,247.1132493067352
high_006,high,162.951103154122,41,482,233,222,295,259.09153170532784
high_006,high,162.951103154122,41,482,233,222,299,259.09153170532784
high_006,high,162.951103154122,41,482,233,222,300,259.09153170532784
high_006,high,162.951103154122,41,482,233,222,308,263.220022237865
high_006,high,162.951103154122,41,482,233,222,311,286.2588668438763
high_006,high,162.951103154122,41,482,233,222,313,286.2588668438763
high_006,high,162.951103154122,41,482,233,222,314,286.2588668438763
high_006,high,162.951103154122,41,482,233,222,665,221.56361368144223
high_006,high,162.951103154122,41,482,233,222,669,222.84736217987586
high_006,high,162.951103154122,41,482,233,222,672,207.75488654522366
high_006,high,162.951103154122,41,482,233,222,682,221.8044517986752
high_006,high,162.951103154122,41,482,233,222,683,194.27493037666358
high_006,high,162.951103154122,41,482,233,222,713,244.06279181242604
high_006,high,162.951103154122,41,482,233,222,714,245.86639243580623
high_007,high,150.6384090782802,56,434,281,269,34,188.39781054816802
high_007,high,150.6384090782802,56,434,281,269,37,193.35639036121768
high_007,high,150.6384090782802,56,434,281,269,78,199.6086112601654
high_007,high,150.6384090782802,56,434,281,269,79,205.68137174819287
high_007,high,150.6384090782802,56,434,281,269,82,172.65274643788763
high_007,high,150.6384090782802,56,434,281,269,101,191.75883160839984
high_007,high,150.6384090782802,56,434,281,269,102,198.61405056108512
high_007,high,150.6384090782802,56,434,281,269,114,181.49948476976172
high_007,high,150.6384090782802,56,434,281,269,116,177.33726921250516
high_007,high,150.6384090782802,56,434,281,269,118,205.11202751106038
high_007,high,150.6384090782802,56,434,281,269,119,184.93412257589532
high_007,high,150.6384090782802,56,434,281,269,123,183.85047445292966
high_007,high,150.6384090782802,56,434,281,269,145,202.70890610528465
high_007,high,150.6384090782802,56,434,281,269,151,196.5931963482779
high_007,high,150.6384090782802,56,434,281,269,159,189.44908973587079
high_007,high,150.6384090782802,56,434,281,269,163,177.737059796875
high_007,high,150.6384090782802,56,434,281,269,169,199.5317821388916
high_007,high,150.6384090782802,56,434,281,269,170,206.00022564038883
high_007,high,150.6384090782802,56,434,281,269,174,203.74388743416677
high_007,high,150.6384090782802,56,434,281,269,175,208.66979040987408
high_007,high,150.6384090782802,56,434,281,269,178,195.96922041965155
high_007,high,150.6384090782802,56,434,281,269,180,193.07550754184564
high_007,high,150.6384090782802,56,434,281,269,185,204.93173781354528
high_007,high,150.6384090782802,56,434,281,269,189,196.41605863727176
high_007,high,150.6384090782802,56,434,281,269,198,191.72724847291877
high_007,high,150.6384090782802,56,434,281,269,199,207.72232075911936
high_007,high,150.6384090782802,56,434,281,269,200,195.4742495931885
high_007,high,150.6384090782802,56,434,281,269,203,193.2909107435133
high_007,high,150.6384090782802,56,434,281,269,205,203.29998801487406
high_007,high,150.6384090782802,56,434,281,269,207,193.19345151223536
high_007,high,150.6384090782802,56,434,281,269,209,199.79157580235508
high_007,high,150.6384090782802,56,434,281,269,225,203.75109131542217
high_007,high,150.6384090782802,56,434,281,269,228,242.3114843628087
high_007,high,150.6384090782802,56,434,281,269,229,242.3114843628087
high_007,high,150.6384090782802,56,434,281,269,239,243.0715150179951
high_007,high,150.6384090782802,56,434,281,269,244,242.3114843628087
high_007,high,150.6384090782802,56,434,281,269,249,244.19076351079332
high_007,high,150.6384090782802,56,434,281,269,258,249.72551875590403
high_007,high,150.6384090782802,56,434,281,269,272,243.14511630118048
high_007,high,150.6384090782802,56,434,281,269,281,243.95027450586
high_007,high,150.6384090782802,56,434,281,269,285,244.49180149678207
high_007,high,150.6384090782802,56,434,281,269,287,245.70779348158973
high_007,high,150.6384090782802,56,434,281,269,292,259.09153170532784
high_007,high,150.6384090782802,56,434,281,269,293,261.0153733343846
high_007,high,150.6384090782802,56,434,281,269,295,259.09153170532784
high_007,high,150.6384090782802,56,434,281,269,297,259.09153170532784
high_007,high,150.6384090782802,56,434,281,269,298,259.09153170532784
high_007,high,150.6384090782802,56,434,281,269,303,263.220022237865
high_007,high,150.6384090782802,56,434,281,269,312,287.42485536047496
high_007,high,150.6384090782802,56,434,281,269,313,286.2588668438763
high_007,high,150.6384090782802,56,434,281,269,660,182.1984480630607
high_007,high,150.6384090782802,56,434,281,269,667,192.317610897409
high_007,high,150.6384090782802,56,434,281,269,681,202.71009656725604
high_007,high,150.6384090782802,56,434,281,269,688,189.0686496044762
high_007,high,150.6384090782802,56,434,281,269,689,189.26244002420017
high_007,high,150.6384090782802,56,434,281,269,712,245.4723003444209
high_008,high,191.09259597754362,29,563,152,145,171,232.21593672785576
high_008,high,191.09259597754362,29,563,152,145,172,217.45394952745937
high_008,high,191.09259597754362,29,563,152,145,173,249.00377849014302
high_008,high,191.09259597754362,29,563,152,145,174,242.57800710160862
high_008,high,191.09259597754362,29,563,152,145,180,244.11683653468725
high_008,high,191.09259597754362,29,563,152,145,184,232.08232469195147
high_008,high,191.09259597754362,29,563,152,145,197,219.5224837276967
high_008,high,191.09259597754362,29,563,152,145,206,220.16165826468483
high_008,high,191.09259597754362,29,563,152,145,207,223.07495749781418
high_008,high,191.09259597754362,29,563,152,145,208,220.9019606727521
high_008,high,191.09259597754362,29,563,152,145,221,220.0392121424514
high_008,high,191.09259597754362,29,563,152,145,224,215.96720718194263
high_008,high,191.09259597754362,29,563,152,145,225,217.85558759230375
high_008,high,191.09259597754362,29,563,152,145,231,243.23683437320125
high_008,high,191.09259597754362,29,563,152,145,256,248.99421963629655
high_008,high,191.09259597754362,29,563,152,145,258,249.72551875590403
high_008,high,191.09259597754362,29,563,152,145,262,242.3114843628087
high_008,high,191.09259597754362,29,563,152,145,264,246.71701671932777
high_008,high,191.09259597754362,29,563,152,145,265,247.41682281056632
high_008,high,191.09259597754362,29,563,152,145,266,245.6460121162958
high_008,high,191.09259597754362,29,563,152,145,274,249.11032611693267
high_008,high,191.09259597754362,29,563,152,145,279,243.77999514831507
high_008,high,191.09259597754362,29,563,152,145,288,246.8685656894365
high_008,high,191.09259597754362,29,563,152,145,292,259.09153170532784
high_008,high,191.09259597754362,29,563,152,145,295,259.09153170532784
high_008,high,191.09259597754362,29,563,152,145,296,259.09153170532784
high_008,high,191.09259597754362,29,563,152,145,297,259.09153170532784
high_008,high,191.09259597754362,29,563,152,145,314,286.2588668438763
high_008,high,191.09259597754362,29,563,152,145,690,225.44467816221672
high_009,high,154.59511001071175,56,448,267,255,35,190.08459027430905
high_009,high,154.59511001071175,56,448,267,255,47,204.06163207921452
high_009,high,154.59511001071175,56,448,267,255,56,175.2086938491107
high_009,high,154.59511001071175,56,448,267,255,58,197.96355067542734
high_009,high,154.59511001071175,56,448,267,255,84,175.22056463544584
high_009,high,154.59511001071175,56,448,267,255,90,207.23935253192363
high_009,high,154.59511001071175,56,448,267,255,94,189.5009756232113
high_009,high,154.59511001071175,56,448,267,255,102,211.1433056876339
high_009,high,154.59511001071175,56,448,267,255,118,203.75504276443246
high_009,high,154.59511001071175,56,448,267,255,134,208.4379488334816
high_009,high,154.59511001071175,56,448,267,255,148,180.79789823289514
high_009,high,154.59511001071175,56,448,267,255,156,179.11888379894802
high_009,high,154.59511001071175,56,448,267,255,160,205.97860010672952
high_009,high,154.59511001071175,56,448,267,255,172,203.28235445097928
high_009,high,154.59511001071175,56,448,267,255,184,205.63866854772283
high_009,high,154.59511001071175,56,448,267,255,188,206.84184054783725
high_009,high,154.59511001071175,56,448,267,255,191,198.06727629433058
high_009,high,154.59511001071175,56,448,267,255,195,193.24761256071764
high_009,high,154.59511001071175,56,448,267,255,199,191.3967096782245
high_009,high,154.59511001071175,56,448,267,255,201,198.6558505165379
high_009,high,154.59511001071175,56,448,267,255,205,198.7666475585721
high_009,high,154.59511001071175,56,448,267,255,207,201.4547183179298
high_009,high,154.59511001071175,56,448,267,255,216,192.37276549198504
high_009,high,154.59511001071175,56,448,267,255,221,208.84724023462678
high_009,high,154.59511001071175,56,448,267,255,225,211.38451544448344
high_009,high,154.59511001071175,56,448,267,255,226,202.52286500683616
high_009,high,154.59511001071175,56,448,267,255,229,242.3114843628087
high_009,high,154.59511001071175,56,448,267,255,230,242.3114843628087
high_009,high,154.59511001071175,56,448,267,255,234,249.8323327412729
high_009,high,154.59511001071175,56,448,267,255,248,250.03839311335707
high_009,high,154.59511001071175,56,448,267,255,256,248.99421963629655
high_009,high,154.59511001071175,56,448,267,255,259,247.18626195681736
high_009,high,154.59511001071175,56,448,267,255,261,249.61000897288352
high_009,high,154.59511001071175,56,448,267,255,263,242.3114843628087
high_009,high,154.59511001071175,56,448,267,255,268,245.86639243580623
high_009,high,154.59511001071175,56,448,267,255,270,246.43613021897693
high_009,high,154.59511001071175,56,448,267,255,271,243.12883888271324
high_009,high,154.59511001071175,56,448,267,255,276,253.3073791228365
high_009,high,154.59511001071175,56,448,267,255,278,243.2803338161632
high_009,high,154.59511001071175,56,448,267,255,281,243.95027450586
high_009,high,154.59511001071175,56,448,267,255,286,244.50422511936048
high_009,high,154.59511001071175,56,448,267,255,289,247.1132493067352
high_009,high,154.59511001071175,56,448,267,255,295,259.09153170532784
high_009,high,154.59511001071175,56,448,267,255,296,259.09153170532784
high_009,high,154.59511001071175,56,448,267,255,303,263.220022237865
high_009,high,154.59511001071175,56,448,267,255,305,269.74955781961995
high_009,high,154.59511001071175,56,448,267,255,312,287.42485536047496
high_009,high,154.59511001071175,56,448,267,255,315,286.2588668438763
high_009,high,154.59511001071175,56,448,267,255,660,190.6330566460645
high_009,high,154.59511001071175,56,448,267,255,661,195.32535442177027
high_009,high,154.59511001071175,56,448,267,255,662,208.24409884639064
high_009,high,154.59511001071175,56,448,267,255,663,190.29497306406867
high_009,high,154.59511001071175,56,448,267,255,665,181.9384264607064
high_009,high,154.59511001071175,56,448,267,255,669,198.20294180905177
high_009,high,154.59511001071175,56,448,267,255,684,188.28062789356125
high_009,high,154.59511001071175,56,448,267,255,690,210.61578084228847
high_010,high,197.59956682434824,20,604,111,104,166,256.5885572034627
high_010,high,197.59956682434824,20,604,111,104,174,256.62093241950015
high_010,high,197.59956682434824,20,604,111,104,177,224.58322433792952
high_010,high,197.59956682434824,20,604,111,104,221,229.2617230704315
high_010,high,197.59956682434824,20,604,111,104,231,243.23683437320125
high_010,high,197.59956682434824,20,604,111,104,237,256.5465386530135
high_010,high,197.59956682434824,20,604,111,104,250,247.1132493067352
high_010,high,197.59956682434824,20,604,111,104,255,244.91661846162765
high_010,high,197.59956682434824,20,604,111,104,263,242.3114843628087
high_010,high,197.59956682434824,20,604,111,104,264,246.71701671932777
high_010,high,197.59956682434824,20,604,111,104,269,246.0810876630468
high_010,high,197.59956682434824,20,604,111,104,274,249.11032611693267
high_010,high,197.59956682434824,20,604,111,104,278,243.2803338161632
high_010,high,197.59956682434824,20,604,111,104,282,256.0497976328297
high_010,high,197.59956682434824,20,604,111,104,294,260.2575202219265
high_010,high,197.59956682434824,20,604,111,104,300,259.09153170532784
high_010,high,197.59956682434824,20,604,111,104,306,263.220022237865
high_010,high,197.59956682434824,20,604,111,104,307,263.220022237865
high_010,high,197.59956682434824,20,604,111,104,313,286.2588668438763
high_010,high,197.59956682434824,20,604,111,104,713,244.06279181242604
high_011,high,173.59078739635498,38,519,196,185,36,210.68949600009887
high_011,high,173.59078739635498,38,519,196,185,57,195.07358146679914
high_011,high,173.59078739635498,38,519,196,185,140,225.06725985792923
high_011,high,173.59078739635498,38,519,196,185,166,228.60780274874583
high_011,high,173.59078739635498,38,519,196,185,170,220.24166936679399
high_011,high,173.59078739635498,38,519,196,185,171,201.7641808934093
high_011,high,173.59078739635498,38,519,196,185,173,223.2946843799978
high_011,high,173.59078739635498,38,519,196,185,176,202.8762028838766
high_011,high,173.59078739635498,38,519,196,185,177,213.0787827803917
high_011,high,173.59078739635498,38,519,196,185,178,201.7771957744165
high_011,high,173.59078739635498,38,519,196,185,180,209.90517447384548
high_011,high,173.59078739635498,38,519,196,185,183,205.01402863858098
high_011,high,173.59078739635498,38,519,196,185,189,199.12348349593086
high_011,high,173.59078739635498,38,519,196,185,216,219.51813128730873
high_011,high,173.59078739635498,38,519,196,185,228,242.3114843628087
high_011,high,173.59078739635498,38,519,196,185,234,249.8323327412729
high_011,high,173.59078739635498,38,519,196,185,243,250.0859530091861
high_011,high,173.59078739635498,38,519,196,185,247,249.98833416675305
high_011,high,173.59078739635498,38,519,196,185,250,247.1132493067352
high_011,high,173.59078739635498,38,519,196,185,254,252.2373287853513
high_011,high,173.59078739635498,38,519,196,185,256,248.99421963629655
high_011,high,173.59078739635498,38,519,196,185,259,247.18626195681736
high_011,high,173.59078739635498,38,519,196,185,260,242.3114843628087
high_011,high,173.59078739635498,38,519,196,185,264,246.71701671932777
high_011,high,173.59078739635498,38,519,196,185,269,246.0810876630468
high_011,high,173.59078739635498,38,519,196,185,277,247.8065727558686
high_011,high,173.59078739635498,38,519,196,185,281,243.95027450586
high_011,high,173.59078739635498,38,519,196,185,284,245.2705368620096
high_011,high,173.59078739635498,38,519,196,185,295,259.09153170532784
high_011,high,173.59078739635498,38,519,196,185,296,259.09153170532784
high_011,high,173.59078739635498,38,519,196,185,303,263.220022237865
high_011,high,173.59078739635498,38,519,196,185,304,263.220022237865
high_011,high,173.59078739635498,38,519,196,185,306,263.220022237865
high_011,high,173.59078739635498,38,519,196,185,314,286.2588668438763
high_011,high,173.59078739635498,38,519,196,185,666,227.942274967062
high_011,high,173.59078739635498,38,519,196,185,681,208.2103828508446
high_011,high,173.59078739635498,38,519,196,185,693,230.15400287397887
high_011,high,173.59078739635498,38,519,196,185,713,244.06279181242604
high_012,high,171.47769860506432,33,511,204,193,35,206.33866686681517
high_012,high,171.47769860506432,33,511,204,193,37,199.8716478893814
high_012,high,171.47769860506432,33,511,204,193,60,202.46012222141107
high_012,high,171.47769860506432,33,511,204,193,180,196.10662574139127
high_012,high,171.47769860506432,33,511,204,193,184,214.2301728930629
high_012,high,171.47769860506432,33,511,204,193,191,193.50940848626223
high_012,high,171.47769860506432,33,511,204,193,203,203.21178004835338
high_012,high,171.47769860506432,33,511,204,193,213,211.6158680407188
high_012,high,171.47769860506432,33,511,204,193,214,200.15926830152688
high_012,high,171.47769860506432,33,511,204,193,216,216.95189141546862
high_012,high,171.47769860506432,33,511,204,193,224,220.6219333276703
high_012,high,171.47769860506432,33,511,204,193,238,243.2803338161632
high_012,high,171.47769860506432,33,511,204,193,239,243.0715150179951
high_012,high,171.47769860506432,33,511,204,193,243,250.0859530091861
high_012,high,171.47769860506432,33,511,204,193,247,249.98833416675305
high_012,high,171.47769860506432,33,511,204,193,248,250.03839311335707
high_012,high,171.47769860506432,33,511,204,193,250,247.1132493067352
high_012,high,171.47769860506432,33,511,204,193,252,242.3114843628087
high_012,high,171.47769860506432,33,511,204,193,253,245.2705368620096
high_012,high,171.47769860506432,33,511,204,193,258,249.72551875590403
high_012,high,171.47769860506432,33,511,204,193,259,247.18626195681736
high_012,high,171.47769860506432,33,511,204,193,263,242.3114843628087
high_012,high,171.47769860506432,33,511,204,193,284,245.2705368620096
high_012,high,171.47769860506432,33,511,204,193,286,244.50422511936048
high_012,high,171.47769860506432,33,511,204,193,293,261.0153733343846
high_012,high,171.47769860506432,33,511,204,193,295,259.09153170532784
high_012,high,171.47769860506432,33,511,204,193,314,286.2588668438763
high_012,high,171.47769860506432,33,511,204,193,315,286.2588668438763
high_012,high,171.47769860506432,33,511,204,193,668,222.30395739873325
high_012,high,171.47769860506432,33,511,204,193,677,191.7721270367902
high_012,high,171.47769860506432,33,511,204,193,685,210.85248908851793
high_012,high,171.47769860506432,33,511,204,193,690,227.69296839199896
high_012,high,171.47769860506432,33,511,204,193,692,196.05134451919434
high_013,high,179.85184650860555,27,532,183,173,175,217.70151032602084
high_013,high,179.85184650860555,27,532,183,173,176,207.7869474869742
high_013,high,179.85184650860555,27,532,183,173,180,237.94730546936518
high_013,high,179.85184650860555,27,532,183,173,197,219.44476991695984
high_013,high,179.85184650860555,27,532,183,173,200,218.84723676643952
high_013,high,179.85184650860555,27,532,183,173,204,221.54084958939671
high_013,high,179.85184650860555,27,532,183,173,207,203.5655894172441
high_013,high,179.85184650860555,27,532,183,173,219,207.9485881424681
high_013,high,179.85184650860555,27,532,183,173,223,200.72740275333877
high_013,high,179.85184650860555,27,532,183,173,224,229.2019450305051
high_013,high,179.85184650860555,27,532,183,173,228,242.3114843628087
high_013,high,179.85184650860555,27,532,183,173,236,242.3114843628087
high_013,high,179.85184650860555,27,532,183,173,237,242.3114843628087
high_013,high,179.85184650860555,27,532,183,173,242,251.01310412784608
high_013,high,179.85184650860555,27,532,183,173,247,249.98833416675305
high_013,high,179.85184650860555,27,532,183,173,255,244.91661846162765
high_013,high,179.85184650860555,27,532,183,173,259,247.18626195681736
high_013,high,179.85184650860555,27,532,183,173,260,242.3114843628087
high_013,high,179.85184650860555,27,532,183,173,277,247.8065727558686
high_013,high,179.85184650860555,27,532,183,173,278,243.2803338161632
high_013,high,179.85184650860555,27,532,183,173,287,245.70779348158973
high_013,high,179.85184650860555,27,532,183,173,294,260.2575202219265
high_013,high,179.85184650860555,27,532,183,173,306,263.220022237865
high_013,high,179.85184650860555,27,532,183,173,315,286.2588668438763
high_013,high,179.85184650860555,27,532,183,173,678,219.52477606101615
high_013,high,179.85184650860555,27,532,183,173,681,215.33463241246682
high_013,high,179.85184650860555,27,532,183,173,682,231.19392662258437
high_014,high,176.7533685617399,31,526,189,179,57,223.49669373221616
high_014,high,176.7533685617399,31,526,189,179,193,214.02250409034446
high_014,high,176.7533685617399,31,526,189,179,194,230.7588168060675
high_014,high,176.7533685617399,31,526,189,179,203,214.48420695409396
high_014,high,176.7533685617399,31,526,189,179,205,201.09424872235834
high_014,high,176.7533685617399,31,526,189,179,206,223.18116715947718
high_014,high,176.7533685617399,31,526,189,179,219,225.76606169803784
high_014,high,176.7533685617399,31,526,189,179,231,243.23683437320125
high_014,high,176.7533685617399,31,526,189,179,236,242.3114843628087
high_014,high,176.7533685617399,31,526,189,179,243,250.0859530091861
high_014,high,176.7533685617399,31,526,189,179,246,243.1813927989831
high_014,high,176.7533685617399,31,526,189,179,252,242.3114843628087
high_014,high,176.7533685617399,31,526,189,179,259,247.18626195681736
high_014,high,176.7533685617399,31,526,189,179,261,249.61000897288352
high_014,high,176.7533685617399,31,526,189,179,265,245.4723003444209
high_014,high,176.7533685617399,31,526,189,179,267,245.70779348158973
high_014,high,176.7533685617399,31,526,189,179,269,246.0810876630468
high_014,high,176.7533685617399,31,526,189,179,270,246.43613021897693
high_014,high,176.7533685617399,31,526,189,179,285,244.49180149678207
high_014,high,176.7533685617399,31,526,189,179,294,260.2575202219265
high_014,high,176.7533685617399,31,526,189,179,295,259.09153170532784
high_014,high,176.7533685617399,31,526,189,179,298,259.09153170532784
high_014,high,176.7533685617399,31,526,189,179,307,263.220022237865
high_014,high,176.7533685617399,31,526,189,179,675,230.48345008502235
high_014,high,176.7533685617399,31,526,189,179,677,199.3412437724082
high_014,high,176.7533685617399,31,526,189,179,678,198.45690378681627
high_014,high,176.7533685617399,31,526,189,179,683,203.76426343789848
high_014,high,176.7533685617399,31,526,189,179,684,199.98478406647607
high_014,high,176.7533685617399,31,526,189,179,688,221.09545703231177
high_014,high,176.7533685617399,31,526,189,179,692,219.5876732735137
high_014,high,176.7533685617399,31,526,189,179,713,244.06279181242604
high_015,high,156.10892336542614,46,453,262,250,37,202.15591505882838
high_015,high,156.10892336542614,46,453,262,250,85,179.21923439734599
high_015,high,156.10892336542614,46,453,262,250,94,209.75019359087497
high_015,high,156.10892336542614,46,453,262,250,117,198.1984467896521
high_015,high,156.10892336542614,46,453,262,250,119,203.67587644436213
high_015,high,156.10892336542614,46,453,262,250,140,187.23823179612899
high_015,high,156.10892336542614,46,453,262,250,141,203.16132080225015
high_015,high,156.10892336542614,46,453,262,250,147,204.86493395062263
high_015,high,156.10892336542614,46,453,262,250,149,198.6291018042367
high_015,high,156.10892336542614,46,453,262,250,160,181.26222138419143
high_015,high,156.10892336542614,46,453,262,250,161,183.8860822324821
high_015,high,156.10892336542614,46,453,262,250,163,214.52643889105326
high_015,high,156.10892336542614,46,453,262,250,165,209.040500963074
high_015,high,156.10892336542614,46,453,262,250,167,194.2227319910655
high_015,high,156.10892336542614,46,453,262,250,169,199.5317821388916
high_015,high,156.10892336542614,46,453,262,250,171,211.7829049163994
high_015,high,156.10892336542614,46,453,262,250,173,197.98586974874053
high_015,high,156.10892336542614,46,453,262,250,184,202.736739243534
high_015,high,156.10892336542614,46,453,262,250,185,202.92219869342412
high_015,high,156.10892336542614,46,453,262,250,187,204.48366790607287
high_015,high,156.10892336542614,46,453,262,250,190,190.7448461434097
high_015,high,156.10892336542614,46,453,262,250,206,200.05577508569272
high_015,high,156.10892336542614,46,453,262,250,211,202.52286500683616
high_015,high,156.10892336542614,46,453,262,250,214,211.66418878678257
high_015,high,156.10892336542614,46,453,262,250,215,192.65152373915072
high_015,high,156.10892336542614,46,453,262,250,220,197.2131920469666
high_015,high,156.10892336542614,46,453,262,250,226,202.52286500683616
high_015,high,156.10892336542614,46,453,262,250,232,249.72551875590403
high_015,high,156.10892336542614,46,453,262,250,244,242.3114843628087
high_015,high,156.10892336542614,46,453,262,250,248,250.03839311335707
high_015,high,156.10892336542614,46,453,262,250,251,247.1399998173795
high_015,high,156.10892336542614,46,453,262,250,254,252.2373287853513
high_015,high,156.10892336542614,46,453,262,250,259,247.18626195681736
high_015,high,156.10892336542614,46,453,262,250,268,245.86639243580623
high_015,high,156.10892336542614,46,453,262,250,273,249.0536633315719
high_015,high,156.10892336542614,46,453,262,250,276,253.3073791228365
high_015,high,156.10892336542614,46,453,262,250,297,259.09153170532784
high_015,high,156.10892336542614,46,453,262,250,308,263.220022237865
high_015,high,156.10892336542614,46,453,262,250,314,286.2588668438763
high_015,high,156.10892336542614,46,453,262,250,315,286.2588668438763
high_015,high,156.10892336542614,46,453,262,250,563,212.89872017808435
high_015,high,156.10892336542614,46,453,262,250,663,188.38568449596934
high_015,high,156.10892336542614,46,453,262,250,666,177.64874374952052
high_015,high,156.10892336542614,46,453,262,250,674,188.70256878127336
high_015,high,156.10892336542614,46,453,262,250,683,188.9535839592292
high_015,high,156.10892336542614,46,453,262,250,686,206.40286390098862
high_016,high,205.74699975820943,18,621,94,87,233,249.61000897288352
high_016,high,205.74699975820943,18,621,94,87,237,249.83815078639276
high_016,high,205.74699975820943,18,621,94,87,239,247.96111808244885
high_016,high,205.74699975820943,18,621,94,87,256,259.39918151895205
high_016,high,205.74699975820943,18,621,94,87,257,249.2609499961078
high_016,high,205.74699975820943,18,621,94,87,268,262.84265828722243
high_016,high,205.74699975820943,18,621,94,87,269,258.76219458243327
high_016,high,205.74699975820943,18,621,94,87,276,253.3073791228365
high_016,high,205.74699975820943,18,621,94,87,284,247.3451639102197
high_016,high,205.74699975820943,18,621,94,87,287,263.8154649611896
high_016,high,205.74699975820943,18,621,94,87,298,259.7718162647308
high_016,high,205.74699975820943,18,621,94,87,301,259.09153170532784
high_016,high,205.74699975820943,18,621,94,87,304,263.220022237865
high_016,high,205.74699975820943,18,621,94,87,307,263.220022237865
high_016,high,205.74699975820943,18,621,94,87,310,286.2588668438763
high_016,high,205.74699975820943,18,621,94,87,312,287.42485536047496
high_016,high,205.74699975820943,18,621,94,87,313,286.2588668438763
high_016,high,205.74699975820943,18,621,94,87,315,286.2588668438763
high_017,high,142.07335947834005,56,395,320,308,32,201.82593751000107
high_017,high,142.07335947834005,56,395,320,308,41,164.16363289435378
high_017,high,142.07335947834005,56,395,320,308,43,189.20713674508536
high_017,high,142.07335947834005,56,395,320,308,51,175.92139833103224
high_017,high,142.07335947834005,56,395,320,308,61,177.21791031679535
high_017,high,142.07335947834005,56,395,320,308,62,184.37183791922655
high_017,high,142.07335947834005,56,395,320,308,64,166.63692400765575
high_017,high,142.07335947834005,56,395,320,308,68,163.9488924153278
high_017,high,142.07335947834005,56,395,320,308,70,178.88650765803231
high_017,high,142.07335947834005,56,395,320,308,72,181.7516510182303
high_017,high,142.07335947834005,56,395,320,308,76,192.42594774358204
high_017,high,142.07335947834005,56,395,320,308,84,182.79880538488172
high_017,high,142.07335947834005,56,395,320,308,100,197.95908435748652
high_017,high,142.07335947834005,56,395,320,308,109,194.49032460788953
high_017,high,142.07335947834005,56,395,320,308,111,172.20738840351885
high_017,high,142.07335947834005,56,395,320,308,116,174.30047422567225
high_017,high,142.07335947834005,56,395,320,308,118,166.3887580747408
high_017,high,142.07335947834005,56,395,320,308,124,168.55378785951785
high_017,high,142.07335947834005,56,395,320,308,126,187.90878268459062
high_017,high,142.07335947834005,56,395,320,308,130,173.15690748678225
high_017,high,142.07335947834005,56,395,320,308,147,194.99644345723112
high_017,high,142.07335947834005,56,395,320,308,152,183.90570238188604
high_017,high,142.07335947834005,56,395,320,308,160,181.77363191830125
high_017,high,142.07335947834005,56,395,320,308,163,174.24888585173736
high_017,high,142.07335947834005,56,395,320,308,169,199.5317821388916
high_017,high,142.07335947834005,56,395,320,308,171,192.07588053996375
high_017,high,142.07335947834005,56,395,320,308,201,194.38126080936192
high_017,high,142.07335947834005,56,395,320,308,203,193.2909107435133
high_017,high,142.07335947834005,56,395,320,308,215,197.2575557435422
high_017,high,142.07335947834005,56,395,320,308,224,199.78711058669327
high_017,high,142.07335947834005,56,395,320,308,233,249.61000897288352
high_017,high,142.07335947834005,56,395,320,308,248,250.03839311335707
high_017,high,142.07335947834005,56,395,320,308,249,244.19076351079332
high_017,high,142.07335947834005,56,395,320,308,259,247.18626195681736
high_017,high,142.07335947834005,56,395,320,308,263,242.3114843628087
high_017,high,142.07335947834005,56,395,320,308,264,246.71701671932777
high_017,high,142.07335947834005,56,395,320,308,269,246.0810876630468
high_017,high,142.07335947834005,56,395,320,308,270,246.43613021897693
high_017,high,142.07335947834005,56,395,320,308,276,253.3073791228365
high_017,high,142.07335947834005,56,395,320,308,282,243.97874823955223
high_017,high,142.07335947834005,56,395,320,308,284,245.2705368620096
high_017,high,142.07335947834005,56,395,320,308,289,247.1132493067352
high_017,high,142.07335947834005,56,395,320,308,295,259.09153170532784
high_017,high,142.07335947834005,56,395,320,308,298,259.09153170532784
high_017,high,142.07335947834005,56,395,320,308,301,259.09153170532784
high_017,high,142.07335947834005,56,395,320,308,305,269.74955781961995
high_017,high,142.07335947834005,56,395,320,308,310,286.2588668438763
high_017,high,142.07335947834005,56,395,320,308,563,180.6759624174839
high_017,high,142.07335947834005,56,395,320,308,662,170.36593213852055
high_017,high,142.07335947834005,56,395,320,308,671,176.7252508385191
high_017,high,142.07335947834005,56,395,320,308,679,187.85095658213237
high_017,high,142.07335947834005,56,395,320,308,681,188.99185811825117
high_017,high,142.07335947834005,56,395,320,308,682,187.639347308072
high_017,high,142.07335947834005,56,395,320,308,686,187.639347308072
high_017,high,142.07335947834005,56,395,320,308,687,190.7448461434097
high_017,high,142.07335947834005,56,395,320,308,713,244.06279181242604
high_018,high,216.4727895214049,15,622,93,86,237,242.3114843628087
high_018,high,216.4727895214049,15,622,93,86,243,250.0859530091861
high_018,high,216.4727895214049,15,622,93,86,246,243.1813927989831
high_018,high,216.4727895214049,15,622,93,86,248,273.52625795999074
high_018,high,216.4727895214049,15,622,93,86,252,242.3114843628087
high_018,high,216.4727895214049,15,622,93,86,263,270.93348185131646
high_018,high,216.4727895214049,15,622,93,86,267,267.0336715787253
high_018,high,216.4727895214049,15,622,93,86,270,264.9265654644461
high_018,high,216.4727895214049,15,622,93,86,279,275.3256811132244
high_018,high,216.4727895214049,15,622,93,86,281,268.2663064936912
high_018,high,216.4727895214049,15,622,93,86,286,244.50422511936048
high_018,high,216.4727895214049,15,622,93,86,287,257.9485198901485
high_018,high,216.4727895214049,15,622,93,86,298,259.09153170532784
high_018,high,216.4727895214049,15,622,93,86,307,276.33533935662945
high_018,high,216.4727895214049,15,622,93,86,310,286.2588668438763
high_019,high,172.89692335613083,47,517,198,187,37,205.64217478344167
high_019,high,172.89692335613083,47,517,198,187,102,200.9256590021388
high_019,high,172.89692335613083,47,517,198,187,166,219.71121923576993
high_019,high,172.89692335613083,47,517,198,187,169,217.94760269289696
high_019,high,172.89692335613083,47,517,198,187,174,220.59004579578203
high_019,high,172.89692335613083,47,517,198,187,175,220.12967473205828
high_019,high,172.89692335613083,47,517,198,187,179,226.5091581220277
high_019,high,172.89692335613083,47,517,198,187,186,208.99861088488564
high_019,high,172.89692335613083,47,517,198,187,188,221.9696368780374
high_019,high,172.89692335613083,47,517,198,187,204,230.88104972799442
high_019,high,172.89692335613083,47,517,198,187,212,229.40018782194397
high_019,high,172.89692335613083,47,517,198,187,213,197.71005226553962
high_019,high,172.89692335613083,47,517,198,187,214,232.67489692785796
high_019,high,172.89692335613083,47,517,198,187,219,207.50472300942232
high_019,high,172.89692335613083,47,517,198,187,221,207.41514072039365
high_019,high,172.89692335613083,47,517,198,187,228,242.3114843628087
high_019,high,172.89692335613083,47,517,198,187,231,243.23683437320125
high_019,high,172.89692335613083,47,517,198,187,235,254.4774333159818
high_019,high,172.89692335613083,47,517,198,187,237,242.3114843628087
high_019,high,172.89692335613083,47,517,198,187,245,242.3114843628087
high_019,high,172.89692335613083,47,517,198,187,248,250.03839311335707
high_019,high,172.89692335613083,47,517,198,187,250,247.1132493067352
high_019,high,172.89692335613083,47,517,198,187,255,244.91661846162765
high_019,high,172.89692335613083,47,517,198,187,257,249.2609499961078
high_019,high,172.89692335613083,47,517,198,187,258,249.72551875590403
high_019,high,172.89692335613083,47,517,198,187,263,242.3114843628087
high_019,high,172.89692335613083,47,517,198,187,267,245.70779348158973
high_019,high,172.89692335613083,47,517,198,187,270,246.43613021897693
high_019,high,172.89692335613083,47,517,198,187,277,247.8065727558686
high_019,high,172.89692335613083,47,517,198,187,280,244.2385002488528
high_019,high,172.89692335613083,47,517,198,187,281,243.95027450586
high_019,high,172.89692335613083,47,517,198,187,282,243.97874823955223
high_019,high,172.89692335613083,47,517,198,187,284,245.2705368620096
high_019,high,172.89692335613083,47,517,198,187,287,245.70779348158973
high_019,high,172.89692335613083,47,517,198,187,300,259.09153170532784
high_019,high,172.89692335613083,47,517,198,187,308,263.220022237865
high_019,high,172.89692335613083,47,517,198,187,312,287.42485536047496
high_019,high,172.89692335613083,47,517,198,187,315,286.2588668438763
high_019,high,172.89692335613083,47,517,198,187,668,193.60656788738234
high_019,high,172.89692335613083,47,517,198,187,670,193.04924505177542
high_019,high,172.89692335613083,47,517,198,187,679,202.52300606487856
high_019,high,172.89692335613083,47,517,198,187,683,206.9785451378625
high_019,high,172.89692335613083,47,517,198,187,685,211.51133274608222
high_019,high,172.89692335613083,47,517,198,187,686,230.4160924872288
high_019,high,172.89692335613083,47,517,198,187,691,206.9622263399499
high_019,high,172.89692335613083,47,517,198,187,712,245.4723003444209
high_019,high,172.89692335613083,47,517,198,187,714,245.86639243580623
