scenario_id,level,reschedule_start_time,delayed_task_count,frozen_task_count,movable_task_count,eligible_delay_task_count,TaskID,release_time
low_000,low,264.84122112713374,76,1564,1735,1673,44,651.5736201382567
low_000,low,264.84122112713374,76,1564,1735,1673,46,646.069542635687
low_000,low,264.84122112713374,76,1564,1735,1673,50,646.9345934258029
low_000,low,264.84122112713374,76,1564,1735,1673,53,643.5765529484125
low_000,low,264.84122112713374,76,1564,1735,1673,58,680.7551628520695
low_000,low,264.84122112713374,76,1564,1735,1673,67,643.927854980599
low_000,low,264.84122112713374,76,1564,1735,1673,106,649.2458332163693
low_000,low,264.84122112713374,76,1564,1735,1673,132,658.8297490653881
low_000,low,264.84122112713374,76,1564,1735,1673,165,696.1109557716287
low_000,low,264.84122112713374,76,1564,1735,1673,218,705.0040810482818
low_000,low,264.84122112713374,76,1564,1735,1673,221,705.3238567401744
low_000,low,264.84122112713374,76,1564,1735,1673,241,764.2480565605323
low_000,low,264.84122112713374,76,1564,1735,1673,257,784.7750556206718
low_000,low,264.84122112713374,76,1564,1735,1673,270,780.774515289945
low_000,low,264.84122112713374,76,1564,1735,1673,276,802.5927107710862
low_000,low,264.84122112713374,76,1564,1735,1673,300,803.4263867831081
low_000,low,264.84122112713374,76,1564,1735,1673,311,828.9602109125962
low_000,low,264.84122112713374,76,1564,1735,1673,361,507.4379394221516
low_000,low,264.84122112713374,76,1564,1735,1673,520,277.22369217331595
low_000,low,264.84122112713374,76,1564,1735,1673,670,748.9043558653999
low_000,low,264.84122112713374,76,1564,1735,1673,684,768.5629622890655
low_000,low,264.84122112713374,76,1564,1735,1673,685,776.0039014311429
low_000,low,264.84122112713374,76,1564,1735,1673,789,860.814746453972
low_000,low,264.84122112713374,76,1564,1735,1673,793,860.8168789708238
low_000,low,264.84122112713374,76,1564,1735,1673,808,859.5724323604994
low_000,low,264.84122112713374,76,1564,1735,1673,844,873.2629054597824
low_000,low,264.84122112713374,76,1564,1735,1673,1196,295.7195953572767
low_000,low,264.84122112713374,76,1564,1735,1673,1287,309.20257804943924
low_000,low,264.84122112713374,76,1564,1735,1673,1367,313.3608390128064
low_000,low,264.84122112713374,76,1564,1735,1673,1414,381.3689482968934
low_000,low,264.84122112713374,76,1564,1735,1673,1418,381.401323263311
low_000,low,264.84122112713374,76,1564,1735,1673,1420,381.6180607871339
low_000,low,264.84122112713374,76,1564,1735,1673,1526,297.8614503335248
low_000,low,264.84122112713374,76,1564,1735,1673,1532,356.83060571212394
low_000,low,264.84122112713374,76,1564,1735,1673,1584,393.93033860926704
low_000,low,264.84122112713374,76,1564,1735,1673,1599,432.78643861177176
low_000,low,264.84122112713374,76,1564,1735,1673,1622,499.9743838932915
low_000,low,264.84122112713374,76,1564,1735,1673,1641,699.4630147915418
low_000,low,264.84122112713374,76,1564,1735,1673,1657,348.1321847730008
low_000,low,264.84122112713374,76,1564,1735,1673,1901,390.983874350722
low_000,low,264.84122112713374,76,1564,1735,1673,1935,391.3027586069415
low_000,low,264.84122112713374,76,1564,1735,1673,2198,454.2864357998722
low_000,low,264.84122112713374,76,1564,1735,1673,2230,494.5366378404477
low_000,low,264.84122112713374,76,1564,1735,1673,2263,327.8373680455373
low_000,low,264.84122112713374,76,1564,1735,1673,2265,325.8753042454564
low_000,low,264.84122112713374,76,1564,1735,1673,2325,503.8933686657339
low_000,low,264.84122112713374,76,1564,1735,1673,2416,962.2548292559144
low_000,low,264.84122112713374,76,1564,1735,1673,2418,963.4202721085694
low_000,low,264.84122112713374,76,1564,1735,1673,2429,392.801889579928
low_000,low,264.84122112713374,76,1564,1735,1673,2685,288.9786432330242
low_000,low,264.84122112713374,76,1564,1735,1673,2686,289.2261588346554
low_000,low,264.84122112713374,76,1564,1735,1673,2771,350.9375048438051
low_000,low,264.84122112713374,76,1564,1735,1673,2799,348.3005294591697
low_000,low,264.84122112713374,76,1564,1735,1673,2829,1002.668660106656
low_000,low,264.84122112713374,76,1564,1735,1673,2836,1001.830188934218
low_000,low,264.84122112713374,76,1564,1735,1673,2894,1002.8985115298556
low_000,low,264.84122112713374,76,1564,1735,1673,2904,1053.137536994859
low_000,low,264.84122112713374,76,1564,1735,1673,2915,1050.1867526981123
low_000,low,264.84122112713374,76,1564,1735,1673,2952,1076.9226289311032
low_000,low,264.84122112713374,76,1564,1735,1673,2954,1068.6650563229111
low_000,low,264.84122112713374,76,1564,1735,1673,3016,1086.50258926511
low_000,low,264.84122112713374,76,1564,1735,1673,3025,1090.705465048222
low_000,low,264.84122112713374,76,1564,1735,1673,3040,1093.132673934079
low_000,low,264.84122112713374,76,1564,1735,1673,3042,1090.9765445212083
low_000,low,264.84122112713374,76,1564,1735,1673,3058,1091.8781324530917
low_000,low,264.84122112713374,76,1564,1735,1673,3067,1083.8940322975843
low_000,low,264.84122112713374,76,1564,1735,1673,3105,1156.953605113312
low_000,low,264.84122112713374,76,1564,1735,1673,3110,1159.125213337471
low_000,low,264.84122112713374,76,1564,1735,1673,3125,1158.591210252427
low_000,low,264.84122112713374,76,1564,1735,1673,3143,1190.4575158137598
low_000,low,264.84122112713374,76,1564,1735,1673,3206,1194.7681844492004
low_000,low,264.84122112713374,76,1564,1735,1673,3211,1191.201981911702
low_000,low,264.84122112713374,76,1564,1735,1673,3231,1212.6829356303117
low_000,low,264.84122112713374,76,1564,1735,1673,3259,1220.5095141903143
low_000,low,264.84122112713374,76,1564,1735,1673,3267,1220.5095141903143
low_000,low,264.84122112713374,76,1564,1735,1673,3269,1220.5095141903143
low_001,low,346.70235362213685,63,1797,1502,1446,55,677.0606931977851
low_001,low,346.70235362213685,63,1797,1502,1446,72,650.1937972073154
low_001,low,346.70235362213685,63,1797,1502,1446,79,653.8610321155004
low_001,low,346.70235362213685,63,1797,1502,1446,93,668.8224825393547
low_001,low,346.70235362213685,63,1797,1502,1446,94,669.135636880074
low_001,low,346.70235362213685,63,1797,1502,1446,131,657.780984314377
low_001,low,346.70235362213685,63,1797,1502,1446,143,662.1778847085126
low_001,low,346.70235362213685,63,1797,1502,1446,144,662.2424193423888
low_001,low,346.70235362213685,63,1797,1502,1446,169,756.9799950026689
low_001,low,346.70235362213685,63,1797,1502,1446,179,700.1829528600714
low_001,low,346.70235362213685,63,1797,1502,1446,183,702.3155481434898
low_001,low,346.70235362213685,63,1797,1502,1446,225,709.9124287859539
low_001,low,346.70235362213685,63,1797,1502,1446,262,764.2480565605323
low_001,low,346.70235362213685,63,1797,1502,1446,267,780.0564266340253
low_001,low,346.70235362213685,63,1797,1502,1446,285,774.839197857853
low_001,low,346.70235362213685,63,1797,1502,1446,546,552.4421143525178
low_001,low,346.70235362213685,63,1797,1502,1446,679,774.4019167482726
low_001,low,346.70235362213685,63,1797,1502,1446,733,876.9989077765086
low_001,low,346.70235362213685,63,1797,1502,1446,767,883.0464829473062
low_001,low,346.70235362213685,63,1797,1502,1446,801,860.8576782895826
low_001,low,346.70235362213685,63,1797,1502,1446,817,868.3354727354181
low_001,low,346.70235362213685,63,1797,1502,1446,824,870.5273837284411
low_001,low,346.70235362213685,63,1797,1502,1446,831,873.93863797834
low_001,low,346.70235362213685,63,1797,1502,1446,852,872.8990741114144
low_001,low,346.70235362213685,63,1797,1502,1446,868,870.1424066218777
low_001,low,346.70235362213685,63,1797,1502,1446,883,952.721795974701
low_001,low,346.70235362213685,63,1797,1502,1446,1562,531.2020012980644
low_001,low,346.70235362213685,63,1797,1502,1446,1589,401.6816469782448
low_001,low,346.70235362213685,63,1797,1502,1446,1809,383.3369547986617
low_001,low,346.70235362213685,63,1797,1502,1446,1904,390.6083413346923
low_001,low,346.70235362213685,63,1797,1502,1446,1929,369.5069766161637
low_001,low,346.70235362213685,63,1797,1502,1446,1935,391.3027586069415
low_001,low,346.70235362213685,63,1797,1502,1446,2195,446.56427041255967
low_001,low,346.70235362213685,63,1797,1502,1446,2229,502.0936055317422
low_001,low,346.70235362213685,63,1797,1502,1446,2268,370.6252103376943
low_001,low,346.70235362213685,63,1797,1502,1446,2437,683.5686967268031
low_001,low,346.70235362213685,63,1797,1502,1446,2512,372.443143510166
low_001,low,346.70235362213685,63,1797,1502,1446,2516,376.8878671166133
low_001,low,346.70235362213685,63,1797,1502,1446,2551,414.7129590015337
low_001,low,346.70235362213685,63,1797,1502,1446,2607,965.2416319906436
low_001,low,346.70235362213685,63,1797,1502,1446,2616,992.6883408970816
low_001,low,346.70235362213685,63,1797,1502,1446,2619,994.7583102825376
low_001,low,346.70235362213685,63,1797,1502,1446,2621,993.1045744974208
low_001,low,346.70235362213685,63,1797,1502,1446,2640,992.9594776373548
low_001,low,346.70235362213685,63,1797,1502,1446,2701,371.2720946691632
low_001,low,346.70235362213685,63,1797,1502,1446,2710,561.3785633187839
low_001,low,346.70235362213685,63,1797,1502,1446,2835,1000.6468044483214
low_001,low,346.70235362213685,63,1797,1502,1446,2838,1010.9258256478414
low_001,low,346.70235362213685,63,1797,1502,1446,2942,1064.5916821360368
low_001,low,346.70235362213685,63,1797,1502,1446,2947,1062.9751248319187
low_001,low,346.70235362213685,63,1797,1502,1446,2952,1076.9226289311032
low_001,low,346.70235362213685,63,1797,1502,1446,2959,1064.9464529236984
low_001,low,346.70235362213685,63,1797,1502,1446,2966,1067.8353908515471
low_001,low,346.70235362213685,63,1797,1502,1446,2983,1062.9751248319187
low_001,low,346.70235362213685,63,1797,1502,1446,2998,1092.4861814254616
low_001,low,346.70235362213685,63,1797,1502,1446,3028,1094.4418436016283
low_001,low,346.70235362213685,63,1797,1502,1446,3064,1085.814119751744
low_001,low,346.70235362213685,63,1797,1502,1446,3078,1109.4240561050296
low_001,low,346.70235362213685,63,1797,1502,1446,3081,1108.054033498211
low_001,low,346.70235362213685,63,1797,1502,1446,3143,1190.4575158137598
low_001,low,346.70235362213685,63,1797,1502,1446,3158,1192.132671115406
low_001,low,346.70235362213685,63,1797,1502,1446,3274,1221.7540498178475
low_001,low,346.70235362213685,63,1797,1502,1446,3293,1243.4279725695123
low_002,low,415.0701959365214,58,1974,1325,1273,57,684.7941478334724
low_002,low,415.0701959365214,58,1974,1325,1273,71,648.2319897488958
low_002,low,415.0701959365214,58,1974,1325,1273,114,663.6328331997213
low_002,low,415.0701959365214,58,1974,1325,1273,121,655.6524717004241
low_002,low,415.0701959365214,58,1974,1325,1273,145,662.6542447798668
low_002,low,415.0701959365214,58,1974,1325,1273,159,669.3848054613262
low_002,low,415.0701959365214,58,1974,1325,1273,180,700.3789016455445
low_002,low,415.0701959365214,58,1974,1325,1273,190,692.122989814265
low_002,low,415.0701959365214,58,1974,1325,1273,205,701.1837721033579
low_002,low,415.0701959365214,58,1974,1325,1273,207,696.8738905377794
low_002,low,415.0701959365214,58,1974,1325,1273,217,703.0288223423876
low_002,low,415.0701959365214,58,1974,1325,1273,222,702.7096057416704
low_002,low,415.0701959365214,58,1974,1325,1273,235,798.7594040906572
low_002,low,415.0701959365214,58,1974,1325,1273,239,766.5686429120145
low_002,low,415.0701959365214,58,1974,1325,1273,273,782.9327448103926
low_002,low,415.0701959365214,58,1974,1325,1273,279,777.5297125666199
low_002,low,415.0701959365214,58,1974,1325,1273,288,781.0800637103371
low_002,low,415.0701959365214,58,1974,1325,1273,311,828.9602109125962
low_002,low,415.0701959365214,58,1974,1325,1273,439,427.090336901201
low_002,low,415.0701959365214,58,1974,1325,1273,551,597.7370754103099
low_002,low,415.0701959365214,58,1974,1325,1273,666,739.1931051461944
low_002,low,415.0701959365214,58,1974,1325,1273,730,871.7009293133472
low_002,low,415.0701959365214,58,1974,1325,1273,755,867.2545522133303
low_002,low,415.0701959365214,58,1974,1325,1273,773,860.4821570529602
low_002,low,415.0701959365214,58,1974,1325,1273,786,861.8021120333577
low_002,low,415.0701959365214,58,1974,1325,1273,796,885.7697931045973
low_002,low,415.0701959365214,58,1974,1325,1273,829,863.6378071509727
low_002,low,415.0701959365214,58,1974,1325,1273,836,875.3327998621509
low_002,low,415.0701959365214,58,1974,1325,1273,841,862.2439643577552
low_002,low,415.0701959365214,58,1974,1325,1273,846,866.6997174187954
low_002,low,415.0701959365214,58,1974,1325,1273,1549,521.1184900979471
low_002,low,415.0701959365214,58,1974,1325,1273,1550,457.3871128343664
low_002,low,415.0701959365214,58,1974,1325,1273,1569,545.0550543769896
low_002,low,415.0701959365214,58,1974,1325,1273,1598,487.7068561933319
low_002,low,415.0701959365214,58,1974,1325,1273,1623,551.8364456489222
low_002,low,415.0701959365214,58,1974,1325,1273,2175,447.0158508184872
low_002,low,415.0701959365214,58,1974,1325,1273,2194,423.44574859439297
low_002,low,415.0701959365214,58,1974,1325,1273,2629,993.5806440216762
low_002,low,415.0701959365214,58,1974,1325,1273,2642,991.9430388825616
low_002,low,415.0701959365214,58,1974,1325,1273,2709,550.5106408074192
low_002,low,415.0701959365214,58,1974,1325,1273,2802,470.9003708220369
low_002,low,415.0701959365214,58,1974,1325,1273,2866,1001.8302178314
low_002,low,415.0701959365214,58,1974,1325,1273,2903,1051.212781759957
low_002,low,415.0701959365214,58,1974,1325,1273,2920,1049.458128391287
low_002,low,415.0701959365214,58,1974,1325,1273,2922,1049.7958001554882
low_002,low,415.0701959365214,58,1974,1325,1273,2924,1049.454813168191
low_002,low,415.0701959365214,58,1974,1325,1273,2984,1062.9751248319187
low_002,low,415.0701959365214,58,1974,1325,1273,3069,1084.8033457435122
low_002,low,415.0701959365214,58,1974,1325,1273,3080,1106.4164283590965
low_002,low,415.0701959365214,58,1974,1325,1273,3096,1163.0951032643663
low_002,low,415.0701959365214,58,1974,1325,1273,3147,1189.6508331977705
low_002,low,415.0701959365214,58,1974,1325,1273,3150,1197.861230373313
low_002,low,415.0701959365214,58,1974,1325,1273,3161,1192.529678637609
low_002,low,415.0701959365214,58,1974,1325,1273,3177,1196.1727371751588
low_002,low,415.0701959365214,58,1974,1325,1273,3206,1194.7681844492004
low_002,low,415.0701959365214,58,1974,1325,1273,3209,1191.7935764686918
low_002,low,415.0701959365214,58,1974,1325,1273,3215,1196.1780748530298
low_002,low,415.0701959365214,58,1974,1325,1273,3253,1212.6829356303117
low_003,low,321.5068139924192,86,1736,1563,1505,27,580.0987339832793
low_003,low,321.5068139924192,86,1736,1563,1505,41,651.6299908178029
low_003,low,321.5068139924192,86,1736,1563,1505,110,667.9302032880647
low_003,low,321.5068139924192,86,1736,1563,1505,111,671.4657721848504
low_003,low,321.5068139924192,86,1736,1563,1505,123,665.3352616877083
low_003,low,321.5068139924192,86,1736,1563,1505,125,656.953525879767
low_003,low,321.5068139924192,86,1736,1563,1505,133,658.844616300143
low_003,low,321.5068139924192,86,1736,1563,1505,148,667.3570020403315
low_003,low,321.5068139924192,86,1736,1563,1505,243,790.2012867660932
low_003,low,321.5068139924192,86,1736,1563,1505,250,775.7704034853964
low_003,low,321.5068139924192,86,1736,1563,1505,343,411.9341411934491
low_003,low,321.5068139924192,86,1736,1563,1505,350,512.2419115932511
low_003,low,321.5068139924192,86,1736,1563,1505,543,538.2243493061997
low_003,low,321.5068139924192,86,1736,1563,1505,661,673.9496142906963
low_003,low,321.5068139924192,86,1736,1563,1505,668,762.278698011802
low_003,low,321.5068139924192,86,1736,1563,1505,680,776.4451028575235
low_003,low,321.5068139924192,86,1736,1563,1505,698,337.5476311435497
low_003,low,321.5068139924192,86,1736,1563,1505,722,871.8782121330346
low_003,low,321.5068139924192,86,1736,1563,1505,723,873.3259509080492
low_003,low,321.5068139924192,86,1736,1563,1505,754,882.0507063426252
low_003,low,321.5068139924192,86,1736,1563,1505,756,859.5724323604994
low_003,low,321.5068139924192,86,1736,1563,1505,761,864.1242096873266
low_003,low,321.5068139924192,86,1736,1563,1505,778,871.9513899905053
low_003,low,321.5068139924192,86,1736,1563,1505,825,859.5724323604994
low_003,low,321.5068139924192,86,1736,1563,1505,880,953.9045928767688
low_003,low,321.5068139924192,86,1736,1563,1505,1419,383.062078239493
low_003,low,321.5068139924192,86,1736,1563,1505,1535,538.7620156262274
low_003,low,321.5068139924192,86,1736,1563,1505,1547,432.0966435219791
low_003,low,321.5068139924192,86,1736,1563,1505,1560,476.4366884535128
low_003,low,321.5068139924192,86,1736,1563,1505,1578,580.1621266860175
low_003,low,321.5068139924192,86,1736,1563,1505,1579,449.7884575893073
low_003,low,321.5068139924192,86,1736,1563,1505,1589,401.6816469782448
low_003,low,321.5068139924192,86,1736,1563,1505,1594,422.0395008211794
low_003,low,321.5068139924192,86,1736,1563,1505,1604,444.3574213367545
low_003,low,321.5068139924192,86,1736,1563,1505,1632,597.7370754103099
low_003,low,321.5068139924192,86,1736,1563,1505,1643,588.938894049907
low_003,low,321.5068139924192,86,1736,1563,1505,1802,366.44164643477984
low_003,low,321.5068139924192,86,1736,1563,1505,1906,388.37199203997886
low_003,low,321.5068139924192,86,1736,1563,1505,2164,369.5660564463901
low_003,low,321.5068139924192,86,1736,1563,1505,2192,449.62466438925264
low_003,low,321.5068139924192,86,1736,1563,1505,2228,494.34130066400405
low_003,low,321.5068139924192,86,1736,1563,1505,2326,516.342957116773
low_003,low,321.5068139924192,86,1736,1563,1505,2347,618.7655491311699
low_003,low,321.5068139924192,86,1736,1563,1505,2514,378.3816833497553
low_003,low,321.5068139924192,86,1736,1563,1505,2516,376.8878671166133
low_003,low,321.5068139924192,86,1736,1563,1505,2565,329.0904870960978
low_003,low,321.5068139924192,86,1736,1563,1505,2599,334.62110175372493
low_003,low,321.5068139924192,86,1736,1563,1505,2618,991.9430388825616
low_003,low,321.5068139924192,86,1736,1563,1505,2630,994.35760590415
low_003,low,321.5068139924192,86,1736,1563,1505,2637,992.7513175346206
low_003,low,321.5068139924192,86,1736,1563,1505,2638,991.9430388825616
low_003,low,321.5068139924192,86,1736,1563,1505,2643,992.7727292803116
low_003,low,321.5068139924192,86,1736,1563,1505,2692,522.6690179638515
low_003,low,321.5068139924192,86,1736,1563,1505,2799,348.3005294591697
low_003,low,321.5068139924192,86,1736,1563,1505,2802,470.9003708220369
low_003,low,321.5068139924192,86,1736,1563,1505,2828,1003.324510499214
low_003,low,321.5068139924192,86,1736,1563,1505,2851,1022.05642918617
low_003,low,321.5068139924192,86,1736,1563,1505,2863,1003.6850934658532
low_003,low,321.5068139924192,86,1736,1563,1505,2882,1020.8072860737768
low_003,low,321.5068139924192,86,1736,1563,1505,2905,1055.2043394055625
low_003,low,321.5068139924192,86,1736,1563,1505,2908,1048.3173040866534
low_003,low,321.5068139924192,86,1736,1563,1505,2921,1048.3173040866534
low_003,low,321.5068139924192,86,1736,1563,1505,2937,1061.4873629522383
low_003,low,321.5068139924192,86,1736,1563,1505,2975,1068.9339920807215
low_003,low,321.5068139924192,86,1736,1563,1505,2978,1072.9959162873504
low_003,low,321.5068139924192,86,1736,1563,1505,2995,1093.6066694374213
low_003,low,321.5068139924192,86,1736,1563,1505,3007,1084.8274339564175
low_003,low,321.5068139924192,86,1736,1563,1505,3026,1085.926909807171
low_003,low,321.5068139924192,86,1736,1563,1505,3043,1091.0091037157686
low_003,low,321.5068139924192,86,1736,1563,1505,3077,1106.4164283590965
low_003,low,321.5068139924192,86,1736,1563,1505,3078,1109.4240561050296
low_003,low,321.5068139924192,86,1736,1563,1505,3093,1157.730566995786
low_003,low,321.5068139924192,86,1736,1563,1505,3105,1156.953605113312
low_003,low,321.5068139924192,86,1736,1563,1505,3123,1162.250180423339
low_003,low,321.5068139924192,86,1736,1563,1505,3131,1158.7206827841671
low_003,low,321.5068139924192,86,1736,1563,1505,3133,1159.3681721349003
low_003,low,321.5068139924192,86,1736,1563,1505,3150,1197.861230373313
low_003,low,321.5068139924192,86,1736,1563,1505,3151,1191.4609373459818
low_003,low,321.5068139924192,86,1736,1563,1505,3154,1192.1498045213198
low_003,low,321.5068139924192,86,1736,1563,1505,3185,1190.302972439652
low_003,low,321.5068139924192,86,1736,1563,1505,3194,1196.1727371751588
low_003,low,321.5068139924192,86,1736,1563,1505,3206,1194.7681844492004
low_003,low,321.5068139924192,86,1736,1563,1505,3227,1214.6020882913242
low_003,low,321.5068139924192,86,1736,1563,1505,3255,1216.475368778341
low_003,low,321.5068139924192,86,1736,1563,1505,3290,1238.669081017652
low_003,low,321.5068139924192,86,1736,1563,1505,3295,1235.1288965458584
low_004,low,362.7860022062034,70,1827,1472,1416,49,646.4197224851405
low_004,low,362.7860022062034,70,1827,1472,1416,73,650.3274237683934
low_004,low,362.7860022062034,70,1827,1472,1416,87,676.613922730237
low_004,low,362.7860022062034,70,1827,1472,1416,102,681.7732809885176
low_004,low,362.7860022062034,70,1827,1472,1416,115,663.9487544808891
low_004,low,362.7860022062034,70,1827,1472,1416,145,662.6542447798668
low_004,low,362.7860022062034,70,1827,1472,1416,207,696.8738905377794
low_004,low,362.7860022062034,70,1827,1472,1416,221,705.3238567401744
low_004,low,362.7860022062034,70,1827,1472,1416,233,786.5638273374701
low_004,low,362.7860022062034,70,1827,1472,1416,245,767.6202077124336
low_004,low,362.7860022062034,70,1827,1472,1416,249,771.7166047202178
low_004,low,362.7860022062034,70,1827,1472,1416,267,780.0564266340253
low_004,low,362.7860022062034,70,1827,1472,1416,307,807.7071585090147
low_004,low,362.7860022062034,70,1827,1472,1416,401,374.9276246435043
low_004,low,362.7860022062034,70,1827,1472,1416,543,538.2243493061997
low_004,low,362.7860022062034,70,1827,1472,1416,661,673.9496142906963
low_004,low,362.7860022062034,70,1827,1472,1416,674,775.4408831813964
low_004,low,362.7860022062034,70,1827,1472,1416,690,791.8361635108738
low_004,low,362.7860022062034,70,1827,1472,1416,713,855.4301757880048
low_004,low,362.7860022062034,70,1827,1472,1416,756,859.5724323604994
low_004,low,362.7860022062034,70,1827,1472,1416,759,859.5724323604994
low_004,low,362.7860022062034,70,1827,1472,1416,761,864.1242096873266
low_004,low,362.7860022062034,70,1827,1472,1416,783,860.6065315031204
low_004,low,362.7860022062034,70,1827,1472,1416,789,860.814746453972
low_004,low,362.7860022062034,70,1827,1472,1416,807,865.1478033949033
low_004,low,362.7860022062034,70,1827,1472,1416,810,861.6951233899063
low_004,low,362.7860022062034,70,1827,1472,1416,1423,381.9446436443654
low_004,low,362.7860022062034,70,1827,1472,1416,1562,531.2020012980644
low_004,low,362.7860022062034,70,1827,1472,1416,1566,391.28958104779343
low_004,low,362.7860022062034,70,1827,1472,1416,1605,444.7323044970128
low_004,low,362.7860022062034,70,1827,1472,1416,1625,421.9619713606151
low_004,low,362.7860022062034,70,1827,1472,1416,1681,404.6649231844229
low_004,low,362.7860022062034,70,1827,1472,1416,2189,411.9540708258937
low_004,low,362.7860022062034,70,1827,1472,1416,2193,421.1035448030098
low_004,low,362.7860022062034,70,1827,1472,1416,2321,502.2733467348013
low_004,low,362.7860022062034,70,1827,1472,1416,2348,617.2300367270573
low_004,low,362.7860022062034,70,1827,1472,1416,2411,959.2366205239038
low_004,low,362.7860022062034,70,1827,1472,1416,2416,962.2548292559144
low_004,low,362.7860022062034,70,1827,1472,1416,2427,447.3072900251243
low_004,low,362.7860022062034,70,1827,1472,1416,2444,676.0119656659385
low_004,low,362.7860022062034,70,1827,1472,1416,2445,676.2091532200614
low_004,low,362.7860022062034,70,1827,1472,1416,2644,992.9612224237858
low_004,low,362.7860022062034,70,1827,1472,1416,2808,408.96677194375167
low_004,low,362.7860022062034,70,1827,1472,1416,2822,1002.0411887863312
low_004,low,362.7860022062034,70,1827,1472,1416,2830,1013.377476132574
low_004,low,362.7860022062034,70,1827,1472,1416,2833,1009.2239059693052
low_004,low,362.7860022062034,70,1827,1472,1416,2875,1014.3383486143056
low_004,low,362.7860022062034,70,1827,1472,1416,2895,1002.609350777852
low_004,low,362.7860022062034,70,1827,1472,1416,2933,1049.0942659691273
low_004,low,362.7860022062034,70,1827,1472,1416,2944,1076.4809828359098
low_004,low,362.7860022062034,70,1827,1472,1416,2951,1073.9680740305214
low_004,low,362.7860022062034,70,1827,1472,1416,2965,1067.607745894601
low_004,low,362.7860022062034,70,1827,1472,1416,2973,1071.7474448923242
low_004,low,362.7860022062034,70,1827,1472,1416,2981,1076.9335803596964
low_004,low,362.7860022062034,70,1827,1472,1416,2997,1095.3664392665955
low_004,low,362.7860022062034,70,1827,1472,1416,3001,1102.0692594091004
low_004,low,362.7860022062034,70,1827,1472,1416,3008,1088.2911199767286
low_004,low,362.7860022062034,70,1827,1472,1416,3018,1088.4508133315417
low_004,low,362.7860022062034,70,1827,1472,1416,3024,1091.1324688148716
low_004,low,362.7860022062034,70,1827,1472,1416,3101,1160.0316744649958
low_004,low,362.7860022062034,70,1827,1472,1416,3139,1156.953605113312
low_004,low,362.7860022062034,70,1827,1472,1416,3140,1162.8193600514307
low_004,low,362.7860022062034,70,1827,1472,1416,3200,1201.3963479818258
low_004,low,362.7860022062034,70,1827,1472,1416,3207,1191.4578355033093
low_004,low,362.7860022062034,70,1827,1472,1416,3233,1212.6829356303117
low_004,low,362.7860022062034,70,1827,1472,1416,3234,1212.6829356303117
low_004,low,362.7860022062034,70,1827,1472,1416,3243,1214.6856236728847
low_004,low,362.7860022062034,70,1827,1472,1416,3246,1215.6360786951834
low_004,low,362.7860022062034,70,1827,1472,1416,3261,1220.5095141903143
low_004,low,362.7860022062034,70,1827,1472,1416,3266,1221.627467239859
low_005,low,350.834915280166,74,1807,1492,1436,69,644.1872335748867
low_005,low,350.834915280166,74,1807,1492,1436,82,655.1412586160117
low_005,low,350.834915280166,74,1807,1492,1436,87,676.613922730237
low_005,low,350.834915280166,74,1807,1492,1436,89,649.1703875393308
low_005,low,350.834915280166,74,1807,1492,1436,95,642.897127993748
low_005,low,350.834915280166,74,1807,1492,1436,147,667.202513944135
low_005,low,350.834915280166,74,1807,1492,1436,149,667.4817458035079
low_005,low,350.834915280166,74,1807,1492,1436,160,670.5676023633941
low_005,low,350.834915280166,74,1807,1492,1436,170,695.8980831229484
low_005,low,350.834915280166,74,1807,1492,1436,172,715.0872815749083
low_005,low,350.834915280166,74,1807,1492,1436,176,761.5138526312667
low_005,low,350.834915280166,74,1807,1492,1436,199,694.6175544042642
low_005,low,350.834915280166,74,1807,1492,1436,202,701.3558931310805
low_005,low,350.834915280166,74,1807,1492,1436,208,694.5181534822026
low_005,low,350.834915280166,74,1807,1492,1436,231,766.4081963968734
low_005,low,350.834915280166,74,1807,1492,1436,237,766.0114633465719
low_005,low,350.834915280166,74,1807,1492,1436,239,766.5686429120145
low_005,low,350.834915280166,74,1807,1492,1436,244,766.9434908278633
low_005,low,350.834915280166,74,1807,1492,1436,259,780.4209390694166
low_005,low,350.834915280166,74,1807,1492,1436,265,778.3623740723899
low_005,low,350.834915280166,74,1807,1492,1436,267,780.0564266340253
low_005,low,350.834915280166,74,1807,1492,1436,311,828.9602109125962
low_005,low,350.834915280166,74,1807,1492,1436,314,828.9602109125962
low_005,low,350.834915280166,74,1807,1492,1436,403,384.3589076037964
low_005,low,350.834915280166,74,1807,1492,1436,404,374.982076944816
low_005,low,350.834915280166,74,1807,1492,1436,407,377.623424969512
low_005,low,350.834915280166,74,1807,1492,1436,408,383.1431915651247
low_005,low,350.834915280166,74,1807,1492,1436,662,674.102027440945
low_005,low,350.834915280166,74,1807,1492,1436,746,891.9127448944064
low_005,low,350.834915280166,74,1807,1492,1436,766,890.2412582584344
low_005,low,350.834915280166,74,1807,1492,1436,771,872.4866798286401
low_005,low,350.834915280166,74,1807,1492,1436,773,860.4821570529602
low_005,low,350.834915280166,74,1807,1492,1436,808,859.5724323604994
low_005,low,350.834915280166,74,1807,1492,1436,840,866.9145362977636
low_005,low,350.834915280166,74,1807,1492,1436,859,863.652310334433
low_005,low,350.834915280166,74,1807,1492,1436,881,952.721795974701
low_005,low,350.834915280166,74,1807,1492,1436,1548,448.1116650148284
low_005,low,350.834915280166,74,1807,1492,1436,1573,565.6006699363468
low_005,low,350.834915280166,74,1807,1492,1436,1578,580.1621266860175
low_005,low,350.834915280166,74,1807,1492,1436,1645,593.5445208605554
low_005,low,350.834915280166,74,1807,1492,1436,1681,404.6649231844229
low_005,low,350.834915280166,74,1807,1492,1436,1802,366.44164643477984
low_005,low,350.834915280166,74,1807,1492,1436,1909,389.23973047315326
low_005,low,350.834915280166,74,1807,1492,1436,2154,387.248124959738
low_005,low,350.834915280166,74,1807,1492,1436,2168,414.13932038329386
low_005,low,350.834915280166,74,1807,1492,1436,2173,427.468395997315
low_005,low,350.834915280166,74,1807,1492,1436,2305,383.3205369805552
low_005,low,350.834915280166,74,1807,1492,1436,2401,808.8197564258983
low_005,low,350.834915280166,74,1807,1492,1436,2419,962.2548292559144
low_005,low,350.834915280166,74,1807,1492,1436,2437,683.5686967268031
low_005,low,350.834915280166,74,1807,1492,1436,2617,992.8919809952964
low_005,low,350.834915280166,74,1807,1492,1436,2828,1003.324510499214
low_005,low,350.834915280166,74,1807,1492,1436,2846,1007.0627992574592
low_005,low,350.834915280166,74,1807,1492,1436,2854,1003.324510499214
low_005,low,350.834915280166,74,1807,1492,1436,2862,1020.428843707753
low_005,low,350.834915280166,74,1807,1492,1436,2872,1004.4726057863872
low_005,low,350.834915280166,74,1807,1492,1436,2946,1062.9751248319187
low_005,low,350.834915280166,74,1807,1492,1436,2966,1067.8353908515471
low_005,low,350.834915280166,74,1807,1492,1436,3017,1085.8803214733753
low_005,low,350.834915280166,74,1807,1492,1436,3083,1106.4164283590965
low_005,low,350.834915280166,74,1807,1492,1436,3088,1123.9338595760016
low_005,low,350.834915280166,74,1807,1492,1436,3114,1162.8345792435434
low_005,low,350.834915280166,74,1807,1492,1436,3133,1159.3681721349003
low_005,low,350.834915280166,74,1807,1492,1436,3136,1156.953605113312
low_005,low,350.834915280166,74,1807,1492,1436,3139,1156.953605113312
low_005,low,350.834915280166,74,1807,1492,1436,3162,1192.962275917395
low_005,low,350.834915280166,74,1807,1492,1436,3165,1190.4393644462325
low_005,low,350.834915280166,74,1807,1492,1436,3204,1201.3963479818258
low_005,low,350.834915280166,74,1807,1492,1436,3226,1212.6829356303117
low_005,low,350.834915280166,74,1807,1492,1436,3231,1212.6829356303117
low_005,low,350.834915280166,74,1807,1492,1436,3239,1212.6829356303117
low_005,low,350.834915280166,74,1807,1492,1436,3263,1223.421401841891
low_005,low,350.834915280166,74,1807,1492,1436,3269,1220.5095141903143
low_005,low,350.834915280166,74,1807,1492,1436,3298,1235.1288965458584
low_006,low,404.8164153869204,62,1955,1344,1292,42,651.2839557743021
low_006,low,404.8164153869204,62,1955,1344,1292,48,646.1780524113685
low_006,low,404.8164153869204,62,1955,1344,1292,64,648.1322304452053
low_006,low,404.8164153869204,62,1955,1344,1292,80,654.0330513254443
low_006,low,404.8164153869204,62,1955,1344,1292,98,644.7979142013609
low_006,low,404.8164153869204,62,1955,1344,1292,124,665.4062469132111
low_006,low,404.8164153869204,62,1955,1344,1292,126,657.1234139268878
low_006,low,404.8164153869204,62,1955,1344,1292,133,658.844616300143
low_006,low,404.8164153869204,62,1955,1344,1292,148,667.3570020403315
low_006,low,404.8164153869204,62,1955,1344,1292,155,675.2726918798365
low_006,low,404.8164153869204,62,1955,1344,1292,161,669.9599538089007
low_006,low,404.8164153869204,62,1955,1344,1292,197,693.9103106062956
low_006,low,404.8164153869204,62,1955,1344,1292,234,786.669008903823
low_006,low,404.8164153869204,62,1955,1344,1292,236,766.7576030730279
low_006,low,404.8164153869204,62,1955,1344,1292,245,767.6202077124336
low_006,low,404.8164153869204,62,1955,1344,1292,264,780.822895561363
low_006,low,404.8164153869204,62,1955,1344,1292,296,803.4263867831081
low_006,low,404.8164153869204,62,1955,1344,1292,310,828.9602109125962
low_006,low,404.8164153869204,62,1955,1344,1292,311,828.9602109125962
low_006,low,404.8164153869204,62,1955,1344,1292,548,558.9507505098251
low_006,low,404.8164153869204,62,1955,1344,1292,550,563.5125234455874
low_006,low,404.8164153869204,62,1955,1344,1292,554,630.5932206907065
low_006,low,404.8164153869204,62,1955,1344,1292,686,765.872894694865
low_006,low,404.8164153869204,62,1955,1344,1292,725,875.0839194381775
low_006,low,404.8164153869204,62,1955,1344,1292,726,860.6095453422327
low_006,low,404.8164153869204,62,1955,1344,1292,742,879.2051215339136
low_006,low,404.8164153869204,62,1955,1344,1292,777,870.3209996726014
low_006,low,404.8164153869204,62,1955,1344,1292,849,871.5310335615898
low_006,low,404.8164153869204,62,1955,1344,1292,878,952.721795974701
low_006,low,404.8164153869204,62,1955,1344,1292,1547,432.0966435219791
low_006,low,404.8164153869204,62,1955,1344,1292,1573,565.6006699363468
low_006,low,404.8164153869204,62,1955,1344,1292,1593,441.7275946146464
low_006,low,404.8164153869204,62,1955,1344,1292,1633,709.3439318406132
low_006,low,404.8164153869204,62,1955,1344,1292,1638,736.1382925041067
low_006,low,404.8164153869204,62,1955,1344,1292,2129,615.8106861287521
low_006,low,404.8164153869204,62,1955,1344,1292,2297,413.8859370881474
low_006,low,404.8164153869204,62,1955,1344,1292,2320,506.6268817509169
low_006,low,404.8164153869204,62,1955,1344,1292,2347,618.7655491311699
low_006,low,404.8164153869204,62,1955,1344,1292,2348,617.2300367270573
low_006,low,404.8164153869204,62,1955,1344,1292,2400,828.9602109125962
low_006,low,404.8164153869204,62,1955,1344,1292,2407,959.2366205239038
low_006,low,404.8164153869204,62,1955,1344,1292,2446,676.9454284154352
low_006,low,404.8164153869204,62,1955,1344,1292,2613,990.4552770028812
low_006,low,404.8164153869204,62,1955,1344,1292,2630,994.35760590415
low_006,low,404.8164153869204,62,1955,1344,1292,2649,463.25907827801234
low_006,low,404.8164153869204,62,1955,1344,1292,2712,617.5881279668807
low_006,low,404.8164153869204,62,1955,1344,1292,2840,1005.0091279960976
low_006,low,404.8164153869204,62,1955,1344,1292,2856,1003.8938021954574
low_006,low,404.8164153869204,62,1955,1344,1292,2897,1008.4619654951324
low_006,low,404.8164153869204,62,1955,1344,1292,2912,1048.3173040866534
low_006,low,404.8164153869204,62,1955,1344,1292,2916,1050.2372440615322
low_006,low,404.8164153869204,62,1955,1344,1292,2923,1050.664077754771
low_006,low,404.8164153869204,62,1955,1344,1292,3040,1093.132673934079
low_006,low,404.8164153869204,62,1955,1344,1292,3047,1098.001817802796
low_006,low,404.8164153869204,62,1955,1344,1292,3060,1092.4861814254616
low_006,low,404.8164153869204,62,1955,1344,1292,3066,1085.531637436699
low_006,low,404.8164153869204,62,1955,1344,1292,3098,1162.2052055932354
low_006,low,404.8164153869204,62,1955,1344,1292,3118,1159.777046173644
low_006,low,404.8164153869204,62,1955,1344,1292,3145,1189.6508331977705
low_006,low,404.8164153869204,62,1955,1344,1292,3195,1190.5800617035045
low_006,low,404.8164153869204,62,1955,1344,1292,3270,1220.5095141903143
low_006,low,404.8164153869204,62,1955,1344,1292,3293,1243.4279725695123
low_007,low,290.53842155838265,87,1650,1649,1588,40,649.9961083959286
low_007,low,290.53842155838265,87,1650,1649,1588,54,647.3258561170181
low_007,low,290.53842155838265,87,1650,1649,1588,135,658.9923264671014
low_007,low,290.53842155838265,87,1650,1649,1588,137,660.4406886000024
low_007,low,290.53842155838265,87,1650,1649,1588,139,660.8138049482291
low_007,low,290.53842155838265,87,1650,1649,1588,156,673.1332625397444
low_007,low,290.53842155838265,87,1650,1649,1588,180,700.3789016455445
low_007,low,290.53842155838265,87,1650,1649,1588,187,716.0654904099658
low_007,low,290.53842155838265,87,1650,1649,1588,191,698.1219746065142
low_007,low,290.53842155838265,87,1650,1649,1588,211,706.6723786015436
low_007,low,290.53842155838265,87,1650,1649,1588,221,705.3238567401744
low_007,low,290.53842155838265,87,1650,1649,1588,231,766.4081963968734
low_007,low,290.53842155838265,87,1650,1649,1588,233,786.5638273374701
low_007,low,290.53842155838265,87,1650,1649,1588,242,791.9201836243208
low_007,low,290.53842155838265,87,1650,1649,1588,250,775.7704034853964
low_007,low,290.53842155838265,87,1650,1649,1588,266,778.6950776070587
low_007,low,290.53842155838265,87,1650,1649,1588,289,782.5804506391328
low_007,low,290.53842155838265,87,1650,1649,1588,306,807.7071585090147
low_007,low,290.53842155838265,87,1650,1649,1588,402,381.29294976266806
low_007,low,290.53842155838265,87,1650,1649,1588,579,358.0881648516607
low_007,low,290.53842155838265,87,1650,1649,1588,667,741.6209178259958
low_007,low,290.53842155838265,87,1650,1649,1588,679,774.4019167482726
low_007,low,290.53842155838265,87,1650,1649,1588,688,791.1284819239598
low_007,low,290.53842155838265,87,1650,1649,1588,733,876.9989077765086
low_007,low,290.53842155838265,87,1650,1649,1588,734,877.7070197679204
low_007,low,290.53842155838265,87,1650,1649,1588,736,859.5724323604994
low_007,low,290.53842155838265,87,1650,1649,1588,748,910.764837228464
low_007,low,290.53842155838265,87,1650,1649,1588,760,865.4376624291733
low_007,low,290.53842155838265,87,1650,1649,1588,835,862.1744571156983
low_007,low,290.53842155838265,87,1650,1649,1588,860,874.7576463522589
low_007,low,290.53842155838265,87,1650,1649,1588,877,952.721795974701
low_007,low,290.53842155838265,87,1650,1649,1588,880,953.9045928767688
low_007,low,290.53842155838265,87,1650,1649,1588,882,952.721795974701
low_007,low,290.53842155838265,87,1650,1649,1588,1110,310.684668798825
low_007,low,290.53842155838265,87,1650,1649,1588,1111,309.37269153132
low_007,low,290.53842155838265,87,1650,1649,1588,1412,380.5523324900691
low_007,low,290.53842155838265,87,1650,1649,1588,1565,387.6059542050231
low_007,low,290.53842155838265,87,1650,1649,1588,1570,357.12020837412206
low_007,low,290.53842155838265,87,1650,1649,1588,1574,355.3977179323039
low_007,low,290.53842155838265,87,1650,1649,1588,1597,466.6625606539045
low_007,low,290.53842155838265,87,1650,1649,1588,1625,421.9619713606151
low_007,low,290.53842155838265,87,1650,1649,1588,1627,565.0245354534461
low_007,low,290.53842155838265,87,1650,1649,1588,1645,593.5445208605554
low_007,low,290.53842155838265,87,1650,1649,1588,1656,349.8711272267789
low_007,low,290.53842155838265,87,1650,1649,1588,1802,366.44164643477984
low_007,low,290.53842155838265,87,1650,1649,1588,1925,358.0881648516607
low_007,low,290.53842155838265,87,1650,1649,1588,2154,387.248124959738
low_007,low,290.53842155838265,87,1650,1649,1588,2187,400.1327694902797
low_007,low,290.53842155838265,87,1650,1649,1588,2210,344.21410620673447
low_007,low,290.53842155838265,87,1650,1649,1588,2265,325.8753042454564
low_007,low,290.53842155838265,87,1650,1649,1588,2292,300.4708955401948
low_007,low,290.53842155838265,87,1650,1649,1588,2347,618.7655491311699
low_007,low,290.53842155838265,87,1650,1649,1588,2386,363.3359883209968
low_007,low,290.53842155838265,87,1650,1649,1588,2418,963.4202721085694
low_007,low,290.53842155838265,87,1650,1649,1588,2514,378.3816833497553
low_007,low,290.53842155838265,87,1650,1649,1588,2623,993.5137746550045
low_007,low,290.53842155838265,87,1650,1649,1588,2632,991.9430388825616
low_007,low,290.53842155838265,87,1650,1649,1588,2650,438.6367453934935
low_007,low,290.53842155838265,87,1650,1649,1588,2669,476.4912083777453
low_007,low,290.53842155838265,87,1650,1649,1588,2672,358.03533621450043
low_007,low,290.53842155838265,87,1650,1649,1588,2771,350.9375048438051
low_007,low,290.53842155838265,87,1650,1649,1588,2838,1010.9258256478414
low_007,low,290.53842155838265,87,1650,1649,1588,2847,1005.4855158913912
low_007,low,290.53842155838265,87,1650,1649,1588,2862,1020.428843707753
low_007,low,290.53842155838265,87,1650,1649,1588,2909,1049.4286872407622
low_007,low,290.53842155838265,87,1650,1649,1588,2920,1049.458128391287
low_007,low,290.53842155838265,87,1650,1649,1588,2945,1073.2687181041986
low_007,low,290.53842155838265,87,1650,1649,1588,2989,1062.9751248319187
low_007,low,290.53842155838265,87,1650,1649,1588,2992,1066.500922033494
low_007,low,290.53842155838265,87,1650,1649,1588,3054,1083.8940322975843
low_007,low,290.53842155838265,87,1650,1649,1588,3065,1084.6709941800582
low_007,low,290.53842155838265,87,1650,1649,1588,3076,1107.931950809124
low_007,low,290.53842155838265,87,1650,1649,1588,3079,1106.4164283590965
low_007,low,290.53842155838265,87,1650,1649,1588,3115,1160.8921745663029
low_007,low,290.53842155838265,87,1650,1649,1588,3118,1159.777046173644
low_007,low,290.53842155838265,87,1650,1649,1588,3127,1159.3681721349003
low_007,low,290.53842155838265,87,1650,1649,1588,3128,1158.7277345929413
low_007,low,290.53842155838265,87,1650,1649,1588,3158,1192.132671115406
low_007,low,290.53842155838265,87,1650,1649,1588,3166,1189.6508331977705
low_007,low,290.53842155838265,87,1650,1649,1588,3170,1189.6508331977705
low_007,low,290.53842155838265,87,1650,1649,1588,3182,1194.399127249068
low_007,low,290.53842155838265,87,1650,1649,1588,3193,1194.5154881045178
low_007,low,290.53842155838265,87,1650,1649,1588,3197,1194.645436424745
low_007,low,290.53842155838265,87,1650,1649,1588,3277,1222.480842282094
low_007,low,290.53842155838265,87,1650,1649,1588,3288,1235.1288965458584
low_007,low,290.53842155838265,87,1650,1649,1588,3289,1235.1288965458584
low_007,low,290.53842155838265,87,1650,1649,1588,3293,1243.4279725695123
low_008,low,348.48121414178485,71,1801,1498,1442,32,675.2726918798365
low_008,low,348.48121414178485,71,1801,1498,1442,61,680.1663338947329
low_008,low,348.48121414178485,71,1801,1498,1442,138,660.5360842038884
low_008,low,348.48121414178485,71,1801,1498,1442,152,672.1331851123883
low_008,low,348.48121414178485,71,1801,1498,1442,170,695.8980831229484
low_008,low,348.48121414178485,71,1801,1498,1442,191,698.1219746065142
low_008,low,348.48121414178485,71,1801,1498,1442,208,694.5181534822026
low_008,low,348.48121414178485,71,1801,1498,1442,230,765.8217150838793
low_008,low,348.48121414178485,71,1801,1498,1442,245,767.6202077124336
low_008,low,348.48121414178485,71,1801,1498,1442,247,785.4156879929094
low_008,low,348.48121414178485,71,1801,1498,1442,288,781.0800637103371
low_008,low,348.48121414178485,71,1801,1498,1442,297,803.4263867831081
low_008,low,348.48121414178485,71,1801,1498,1442,347,490.8840516829615
low_008,low,348.48121414178485,71,1801,1498,1442,418,413.8859370881474
low_008,low,348.48121414178485,71,1801,1498,1442,439,427.090336901201
low_008,low,348.48121414178485,71,1801,1498,1442,545,544.0171756883882
low_008,low,348.48121414178485,71,1801,1498,1442,663,674.5301807295697
low_008,low,348.48121414178485,71,1801,1498,1442,675,777.5585012156706
low_008,low,348.48121414178485,71,1801,1498,1442,678,770.7986948040026
low_008,low,348.48121414178485,71,1801,1498,1442,721,871.2577526228072
low_008,low,348.48121414178485,71,1801,1498,1442,762,873.9258668255386
low_008,low,348.48121414178485,71,1801,1498,1442,853,859.5724323604994
low_008,low,348.48121414178485,71,1801,1498,1442,857,868.4945062188548
low_008,low,348.48121414178485,71,1801,1498,1442,865,871.5310335615898
low_008,low,348.48121414178485,71,1801,1498,1442,889,955.0798430416164
low_008,low,348.48121414178485,71,1801,1498,1442,1523,398.35157997090886
low_008,low,348.48121414178485,71,1801,1498,1442,1549,521.1184900979471
low_008,low,348.48121414178485,71,1801,1498,1442,1607,454.68421239639616
low_008,low,348.48121414178485,71,1801,1498,1442,1638,736.1382925041067
low_008,low,348.48121414178485,71,1801,1498,1442,1643,588.938894049907
low_008,low,348.48121414178485,71,1801,1498,1442,2163,359.4295348769722
low_008,low,348.48121414178485,71,1801,1498,1442,2176,430.91495449631327
low_008,low,348.48121414178485,71,1801,1498,1442,2178,448.982305629179
low_008,low,348.48121414178485,71,1801,1498,1442,2268,370.6252103376943
low_008,low,348.48121414178485,71,1801,1498,1442,2329,504.33977005398265
low_008,low,348.48121414178485,71,1801,1498,1442,2412,959.2366205239038
low_008,low,348.48121414178485,71,1801,1498,1442,2444,676.0119656659385
low_008,low,348.48121414178485,71,1801,1498,1442,2516,376.8878671166133
low_008,low,348.48121414178485,71,1801,1498,1442,2518,378.9560799672969
low_008,low,348.48121414178485,71,1801,1498,1442,2622,994.35760590415
low_008,low,348.48121414178485,71,1801,1498,1442,2629,993.5806440216762
low_008,low,348.48121414178485,71,1801,1498,1442,2637,992.7513175346206
low_008,low,348.48121414178485,71,1801,1498,1442,2655,364.1621941723956
low_008,low,348.48121414178485,71,1801,1498,1442,2712,617.5881279668807
low_008,low,348.48121414178485,71,1801,1498,1442,2730,364.475191624088
low_008,low,348.48121414178485,71,1801,1498,1442,2802,470.9003708220369
low_008,low,348.48121414178485,71,1801,1498,1442,2825,999.9669628228648
low_008,low,348.48121414178485,71,1801,1498,1442,2840,1005.0091279960976
low_008,low,348.48121414178485,71,1801,1498,1442,2851,1022.05642918617
low_008,low,348.48121414178485,71,1801,1498,1442,2852,1001.9382909146444
low_008,low,348.48121414178485,71,1801,1498,1442,2866,1001.8302178314
low_008,low,348.48121414178485,71,1801,1498,1442,2914,1049.3420943635597
low_008,low,348.48121414178485,71,1801,1498,1442,2919,1048.3173040866534
low_008,low,348.48121414178485,71,1801,1498,1442,2923,1050.664077754771
low_008,low,348.48121414178485,71,1801,1498,1442,2931,1052.240157906791
low_008,low,348.48121414178485,71,1801,1498,1442,2947,1062.9751248319187
low_008,low,348.48121414178485,71,1801,1498,1442,2953,1074.009713173082
low_008,low,348.48121414178485,71,1801,1498,1442,2980,1072.385427177699
low_008,low,348.48121414178485,71,1801,1498,1442,3014,1092.1668254385525
low_008,low,348.48121414178485,71,1801,1498,1442,3053,1083.8940322975843
low_008,low,348.48121414178485,71,1801,1498,1442,3075,1107.1933902415703
low_008,low,348.48121414178485,71,1801,1498,1442,3082,1106.4164283590965
low_008,low,348.48121414178485,71,1801,1498,1442,3105,1156.953605113312
low_008,low,348.48121414178485,71,1801,1498,1442,3115,1160.8921745663029
low_008,low,348.48121414178485,71,1801,1498,1442,3140,1162.8193600514307
low_008,low,348.48121414178485,71,1801,1498,1442,3149,1197.2820231143414
low_008,low,348.48121414178485,71,1801,1498,1442,3184,1190.841130093196
low_008,low,348.48121414178485,71,1801,1498,1442,3189,1191.7066400116375
low_008,low,348.48121414178485,71,1801,1498,1442,3260,1220.8979951315514
low_008,low,348.48121414178485,71,1801,1498,1442,3291,1241.4855678922718
low_008,low,348.48121414178485,71,1801,1498,1442,3295,1235.1288965458584
low_009,low,421.0679811481781,76,1984,1315,1263,37,680.1426097926858
low_009,low,421.0679811481781,76,1984,1315,1263,44,651.5736201382567
low_009,low,421.0679811481781,76,1984,1315,1263,75,650.5539072741408
low_009,low,421.0679811481781,76,1984,1315,1263,77,653.3289913522564
low_009,low,421.0679811481781,76,1984,1315,1263,83,671.2020654504298
low_009,low,421.0679811481781,76,1984,1315,1263,172,715.0872815749083
low_009,low,421.0679811481781,76,1984,1315,1263,201,699.8375101996537
low_009,low,421.0679811481781,76,1984,1315,1263,220,704.1869718201644
low_009,low,421.0679811481781,76,1984,1315,1263,234,786.669008903823
low_009,low,421.0679811481781,76,1984,1315,1263,244,766.9434908278633
low_009,low,421.0679811481781,76,1984,1315,1263,246,769.5508440691626
low_009,low,421.0679811481781,76,1984,1315,1263,272,768.0141013965439
low_009,low,421.0679811481781,76,1984,1315,1263,297,803.4263867831081
low_009,low,421.0679811481781,76,1984,1315,1263,314,828.9602109125962
low_009,low,421.0679811481781,76,1984,1315,1263,344,456.92470638267474
low_009,low,421.0679811481781,76,1984,1315,1263,550,563.5125234455874
low_009,low,421.0679811481781,76,1984,1315,1263,646,566.4988680776893
low_009,low,421.0679811481781,76,1984,1315,1263,667,741.6209178259958
low_009,low,421.0679811481781,76,1984,1315,1263,687,772.1512056141818
low_009,low,421.0679811481781,76,1984,1315,1263,762,873.9258668255386
low_009,low,421.0679811481781,76,1984,1315,1263,777,870.3209996726014
low_009,low,421.0679811481781,76,1984,1315,1263,784,861.6284827393368
low_009,low,421.0679811481781,76,1984,1315,1263,793,860.8168789708238
low_009,low,421.0679811481781,76,1984,1315,1263,816,872.13002986343
low_009,low,421.0679811481781,76,1984,1315,1263,817,868.3354727354181
low_009,low,421.0679811481781,76,1984,1315,1263,859,863.652310334433
low_009,low,421.0679811481781,76,1984,1315,1263,864,875.9111987646017
low_009,low,421.0679811481781,76,1984,1315,1263,886,953.962714995156
low_009,low,421.0679811481781,76,1984,1315,1263,1536,542.3219014879312
low_009,low,421.0679811481781,76,1984,1315,1263,1559,487.4064534321772
low_009,low,421.0679811481781,76,1984,1315,1263,1573,565.6006699363468
low_009,low,421.0679811481781,76,1984,1315,1263,1600,433.1247538343273
low_009,low,421.0679811481781,76,1984,1315,1263,1605,444.7323044970128
low_009,low,421.0679811481781,76,1984,1315,1263,1643,588.938894049907
low_009,low,421.0679811481781,76,1984,1315,1263,2170,432.6700249295182
low_009,low,421.0679811481781,76,1984,1315,1263,2176,430.91495449631327
low_009,low,421.0679811481781,76,1984,1315,1263,2177,446.426118978492
low_009,low,421.0679811481781,76,1984,1315,1263,2194,430.6075635723814
low_009,low,421.0679811481781,76,1984,1315,1263,2195,446.56427041255967
low_009,low,421.0679811481781,76,1984,1315,1263,2342,756.4567204553742
low_009,low,421.0679811481781,76,1984,1315,1263,2424,963.6693168518516
low_009,low,421.0679811481781,76,1984,1315,1263,2619,994.7583102825376
low_009,low,421.0679811481781,76,1984,1315,1263,2621,993.1045744974208
low_009,low,421.0679811481781,76,1984,1315,1263,2631,997.159803915618
low_009,low,421.0679811481781,76,1984,1315,1263,2638,991.9430388825616
low_009,low,421.0679811481781,76,1984,1315,1263,2642,991.9430388825616
low_009,low,421.0679811481781,76,1984,1315,1263,2692,522.6690179638515
low_009,low,421.0679811481781,76,1984,1315,1263,2712,617.5881279668807
low_009,low,421.0679811481781,76,1984,1315,1263,2831,999.9669628228648
low_009,low,421.0679811481781,76,1984,1315,1263,2842,1009.3795385198888
low_009,low,421.0679811481781,76,1984,1315,1263,2843,1011.6876462782036
low_009,low,421.0679811481781,76,1984,1315,1263,2864,1039.9838563737296
low_009,low,421.0679811481781,76,1984,1315,1263,2868,999.9669628228648
low_009,low,421.0679811481781,76,1984,1315,1263,2876,1015.156232355703
low_009,low,421.0679811481781,76,1984,1315,1263,2879,1017.1425214618516
low_009,low,421.0679811481781,76,1984,1315,1263,2884,1016.7910283148892
low_009,low,421.0679811481781,76,1984,1315,1263,2885,1017.577484138482
low_009,low,421.0679811481781,76,1984,1315,1263,2897,1008.4619654951324
low_009,low,421.0679811481781,76,1984,1315,1263,2922,1049.7958001554882
low_009,low,421.0679811481781,76,1984,1315,1263,2935,1061.4873629522383
low_009,low,421.0679811481781,76,1984,1315,1263,3000,1095.1923449701198
low_009,low,421.0679811481781,76,1984,1315,1263,3002,1098.3786905686538
low_009,low,421.0679811481781,76,1984,1315,1263,3007,1084.8274339564175
low_009,low,421.0679811481781,76,1984,1315,1263,3021,1089.856584436628
low_009,low,421.0679811481781,76,1984,1315,1263,3057,1088.8747322777456
low_009,low,421.0679811481781,76,1984,1315,1263,3070,1083.8940322975843
low_009,low,421.0679811481781,76,1984,1315,1263,3081,1108.054033498211
low_009,low,421.0679811481781,76,1984,1315,1263,3087,1126.3618654225525
low_009,low,421.0679811481781,76,1984,1315,1263,3164,1189.6508331977705
low_009,low,421.0679811481781,76,1984,1315,1263,3184,1190.841130093196
low_009,low,421.0679811481781,76,1984,1315,1263,3211,1191.201981911702
low_009,low,421.0679811481781,76,1984,1315,1263,3214,1195.441788421103
low_009,low,421.0679811481781,76,1984,1315,1263,3222,1217.7727238864586
low_009,low,421.0679811481781,76,1984,1315,1263,3237,1212.6829356303117
low_009,low,421.0679811481781,76,1984,1315,1263,3292,1237.6547672959043
low_009,low,421.0679811481781,76,1984,1315,1263,3293,1243.4279725695123
low_010,low,407.8262686940858,69,1960,1339,1287,41,651.6299908178029
low_010,low,407.8262686940858,69,1960,1339,1287,63,647.923222931789
low_010,low,407.8262686940858,69,1960,1339,1287,67,643.927854980599
low_010,low,407.8262686940858,69,1960,1339,1287,90,668.7890443811759
low_010,low,407.8262686940858,69,1960,1339,1287,100,644.6978191988933
low_010,low,407.8262686940858,69,1960,1339,1287,102,681.7732809885176
low_010,low,407.8262686940858,69,1960,1339,1287,121,655.6524717004241
low_010,low,407.8262686940858,69,1960,1339,1287,175,704.0895353824162
low_010,low,407.8262686940858,69,1960,1339,1287,197,693.9103106062956
low_010,low,407.8262686940858,69,1960,1339,1287,198,693.8281886618297
low_010,low,407.8262686940858,69,1960,1339,1287,217,703.0288223423876
low_010,low,407.8262686940858,69,1960,1339,1287,224,705.9118408865907
low_010,low,407.8262686940858,69,1960,1339,1287,257,784.7750556206718
low_010,low,407.8262686940858,69,1960,1339,1287,297,803.4263867831081
low_010,low,407.8262686940858,69,1960,1339,1287,306,807.7071585090147
low_010,low,407.8262686940858,69,1960,1339,1287,358,533.0293862885394
low_010,low,407.8262686940858,69,1960,1339,1287,417,414.406530866672
low_010,low,407.8262686940858,69,1960,1339,1287,439,427.090336901201
low_010,low,407.8262686940858,69,1960,1339,1287,546,552.4421143525178
low_010,low,407.8262686940858,69,1960,1339,1287,550,563.5125234455874
low_010,low,407.8262686940858,69,1960,1339,1287,562,764.6522378224952
low_010,low,407.8262686940858,69,1960,1339,1287,662,674.102027440945
low_010,low,407.8262686940858,69,1960,1339,1287,689,798.9952921667135
low_010,low,407.8262686940858,69,1960,1339,1287,724,874.0498202955565
low_010,low,407.8262686940858,69,1960,1339,1287,728,873.3880435365396
low_010,low,407.8262686940858,69,1960,1339,1287,756,859.5724323604994
low_010,low,407.8262686940858,69,1960,1339,1287,765,881.246947133774
low_010,low,407.8262686940858,69,1960,1339,1287,770,868.0520453793015
low_010,low,407.8262686940858,69,1960,1339,1287,774,864.2344899022277
low_010,low,407.8262686940858,69,1960,1339,1287,811,881.4965510083315
low_010,low,407.8262686940858,69,1960,1339,1287,842,875.2531634380312
low_010,low,407.8262686940858,69,1960,1339,1287,886,953.962714995156
low_010,low,407.8262686940858,69,1960,1339,1287,1555,473.3470873765123
low_010,low,407.8262686940858,69,1960,1339,1287,1564,530.792806756749
low_010,low,407.8262686940858,69,1960,1339,1287,1613,425.0546577237056
low_010,low,407.8262686940858,69,1960,1339,1287,1622,499.9743838932915
low_010,low,407.8262686940858,69,1960,1339,1287,2316,440.9812689925632
low_010,low,407.8262686940858,69,1960,1339,1287,2321,502.2733467348013
low_010,low,407.8262686940858,69,1960,1339,1287,2446,676.9454284154352
low_010,low,407.8262686940858,69,1960,1339,1287,2635,991.9430388825616
low_010,low,407.8262686940858,69,1960,1339,1287,2708,540.2905022871021
low_010,low,407.8262686940858,69,1960,1339,1287,2710,561.3785633187839
low_010,low,407.8262686940858,69,1960,1339,1287,2717,460.9898700366767
low_010,low,407.8262686940858,69,1960,1339,1287,2852,1001.9382909146444
low_010,low,407.8262686940858,69,1960,1339,1287,2861,1024.5134574819208
low_010,low,407.8262686940858,69,1960,1339,1287,2865,1002.3037735523671
low_010,low,407.8262686940858,69,1960,1339,1287,2878,1016.9012287333924
low_010,low,407.8262686940858,69,1960,1339,1287,2902,1052.8172558680324
low_010,low,407.8262686940858,69,1960,1339,1287,2905,1055.2043394055625
low_010,low,407.8262686940858,69,1960,1339,1287,2914,1049.3420943635597
low_010,low,407.8262686940858,69,1960,1339,1287,2942,1064.5916821360368
low_010,low,407.8262686940858,69,1960,1339,1287,2954,1068.6650563229111
low_010,low,407.8262686940858,69,1960,1339,1287,2974,1068.8989563569285
low_010,low,407.8262686940858,69,1960,1339,1287,2976,1072.677023053228
low_010,low,407.8262686940858,69,1960,1339,1287,2978,1072.9959162873504
low_010,low,407.8262686940858,69,1960,1339,1287,2988,1062.9751248319187
low_010,low,407.8262686940858,69,1960,1339,1287,3010,1085.238361133682
low_010,low,407.8262686940858,69,1960,1339,1287,3099,1160.7577043669603
low_010,low,407.8262686940858,69,1960,1339,1287,3105,1156.953605113312
low_010,low,407.8262686940858,69,1960,1339,1287,3137,1156.953605113312
low_010,low,407.8262686940858,69,1960,1339,1287,3190,1190.4943373328936
low_010,low,407.8262686940858,69,1960,1339,1287,3193,1194.5154881045178
low_010,low,407.8262686940858,69,1960,1339,1287,3204,1201.3963479818258
low_010,low,407.8262686940858,69,1960,1339,1287,3231,1212.6829356303117
low_010,low,407.8262686940858,69,1960,1339,1287,3240,1212.6829356303117
low_010,low,407.8262686940858,69,1960,1339,1287,3250,1213.9591309841965
low_010,low,407.8262686940858,69,1960,1339,1287,3259,1220.5095141903143
low_010,low,407.8262686940858,69,1960,1339,1287,3283,1231.9209154942885
low_010,low,407.8262686940858,69,1960,1339,1287,3293,1243.4279725695123
low_011,low,423.2798892825033,50,1991,1308,1256,58,680.7551628520695
low_011,low,423.2798892825033,50,1991,1308,1256,72,650.1937972073154
low_011,low,423.2798892825033,50,1991,1308,1256,87,676.613922730237
low_011,low,423.2798892825033,50,1991,1308,1256,90,668.7890443811759
low_011,low,423.2798892825033,50,1991,1308,1256,97,651.1208216805461
low_011,low,423.2798892825033,50,1991,1308,1256,118,672.4481731057507
low_011,low,423.2798892825033,50,1991,1308,1256,216,692.5468253904228
low_011,low,423.2798892825033,50,1991,1308,1256,248,786.6703170400056
low_011,low,423.2798892825033,50,1991,1308,1256,262,764.2480565605323
low_011,low,423.2798892825033,50,1991,1308,1256,273,782.9327448103926
low_011,low,423.2798892825033,50,1991,1308,1256,306,807.7071585090147
low_011,low,423.2798892825033,50,1991,1308,1256,307,807.7071585090147
low_011,low,423.2798892825033,50,1991,1308,1256,367,524.2144658741319
low_011,low,423.2798892825033,50,1991,1308,1256,770,868.0520453793015
low_011,low,423.2798892825033,50,1991,1308,1256,771,872.4866798286401
low_011,low,423.2798892825033,50,1991,1308,1256,790,859.5724323604994
low_011,low,423.2798892825033,50,1991,1308,1256,792,873.3008428443285
low_011,low,423.2798892825033,50,1991,1308,1256,829,863.6378071509727
low_011,low,423.2798892825033,50,1991,1308,1256,1595,451.35854570731374
low_011,low,423.2798892825033,50,1991,1308,1256,1642,585.8470782685871
low_011,low,423.2798892825033,50,1991,1308,1256,2286,486.6515668470664
low_011,low,423.2798892825033,50,1991,1308,1256,2347,618.7655491311699
low_011,low,423.2798892825033,50,1991,1308,1256,2397,810.0124363301647
low_011,low,423.2798892825033,50,1991,1308,1256,2422,963.8104987285144
low_011,low,423.2798892825033,50,1991,1308,1256,2706,478.511249435645
low_011,low,423.2798892825033,50,1991,1308,1256,2843,1011.6876462782036
low_011,low,423.2798892825033,50,1991,1308,1256,2854,1003.324510499214
low_011,low,423.2798892825033,50,1991,1308,1256,2856,1003.8938021954574
low_011,low,423.2798892825033,50,1991,1308,1256,2858,1018.2286852241256
low_011,low,423.2798892825033,50,1991,1308,1256,2919,1048.3173040866534
low_011,low,423.2798892825033,50,1991,1308,1256,2928,1048.3173040866534
low_011,low,423.2798892825033,50,1991,1308,1256,2936,1060.3899043142285
low_011,low,423.2798892825033,50,1991,1308,1256,2988,1062.9751248319187
low_011,low,423.2798892825033,50,1991,1308,1256,3025,1090.705465048222
low_011,low,423.2798892825033,50,1991,1308,1256,3038,1091.017347895001
low_011,low,423.2798892825033,50,1991,1308,1256,3047,1098.001817802796
low_011,low,423.2798892825033,50,1991,1308,1256,3063,1084.7324970292134
low_011,low,423.2798892825033,50,1991,1308,1256,3078,1109.4240561050296
low_011,low,423.2798892825033,50,1991,1308,1256,3103,1160.175885649291
low_011,low,423.2798892825033,50,1991,1308,1256,3114,1162.8345792435434
low_011,low,423.2798892825033,50,1991,1308,1256,3123,1162.250180423339
low_011,low,423.2798892825033,50,1991,1308,1256,3126,1157.698907127832
low_011,low,423.2798892825033,50,1991,1308,1256,3131,1158.7206827841671
low_011,low,423.2798892825033,50,1991,1308,1256,3154,1192.1498045213198
low_011,low,423.2798892825033,50,1991,1308,1256,3174,1192.7869794132769
low_011,low,423.2798892825033,50,1991,1308,1256,3184,1190.841130093196
low_011,low,423.2798892825033,50,1991,1308,1256,3216,1196.434292363558
low_011,low,423.2798892825033,50,1991,1308,1256,3232,1213.7921242348098
low_011,low,423.2798892825033,50,1991,1308,1256,3247,1213.8747090800723
low_011,low,423.2798892825033,50,1991,1308,1256,3290,1238.669081017652
low_012,low,432.32116974553395,63,2009,1290,1238,79,653.8610321155004
low_012,low,432.32116974553395,63,2009,1290,1238,95,642.897127993748
low_012,low,432.32116974553395,63,2009,1290,1238,107,645.44523563048
low_012,low,432.32116974553395,63,2009,1290,1238,117,664.4946846115045
low_012,low,432.32116974553395,63,2009,1290,1238,132,658.8297490653881
low_012,low,432.32116974553395,63,2009,1290,1238,155,675.2726918798365
low_012,low,432.32116974553395,63,2009,1290,1238,228,775.1354820888598
low_012,low,432.32116974553395,63,2009,1290,1238,252,767.6270742999169
low_012,low,432.32116974553395,63,2009,1290,1238,300,803.4263867831081
low_012,low,432.32116974553395,63,2009,1290,1238,357,546.2148767907214
low_012,low,432.32116974553395,63,2009,1290,1238,554,630.5932206907065
low_012,low,432.32116974553395,63,2009,1290,1238,660,640.9308872198634
low_012,low,432.32116974553395,63,2009,1290,1238,666,739.1931051461944
low_012,low,432.32116974553395,63,2009,1290,1238,678,770.7986948040026
low_012,low,432.32116974553395,63,2009,1290,1238,682,768.8170538963791
low_012,low,432.32116974553395,63,2009,1290,1238,728,873.3880435365396
low_012,low,432.32116974553395,63,2009,1290,1238,769,882.3437172406565
low_012,low,432.32116974553395,63,2009,1290,1238,776,860.6566628344783
low_012,low,432.32116974553395,63,2009,1290,1238,802,866.9333862420027
low_012,low,432.32116974553395,63,2009,1290,1238,830,872.4654778515962
low_012,low,432.32116974553395,63,2009,1290,1238,832,859.5724323604994
low_012,low,432.32116974553395,63,2009,1290,1238,887,955.1541738435708
low_012,low,432.32116974553395,63,2009,1290,1238,1548,448.1116650148284
low_012,low,432.32116974553395,63,2009,1290,1238,1559,487.4064534321772
low_012,low,432.32116974553395,63,2009,1290,1238,1643,588.938894049907
low_012,low,432.32116974553395,63,2009,1290,1238,2281,482.2413131794111
low_012,low,432.32116974553395,63,2009,1290,1238,2285,482.5639280430806
low_012,low,432.32116974553395,63,2009,1290,1238,2411,959.2366205239038
low_012,low,432.32116974553395,63,2009,1290,1238,2420,962.2548292559144
low_012,low,432.32116974553395,63,2009,1290,1238,2609,965.2416319906436
low_012,low,432.32116974553395,63,2009,1290,1238,2625,992.7703182089858
low_012,low,432.32116974553395,63,2009,1290,1238,2629,993.5806440216762
low_012,low,432.32116974553395,63,2009,1290,1238,2630,994.35760590415
low_012,low,432.32116974553395,63,2009,1290,1238,2648,465.67595944358897
low_012,low,432.32116974553395,63,2009,1290,1238,2658,518.4526424435968
low_012,low,432.32116974553395,63,2009,1290,1238,2700,489.9714372166067
low_012,low,432.32116974553395,63,2009,1290,1238,2703,506.3947830484701
low_012,low,432.32116974553395,63,2009,1290,1238,2847,1005.4855158913912
low_012,low,432.32116974553395,63,2009,1290,1238,2852,1001.9382909146444
low_012,low,432.32116974553395,63,2009,1290,1238,2860,1032.9483064283256
low_012,low,432.32116974553395,63,2009,1290,1238,2880,1016.0909566614324
low_012,low,432.32116974553395,63,2009,1290,1238,2900,1051.0232318214055
low_012,low,432.32116974553395,63,2009,1290,1238,2918,1050.2919146873005
low_012,low,432.32116974553395,63,2009,1290,1238,2927,1052.3816699129793
low_012,low,432.32116974553395,63,2009,1290,1238,2955,1068.201070287189
low_012,low,432.32116974553395,63,2009,1290,1238,2984,1062.9751248319187
low_012,low,432.32116974553395,63,2009,1290,1238,3010,1085.238361133682
low_012,low,432.32116974553395,63,2009,1290,1238,3034,1090.705465048222
low_012,low,432.32116974553395,63,2009,1290,1238,3094,1161.090001683796
low_012,low,432.32116974553395,63,2009,1290,1238,3096,1163.0951032643663
low_012,low,432.32116974553395,63,2009,1290,1238,3100,1161.632570435744
low_012,low,432.32116974553395,63,2009,1290,1238,3139,1156.953605113312
low_012,low,432.32116974553395,63,2009,1290,1238,3154,1192.1498045213198
low_012,low,432.32116974553395,63,2009,1290,1238,3165,1190.4393644462325
low_012,low,432.32116974553395,63,2009,1290,1238,3187,1191.1178576473133
low_012,low,432.32116974553395,63,2009,1290,1238,3200,1201.3963479818258
low_012,low,432.32116974553395,63,2009,1290,1238,3214,1195.441788421103
low_012,low,432.32116974553395,63,2009,1290,1238,3232,1213.7921242348098
low_012,low,432.32116974553395,63,2009,1290,1238,3237,1212.6829356303117
low_012,low,432.32116974553395,63,2009,1290,1238,3253,1212.6829356303117
low_012,low,432.32116974553395,63,2009,1290,1238,3279,1222.3308995825223
low_012,low,432.32116974553395,63,2009,1290,1238,3286,1235.1288965458584
low_012,low,432.32116974553395,63,2009,1290,1238,3288,1235.1288965458584
low_013,low,241.04888583406859,91,1473,1826,1763,45,652.8150097165588
low_013,low,241.04888583406859,91,1473,1826,1763,59,680.1663338947329
low_013,low,241.04888583406859,91,1473,1826,1763,78,653.6283560834723
low_013,low,241.04888583406859,91,1473,1826,1763,97,651.1208216805461
low_013,low,241.04888583406859,91,1473,1826,1763,125,656.953525879767
low_013,low,241.04888583406859,91,1473,1826,1763,256,784.3605612672978
low_013,low,241.04888583406859,91,1473,1826,1763,276,802.5927107710862
low_013,low,241.04888583406859,91,1473,1826,1763,311,828.9602109125962
low_013,low,241.04888583406859,91,1473,1826,1763,363,531.3235696798193
low_013,low,241.04888583406859,91,1473,1826,1763,417,413.1552649171224
low_013,low,241.04888583406859,91,1473,1826,1763,436,419.788079040464
low_013,low,241.04888583406859,91,1473,1826,1763,526,270.40847796480546
low_013,low,241.04888583406859,91,1473,1826,1763,531,268.05546348514986
low_013,low,241.04888583406859,91,1473,1826,1763,532,273.71984845327444
low_013,low,241.04888583406859,91,1473,1826,1763,537,269.5263225837694
low_013,low,241.04888583406859,91,1473,1826,1763,660,640.9308872198634
low_013,low,241.04888583406859,91,1473,1826,1763,663,674.5301807295697
low_013,low,241.04888583406859,91,1473,1826,1763,666,739.1931051461944
low_013,low,241.04888583406859,91,1473,1826,1763,709,266.6639857738041
low_013,low,241.04888583406859,91,1473,1826,1763,712,856.5718693622078
low_013,low,241.04888583406859,91,1473,1826,1763,725,875.0839194381775
low_013,low,241.04888583406859,91,1473,1826,1763,790,859.5724323604994
low_013,low,241.04888583406859,91,1473,1826,1763,800,875.9301074670159
low_013,low,241.04888583406859,91,1473,1826,1763,803,862.3859404043667
low_013,low,241.04888583406859,91,1473,1826,1763,806,869.8673997118814
low_013,low,241.04888583406859,91,1473,1826,1763,813,859.5724323604994
low_013,low,241.04888583406859,91,1473,1826,1763,818,870.4386023362563
low_013,low,241.04888583406859,91,1473,1826,1763,831,873.93863797834
low_013,low,241.04888583406859,91,1473,1826,1763,845,866.6875039133157
low_013,low,241.04888583406859,91,1473,1826,1763,883,952.721795974701
low_013,low,241.04888583406859,91,1473,1826,1763,884,953.8397490242456
low_013,low,241.04888583406859,91,1473,1826,1763,885,955.2334831954186
low_013,low,241.04888583406859,91,1473,1826,1763,915,279.28322158242827
low_013,low,241.04888583406859,91,1473,1826,1763,1199,295.544720190458
low_013,low,241.04888583406859,91,1473,1826,1763,1421,381.87071644038497
low_013,low,241.04888583406859,91,1473,1826,1763,1516,258.9344566285393
low_013,low,241.04888583406859,91,1473,1826,1763,1546,431.0740689261484
low_013,low,241.04888583406859,91,1473,1826,1763,1580,454.3301911358124
low_013,low,241.04888583406859,91,1473,1826,1763,1584,393.93033860926704
low_013,low,241.04888583406859,91,1473,1826,1763,1585,458.2969724987668
low_013,low,241.04888583406859,91,1473,1826,1763,1592,320.40158245921907
low_013,low,241.04888583406859,91,1473,1826,1763,1594,422.0395008211794
low_013,low,241.04888583406859,91,1473,1826,1763,1603,355.4306067229716
low_013,low,241.04888583406859,91,1473,1826,1763,1617,326.06322036293005
low_013,low,241.04888583406859,91,1473,1826,1763,1622,499.9743838932915
low_013,low,241.04888583406859,91,1473,1826,1763,1628,396.60267529075145
low_013,low,241.04888583406859,91,1473,1826,1763,1657,348.1321847730008
low_013,low,241.04888583406859,91,1473,1826,1763,1685,411.1499086834758
low_013,low,241.04888583406859,91,1473,1826,1763,1804,366.7631753106911
low_013,low,241.04888583406859,91,1473,1826,1763,1806,372.7119442873002
low_013,low,241.04888583406859,91,1473,1826,1763,1911,394.29197156677947
low_013,low,241.04888583406859,91,1473,1826,1763,2127,612.8558231263343
low_013,low,241.04888583406859,91,1473,1826,1763,2180,458.2892636628474
low_013,low,241.04888583406859,91,1473,1826,1763,2296,488.874333155284
low_013,low,241.04888583406859,91,1473,1826,1763,2413,959.2366205239038
low_013,low,241.04888583406859,91,1473,1826,1763,2414,960.5848673507036
low_013,low,241.04888583406859,91,1473,1826,1763,2419,962.2548292559144
low_013,low,241.04888583406859,91,1473,1826,1763,2435,283.82254415062727
low_013,low,241.04888583406859,91,1473,1826,1763,2550,405.59939637647983
low_013,low,241.04888583406859,91,1473,1826,1763,2608,969.2235614863656
low_013,low,241.04888583406859,91,1473,1826,1763,2621,993.1045744974208
low_013,low,241.04888583406859,91,1473,1826,1763,2626,992.8301365003624
low_013,low,241.04888583406859,91,1473,1826,1763,2658,518.4526424435968
low_013,low,241.04888583406859,91,1473,1826,1763,2687,254.87412451749225
low_013,low,241.04888583406859,91,1473,1826,1763,2701,371.2720946691632
low_013,low,241.04888583406859,91,1473,1826,1763,2702,287.0638772386365
low_013,low,241.04888583406859,91,1473,1826,1763,2704,279.05898064057885
low_013,low,241.04888583406859,91,1473,1826,1763,2709,550.5106408074192
low_013,low,241.04888583406859,91,1473,1826,1763,2711,567.4030659229005
low_013,low,241.04888583406859,91,1473,1826,1763,2749,256.68819190753527
low_013,low,241.04888583406859,91,1473,1826,1763,2768,314.42192748853154
low_013,low,241.04888583406859,91,1473,1826,1763,2825,999.9669628228648
low_013,low,241.04888583406859,91,1473,1826,1763,2831,999.9669628228648
low_013,low,241.04888583406859,91,1473,1826,1763,2835,1000.6468044483214
low_013,low,241.04888583406859,91,1473,1826,1763,2880,1016.0909566614324
low_013,low,241.04888583406859,91,1473,1826,1763,2882,1020.8072860737768
low_013,low,241.04888583406859,91,1473,1826,1763,2888,999.9669628228648
low_013,low,241.04888583406859,91,1473,1826,1763,2913,1051.0232318214055
low_013,low,241.04888583406859,91,1473,1826,1763,2921,1048.3173040866534
low_013,low,241.04888583406859,91,1473,1826,1763,2945,1073.2687181041986
low_013,low,241.04888583406859,91,1473,1826,1763,3017,1085.8803214733753
low_013,low,241.04888583406859,91,1473,1826,1763,3113,1158.1134233069622
low_013,low,241.04888583406859,91,1473,1826,1763,3120,1156.953605113312
low_013,low,241.04888583406859,91,1473,1826,1763,3150,1197.861230373313
low_013,low,241.04888583406859,91,1473,1826,1763,3168,1192.5872119274422
low_013,low,241.04888583406859,91,1473,1826,1763,3172,1189.6508331977705
low_013,low,241.04888583406859,91,1473,1826,1763,3200,1201.3963479818258
low_013,low,241.04888583406859,91,1473,1826,1763,3205,1195.5153064168785
low_013,low,241.04888583406859,91,1473,1826,1763,3229,1212.6829356303117
low_013,low,241.04888583406859,91,1473,1826,1763,3265,1220.5095141903143
low_013,low,241.04888583406859,91,1473,1826,1763,3270,1220.5095141903143
low_014,low,389.29462345517777,68,1921,1378,1326,78,653.6283560834723
low_014,low,389.29462345517777,68,1921,1378,1326,124,665.4062469132111
low_014,low,389.29462345517777,68,1921,1378,1326,141,661.0311270544358
low_014,low,389.29462345517777,68,1921,1378,1326,148,667.3570020403315
low_014,low,389.29462345517777,68,1921,1378,1326,165,696.1109557716287
low_014,low,389.29462345517777,68,1921,1378,1326,221,705.3238567401744
low_014,low,389.29462345517777,68,1921,1378,1326,252,767.6270742999169
low_014,low,389.29462345517777,68,1921,1378,1326,269,780.5044740002621
low_014,low,389.29462345517777,68,1921,1378,1326,293,805.2931901007745
low_014,low,389.29462345517777,68,1921,1378,1326,351,511.5965204748043
low_014,low,389.29462345517777,68,1921,1378,1326,355,531.5658164072953
low_014,low,389.29462345517777,68,1921,1378,1326,363,531.3235696798193
low_014,low,389.29462345517777,68,1921,1378,1326,366,524.7521621580103
low_014,low,389.29462345517777,68,1921,1378,1326,422,419.3155525293033
low_014,low,389.29462345517777,68,1921,1378,1326,610,571.6452882365986
low_014,low,389.29462345517777,68,1921,1378,1326,612,586.0977783934629
low_014,low,389.29462345517777,68,1921,1378,1326,666,739.1931051461944
low_014,low,389.29462345517777,68,1921,1378,1326,713,855.4301757880048
low_014,low,389.29462345517777,68,1921,1378,1326,745,889.9659076282874
low_014,low,389.29462345517777,68,1921,1378,1326,746,891.9127448944064
low_014,low,389.29462345517777,68,1921,1378,1326,747,909.4866416483982
low_014,low,389.29462345517777,68,1921,1378,1326,755,867.2545522133303
low_014,low,389.29462345517777,68,1921,1378,1326,774,864.2344899022277
low_014,low,389.29462345517777,68,1921,1378,1326,802,866.9333862420027
low_014,low,389.29462345517777,68,1921,1378,1326,809,876.3517994994306
low_014,low,389.29462345517777,68,1921,1378,1326,841,862.2439643577552
low_014,low,389.29462345517777,68,1921,1378,1326,844,873.2629054597824
low_014,low,389.29462345517777,68,1921,1378,1326,859,863.652310334433
low_014,low,389.29462345517777,68,1921,1378,1326,881,952.721795974701
low_014,low,389.29462345517777,68,1921,1378,1326,1546,431.0740689261484
low_014,low,389.29462345517777,68,1921,1378,1326,1548,448.1116650148284
low_014,low,389.29462345517777,68,1921,1378,1326,1562,531.2020012980644
low_014,low,389.29462345517777,68,1921,1378,1326,1567,432.2610144534863
low_014,low,389.29462345517777,68,1921,1378,1326,1721,470.21816879460977
low_014,low,389.29462345517777,68,1921,1378,1326,2287,485.20420123825255
low_014,low,389.29462345517777,68,1921,1378,1326,2339,619.8287166121504
low_014,low,389.29462345517777,68,1921,1378,1326,2409,960.3480036780126
low_014,low,389.29462345517777,68,1921,1378,1326,2420,962.2548292559144
low_014,low,389.29462345517777,68,1921,1378,1326,2421,962.2548292559144
low_014,low,389.29462345517777,68,1921,1378,1326,2608,969.2235614863656
low_014,low,389.29462345517777,68,1921,1378,1326,2653,429.04296266239015
low_014,low,389.29462345517777,68,1921,1378,1326,2708,540.2905022871021
low_014,low,389.29462345517777,68,1921,1378,1326,2844,1012.817481250774
low_014,low,389.29462345517777,68,1921,1378,1326,2849,1001.0783459769737
low_014,low,389.29462345517777,68,1921,1378,1326,2850,1008.5716512301796
low_014,low,389.29462345517777,68,1921,1378,1326,2891,1017.3646700333014
low_014,low,389.29462345517777,68,1921,1378,1326,2909,1049.4286872407622
low_014,low,389.29462345517777,68,1921,1378,1326,2922,1049.7958001554882
low_014,low,389.29462345517777,68,1921,1378,1326,2953,1074.009713173082
low_014,low,389.29462345517777,68,1921,1378,1326,2954,1068.6650563229111
low_014,low,389.29462345517777,68,1921,1378,1326,2991,1064.4657288609587
low_014,low,389.29462345517777,68,1921,1378,1326,2998,1092.4861814254616
low_014,low,389.29462345517777,68,1921,1378,1326,3016,1086.50258926511
low_014,low,389.29462345517777,68,1921,1378,1326,3044,1093.6480763799982
low_014,low,389.29462345517777,68,1921,1378,1326,3069,1084.8033457435122
low_014,low,389.29462345517777,68,1921,1378,1326,3115,1160.8921745663029
low_014,low,389.29462345517777,68,1921,1378,1326,3139,1156.953605113312
low_014,low,389.29462345517777,68,1921,1378,1326,3148,1189.6508331977705
low_014,low,389.29462345517777,68,1921,1378,1326,3163,1190.3768122726203
low_014,low,389.29462345517777,68,1921,1378,1326,3200,1201.3963479818258
low_014,low,389.29462345517777,68,1921,1378,1326,3239,1212.6829356303117
low_014,low,389.29462345517777,68,1921,1378,1326,3243,1214.6856236728847
low_014,low,389.29462345517777,68,1921,1378,1326,3245,1213.7377167360612
low_014,low,389.29462345517777,68,1921,1378,1326,3266,1221.627467239859
low_014,low,389.29462345517777,68,1921,1378,1326,3269,1220.5095141903143
low_014,low,389.29462345517777,68,1921,1378,1326,3272,1220.5095141903143
low_014,low,389.29462345517777,68,1921,1378,1326,3293,1243.4279725695123
low_014,low,389.29462345517777,68,1921,1378,1326,3297,1236.0029786274615
low_015,low,413.75583469279854,63,1970,1329,1277,183,702.3155481434898
low_015,low,413.75583469279854,63,1970,1329,1277,187,716.0654904099658
low_015,low,413.75583469279854,63,1970,1329,1277,229,764.8858270947308
low_015,low,413.75583469279854,63,1970,1329,1277,283,773.9189941345446
low_015,low,413.75583469279854,63,1970,1329,1277,344,456.92470638267474
low_015,low,413.75583469279854,63,1970,1329,1277,354,520.5360597840923
low_015,low,413.75583469279854,63,1970,1329,1277,362,508.9199090362618
low_015,low,413.75583469279854,63,1970,1329,1277,438,422.45863192920183
low_015,low,413.75583469279854,63,1970,1329,1277,544,566.4679181942208
low_015,low,413.75583469279854,63,1970,1329,1277,545,544.0171756883882
low_015,low,413.75583469279854,63,1970,1329,1277,665,760.03481103312
low_015,low,413.75583469279854,63,1970,1329,1277,724,874.0498202955565
low_015,low,413.75583469279854,63,1970,1329,1277,740,865.6372638042347
low_015,low,413.75583469279854,63,1970,1329,1277,765,881.246947133774
low_015,low,413.75583469279854,63,1970,1329,1277,784,861.6284827393368
low_015,low,413.75583469279854,63,1970,1329,1277,793,860.8168789708238
low_015,low,413.75583469279854,63,1970,1329,1277,801,860.8576782895826
low_015,low,413.75583469279854,63,1970,1329,1277,802,866.9333862420027
low_015,low,413.75583469279854,63,1970,1329,1277,828,865.5158531148844
low_015,low,413.75583469279854,63,1970,1329,1277,836,875.3327998621509
low_015,low,413.75583469279854,63,1970,1329,1277,848,868.5507599903209
low_015,low,413.75583469279854,63,1970,1329,1277,866,863.9845864565156
low_015,low,413.75583469279854,63,1970,1329,1277,871,952.721795974701
low_015,low,413.75583469279854,63,1970,1329,1277,885,955.2334831954186
low_015,low,413.75583469279854,63,1970,1329,1277,1547,432.0966435219791
low_015,low,413.75583469279854,63,1970,1329,1277,1586,459.7020258308448
low_015,low,413.75583469279854,63,1970,1329,1277,1613,426.53191281528905
low_015,low,413.75583469279854,63,1970,1329,1277,1615,537.72844961198
low_015,low,413.75583469279854,63,1970,1329,1277,1638,736.1382925041067
low_015,low,413.75583469279854,63,1970,1329,1277,2120,573.8094201362896
low_015,low,413.75583469279854,63,1970,1329,1277,2121,595.1463378554291
low_015,low,413.75583469279854,63,1970,1329,1277,2151,436.232501988679
low_015,low,413.75583469279854,63,1970,1329,1277,2296,488.874333155284
low_015,low,413.75583469279854,63,1970,1329,1277,2438,681.204274827241
low_015,low,413.75583469279854,63,1970,1329,1277,2551,419.7989461550483
low_015,low,413.75583469279854,63,1970,1329,1277,2653,429.04296266239015
low_015,low,413.75583469279854,63,1970,1329,1277,2828,1003.324510499214
low_015,low,413.75583469279854,63,1970,1329,1277,2836,1001.830188934218
low_015,low,413.75583469279854,63,1970,1329,1277,2872,1004.4726057863872
low_015,low,413.75583469279854,63,1970,1329,1277,2887,999.9669628228648
low_015,low,413.75583469279854,63,1970,1329,1277,2920,1049.458128391287
low_015,low,413.75583469279854,63,1970,1329,1277,2927,1052.3816699129793
low_015,low,413.75583469279854,63,1970,1329,1277,2928,1048.3173040866534
low_015,low,413.75583469279854,63,1970,1329,1277,2941,1063.946327170539
low_015,low,413.75583469279854,63,1970,1329,1277,2998,1092.4861814254616
low_015,low,413.75583469279854,63,1970,1329,1277,3008,1088.2911199767286
low_015,low,413.75583469279854,63,1970,1329,1277,3057,1088.8747322777456
low_015,low,413.75583469279854,63,1970,1329,1277,3059,1091.0213172210172
low_015,low,413.75583469279854,63,1970,1329,1277,3061,1092.806985161587
low_015,low,413.75583469279854,63,1970,1329,1277,3070,1083.8940322975843
low_015,low,413.75583469279854,63,1970,1329,1277,3081,1108.054033498211
low_015,low,413.75583469279854,63,1970,1329,1277,3108,1159.9401526011404
low_015,low,413.75583469279854,63,1970,1329,1277,3113,1158.1134233069622
low_015,low,413.75583469279854,63,1970,1329,1277,3132,1158.2312943173504
low_015,low,413.75583469279854,63,1970,1329,1277,3174,1192.7869794132769
low_015,low,413.75583469279854,63,1970,1329,1277,3198,1192.4836018941114
low_015,low,413.75583469279854,63,1970,1329,1277,3201,1202.4646705774635
low_015,low,413.75583469279854,63,1970,1329,1277,3207,1191.4578355033093
low_015,low,413.75583469279854,63,1970,1329,1277,3215,1196.1780748530298
low_015,low,413.75583469279854,63,1970,1329,1277,3258,1222.3308995825223
low_015,low,413.75583469279854,63,1970,1329,1277,3275,1220.5095141903143
low_015,low,413.75583469279854,63,1970,1329,1277,3277,1222.480842282094
low_015,low,413.75583469279854,63,1970,1329,1277,3297,1236.0029786274615
low_016,low,379.64647936274787,81,1879,1420,1367,41,651.6299908178029
low_016,low,379.64647936274787,81,1879,1420,1367,53,643.5765529484125
low_016,low,379.64647936274787,81,1879,1420,1367,83,671.2020654504298
low_016,low,379.64647936274787,81,1879,1420,1367,126,657.1234139268878
low_016,low,379.64647936274787,81,1879,1420,1367,166,707.6612556375802
low_016,low,379.64647936274787,81,1879,1420,1367,177,763.426889245906
low_016,low,379.64647936274787,81,1879,1420,1367,183,702.3155481434898
low_016,low,379.64647936274787,81,1879,1420,1367,197,693.9103106062956
low_016,low,379.64647936274787,81,1879,1420,1367,279,777.5297125666199
low_016,low,379.64647936274787,81,1879,1420,1367,305,813.1458915126673
low_016,low,379.64647936274787,81,1879,1420,1367,307,807.7071585090147
low_016,low,379.64647936274787,81,1879,1420,1367,313,828.9602109125962
low_016,low,379.64647936274787,81,1879,1420,1367,366,524.7521621580103
low_016,low,379.64647936274787,81,1879,1420,1367,434,403.4712616996905
low_016,low,379.64647936274787,81,1879,1420,1367,561,727.4044859912502
low_016,low,379.64647936274787,81,1879,1420,1367,658,733.5457102822107
low_016,low,379.64647936274787,81,1879,1420,1367,668,762.278698011802
low_016,low,379.64647936274787,81,1879,1420,1367,692,791.9201836243208
low_016,low,379.64647936274787,81,1879,1420,1367,712,856.5718693622078
low_016,low,379.64647936274787,81,1879,1420,1367,718,866.2162984069909
low_016,low,379.64647936274787,81,1879,1420,1367,727,865.8804371551425
low_016,low,379.64647936274787,81,1879,1420,1367,740,865.6372638042347
low_016,low,379.64647936274787,81,1879,1420,1367,749,912.3380011004592
low_016,low,379.64647936274787,81,1879,1420,1367,775,864.9934392771164
low_016,low,379.64647936274787,81,1879,1420,1367,808,859.5724323604994
low_016,low,379.64647936274787,81,1879,1420,1367,830,872.4654778515962
low_016,low,379.64647936274787,81,1879,1420,1367,857,868.4945062188548
low_016,low,379.64647936274787,81,1879,1420,1367,868,870.1424066218777
low_016,low,379.64647936274787,81,1879,1420,1367,872,953.4016376001576
low_016,low,379.64647936274787,81,1879,1420,1367,880,953.9045928767688
low_016,low,379.64647936274787,81,1879,1420,1367,889,955.0798430416164
low_016,low,379.64647936274787,81,1879,1420,1367,1418,392.99075932107456
low_016,low,379.64647936274787,81,1879,1420,1367,1552,479.11225386073767
low_016,low,379.64647936274787,81,1879,1420,1367,1554,406.9616394714425
low_016,low,379.64647936274787,81,1879,1420,1367,1559,487.4064534321772
low_016,low,379.64647936274787,81,1879,1420,1367,1566,391.60226040419275
low_016,low,379.64647936274787,81,1879,1420,1367,1599,432.78643861177176
low_016,low,379.64647936274787,81,1879,1420,1367,1633,709.3439318406132
low_016,low,379.64647936274787,81,1879,1420,1367,1634,727.089365348187
low_016,low,379.64647936274787,81,1879,1420,1367,1683,408.0558011759021
low_016,low,379.64647936274787,81,1879,1420,1367,1912,389.17224225809906
low_016,low,379.64647936274787,81,1879,1420,1367,1939,405.2731931278281
low_016,low,379.64647936274787,81,1879,1420,1367,2193,421.1035448030098
low_016,low,379.64647936274787,81,1879,1420,1367,2305,390.17578885289186
low_016,low,379.64647936274787,81,1879,1420,1367,2323,502.7100111531832
low_016,low,379.64647936274787,81,1879,1420,1367,2410,959.2366205239038
low_016,low,379.64647936274787,81,1879,1420,1367,2607,965.2416319906436
low_016,low,379.64647936274787,81,1879,1420,1367,2612,989.3578183648712
low_016,low,379.64647936274787,81,1879,1420,1367,2633,991.9430388825616
low_016,low,379.64647936274787,81,1879,1420,1367,2695,478.9061165893875
low_016,low,379.64647936274787,81,1879,1420,1367,2848,1007.129697305098
low_016,low,379.64647936274787,81,1879,1420,1367,2853,1003.195063730307
low_016,low,379.64647936274787,81,1879,1420,1367,2856,1003.8938021954574
low_016,low,379.64647936274787,81,1879,1420,1367,2873,999.9669628228648
low_016,low,379.64647936274787,81,1879,1420,1367,2876,1015.156232355703
low_016,low,379.64647936274787,81,1879,1420,1367,2897,1008.4619654951324
low_016,low,379.64647936274787,81,1879,1420,1367,2916,1050.2372440615322
low_016,low,379.64647936274787,81,1879,1420,1367,2926,1051.461908069846
low_016,low,379.64647936274787,81,1879,1420,1367,2928,1048.3173040866534
low_016,low,379.64647936274787,81,1879,1420,1367,2930,1050.9258611652378
low_016,low,379.64647936274787,81,1879,1420,1367,2948,1066.328983869494
low_016,low,379.64647936274787,81,1879,1420,1367,2957,1065.2338776801844
low_016,low,379.64647936274787,81,1879,1420,1367,2995,1093.6066694374213
low_016,low,379.64647936274787,81,1879,1420,1367,3012,1085.4710947945082
low_016,low,379.64647936274787,81,1879,1420,1367,3020,1098.3786905686538
low_016,low,379.64647936274787,81,1879,1420,1367,3060,1092.4861814254616
low_016,low,379.64647936274787,81,1879,1420,1367,3094,1161.090001683796
low_016,low,379.64647936274787,81,1879,1420,1367,3155,1192.547874567539
low_016,low,379.64647936274787,81,1879,1420,1367,3156,1192.6885934197562
low_016,low,379.64647936274787,81,1879,1420,1367,3161,1192.529678637609
low_016,low,379.64647936274787,81,1879,1420,1367,3163,1190.3768122726203
low_016,low,379.64647936274787,81,1879,1420,1367,3179,1194.6874708239898
low_016,low,379.64647936274787,81,1879,1420,1367,3193,1194.5154881045178
low_016,low,379.64647936274787,81,1879,1420,1367,3205,1195.5153064168785
low_016,low,379.64647936274787,81,1879,1420,1367,3206,1194.7681844492004
low_016,low,379.64647936274787,81,1879,1420,1367,3210,1193.3278484931884
low_016,low,379.64647936274787,81,1879,1420,1367,3254,1214.281966312764
low_016,low,379.64647936274787,81,1879,1420,1367,3260,1220.8979951315514
low_016,low,379.64647936274787,81,1879,1420,1367,3271,1225.2857625849404
low_016,low,379.64647936274787,81,1879,1420,1367,3272,1220.5095141903143
low_016,low,379.64647936274787,81,1879,1420,1367,3296,1236.9712022511055
low_017,low,389.9811763895965,57,1923,1376,1324,57,684.7941478334724
low_017,low,389.9811763895965,57,1923,1376,1324,74,650.391748792279
low_017,low,389.9811763895965,57,1923,1376,1324,117,664.4946846115045
low_017,low,389.9811763895965,57,1923,1376,1324,140,682.5774216965925
low_017,low,389.9811763895965,57,1923,1376,1324,153,672.8098570896859
low_017,low,389.9811763895965,57,1923,1376,1324,162,670.1105204220381
low_017,low,389.9811763895965,57,1923,1376,1324,186,711.7231516805729
low_017,low,389.9811763895965,57,1923,1376,1324,224,705.9118408865907
low_017,low,389.9811763895965,57,1923,1376,1324,276,802.5927107710862
low_017,low,389.9811763895965,57,1923,1376,1324,293,805.2931901007745
low_017,low,389.9811763895965,57,1923,1376,1324,311,828.9602109125962
low_017,low,389.9811763895965,57,1923,1376,1324,362,508.9199090362618
low_017,low,389.9811763895965,57,1923,1376,1324,370,524.5141296551618
low_017,low,389.9811763895965,57,1923,1376,1324,669,744.0487305057972
low_017,low,389.9811763895965,57,1923,1376,1324,725,875.0839194381775
low_017,low,389.9811763895965,57,1923,1376,1324,729,866.973697493397
low_017,low,389.9811763895965,57,1923,1376,1324,740,865.6372638042347
low_017,low,389.9811763895965,57,1923,1376,1324,754,882.0507063426252
low_017,low,389.9811763895965,57,1923,1376,1324,765,881.246947133774
low_017,low,389.9811763895965,57,1923,1376,1324,786,861.8021120333577
low_017,low,389.9811763895965,57,1923,1376,1324,806,869.8673997118814
low_017,low,389.9811763895965,57,1923,1376,1324,868,870.1424066218777
low_017,low,389.9811763895965,57,1923,1376,1324,882,952.721795974701
low_017,low,389.9811763895965,57,1923,1376,1324,1581,396.95465590536844
low_017,low,389.9811763895965,57,1923,1376,1324,1585,458.2969724987668
low_017,low,389.9811763895965,57,1923,1376,1324,1644,636.569058596224
low_017,low,389.9811763895965,57,1923,1376,1324,1939,405.2731931278281
low_017,low,389.9811763895965,57,1923,1376,1324,2130,617.288117629961
low_017,low,389.9811763895965,57,1923,1376,1324,2287,485.20420123825255
low_017,low,389.9811763895965,57,1923,1376,1324,2322,504.5876727526174
low_017,low,389.9811763895965,57,1923,1376,1324,2638,991.9430388825616
low_017,low,389.9811763895965,57,1923,1376,1324,2670,437.6375623512032
low_017,low,389.9811763895965,57,1923,1376,1324,2705,517.3429015584132
low_017,low,389.9811763895965,57,1923,1376,1324,2828,1003.324510499214
low_017,low,389.9811763895965,57,1923,1376,1324,2859,1022.2215701048916
low_017,low,389.9811763895965,57,1923,1376,1324,2862,1020.428843707753
low_017,low,389.9811763895965,57,1923,1376,1324,2878,1016.9012287333924
low_017,low,389.9811763895965,57,1923,1376,1324,2898,1016.7602550996075
low_017,low,389.9811763895965,57,1923,1376,1324,2918,1050.2919146873005
low_017,low,389.9811763895965,57,1923,1376,1324,2926,1051.461908069846
low_017,low,389.9811763895965,57,1923,1376,1324,2959,1064.9464529236984
low_017,low,389.9811763895965,57,1923,1376,1324,3001,1102.0692594091004
low_017,low,389.9811763895965,57,1923,1376,1324,3007,1084.8274339564175
low_017,low,389.9811763895965,57,1923,1376,1324,3012,1085.4710947945082
low_017,low,389.9811763895965,57,1923,1376,1324,3022,1093.160091110393
low_017,low,389.9811763895965,57,1923,1376,1324,3025,1090.705465048222
low_017,low,389.9811763895965,57,1923,1376,1324,3035,1088.411537994116
low_017,low,389.9811763895965,57,1923,1376,1324,3081,1108.054033498211
low_017,low,389.9811763895965,57,1923,1376,1324,3143,1190.4575158137598
low_017,low,389.9811763895965,57,1923,1376,1324,3168,1192.5872119274422
low_017,low,389.9811763895965,57,1923,1376,1324,3187,1191.1178576473133
low_017,low,389.9811763895965,57,1923,1376,1324,3206,1194.7681844492004
low_017,low,389.9811763895965,57,1923,1376,1324,3232,1213.7921242348098
low_017,low,389.9811763895965,57,1923,1376,1324,3233,1212.6829356303117
low_017,low,389.9811763895965,57,1923,1376,1324,3250,1213.9591309841965
low_017,low,389.9811763895965,57,1923,1376,1324,3262,1220.5095141903143
low_017,low,389.9811763895965,57,1923,1376,1324,3296,1236.9712022511055
low_018,low,198.71868570957162,98,1311,1988,1924,34,671.7540676273413
low_018,low,198.71868570957162,98,1311,1988,1924,49,646.4197224851405
low_018,low,198.71868570957162,98,1311,1988,1924,59,680.1663338947329
low_018,low,198.71868570957162,98,1311,1988,1924,72,650.1937972073154
low_018,low,198.71868570957162,98,1311,1988,1924,83,671.2020654504298
low_018,low,198.71868570957162,98,1311,1988,1924,170,695.8980831229484
low_018,low,198.71868570957162,98,1311,1988,1924,200,702.9291778137936
low_018,low,198.71868570957162,98,1311,1988,1924,226,708.2605544291129
low_018,low,198.71868570957162,98,1311,1988,1924,228,775.1354820888598
low_018,low,198.71868570957162,98,1311,1988,1924,271,767.6270742999169
low_018,low,198.71868570957162,98,1311,1988,1924,299,805.4733931764986
low_018,low,198.71868570957162,98,1311,1988,1924,311,828.9602109125962
low_018,low,198.71868570957162,98,1311,1988,1924,336,263.0366341136006
low_018,low,198.71868570957162,98,1311,1988,1924,351,511.5965204748043
low_018,low,198.71868570957162,98,1311,1988,1924,352,514.3593902140321
low_018,low,198.71868570957162,98,1311,1988,1924,359,508.9199090362618
low_018,low,198.71868570957162,98,1311,1988,1924,363,531.3235696798193
low_018,low,198.71868570957162,98,1311,1988,1924,366,524.7521621580103
low_018,low,198.71868570957162,98,1311,1988,1924,368,525.4070628768745
low_018,low,198.71868570957162,98,1311,1988,1924,547,572.580548455869
low_018,low,198.71868570957162,98,1311,1988,1924,575,303.9663293314918
low_018,low,198.71868570957162,98,1311,1988,1924,671,746.4765431855985
low_018,low,198.71868570957162,98,1311,1988,1924,685,776.0039014311429
low_018,low,198.71868570957162,98,1311,1988,1924,693,770.2629527160603
low_018,low,198.71868570957162,98,1311,1988,1924,735,879.2051215339136
low_018,low,198.71868570957162,98,1311,1988,1924,765,881.246947133774
low_018,low,198.71868570957162,98,1311,1988,1924,767,883.0464829473062
low_018,low,198.71868570957162,98,1311,1988,1924,808,859.5724323604994
low_018,low,198.71868570957162,98,1311,1988,1924,830,872.4654778515962
low_018,low,198.71868570957162,98,1311,1988,1924,834,865.180778194876
low_018,low,198.71868570957162,98,1311,1988,1924,839,865.2291220840489
low_018,low,198.71868570957162,98,1311,1988,1924,873,953.7321442747192
low_018,low,198.71868570957162,98,1311,1988,1924,977,252.89926959802628
low_018,low,198.71868570957162,98,1311,1988,1924,982,236.02450082043543
low_018,low,198.71868570957162,98,1311,1988,1924,1282,302.3048542468519
low_018,low,198.71868570957162,98,1311,1988,1924,1396,206.21136171064757
low_018,low,198.71868570957162,98,1311,1988,1924,1405,381.5497386959036
low_018,low,198.71868570957162,98,1311,1988,1924,1417,382.826792675406
low_018,low,198.71868570957162,98,1311,1988,1924,1421,381.87071644038497
low_018,low,198.71868570957162,98,1311,1988,1924,1524,299.1273868907643
low_018,low,198.71868570957162,98,1311,1988,1924,1543,331.64479046985423
low_018,low,198.71868570957162,98,1311,1988,1924,1555,473.3470873765123
low_018,low,198.71868570957162,98,1311,1988,1924,1599,432.78643861177176
low_018,low,198.71868570957162,98,1311,1988,1924,1642,585.8470782685871
low_018,low,198.71868570957162,98,1311,1988,1924,1653,284.6772422876628
low_018,low,198.71868570957162,98,1311,1988,1924,1681,404.6649231844229
low_018,low,198.71868570957162,98,1311,1988,1924,1688,245.1733511185192
low_018,low,198.71868570957162,98,1311,1988,1924,1704,247.05027011572108
low_018,low,198.71868570957162,98,1311,1988,1924,1837,219.97434567431333
low_018,low,198.71868570957162,98,1311,1988,1924,1880,223.5682089634508
low_018,low,198.71868570957162,98,1311,1988,1924,1925,358.0881648516607
low_018,low,198.71868570957162,98,1311,1988,1924,1980,235.48435462635797
low_018,low,198.71868570957162,98,1311,1988,1924,1987,255.85270557859835
low_018,low,198.71868570957162,98,1311,1988,1924,2045,336.3266225490818
low_018,low,198.71868570957162,98,1311,1988,1924,2046,339.9697411634192
low_018,low,198.71868570957162,98,1311,1988,1924,2167,401.9701573448036
low_018,low,198.71868570957162,98,1311,1988,1924,2171,440.6473481113234
low_018,low,198.71868570957162,98,1311,1988,1924,2181,308.6161117307732
low_018,low,198.71868570957162,98,1311,1988,1924,2259,281.2673813033457
low_018,low,198.71868570957162,98,1311,1988,1924,2263,327.8373680455373
low_018,low,198.71868570957162,98,1311,1988,1924,2303,228.6911895301922
low_018,low,198.71868570957162,98,1311,1988,1924,2323,502.7100111531832
low_018,low,198.71868570957162,98,1311,1988,1924,2351,751.2699496695358
low_018,low,198.71868570957162,98,1311,1988,1924,2488,209.11357019925578
low_018,low,198.71868570957162,98,1311,1988,1924,2495,212.0168052954324
low_018,low,198.71868570957162,98,1311,1988,1924,2586,212.4193129531987
low_018,low,198.71868570957162,98,1311,1988,1924,2601,333.75924203010067
low_018,low,198.71868570957162,98,1311,1988,1924,2627,991.9430388825616
low_018,low,198.71868570957162,98,1311,1988,1924,2634,991.9430388825616
low_018,low,198.71868570957162,98,1311,1988,1924,2646,298.2657088671209
low_018,low,198.71868570957162,98,1311,1988,1924,2650,438.6367453934935
low_018,low,198.71868570957162,98,1311,1988,1924,2660,288.6641585561218
low_018,low,198.71868570957162,98,1311,1988,1924,2663,307.6671860850136
low_018,low,198.71868570957162,98,1311,1988,1924,2691,512.6553423694688
low_018,low,198.71868570957162,98,1311,1988,1924,2711,567.4030659229005
low_018,low,198.71868570957162,98,1311,1988,1924,2713,506.3947830484701
low_018,low,198.71868570957162,98,1311,1988,1924,2810,342.1454168933001
low_018,low,198.71868570957162,98,1311,1988,1924,2849,1001.0783459769737
low_018,low,198.71868570957162,98,1311,1988,1924,2904,1053.137536994859
low_018,low,198.71868570957162,98,1311,1988,1924,2947,1062.9751248319187
low_018,low,198.71868570957162,98,1311,1988,1924,2988,1062.9751248319187
low_018,low,198.71868570957162,98,1311,1988,1924,3000,1095.1923449701198
low_018,low,198.71868570957162,98,1311,1988,1924,3049,1083.8940322975843
low_018,low,198.71868570957162,98,1311,1988,1924,3062,1088.9640078669138
low_018,low,198.71868570957162,98,1311,1988,1924,3064,1085.814119751744
low_018,low,198.71868570957162,98,1311,1988,1924,3129,1158.993088747223
low_018,low,198.71868570957162,98,1311,1988,1924,3133,1159.3681721349003
low_018,low,198.71868570957162,98,1311,1988,1924,3135,1156.953605113312
low_018,low,198.71868570957162,98,1311,1988,1924,3150,1197.861230373313
low_018,low,198.71868570957162,98,1311,1988,1924,3158,1192.132671115406
low_018,low,198.71868570957162,98,1311,1988,1924,3169,1194.140551569456
low_018,low,198.71868570957162,98,1311,1988,1924,3177,1196.1727371751588
low_018,low,198.71868570957162,98,1311,1988,1924,3192,1190.5558852718762
low_018,low,198.71868570957162,98,1311,1988,1924,3195,1190.5800617035045
low_018,low,198.71868570957162,98,1311,1988,1924,3200,1201.3963479818258
low_018,low,198.71868570957162,98,1311,1988,1924,3232,1213.7921242348098
low_018,low,198.71868570957162,98,1311,1988,1924,3234,1212.6829356303117
low_018,low,198.71868570957162,98,1311,1988,1924,3251,1216.8635608356176
low_019,low,194.76061374263193,85,1301,1998,1934,53,643.5765529484125
low_019,low,194.76061374263193,85,1301,1998,1934,83,671.2020654504298
low_019,low,194.76061374263193,85,1301,1998,1934,108,645.7401222443542
low_019,low,194.76061374263193,85,1301,1998,1934,140,682.5774216965925
low_019,low,194.76061374263193,85,1301,1998,1934,149,667.4817458035079
low_019,low,194.76061374263193,85,1301,1998,1934,159,669.3848054613262
low_019,low,194.76061374263193,85,1301,1998,1934,163,671.9504656376764
low_019,low,194.76061374263193,85,1301,1998,1934,166,707.6612556375802
low_019,low,194.76061374263193,85,1301,1998,1934,167,725.8462263825394
low_019,low,194.76061374263193,85,1301,1998,1934,244,766.9434908278633
low_019,low,194.76061374263193,85,1301,1998,1934,268,782.7320850167008
low_019,low,194.76061374263193,85,1301,1998,1934,307,807.7071585090147
low_019,low,194.76061374263193,85,1301,1998,1934,339,260.3501913925402
low_019,low,194.76061374263193,85,1301,1998,1934,394,361.8773330491055
low_019,low,194.76061374263193,85,1301,1998,1934,462,238.3940556646521
low_019,low,194.76061374263193,85,1301,1998,1934,485,419.9099510699519
low_019,low,194.76061374263193,85,1301,1998,1934,544,566.4679181942208
low_019,low,194.76061374263193,85,1301,1998,1934,559,721.9990533418774
low_019,low,194.76061374263193,85,1301,1998,1934,574,300.6885003543877
low_019,low,194.76061374263193,85,1301,1998,1934,612,586.0977783934629
low_019,low,194.76061374263193,85,1301,1998,1934,806,869.8673997118814
low_019,low,194.76061374263193,85,1301,1998,1934,808,859.5724323604994
low_019,low,194.76061374263193,85,1301,1998,1934,825,859.5724323604994
low_019,low,194.76061374263193,85,1301,1998,1934,858,866.4333207558111
low_019,low,194.76061374263193,85,1301,1998,1934,878,952.721795974701
low_019,low,194.76061374263193,85,1301,1998,1934,885,955.2334831954186
low_019,low,194.76061374263193,85,1301,1998,1934,927,223.7367188019124
low_019,low,194.76061374263193,85,1301,1998,1934,991,237.1220064256541
low_019,low,194.76061374263193,85,1301,1998,1934,1198,296.4276856745902
low_019,low,194.76061374263193,85,1301,1998,1934,1288,305.9801778147673
low_019,low,194.76061374263193,85,1301,1998,1934,1361,316.7823613399279
low_019,low,194.76061374263193,85,1301,1998,1934,1457,283.8566974718304
low_019,low,194.76061374263193,85,1301,1998,1934,1532,356.83060571212394
low_019,low,194.76061374263193,85,1301,1998,1934,1567,432.2610144534863
low_019,low,194.76061374263193,85,1301,1998,1934,1570,357.12020837412206
low_019,low,194.76061374263193,85,1301,1998,1934,1608,409.4173069505223
low_019,low,194.76061374263193,85,1301,1998,1934,1609,325.4126989162393
low_019,low,194.76061374263193,85,1301,1998,1934,1625,421.9619713606151
low_019,low,194.76061374263193,85,1301,1998,1934,1655,318.1779082308118
low_019,low,194.76061374263193,85,1301,1998,1934,1656,349.8711272267789
low_019,low,194.76061374263193,85,1301,1998,1934,1715,259.2683714040839
low_019,low,194.76061374263193,85,1301,1998,1934,1796,255.44928832492695
low_019,low,194.76061374263193,85,1301,1998,1934,1910,390.31528255094673
low_019,low,194.76061374263193,85,1301,1998,1934,1979,230.63200170328065
low_019,low,194.76061374263193,85,1301,1998,1934,1984,208.24259174286505
low_019,low,194.76061374263193,85,1301,1998,1934,2104,337.2997901100735
low_019,low,194.76061374263193,85,1301,1998,1934,2177,446.426118978492
low_019,low,194.76061374263193,85,1301,1998,1934,2186,393.9906129808864
low_019,low,194.76061374263193,85,1301,1998,1934,2189,411.9540708258937
low_019,low,194.76061374263193,85,1301,1998,1934,2211,309.17743476736086
low_019,low,194.76061374263193,85,1301,1998,1934,2222,213.5739890828953
low_019,low,194.76061374263193,85,1301,1998,1934,2230,494.5366378404477
low_019,low,194.76061374263193,85,1301,1998,1934,2291,293.31500210067657
low_019,low,194.76061374263193,85,1301,1998,1934,2397,810.0124363301647
low_019,low,194.76061374263193,85,1301,1998,1934,2405,960.207822862524
low_019,low,194.76061374263193,85,1301,1998,1934,2418,963.4202721085694
low_019,low,194.76061374263193,85,1301,1998,1934,2427,447.3072900251243
low_019,low,194.76061374263193,85,1301,1998,1934,2636,991.9430388825616
low_019,low,194.76061374263193,85,1301,1998,1934,2643,992.7727292803116
low_019,low,194.76061374263193,85,1301,1998,1934,2831,999.9669628228648
low_019,low,194.76061374263193,85,1301,1998,1934,2835,1000.6468044483214
low_019,low,194.76061374263193,85,1301,1998,1934,2850,1008.5716512301796
low_019,low,194.76061374263193,85,1301,1998,1934,2873,999.9669628228648
low_019,low,194.76061374263193,85,1301,1998,1934,2883,1019.83907188817
low_019,low,194.76061374263193,85,1301,1998,1934,2892,1031.9734125615882
low_019,low,194.76061374263193,85,1301,1998,1934,2898,1016.7602550996075
low_019,low,194.76061374263193,85,1301,1998,1934,2937,1061.4873629522383
low_019,low,194.76061374263193,85,1301,1998,1934,2946,1062.9751248319187
low_019,low,194.76061374263193,85,1301,1998,1934,2949,1065.298196061637
low_019,low,194.76061374263193,85,1301,1998,1934,2952,1076.9226289311032
low_019,low,194.76061374263193,85,1301,1998,1934,2953,1074.009713173082
low_019,low,194.76061374263193,85,1301,1998,1934,2959,1064.9464529236984
low_019,low,194.76061374263193,85,1301,1998,1934,2968,1068.3456951536598
low_019,low,194.76061374263193,85,1301,1998,1934,2982,1064.7382169503187
low_019,low,194.76061374263193,85,1301,1998,1934,3005,1083.8940322975843
low_019,low,194.76061374263193,85,1301,1998,1934,3045,1083.8940322975843
low_019,low,194.76061374263193,85,1301,1998,1934,3064,1085.814119751744
low_019,low,194.76061374263193,85,1301,1998,1934,3075,1107.1933902415703
low_019,low,194.76061374263193,85,1301,1998,1934,3077,1106.4164283590965
low_019,low,194.76061374263193,85,1301,1998,1934,3164,1189.6508331977705
low_019,low,194.76061374263193,85,1301,1998,1934,3195,1190.5800617035045
low_019,low,194.76061374263193,85,1301,1998,1934,3227,1214.6020882913242
low_019,low,194.76061374263193,85,1301,1998,1934,3253,1212.6829356303117
low_019,low,194.76061374263193,85,1301,1998,1934,3259,1220.5095141903143
low_019,low,194.76061374263193,85,1301,1998,1934,3266,1221.627467239859
medium_000,medium,682.5362016159993,95,2357,942,900,166,708.1276586295903
medium_000,medium,682.5362016159993,95,2357,942,900,204,711.0964612989635
medium_000,medium,682.5362016159993,95,2357,942,900,216,710.1714969805241
medium_000,medium,682.5362016159993,95,2357,942,900,235,798.7594040906572
medium_000,medium,682.5362016159993,95,2357,942,900,249,771.7166047202178
medium_000,medium,682.5362016159993,95,2357,942,900,256,784.3605612672978
medium_000,medium,682.5362016159993,95,2357,942,900,266,778.6950776070587
medium_000,medium,682.5362016159993,95,2357,942,900,272,768.0141013965439
medium_000,medium,682.5362016159993,95,2357,942,900,284,772.2987871474344
medium_000,medium,682.5362016159993,95,2357,942,900,293,805.2931901007745
medium_000,medium,682.5362016159993,95,2357,942,900,294,806.0436749859746
medium_000,medium,682.5362016159993,95,2357,942,900,307,807.7071585090147
medium_000,medium,682.5362016159993,95,2357,942,900,558,725.0580688911202
medium_000,medium,682.5362016159993,95,2357,942,900,567,706.8762790221701
medium_000,medium,682.5362016159993,95,2357,942,900,669,744.0487305057972
medium_000,medium,682.5362016159993,95,2357,942,900,670,748.9043558653999
medium_000,medium,682.5362016159993,95,2357,942,900,679,774.4019167482726
medium_000,medium,682.5362016159993,95,2357,942,900,690,791.8361635108738
medium_000,medium,682.5362016159993,95,2357,942,900,725,875.0839194381775
medium_000,medium,682.5362016159993,95,2357,942,900,733,876.9989077765086
medium_000,medium,682.5362016159993,95,2357,942,900,737,861.4147380657464
medium_000,medium,682.5362016159993,95,2357,942,900,744,886.9899822772437
medium_000,medium,682.5362016159993,95,2357,942,900,753,879.9012077256267
medium_000,medium,682.5362016159993,95,2357,942,900,765,881.246947133774
medium_000,medium,682.5362016159993,95,2357,942,900,777,870.3209996726014
medium_000,medium,682.5362016159993,95,2357,942,900,783,860.6065315031204
medium_000,medium,682.5362016159993,95,2357,942,900,788,868.0615828851023
medium_000,medium,682.5362016159993,95,2357,942,900,791,866.9932602894647
medium_000,medium,682.5362016159993,95,2357,942,900,799,874.6448615379327
medium_000,medium,682.5362016159993,95,2357,942,900,832,859.5724323604994
medium_000,medium,682.5362016159993,95,2357,942,900,835,862.1744571156983
medium_000,medium,682.5362016159993,95,2357,942,900,845,866.6875039133157
medium_000,medium,682.5362016159993,95,2357,942,900,849,871.5310335615898
medium_000,medium,682.5362016159993,95,2357,942,900,875,952.721795974701
medium_000,medium,682.5362016159993,95,2357,942,900,885,955.2334831954186
medium_000,medium,682.5362016159993,95,2357,942,900,1636,693.2701992284441
medium_000,medium,682.5362016159993,95,2357,942,900,2351,751.2699496695358
medium_000,medium,682.5362016159993,95,2357,942,900,2411,959.2366205239038
medium_000,medium,682.5362016159993,95,2357,942,900,2412,959.2366205239038
medium_000,medium,682.5362016159993,95,2357,942,900,2423,962.2548292559144
medium_000,medium,682.5362016159993,95,2357,942,900,2439,696.1810267219846
medium_000,medium,682.5362016159993,95,2357,942,900,2607,965.2416319906436
medium_000,medium,682.5362016159993,95,2357,942,900,2611,990.4552770028812
medium_000,medium,682.5362016159993,95,2357,942,900,2617,992.8919809952964
medium_000,medium,682.5362016159993,95,2357,942,900,2630,994.35760590415
medium_000,medium,682.5362016159993,95,2357,942,900,2638,991.9430388825616
medium_000,medium,682.5362016159993,95,2357,942,900,2831,999.9669628228648
medium_000,medium,682.5362016159993,95,2357,942,900,2849,1001.0783459769737
medium_000,medium,682.5362016159993,95,2357,942,900,2869,999.9669628228648
medium_000,medium,682.5362016159993,95,2357,942,900,2875,1014.3383486143056
medium_000,medium,682.5362016159993,95,2357,942,900,2895,1002.609350777852
medium_000,medium,682.5362016159993,95,2357,942,900,2896,1002.0351611081068
medium_000,medium,682.5362016159993,95,2357,942,900,2897,1008.4619654951324
medium_000,medium,682.5362016159993,95,2357,942,900,2904,1053.137536994859
medium_000,medium,682.5362016159993,95,2357,942,900,2907,1048.3173040866534
medium_000,medium,682.5362016159993,95,2357,942,900,2911,1048.3173040866534
medium_000,medium,682.5362016159993,95,2357,942,900,2918,1050.2919146873005
medium_000,medium,682.5362016159993,95,2357,942,900,2933,1049.0942659691273
medium_000,medium,682.5362016159993,95,2357,942,900,2942,1064.5916821360368
medium_000,medium,682.5362016159993,95,2357,942,900,2943,1062.9751248319187
medium_000,medium,682.5362016159993,95,2357,942,900,2962,1068.5216186335306
medium_000,medium,682.5362016159993,95,2357,942,900,2971,1069.6828427960106
medium_000,medium,682.5362016159993,95,2357,942,900,2993,1066.590830359445
medium_000,medium,682.5362016159993,95,2357,942,900,3009,1091.8806784570238
medium_000,medium,682.5362016159993,95,2357,942,900,3027,1085.930399380033
medium_000,medium,682.5362016159993,95,2357,942,900,3057,1088.8747322777456
medium_000,medium,682.5362016159993,95,2357,942,900,3061,1092.806985161587
medium_000,medium,682.5362016159993,95,2357,942,900,3067,1083.8940322975843
medium_000,medium,682.5362016159993,95,2357,942,900,3085,1126.3618654225525
medium_000,medium,682.5362016159993,95,2357,942,900,3101,1160.0316744649958
medium_000,medium,682.5362016159993,95,2357,942,900,3103,1160.175885649291
medium_000,medium,682.5362016159993,95,2357,942,900,3116,1157.840702731113
medium_000,medium,682.5362016159993,95,2357,942,900,3122,1162.4970489576335
medium_000,medium,682.5362016159993,95,2357,942,900,3138,1157.8870067721452
medium_000,medium,682.5362016159993,95,2357,942,900,3143,1190.4575158137598
medium_000,medium,682.5362016159993,95,2357,942,900,3151,1191.4609373459818
medium_000,medium,682.5362016159993,95,2357,942,900,3158,1192.132671115406
medium_000,medium,682.5362016159993,95,2357,942,900,3159,1193.1911219522765
medium_000,medium,682.5362016159993,95,2357,942,900,3164,1189.6508331977705
medium_000,medium,682.5362016159993,95,2357,942,900,3174,1192.7869794132769
medium_000,medium,682.5362016159993,95,2357,942,900,3183,1190.8459967549968
medium_000,medium,682.5362016159993,95,2357,942,900,3192,1190.5558852718762
medium_000,medium,682.5362016159993,95,2357,942,900,3196,1191.649408745255
medium_000,medium,682.5362016159993,95,2357,942,900,3199,1196.2012165385204
medium_000,medium,682.5362016159993,95,2357,942,900,3200,1201.3963479818258
medium_000,medium,682.5362016159993,95,2357,942,900,3201,1202.4646705774635
medium_000,medium,682.5362016159993,95,2357,942,900,3239,1212.6829356303117
medium_000,medium,682.5362016159993,95,2357,942,900,3248,1216.4452009382387
medium_000,medium,682.5362016159993,95,2357,942,900,3253,1212.6829356303117
medium_000,medium,682.5362016159993,95,2357,942,900,3260,1220.8979951315514
medium_000,medium,682.5362016159993,95,2357,942,900,3261,1220.5095141903143
medium_000,medium,682.5362016159993,95,2357,942,900,3266,1221.627467239859
medium_000,medium,682.5362016159993,95,2357,942,900,3278,1221.651057957066
medium_000,medium,682.5362016159993,95,2357,942,900,3286,1235.1288965458584
medium_000,medium,682.5362016159993,95,2357,942,900,3295,1235.1288965458584
medium_001,medium,601.8147077557015,107,2195,1104,1058,39,643.4620323348252
medium_001,medium,601.8147077557015,107,2195,1104,1058,46,646.069542635687
medium_001,medium,601.8147077557015,107,2195,1104,1058,54,647.3258561170181
medium_001,medium,601.8147077557015,107,2195,1104,1058,57,684.7941478334724
medium_001,medium,601.8147077557015,107,2195,1104,1058,58,680.7551628520695
medium_001,medium,601.8147077557015,107,2195,1104,1058,60,680.7551628520695
medium_001,medium,601.8147077557015,107,2195,1104,1058,96,643.0757948390717
medium_001,medium,601.8147077557015,107,2195,1104,1058,99,670.6500616954339
medium_001,medium,601.8147077557015,107,2195,1104,1058,107,645.44523563048
medium_001,medium,601.8147077557015,107,2195,1104,1058,123,665.3352616877083
medium_001,medium,601.8147077557015,107,2195,1104,1058,128,657.2485440002836
medium_001,medium,601.8147077557015,107,2195,1104,1058,136,659.9794345114448
medium_001,medium,601.8147077557015,107,2195,1104,1058,140,682.5774216965925
medium_001,medium,601.8147077557015,107,2195,1104,1058,162,670.1105204220381
medium_001,medium,601.8147077557015,107,2195,1104,1058,167,725.8462263825394
medium_001,medium,601.8147077557015,107,2195,1104,1058,172,715.0872815749083
medium_001,medium,601.8147077557015,107,2195,1104,1058,173,755.2893564611536
medium_001,medium,601.8147077557015,107,2195,1104,1058,175,704.0895353824162
medium_001,medium,601.8147077557015,107,2195,1104,1058,178,698.9437850576481
medium_001,medium,601.8147077557015,107,2195,1104,1058,186,711.7231516805729
medium_001,medium,601.8147077557015,107,2195,1104,1058,189,703.5553275553356
medium_001,medium,601.8147077557015,107,2195,1104,1058,190,692.122989814265
medium_001,medium,601.8147077557015,107,2195,1104,1058,199,694.6175544042642
medium_001,medium,601.8147077557015,107,2195,1104,1058,214,703.9937327482635
medium_001,medium,601.8147077557015,107,2195,1104,1058,220,704.1869718201644
medium_001,medium,601.8147077557015,107,2195,1104,1058,228,775.1354820888598
medium_001,medium,601.8147077557015,107,2195,1104,1058,232,790.7002411719734
medium_001,medium,601.8147077557015,107,2195,1104,1058,260,764.2480565605323
medium_001,medium,601.8147077557015,107,2195,1104,1058,272,768.0141013965439
medium_001,medium,601.8147077557015,107,2195,1104,1058,279,777.5297125666199
medium_001,medium,601.8147077557015,107,2195,1104,1058,284,772.2987871474344
medium_001,medium,601.8147077557015,107,2195,1104,1058,293,805.2931901007745
medium_001,medium,601.8147077557015,107,2195,1104,1058,294,806.0436749859746
medium_001,medium,601.8147077557015,107,2195,1104,1058,314,828.9602109125962
medium_001,medium,601.8147077557015,107,2195,1104,1058,564,665.2288294837997
medium_001,medium,601.8147077557015,107,2195,1104,1058,570,687.8828484809768
medium_001,medium,601.8147077557015,107,2195,1104,1058,660,640.9308872198634
medium_001,medium,601.8147077557015,107,2195,1104,1058,686,765.872894694865
medium_001,medium,601.8147077557015,107,2195,1104,1058,714,855.4301757880048
medium_001,medium,601.8147077557015,107,2195,1104,1058,723,873.3259509080492
medium_001,medium,601.8147077557015,107,2195,1104,1058,760,865.4376624291733
medium_001,medium,601.8147077557015,107,2195,1104,1058,762,873.9258668255386
medium_001,medium,601.8147077557015,107,2195,1104,1058,775,864.9934392771164
medium_001,medium,601.8147077557015,107,2195,1104,1058,801,860.8576782895826
medium_001,medium,601.8147077557015,107,2195,1104,1058,827,864.2221364914626
medium_001,medium,601.8147077557015,107,2195,1104,1058,835,862.1744571156983
medium_001,medium,601.8147077557015,107,2195,1104,1058,847,868.509821567007
medium_001,medium,601.8147077557015,107,2195,1104,1058,850,868.7485638286603
medium_001,medium,601.8147077557015,107,2195,1104,1058,863,870.8193278045965
medium_001,medium,601.8147077557015,107,2195,1104,1058,865,871.5310335615898
medium_001,medium,601.8147077557015,107,2195,1104,1058,882,952.721795974701
medium_001,medium,601.8147077557015,107,2195,1104,1058,2351,751.2699496695358
medium_001,medium,601.8147077557015,107,2195,1104,1058,2410,959.2366205239038
medium_001,medium,601.8147077557015,107,2195,1104,1058,2413,959.2366205239038
medium_001,medium,601.8147077557015,107,2195,1104,1058,2438,681.204274827241
medium_001,medium,601.8147077557015,107,2195,1104,1058,2439,683.5686967268031
medium_001,medium,601.8147077557015,107,2195,1104,1058,2608,969.2235614863656
medium_001,medium,601.8147077557015,107,2195,1104,1058,2618,991.9430388825616
medium_001,medium,601.8147077557015,107,2195,1104,1058,2623,993.5137746550045
medium_001,medium,601.8147077557015,107,2195,1104,1058,2625,992.7703182089858
medium_001,medium,601.8147077557015,107,2195,1104,1058,2632,991.9430388825616
medium_001,medium,601.8147077557015,107,2195,1104,1058,2639,991.9430388825616
medium_001,medium,601.8147077557015,107,2195,1104,1058,2640,992.9594776373548
medium_001,medium,601.8147077557015,107,2195,1104,1058,2851,1022.05642918617
medium_001,medium,601.8147077557015,107,2195,1104,1058,2854,1003.324510499214
medium_001,medium,601.8147077557015,107,2195,1104,1058,2863,1003.6850934658532
medium_001,medium,601.8147077557015,107,2195,1104,1058,2889,1007.8210640262508
medium_001,medium,601.8147077557015,107,2195,1104,1058,2894,1002.8985115298556
medium_001,medium,601.8147077557015,107,2195,1104,1058,2906,1049.954909225768
medium_001,medium,601.8147077557015,107,2195,1104,1058,2918,1050.2919146873005
medium_001,medium,601.8147077557015,107,2195,1104,1058,2920,1049.458128391287
medium_001,medium,601.8147077557015,107,2195,1104,1058,2925,1050.477065788391
medium_001,medium,601.8147077557015,107,2195,1104,1058,2926,1051.461908069846
medium_001,medium,601.8147077557015,107,2195,1104,1058,2941,1063.946327170539
medium_001,medium,601.8147077557015,107,2195,1104,1058,2961,1073.3653879877938
medium_001,medium,601.8147077557015,107,2195,1104,1058,2984,1062.9751248319187
medium_001,medium,601.8147077557015,107,2195,1104,1058,3005,1083.8940322975843
medium_001,medium,601.8147077557015,107,2195,1104,1058,3009,1091.8806784570238
medium_001,medium,601.8147077557015,107,2195,1104,1058,3014,1092.1668254385525
medium_001,medium,601.8147077557015,107,2195,1104,1058,3019,1095.3664392665955
medium_001,medium,601.8147077557015,107,2195,1104,1058,3026,1085.926909807171
medium_001,medium,601.8147077557015,107,2195,1104,1058,3030,1097.7860036987263
medium_001,medium,601.8147077557015,107,2195,1104,1058,3038,1091.017347895001
medium_001,medium,601.8147077557015,107,2195,1104,1058,3042,1090.9765445212083
medium_001,medium,601.8147077557015,107,2195,1104,1058,3069,1084.8033457435122
medium_001,medium,601.8147077557015,107,2195,1104,1058,3080,1106.4164283590965
medium_001,medium,601.8147077557015,107,2195,1104,1058,3088,1123.9338595760016
medium_001,medium,601.8147077557015,107,2195,1104,1058,3108,1159.9401526011404
medium_001,medium,601.8147077557015,107,2195,1104,1058,3124,1160.175885649291
medium_001,medium,601.8147077557015,107,2195,1104,1058,3125,1158.591210252427
medium_001,medium,601.8147077557015,107,2195,1104,1058,3135,1156.953605113312
medium_001,medium,601.8147077557015,107,2195,1104,1058,3147,1189.6508331977705
medium_001,medium,601.8147077557015,107,2195,1104,1058,3178,1193.7872297682543
medium_001,medium,601.8147077557015,107,2195,1104,1058,3189,1191.7066400116375
medium_001,medium,601.8147077557015,107,2195,1104,1058,3201,1202.4646705774635
medium_001,medium,601.8147077557015,107,2195,1104,1058,3220,1216.4437591711417
medium_001,medium,601.8147077557015,107,2195,1104,1058,3222,1217.7727238864586
medium_001,medium,601.8147077557015,107,2195,1104,1058,3225,1216.475368778341
medium_001,medium,601.8147077557015,107,2195,1104,1058,3226,1212.6829356303117
medium_001,medium,601.8147077557015,107,2195,1104,1058,3237,1212.6829356303117
medium_001,medium,601.8147077557015,107,2195,1104,1058,3242,1213.248730680731
medium_001,medium,601.8147077557015,107,2195,1104,1058,3245,1213.7377167360612
medium_001,medium,601.8147077557015,107,2195,1104,1058,3269,1220.5095141903143
medium_001,medium,601.8147077557015,107,2195,1104,1058,3271,1225.2857625849404
medium_001,medium,601.8147077557015,107,2195,1104,1058,3274,1221.7540498178475
medium_001,medium,601.8147077557015,107,2195,1104,1058,3296,1236.9712022511055
medium_001,medium,601.8147077557015,107,2195,1104,1058,3297,1236.0029786274615
medium_002,medium,392.575567122297,139,1933,1366,1314,27,580.0987339832793
medium_002,medium,392.575567122297,139,1933,1366,1314,37,680.1426097926858
medium_002,medium,392.575567122297,139,1933,1366,1314,53,643.5765529484125
medium_002,medium,392.575567122297,139,1933,1366,1314,65,645.0605220035679
medium_002,medium,392.575567122297,139,1933,1366,1314,71,648.2319897488958
medium_002,medium,392.575567122297,139,1933,1366,1314,77,653.3289913522564
medium_002,medium,392.575567122297,139,1933,1366,1314,85,672.9782710326778
medium_002,medium,392.575567122297,139,1933,1366,1314,95,642.897127993748
medium_002,medium,392.575567122297,139,1933,1366,1314,106,649.2458332163693
medium_002,medium,392.575567122297,139,1933,1366,1314,110,667.9302032880647
medium_002,medium,392.575567122297,139,1933,1366,1314,114,663.6328331997213
medium_002,medium,392.575567122297,139,1933,1366,1314,116,664.3763349055804
medium_002,medium,392.575567122297,139,1933,1366,1314,119,665.2288294837997
medium_002,medium,392.575567122297,139,1933,1366,1314,125,656.953525879767
medium_002,medium,392.575567122297,139,1933,1366,1314,134,658.9733651165914
medium_002,medium,392.575567122297,139,1933,1366,1314,144,662.2424193423888
medium_002,medium,392.575567122297,139,1933,1366,1314,149,667.4817458035079
medium_002,medium,392.575567122297,139,1933,1366,1314,150,673.1332625397444
medium_002,medium,392.575567122297,139,1933,1366,1314,169,756.9799950026689
medium_002,medium,392.575567122297,139,1933,1366,1314,200,702.9291778137936
medium_002,medium,392.575567122297,139,1933,1366,1314,217,703.0288223423876
medium_002,medium,392.575567122297,139,1933,1366,1314,231,766.4081963968734
medium_002,medium,392.575567122297,139,1933,1366,1314,233,786.5638273374701
medium_002,medium,392.575567122297,139,1933,1366,1314,244,766.9434908278633
medium_002,medium,392.575567122297,139,1933,1366,1314,252,767.6270742999169
medium_002,medium,392.575567122297,139,1933,1366,1314,254,786.4839748922884
medium_002,medium,392.575567122297,139,1933,1366,1314,258,784.871919674121
medium_002,medium,392.575567122297,139,1933,1366,1314,265,778.3623740723899
medium_002,medium,392.575567122297,139,1933,1366,1314,272,768.0141013965439
medium_002,medium,392.575567122297,139,1933,1366,1314,281,771.7127732562305
medium_002,medium,392.575567122297,139,1933,1366,1314,295,804.3975891217284
medium_002,medium,392.575567122297,139,1933,1366,1314,310,828.9602109125962
medium_002,medium,392.575567122297,139,1933,1366,1314,313,828.9602109125962
medium_002,medium,392.575567122297,139,1933,1366,1314,344,456.92470638267474
medium_002,medium,392.575567122297,139,1933,1366,1314,359,508.9199090362618
medium_002,medium,392.575567122297,139,1933,1366,1314,420,424.16025843829686
medium_002,medium,392.575567122297,139,1933,1366,1314,549,562.4738287709367
medium_002,medium,392.575567122297,139,1933,1366,1314,556,710.0264944600997
medium_002,medium,392.575567122297,139,1933,1366,1314,570,687.8828484809768
medium_002,medium,392.575567122297,139,1933,1366,1314,660,640.9308872198634
medium_002,medium,392.575567122297,139,1933,1366,1314,665,760.03481103312
medium_002,medium,392.575567122297,139,1933,1366,1314,679,774.4019167482726
medium_002,medium,392.575567122297,139,1933,1366,1314,680,776.4451028575235
medium_002,medium,392.575567122297,139,1933,1366,1314,682,768.8170538963791
medium_002,medium,392.575567122297,139,1933,1366,1314,689,798.9952921667135
medium_002,medium,392.575567122297,139,1933,1366,1314,712,856.5718693622078
medium_002,medium,392.575567122297,139,1933,1366,1314,719,866.8743159752077
medium_002,medium,392.575567122297,139,1933,1366,1314,728,873.3880435365396
medium_002,medium,392.575567122297,139,1933,1366,1314,737,861.4147380657464
medium_002,medium,392.575567122297,139,1933,1366,1314,747,909.4866416483982
medium_002,medium,392.575567122297,139,1933,1366,1314,755,867.2545522133303
medium_002,medium,392.575567122297,139,1933,1366,1314,766,890.2412582584344
medium_002,medium,392.575567122297,139,1933,1366,1314,769,882.3437172406565
medium_002,medium,392.575567122297,139,1933,1366,1314,774,864.2344899022277
medium_002,medium,392.575567122297,139,1933,1366,1314,782,859.5724323604994
medium_002,medium,392.575567122297,139,1933,1366,1314,784,861.6284827393368
medium_002,medium,392.575567122297,139,1933,1366,1314,801,860.8576782895826
medium_002,medium,392.575567122297,139,1933,1366,1314,802,866.9333862420027
medium_002,medium,392.575567122297,139,1933,1366,1314,804,862.8730183668702
medium_002,medium,392.575567122297,139,1933,1366,1314,812,919.9097723042092
medium_002,medium,392.575567122297,139,1933,1366,1314,819,863.0883695440303
medium_002,medium,392.575567122297,139,1933,1366,1314,820,863.5320352605727
medium_002,medium,392.575567122297,139,1933,1366,1314,838,863.6618512764134
medium_002,medium,392.575567122297,139,1933,1366,1314,843,862.259764782998
medium_002,medium,392.575567122297,139,1933,1366,1314,855,860.4465144421024
medium_002,medium,392.575567122297,139,1933,1366,1314,861,868.4908732793257
medium_002,medium,392.575567122297,139,1933,1366,1314,1522,421.5720077635246
medium_002,medium,392.575567122297,139,1933,1366,1314,1523,412.94596782890596
medium_002,medium,392.575567122297,139,1933,1366,1314,1561,517.1426352423995
medium_002,medium,392.575567122297,139,1933,1366,1314,1569,545.0550543769896
medium_002,medium,392.575567122297,139,1933,1366,1314,1585,458.2969724987668
medium_002,medium,392.575567122297,139,1933,1366,1314,1586,459.7020258308448
medium_002,medium,392.575567122297,139,1933,1366,1314,1594,422.0395008211794
medium_002,medium,392.575567122297,139,1933,1366,1314,1615,537.72844961198
medium_002,medium,392.575567122297,139,1933,1366,1314,1640,764.5018341910928
medium_002,medium,392.575567122297,139,1933,1366,1314,1641,699.4630147915418
medium_002,medium,392.575567122297,139,1933,1366,1314,1642,585.8470782685871
medium_002,medium,392.575567122297,139,1933,1366,1314,1719,421.8495832227176
medium_002,medium,392.575567122297,139,1933,1366,1314,1911,418.8333882074052
medium_002,medium,392.575567122297,139,1933,1366,1314,1941,414.76572323135275
medium_002,medium,392.575567122297,139,1933,1366,1314,2128,614.3332546275432
medium_002,medium,392.575567122297,139,1933,1366,1314,2194,423.35301297531873
medium_002,medium,392.575567122297,139,1933,1366,1314,2320,506.6268817509169
medium_002,medium,392.575567122297,139,1933,1366,1314,2326,516.342957116773
medium_002,medium,392.575567122297,139,1933,1366,1314,2424,963.6693168518516
medium_002,medium,392.575567122297,139,1933,1366,1314,2443,692.291236261984
medium_002,medium,392.575567122297,139,1933,1366,1314,2608,969.2235614863656
medium_002,medium,392.575567122297,139,1933,1366,1314,2612,989.3578183648712
medium_002,medium,392.575567122297,139,1933,1366,1314,2622,994.35760590415
medium_002,medium,392.575567122297,139,1933,1366,1314,2631,997.159803915618
medium_002,medium,392.575567122297,139,1933,1366,1314,2640,992.9594776373548
medium_002,medium,392.575567122297,139,1933,1366,1314,2650,438.6367453934935
medium_002,medium,392.575567122297,139,1933,1366,1314,2690,496.40654358171264
medium_002,medium,392.575567122297,139,1933,1366,1314,2696,412.88708947282703
medium_002,medium,392.575567122297,139,1933,1366,1314,2707,527.7159508723483
medium_002,medium,392.575567122297,139,1933,1366,1314,2713,506.3947830484701
medium_002,medium,392.575567122297,139,1933,1366,1314,2802,470.9003708220369
medium_002,medium,392.575567122297,139,1933,1366,1314,2806,421.6223482184091
medium_002,medium,392.575567122297,139,1933,1366,1314,2834,1008.9538117097431
medium_002,medium,392.575567122297,139,1933,1366,1314,2842,1009.3795385198888
medium_002,medium,392.575567122297,139,1933,1366,1314,2846,1007.0627992574592
medium_002,medium,392.575567122297,139,1933,1366,1314,2853,1003.195063730307
medium_002,medium,392.575567122297,139,1933,1366,1314,2856,1003.8938021954574
medium_002,medium,392.575567122297,139,1933,1366,1314,2860,1032.9483064283256
medium_002,medium,392.575567122297,139,1933,1366,1314,2867,1002.8985115298556
medium_002,medium,392.575567122297,139,1933,1366,1314,2873,999.9669628228648
medium_002,medium,392.575567122297,139,1933,1366,1314,2879,1017.1425214618516
medium_002,medium,392.575567122297,139,1933,1366,1314,2912,1048.3173040866534
medium_002,medium,392.575567122297,139,1933,1366,1314,2913,1051.0232318214055
medium_002,medium,392.575567122297,139,1933,1366,1314,2914,1049.3420943635597
medium_002,medium,392.575567122297,139,1933,1366,1314,2918,1050.2919146873005
medium_002,medium,392.575567122297,139,1933,1366,1314,2922,1049.7958001554882
medium_002,medium,392.575567122297,139,1933,1366,1314,2927,1052.3816699129793
medium_002,medium,392.575567122297,139,1933,1366,1314,2928,1048.3173040866534
medium_002,medium,392.575567122297,139,1933,1366,1314,2937,1061.4873629522383
medium_002,medium,392.575567122297,139,1933,1366,1314,2942,1064.5916821360368
medium_002,medium,392.575567122297,139,1933,1366,1314,2955,1068.201070287189
medium_002,medium,392.575567122297,139,1933,1366,1314,2969,1068.3961316139034
medium_002,medium,392.575567122297,139,1933,1366,1314,3008,1088.2911199767286
medium_002,medium,392.575567122297,139,1933,1366,1314,3034,1090.705465048222
medium_002,medium,392.575567122297,139,1933,1366,1314,3040,1093.132673934079
medium_002,medium,392.575567122297,139,1933,1366,1314,3042,1090.9765445212083
medium_002,medium,392.575567122297,139,1933,1366,1314,3061,1092.806985161587
medium_002,medium,392.575567122297,139,1933,1366,1314,3067,1083.8940322975843
medium_002,medium,392.575567122297,139,1933,1366,1314,3081,1108.054033498211
medium_002,medium,392.575567122297,139,1933,1366,1314,3097,1162.250180423339
medium_002,medium,392.575567122297,139,1933,1366,1314,3102,1159.9652184117003
medium_002,medium,392.575567122297,139,1933,1366,1314,3110,1159.125213337471
medium_002,medium,392.575567122297,139,1933,1366,1314,3111,1159.895024337298
medium_002,medium,392.575567122297,139,1933,1366,1314,3113,1158.1134233069622
medium_002,medium,392.575567122297,139,1933,1366,1314,3120,1156.953605113312
medium_002,medium,392.575567122297,139,1933,1366,1314,3121,1158.1959192067843
medium_002,medium,392.575567122297,139,1933,1366,1314,3158,1192.132671115406
medium_002,medium,392.575567122297,139,1933,1366,1314,3164,1189.6508331977705
medium_002,medium,392.575567122297,139,1933,1366,1314,3208,1189.6508331977705
medium_002,medium,392.575567122297,139,1933,1366,1314,3221,1215.9995584709725
medium_002,medium,392.575567122297,139,1933,1366,1314,3224,1214.7504566980338
medium_002,medium,392.575567122297,139,1933,1366,1314,3230,1214.1514691047305
medium_002,medium,392.575567122297,139,1933,1366,1314,3277,1222.480842282094
medium_003,medium,541.0286796597089,100,2160,1139,1092,34,671.7540676273413
medium_003,medium,541.0286796597089,100,2160,1139,1092,36,681.1865438081716
medium_003,medium,541.0286796597089,100,2160,1139,1092,54,647.3258561170181
medium_003,medium,541.0286796597089,100,2160,1139,1092,63,647.923222931789
medium_003,medium,541.0286796597089,100,2160,1139,1092,101,655.5497937335591
medium_003,medium,541.0286796597089,100,2160,1139,1092,106,649.2458332163693
medium_003,medium,541.0286796597089,100,2160,1139,1092,111,671.4657721848504
medium_003,medium,541.0286796597089,100,2160,1139,1092,119,665.2288294837997
medium_003,medium,541.0286796597089,100,2160,1139,1092,144,662.2424193423888
medium_003,medium,541.0286796597089,100,2160,1139,1092,151,671.9996682613543
medium_003,medium,541.0286796597089,100,2160,1139,1092,152,672.1331851123883
medium_003,medium,541.0286796597089,100,2160,1139,1092,154,677.6278730001671
medium_003,medium,541.0286796597089,100,2160,1139,1092,155,675.2726918798365
medium_003,medium,541.0286796597089,100,2160,1139,1092,157,673.4986496944367
medium_003,medium,541.0286796597089,100,2160,1139,1092,188,703.3506650488857
medium_003,medium,541.0286796597089,100,2160,1139,1092,190,692.122989814265
medium_003,medium,541.0286796597089,100,2160,1139,1092,199,694.6175544042642
medium_003,medium,541.0286796597089,100,2160,1139,1092,213,695.2081183025755
medium_003,medium,541.0286796597089,100,2160,1139,1092,215,692.5853289711449
medium_003,medium,541.0286796597089,100,2160,1139,1092,218,705.0040810482818
medium_003,medium,541.0286796597089,100,2160,1139,1092,223,701.8492677478794
medium_003,medium,541.0286796597089,100,2160,1139,1092,260,764.2480565605323
medium_003,medium,541.0286796597089,100,2160,1139,1092,276,802.5927107710862
medium_003,medium,541.0286796597089,100,2160,1139,1092,288,781.0800637103371
medium_003,medium,541.0286796597089,100,2160,1139,1092,295,804.3975891217284
medium_003,medium,541.0286796597089,100,2160,1139,1092,558,725.0580688911202
medium_003,medium,541.0286796597089,100,2160,1139,1092,565,708.8454478545855
medium_003,medium,541.0286796597089,100,2160,1139,1092,610,574.5607251885416
medium_003,medium,541.0286796597089,100,2160,1139,1092,669,744.0487305057972
medium_003,medium,541.0286796597089,100,2160,1139,1092,672,748.9043558653999
medium_003,medium,541.0286796597089,100,2160,1139,1092,719,866.8743159752077
medium_003,medium,541.0286796597089,100,2160,1139,1092,743,880.7670976803488
medium_003,medium,541.0286796597089,100,2160,1139,1092,757,861.680374284052
medium_003,medium,541.0286796597089,100,2160,1139,1092,758,868.5507599903209
medium_003,medium,541.0286796597089,100,2160,1139,1092,765,881.246947133774
medium_003,medium,541.0286796597089,100,2160,1139,1092,767,883.0464829473062
medium_003,medium,541.0286796597089,100,2160,1139,1092,776,860.6566628344783
medium_003,medium,541.0286796597089,100,2160,1139,1092,794,865.002744805134
medium_003,medium,541.0286796597089,100,2160,1139,1092,800,875.9301074670159
medium_003,medium,541.0286796597089,100,2160,1139,1092,804,862.8730183668702
medium_003,medium,541.0286796597089,100,2160,1139,1092,808,859.5724323604994
medium_003,medium,541.0286796597089,100,2160,1139,1092,872,953.4016376001576
medium_003,medium,541.0286796597089,100,2160,1139,1092,873,953.7321442747192
medium_003,medium,541.0286796597089,100,2160,1139,1092,877,952.721795974701
medium_003,medium,541.0286796597089,100,2160,1139,1092,1635,740.3505454974952
medium_003,medium,541.0286796597089,100,2160,1139,1092,2336,682.4678959318494
medium_003,medium,541.0286796597089,100,2160,1139,1092,2339,619.8287166121504
medium_003,medium,541.0286796597089,100,2160,1139,1092,2351,751.2699496695358
medium_003,medium,541.0286796597089,100,2160,1139,1092,2401,808.8197564258983
medium_003,medium,541.0286796597089,100,2160,1139,1092,2416,962.2548292559144
medium_003,medium,541.0286796597089,100,2160,1139,1092,2441,675.8989890883088
medium_003,medium,541.0286796597089,100,2160,1139,1092,2611,990.4552770028812
medium_003,medium,541.0286796597089,100,2160,1139,1092,2616,992.6883408970816
medium_003,medium,541.0286796597089,100,2160,1139,1092,2622,994.35760590415
medium_003,medium,541.0286796597089,100,2160,1139,1092,2626,992.8301365003624
medium_003,medium,541.0286796597089,100,2160,1139,1092,2628,992.7200007650356
medium_003,medium,541.0286796597089,100,2160,1139,1092,2634,991.9430388825616
medium_003,medium,541.0286796597089,100,2160,1139,1092,2823,1005.946029295101
medium_003,medium,541.0286796597089,100,2160,1139,1092,2831,999.9669628228648
medium_003,medium,541.0286796597089,100,2160,1139,1092,2843,1011.6876462782036
medium_003,medium,541.0286796597089,100,2160,1139,1092,2873,999.9669628228648
medium_003,medium,541.0286796597089,100,2160,1139,1092,2885,1017.577484138482
medium_003,medium,541.0286796597089,100,2160,1139,1092,2890,1016.0667055497744
medium_003,medium,541.0286796597089,100,2160,1139,1092,2910,1048.3173040866534
medium_003,medium,541.0286796597089,100,2160,1139,1092,2917,1050.240539769415
medium_003,medium,541.0286796597089,100,2160,1139,1092,2930,1050.9258611652378
medium_003,medium,541.0286796597089,100,2160,1139,1092,2931,1052.240157906791
medium_003,medium,541.0286796597089,100,2160,1139,1092,2942,1064.5916821360368
medium_003,medium,541.0286796597089,100,2160,1139,1092,2944,1076.4809828359098
medium_003,medium,541.0286796597089,100,2160,1139,1092,2949,1065.298196061637
medium_003,medium,541.0286796597089,100,2160,1139,1092,2954,1068.6650563229111
medium_003,medium,541.0286796597089,100,2160,1139,1092,2956,1065.2128624882075
medium_003,medium,541.0286796597089,100,2160,1139,1092,2962,1068.5216186335306
medium_003,medium,541.0286796597089,100,2160,1139,1092,2965,1067.607745894601
medium_003,medium,541.0286796597089,100,2160,1139,1092,2984,1062.9751248319187
medium_003,medium,541.0286796597089,100,2160,1139,1092,2988,1062.9751248319187
medium_003,medium,541.0286796597089,100,2160,1139,1092,2999,1092.7739130975503
medium_003,medium,541.0286796597089,100,2160,1139,1092,3000,1095.1923449701198
medium_003,medium,541.0286796597089,100,2160,1139,1092,3009,1091.8806784570238
medium_003,medium,541.0286796597089,100,2160,1139,1092,3019,1095.3664392665955
medium_003,medium,541.0286796597089,100,2160,1139,1092,3027,1085.930399380033
medium_003,medium,541.0286796597089,100,2160,1139,1092,3028,1094.4418436016283
medium_003,medium,541.0286796597089,100,2160,1139,1092,3029,1083.8940322975843
medium_003,medium,541.0286796597089,100,2160,1139,1092,3057,1088.8747322777456
medium_003,medium,541.0286796597089,100,2160,1139,1092,3111,1159.895024337298
medium_003,medium,541.0286796597089,100,2160,1139,1092,3143,1190.4575158137598
medium_003,medium,541.0286796597089,100,2160,1139,1092,3151,1191.4609373459818
medium_003,medium,541.0286796597089,100,2160,1139,1092,3154,1192.1498045213198
medium_003,medium,541.0286796597089,100,2160,1139,1092,3161,1192.529678637609
medium_003,medium,541.0286796597089,100,2160,1139,1092,3173,1192.7053839563062
medium_003,medium,541.0286796597089,100,2160,1139,1092,3178,1193.7872297682543
medium_003,medium,541.0286796597089,100,2160,1139,1092,3182,1194.399127249068
medium_003,medium,541.0286796597089,100,2160,1139,1092,3195,1190.5800617035045
medium_003,medium,541.0286796597089,100,2160,1139,1092,3201,1202.4646705774635
medium_003,medium,541.0286796597089,100,2160,1139,1092,3203,1201.3963479818258
medium_003,medium,541.0286796597089,100,2160,1139,1092,3220,1216.4437591711417
medium_003,medium,541.0286796597089,100,2160,1139,1092,3228,1214.285854773279
medium_003,medium,541.0286796597089,100,2160,1139,1092,3266,1221.627467239859
medium_003,medium,541.0286796597089,100,2160,1139,1092,3294,1246.5478044309427
medium_003,medium,541.0286796597089,100,2160,1139,1092,3295,1235.1288965458584
medium_004,medium,571.5468695027178,114,2179,1120,1073,39,643.4620323348252
medium_004,medium,571.5468695027178,114,2179,1120,1073,41,651.6299908178029
medium_004,medium,571.5468695027178,114,2179,1120,1073,51,647.1551414282869
medium_004,medium,571.5468695027178,114,2179,1120,1073,70,644.4941884920835
medium_004,medium,571.5468695027178,114,2179,1120,1073,87,676.613922730237
medium_004,medium,571.5468695027178,114,2179,1120,1073,90,668.7890443811759
medium_004,medium,571.5468695027178,114,2179,1120,1073,102,681.7732809885176
medium_004,medium,571.5468695027178,114,2179,1120,1073,103,655.496978700227
medium_004,medium,571.5468695027178,114,2179,1120,1073,107,645.44523563048
medium_004,medium,571.5468695027178,114,2179,1120,1073,114,663.6328331997213
medium_004,medium,571.5468695027178,114,2179,1120,1073,119,665.2288294837997
medium_004,medium,571.5468695027178,114,2179,1120,1073,147,667.202513944135
medium_004,medium,571.5468695027178,114,2179,1120,1073,149,667.4817458035079
medium_004,medium,571.5468695027178,114,2179,1120,1073,150,673.1332625397444
medium_004,medium,571.5468695027178,114,2179,1120,1073,158,669.3848054613262
medium_004,medium,571.5468695027178,114,2179,1120,1073,174,762.335019945893
medium_004,medium,571.5468695027178,114,2179,1120,1073,178,698.9437850576481
medium_004,medium,571.5468695027178,114,2179,1120,1073,179,700.1829528600714
medium_004,medium,571.5468695027178,114,2179,1120,1073,232,790.7002411719734
medium_004,medium,571.5468695027178,114,2179,1120,1073,237,766.0114633465719
medium_004,medium,571.5468695027178,114,2179,1120,1073,241,764.2480565605323
medium_004,medium,571.5468695027178,114,2179,1120,1073,244,766.9434908278633
medium_004,medium,571.5468695027178,114,2179,1120,1073,251,779.8274140175229
medium_004,medium,571.5468695027178,114,2179,1120,1073,252,767.6270742999169
medium_004,medium,571.5468695027178,114,2179,1120,1073,263,764.2480565605323
medium_004,medium,571.5468695027178,114,2179,1120,1073,270,780.774515289945
medium_004,medium,571.5468695027178,114,2179,1120,1073,279,777.5297125666199
medium_004,medium,571.5468695027178,114,2179,1120,1073,285,774.839197857853
medium_004,medium,571.5468695027178,114,2179,1120,1073,286,773.5768282188135
medium_004,medium,571.5468695027178,114,2179,1120,1073,303,807.7071585090147
medium_004,medium,571.5468695027178,114,2179,1120,1073,314,828.9602109125962
medium_004,medium,571.5468695027178,114,2179,1120,1073,315,830.0576695506061
medium_004,medium,571.5468695027178,114,2179,1120,1073,557,711.2322935927688
medium_004,medium,571.5468695027178,114,2179,1120,1073,562,764.6522378224952
medium_004,medium,571.5468695027178,114,2179,1120,1073,564,665.2288294837997
medium_004,medium,571.5468695027178,114,2179,1120,1073,568,685.9133061371583
medium_004,medium,571.5468695027178,114,2179,1120,1073,667,741.6209178259958
medium_004,medium,571.5468695027178,114,2179,1120,1073,672,748.9043558653999
medium_004,medium,571.5468695027178,114,2179,1120,1073,680,776.4451028575235
medium_004,medium,571.5468695027178,114,2179,1120,1073,686,765.872894694865
medium_004,medium,571.5468695027178,114,2179,1120,1073,691,770.4293385359756
medium_004,medium,571.5468695027178,114,2179,1120,1073,693,770.2629527160603
medium_004,medium,571.5468695027178,114,2179,1120,1073,724,874.0498202955565
medium_004,medium,571.5468695027178,114,2179,1120,1073,734,877.7070197679204
medium_004,medium,571.5468695027178,114,2179,1120,1073,749,912.3380011004592
medium_004,medium,571.5468695027178,114,2179,1120,1073,750,874.7576463522589
medium_004,medium,571.5468695027178,114,2179,1120,1073,754,882.0507063426252
medium_004,medium,571.5468695027178,114,2179,1120,1073,758,868.5507599903209
medium_004,medium,571.5468695027178,114,2179,1120,1073,767,883.0464829473062
medium_004,medium,571.5468695027178,114,2179,1120,1073,787,869.4710809777966
medium_004,medium,571.5468695027178,114,2179,1120,1073,791,866.9932602894647
medium_004,medium,571.5468695027178,114,2179,1120,1073,793,860.8168789708238
medium_004,medium,571.5468695027178,114,2179,1120,1073,799,874.6448615379327
medium_004,medium,571.5468695027178,114,2179,1120,1073,810,861.6951233899063
medium_004,medium,571.5468695027178,114,2179,1120,1073,813,859.5724323604994
medium_004,medium,571.5468695027178,114,2179,1120,1073,819,863.0883695440303
medium_004,medium,571.5468695027178,114,2179,1120,1073,858,866.4333207558111
medium_004,medium,571.5468695027178,114,2179,1120,1073,859,863.652310334433
medium_004,medium,571.5468695027178,114,2179,1120,1073,881,952.721795974701
medium_004,medium,571.5468695027178,114,2179,1120,1073,2120,589.6549349359717
medium_004,medium,571.5468695027178,114,2179,1120,1073,2397,810.0124363301647
medium_004,medium,571.5468695027178,114,2179,1120,1073,2408,959.2366205239038
medium_004,medium,571.5468695027178,114,2179,1120,1073,2417,963.4202721085694
medium_004,medium,571.5468695027178,114,2179,1120,1073,2608,969.2235614863656
medium_004,medium,571.5468695027178,114,2179,1120,1073,2613,990.4552770028812
medium_004,medium,571.5468695027178,114,2179,1120,1073,2824,999.9669628228648
medium_004,medium,571.5468695027178,114,2179,1120,1073,2828,1003.324510499214
medium_004,medium,571.5468695027178,114,2179,1120,1073,2838,1010.9258256478414
medium_004,medium,571.5468695027178,114,2179,1120,1073,2853,1003.195063730307
medium_004,medium,571.5468695027178,114,2179,1120,1073,2858,1018.2286852241256
medium_004,medium,571.5468695027178,114,2179,1120,1073,2864,1039.9838563737296
medium_004,medium,571.5468695027178,114,2179,1120,1073,2871,1002.0411887863312
medium_004,medium,571.5468695027178,114,2179,1120,1073,2881,1017.3872276628472
medium_004,medium,571.5468695027178,114,2179,1120,1073,2898,1016.7602550996075
medium_004,medium,571.5468695027178,114,2179,1120,1073,2918,1050.2919146873005
medium_004,medium,571.5468695027178,114,2179,1120,1073,2922,1049.7958001554882
medium_004,medium,571.5468695027178,114,2179,1120,1073,2926,1051.461908069846
medium_004,medium,571.5468695027178,114,2179,1120,1073,2942,1064.5916821360368
medium_004,medium,571.5468695027178,114,2179,1120,1073,2945,1073.2687181041986
medium_004,medium,571.5468695027178,114,2179,1120,1073,2962,1068.5216186335306
medium_004,medium,571.5468695027178,114,2179,1120,1073,2963,1073.496355252401
medium_004,medium,571.5468695027178,114,2179,1120,1073,2981,1076.9335803596964
medium_004,medium,571.5468695027178,114,2179,1120,1073,3066,1085.531637436699
medium_004,medium,571.5468695027178,114,2179,1120,1073,3070,1083.8940322975843
medium_004,medium,571.5468695027178,114,2179,1120,1073,3073,1106.4164283590965
medium_004,medium,571.5468695027178,114,2179,1120,1073,3077,1106.4164283590965
medium_004,medium,571.5468695027178,114,2179,1120,1073,3108,1159.9401526011404
medium_004,medium,571.5468695027178,114,2179,1120,1073,3109,1161.676991285707
medium_004,medium,571.5468695027178,114,2179,1120,1073,3112,1157.761883765371
medium_004,medium,571.5468695027178,114,2179,1120,1073,3120,1156.953605113312
medium_004,medium,571.5468695027178,114,2179,1120,1073,3130,1157.8842943170162
medium_004,medium,571.5468695027178,114,2179,1120,1073,3140,1162.8193600514307
medium_004,medium,571.5468695027178,114,2179,1120,1073,3143,1190.4575158137598
medium_004,medium,571.5468695027178,114,2179,1120,1073,3148,1189.6508331977705
medium_004,medium,571.5468695027178,114,2179,1120,1073,3155,1192.547874567539
medium_004,medium,571.5468695027178,114,2179,1120,1073,3165,1190.4393644462325
medium_004,medium,571.5468695027178,114,2179,1120,1073,3166,1189.6508331977705
medium_004,medium,571.5468695027178,114,2179,1120,1073,3167,1189.6508331977705
medium_004,medium,571.5468695027178,114,2179,1120,1073,3176,1194.7681844492004
medium_004,medium,571.5468695027178,114,2179,1120,1073,3199,1196.2012165385204
medium_004,medium,571.5468695027178,114,2179,1120,1073,3201,1202.4646705774635
medium_004,medium,571.5468695027178,114,2179,1120,1073,3202,1203.6480550633598
medium_004,medium,571.5468695027178,114,2179,1120,1073,3207,1191.4578355033093
medium_004,medium,571.5468695027178,114,2179,1120,1073,3210,1193.3278484931884
medium_004,medium,571.5468695027178,114,2179,1120,1073,3222,1217.7727238864586
medium_004,medium,571.5468695027178,114,2179,1120,1073,3226,1212.6829356303117
medium_004,medium,571.5468695027178,114,2179,1120,1073,3236,1212.6829356303117
medium_004,medium,571.5468695027178,114,2179,1120,1073,3240,1212.6829356303117
medium_004,medium,571.5468695027178,114,2179,1120,1073,3244,1215.5990951434694
medium_004,medium,571.5468695027178,114,2179,1120,1073,3265,1220.5095141903143
medium_004,medium,571.5468695027178,114,2179,1120,1073,3273,1220.5095141903143
medium_004,medium,571.5468695027178,114,2179,1120,1073,3275,1220.5095141903143
medium_004,medium,571.5468695027178,114,2179,1120,1073,3278,1221.651057957066
medium_004,medium,571.5468695027178,114,2179,1120,1073,3290,1238.669081017652
medium_005,medium,673.1866691924904,94,2330,969,927,60,683.3769967476017
medium_005,medium,673.1866691924904,94,2330,969,927,166,707.6612556375802
medium_005,medium,673.1866691924904,94,2330,969,927,199,696.2169651997493
medium_005,medium,673.1866691924904,94,2330,969,927,232,790.7002411719734
medium_005,medium,673.1866691924904,94,2330,969,927,248,786.6703170400056
medium_005,medium,673.1866691924904,94,2330,969,927,250,775.7704034853964
medium_005,medium,673.1866691924904,94,2330,969,927,253,780.5044740002621
medium_005,medium,673.1866691924904,94,2330,969,927,261,782.9327448103926
medium_005,medium,673.1866691924904,94,2330,969,927,266,778.6950776070587
medium_005,medium,673.1866691924904,94,2330,969,927,284,772.2987871474344
medium_005,medium,673.1866691924904,94,2330,969,927,292,803.4263867831081
medium_005,medium,673.1866691924904,94,2330,969,927,297,803.4263867831081
medium_005,medium,673.1866691924904,94,2330,969,927,299,805.4733931764986
medium_005,medium,673.1866691924904,94,2330,969,927,304,807.7071585090147
medium_005,medium,673.1866691924904,94,2330,969,927,558,725.0580688911202
medium_005,medium,673.1866691924904,94,2330,969,927,568,702.9758149446645
medium_005,medium,673.1866691924904,94,2330,969,927,668,762.278698011802
medium_005,medium,673.1866691924904,94,2330,969,927,685,776.0039014311429
medium_005,medium,673.1866691924904,94,2330,969,927,735,879.2051215339136
medium_005,medium,673.1866691924904,94,2330,969,927,736,859.5724323604994
medium_005,medium,673.1866691924904,94,2330,969,927,741,874.7320544837655
medium_005,medium,673.1866691924904,94,2330,969,927,748,910.764837228464
medium_005,medium,673.1866691924904,94,2330,969,927,766,890.2412582584344
medium_005,medium,673.1866691924904,94,2330,969,927,775,864.9934392771164
medium_005,medium,673.1866691924904,94,2330,969,927,779,870.2869679351979
medium_005,medium,673.1866691924904,94,2330,969,927,797,860.8501215645377
medium_005,medium,673.1866691924904,94,2330,969,927,817,868.3354727354181
medium_005,medium,673.1866691924904,94,2330,969,927,822,864.8177531870879
medium_005,medium,673.1866691924904,94,2330,969,927,836,875.3327998621509
medium_005,medium,673.1866691924904,94,2330,969,927,841,862.2439643577552
medium_005,medium,673.1866691924904,94,2330,969,927,855,860.4465144421024
medium_005,medium,673.1866691924904,94,2330,969,927,856,870.1327630986493
medium_005,medium,673.1866691924904,94,2330,969,927,859,863.652310334433
medium_005,medium,673.1866691924904,94,2330,969,927,861,868.4908732793257
medium_005,medium,673.1866691924904,94,2330,969,927,871,952.721795974701
medium_005,medium,673.1866691924904,94,2330,969,927,879,952.721795974701
medium_005,medium,673.1866691924904,94,2330,969,927,1635,740.3505454974952
medium_005,medium,673.1866691924904,94,2330,969,927,1638,736.1382925041067
medium_005,medium,673.1866691924904,94,2330,969,927,2400,828.9602109125962
medium_005,medium,673.1866691924904,94,2330,969,927,2405,960.207822862524
medium_005,medium,673.1866691924904,94,2330,969,927,2416,962.2548292559144
medium_005,medium,673.1866691924904,94,2330,969,927,2439,697.8883696326368
medium_005,medium,673.1866691924904,94,2330,969,927,2609,965.2416319906436
medium_005,medium,673.1866691924904,94,2330,969,927,2624,993.649783356905
medium_005,medium,673.1866691924904,94,2330,969,927,2625,992.7703182089858
medium_005,medium,673.1866691924904,94,2330,969,927,2632,991.9430388825616
medium_005,medium,673.1866691924904,94,2330,969,927,2637,992.7513175346206
medium_005,medium,673.1866691924904,94,2330,969,927,2639,991.9430388825616
medium_005,medium,673.1866691924904,94,2330,969,927,2644,992.9612224237858
medium_005,medium,673.1866691924904,94,2330,969,927,2823,1005.946029295101
medium_005,medium,673.1866691924904,94,2330,969,927,2874,1013.637305367598
medium_005,medium,673.1866691924904,94,2330,969,927,2878,1016.9012287333924
medium_005,medium,673.1866691924904,94,2330,969,927,2881,1017.3872276628472
medium_005,medium,673.1866691924904,94,2330,969,927,2885,1017.577484138482
medium_005,medium,673.1866691924904,94,2330,969,927,2886,1006.5100327540436
medium_005,medium,673.1866691924904,94,2330,969,927,2898,1016.7602550996075
medium_005,medium,673.1866691924904,94,2330,969,927,2903,1051.212781759957
medium_005,medium,673.1866691924904,94,2330,969,927,2904,1053.137536994859
medium_005,medium,673.1866691924904,94,2330,969,927,2906,1049.954909225768
medium_005,medium,673.1866691924904,94,2330,969,927,2940,1062.9751248319187
medium_005,medium,673.1866691924904,94,2330,969,927,2953,1074.009713173082
medium_005,medium,673.1866691924904,94,2330,969,927,2971,1069.6828427960106
medium_005,medium,673.1866691924904,94,2330,969,927,2972,1072.370283141163
medium_005,medium,673.1866691924904,94,2330,969,927,2977,1062.9751248319187
medium_005,medium,673.1866691924904,94,2330,969,927,2985,1062.9751248319187
medium_005,medium,673.1866691924904,94,2330,969,927,2986,1062.9751248319187
medium_005,medium,673.1866691924904,94,2330,969,927,3001,1102.0692594091004
medium_005,medium,673.1866691924904,94,2330,969,927,3008,1088.2911199767286
medium_005,medium,673.1866691924904,94,2330,969,927,3034,1090.705465048222
medium_005,medium,673.1866691924904,94,2330,969,927,3045,1083.8940322975843
medium_005,medium,673.1866691924904,94,2330,969,927,3056,1086.2168940132622
medium_005,medium,673.1866691924904,94,2330,969,927,3074,1106.4164283590965
medium_005,medium,673.1866691924904,94,2330,969,927,3082,1106.4164283590965
medium_005,medium,673.1866691924904,94,2330,969,927,3086,1123.9338595760016
medium_005,medium,673.1866691924904,94,2330,969,927,3096,1163.0951032643663
medium_005,medium,673.1866691924904,94,2330,969,927,3098,1162.2052055932354
medium_005,medium,673.1866691924904,94,2330,969,927,3103,1160.175885649291
medium_005,medium,673.1866691924904,94,2330,969,927,3109,1161.676991285707
medium_005,medium,673.1866691924904,94,2330,969,927,3122,1162.4970489576335
medium_005,medium,673.1866691924904,94,2330,969,927,3124,1160.175885649291
medium_005,medium,673.1866691924904,94,2330,969,927,3126,1157.698907127832
medium_005,medium,673.1866691924904,94,2330,969,927,3130,1157.8842943170162
medium_005,medium,673.1866691924904,94,2330,969,927,3135,1156.953605113312
medium_005,medium,673.1866691924904,94,2330,969,927,3154,1192.1498045213198
medium_005,medium,673.1866691924904,94,2330,969,927,3157,1191.361273272858
medium_005,medium,673.1866691924904,94,2330,969,927,3160,1194.618813410211
medium_005,medium,673.1866691924904,94,2330,969,927,3178,1193.7872297682543
medium_005,medium,673.1866691924904,94,2330,969,927,3188,1191.361273272858
medium_005,medium,673.1866691924904,94,2330,969,927,3201,1202.4646705774635
medium_005,medium,673.1866691924904,94,2330,969,927,3224,1214.7504566980338
medium_005,medium,673.1866691924904,94,2330,969,927,3226,1212.6829356303117
medium_005,medium,673.1866691924904,94,2330,969,927,3234,1212.6829356303117
medium_005,medium,673.1866691924904,94,2330,969,927,3268,1221.5198624903328
medium_005,medium,673.1866691924904,94,2330,969,927,3282,1232.6007571197451
medium_006,medium,592.5102590000654,99,2190,1109,1063,42,651.2839557743021
medium_006,medium,592.5102590000654,99,2190,1109,1063,48,646.1780524113685
medium_006,medium,592.5102590000654,99,2190,1109,1063,53,643.5765529484125
medium_006,medium,592.5102590000654,99,2190,1109,1063,58,680.7551628520695
medium_006,medium,592.5102590000654,99,2190,1109,1063,69,644.1872335748867
medium_006,medium,592.5102590000654,99,2190,1109,1063,80,654.0330513254443
medium_006,medium,592.5102590000654,99,2190,1109,1063,81,654.2337407084915
medium_006,medium,592.5102590000654,99,2190,1109,1063,82,655.1412586160117
medium_006,medium,592.5102590000654,99,2190,1109,1063,108,645.7401222443542
medium_006,medium,592.5102590000654,99,2190,1109,1063,112,649.6672004173959
medium_006,medium,592.5102590000654,99,2190,1109,1063,130,666.5396178119408
medium_006,medium,592.5102590000654,99,2190,1109,1063,157,673.4986496944367
medium_006,medium,592.5102590000654,99,2190,1109,1063,170,695.8980831229484
medium_006,medium,592.5102590000654,99,2190,1109,1063,186,711.7231516805729
medium_006,medium,592.5102590000654,99,2190,1109,1063,188,703.3506650488857
medium_006,medium,592.5102590000654,99,2190,1109,1063,194,699.2675184914357
medium_006,medium,592.5102590000654,99,2190,1109,1063,202,701.3558931310805
medium_006,medium,592.5102590000654,99,2190,1109,1063,205,701.1837721033579
medium_006,medium,592.5102590000654,99,2190,1109,1063,206,702.5300340070621
medium_006,medium,592.5102590000654,99,2190,1109,1063,218,705.0040810482818
medium_006,medium,592.5102590000654,99,2190,1109,1063,220,704.1869718201644
medium_006,medium,592.5102590000654,99,2190,1109,1063,230,765.8217150838793
medium_006,medium,592.5102590000654,99,2190,1109,1063,235,798.7594040906572
medium_006,medium,592.5102590000654,99,2190,1109,1063,248,786.6703170400056
medium_006,medium,592.5102590000654,99,2190,1109,1063,259,780.4209390694166
medium_006,medium,592.5102590000654,99,2190,1109,1063,271,767.6270742999169
medium_006,medium,592.5102590000654,99,2190,1109,1063,276,802.5927107710862
medium_006,medium,592.5102590000654,99,2190,1109,1063,284,772.2987871474344
medium_006,medium,592.5102590000654,99,2190,1109,1063,286,773.5768282188135
medium_006,medium,592.5102590000654,99,2190,1109,1063,566,635.2786406160939
medium_006,medium,592.5102590000654,99,2190,1109,1063,569,686.3728680348255
medium_006,medium,592.5102590000654,99,2190,1109,1063,670,748.9043558653999
medium_006,medium,592.5102590000654,99,2190,1109,1063,672,748.9043558653999
medium_006,medium,592.5102590000654,99,2190,1109,1063,682,768.8170538963791
medium_006,medium,592.5102590000654,99,2190,1109,1063,693,770.2629527160603
medium_006,medium,592.5102590000654,99,2190,1109,1063,717,859.5724323604994
medium_006,medium,592.5102590000654,99,2190,1109,1063,751,877.5106830403436
medium_006,medium,592.5102590000654,99,2190,1109,1063,753,879.9012077256267
medium_006,medium,592.5102590000654,99,2190,1109,1063,757,861.680374284052
medium_006,medium,592.5102590000654,99,2190,1109,1063,766,890.2412582584344
medium_006,medium,592.5102590000654,99,2190,1109,1063,769,882.3437172406565
medium_006,medium,592.5102590000654,99,2190,1109,1063,775,864.9934392771164
medium_006,medium,592.5102590000654,99,2190,1109,1063,782,859.5724323604994
medium_006,medium,592.5102590000654,99,2190,1109,1063,790,859.5724323604994
medium_006,medium,592.5102590000654,99,2190,1109,1063,791,866.9932602894647
medium_006,medium,592.5102590000654,99,2190,1109,1063,827,864.2221364914626
medium_006,medium,592.5102590000654,99,2190,1109,1063,850,868.7485638286603
medium_006,medium,592.5102590000654,99,2190,1109,1063,873,953.7321442747192
medium_006,medium,592.5102590000654,99,2190,1109,1063,879,952.721795974701
medium_006,medium,592.5102590000654,99,2190,1109,1063,883,952.721795974701
medium_006,medium,592.5102590000654,99,2190,1109,1063,2121,609.8355487441034
medium_006,medium,592.5102590000654,99,2190,1109,1063,2339,625.5270011231949
medium_006,medium,592.5102590000654,99,2190,1109,1063,2419,962.2548292559144
medium_006,medium,592.5102590000654,99,2190,1109,1063,2426,626.4130653876855
medium_006,medium,592.5102590000654,99,2190,1109,1063,2613,990.4552770028812
medium_006,medium,592.5102590000654,99,2190,1109,1063,2619,994.7583102825376
medium_006,medium,592.5102590000654,99,2190,1109,1063,2827,1005.4597157392146
medium_006,medium,592.5102590000654,99,2190,1109,1063,2830,1013.377476132574
medium_006,medium,592.5102590000654,99,2190,1109,1063,2862,1020.428843707753
medium_006,medium,592.5102590000654,99,2190,1109,1063,2865,1002.3037735523671
medium_006,medium,592.5102590000654,99,2190,1109,1063,2874,1013.637305367598
medium_006,medium,592.5102590000654,99,2190,1109,1063,2887,999.9669628228648
medium_006,medium,592.5102590000654,99,2190,1109,1063,2892,1031.9734125615882
medium_006,medium,592.5102590000654,99,2190,1109,1063,2913,1051.0232318214055
medium_006,medium,592.5102590000654,99,2190,1109,1063,2925,1050.477065788391
medium_006,medium,592.5102590000654,99,2190,1109,1063,2931,1052.240157906791
medium_006,medium,592.5102590000654,99,2190,1109,1063,2946,1062.9751248319187
medium_006,medium,592.5102590000654,99,2190,1109,1063,2958,1065.0221312253093
medium_006,medium,592.5102590000654,99,2190,1109,1063,2961,1073.3653879877938
medium_006,medium,592.5102590000654,99,2190,1109,1063,2968,1068.3456951536598
medium_006,medium,592.5102590000654,99,2190,1109,1063,2977,1062.9751248319187
medium_006,medium,592.5102590000654,99,2190,1109,1063,2981,1076.9335803596964
medium_006,medium,592.5102590000654,99,2190,1109,1063,2985,1062.9751248319187
medium_006,medium,592.5102590000654,99,2190,1109,1063,2990,1066.090453820947
medium_006,medium,592.5102590000654,99,2190,1109,1063,2992,1066.500922033494
medium_006,medium,592.5102590000654,99,2190,1109,1063,2997,1095.3664392665955
medium_006,medium,592.5102590000654,99,2190,1109,1063,2998,1092.4861814254616
medium_006,medium,592.5102590000654,99,2190,1109,1063,3002,1098.3786905686538
medium_006,medium,592.5102590000654,99,2190,1109,1063,3026,1085.926909807171
medium_006,medium,592.5102590000654,99,2190,1109,1063,3032,1089.4953186484909
medium_006,medium,592.5102590000654,99,2190,1109,1063,3036,1088.4192926006815
medium_006,medium,592.5102590000654,99,2190,1109,1063,3053,1083.8940322975843
medium_006,medium,592.5102590000654,99,2190,1109,1063,3079,1106.4164283590965
medium_006,medium,592.5102590000654,99,2190,1109,1063,3082,1106.4164283590965
medium_006,medium,592.5102590000654,99,2190,1109,1063,3086,1123.9338595760016
medium_006,medium,592.5102590000654,99,2190,1109,1063,3088,1123.9338595760016
medium_006,medium,592.5102590000654,99,2190,1109,1063,3092,1156.953605113312
medium_006,medium,592.5102590000654,99,2190,1109,1063,3112,1157.761883765371
medium_006,medium,592.5102590000654,99,2190,1109,1063,3122,1162.4970489576335
medium_006,medium,592.5102590000654,99,2190,1109,1063,3126,1157.698907127832
medium_006,medium,592.5102590000654,99,2190,1109,1063,3148,1189.6508331977705
medium_006,medium,592.5102590000654,99,2190,1109,1063,3153,1197.4245463143357
medium_006,medium,592.5102590000654,99,2190,1109,1063,3193,1194.5154881045178
medium_006,medium,592.5102590000654,99,2190,1109,1063,3194,1196.1727371751588
medium_006,medium,592.5102590000654,99,2190,1109,1063,3196,1191.649408745255
medium_006,medium,592.5102590000654,99,2190,1109,1063,3198,1192.4836018941114
medium_006,medium,592.5102590000654,99,2190,1109,1063,3215,1196.1780748530298
medium_006,medium,592.5102590000654,99,2190,1109,1063,3216,1196.434292363558
medium_006,medium,592.5102590000654,99,2190,1109,1063,3255,1216.475368778341
medium_007,medium,500.11074364617446,119,2104,1195,1146,37,680.1426097926858
medium_007,medium,500.11074364617446,119,2104,1195,1146,39,643.4620323348252
medium_007,medium,500.11074364617446,119,2104,1195,1146,40,649.9961083959286
medium_007,medium,500.11074364617446,119,2104,1195,1146,45,652.8150097165588
medium_007,medium,500.11074364617446,119,2104,1195,1146,65,645.0605220035679
medium_007,medium,500.11074364617446,119,2104,1195,1146,73,650.3274237683934
medium_007,medium,500.11074364617446,119,2104,1195,1146,77,653.3289913522564
medium_007,medium,500.11074364617446,119,2104,1195,1146,78,653.6283560834723
medium_007,medium,500.11074364617446,119,2104,1195,1146,88,648.9736417957104
medium_007,medium,500.11074364617446,119,2104,1195,1146,97,651.1208216805461
medium_007,medium,500.11074364617446,119,2104,1195,1146,119,665.2288294837997
medium_007,medium,500.11074364617446,119,2104,1195,1146,120,655.5825341173091
medium_007,medium,500.11074364617446,119,2104,1195,1146,179,700.1829528600714
medium_007,medium,500.11074364617446,119,2104,1195,1146,188,703.3506650488857
medium_007,medium,500.11074364617446,119,2104,1195,1146,200,702.9291778137936
medium_007,medium,500.11074364617446,119,2104,1195,1146,205,701.1837721033579
medium_007,medium,500.11074364617446,119,2104,1195,1146,212,695.4037119736602
medium_007,medium,500.11074364617446,119,2104,1195,1146,213,695.2081183025755
medium_007,medium,500.11074364617446,119,2104,1195,1146,215,692.5853289711449
medium_007,medium,500.11074364617446,119,2104,1195,1146,217,703.0288223423876
medium_007,medium,500.11074364617446,119,2104,1195,1146,225,709.9124287859539
medium_007,medium,500.11074364617446,119,2104,1195,1146,226,708.2605544291129
medium_007,medium,500.11074364617446,119,2104,1195,1146,254,786.4839748922884
medium_007,medium,500.11074364617446,119,2104,1195,1146,278,776.6218869134428
medium_007,medium,500.11074364617446,119,2104,1195,1146,292,803.4263867831081
medium_007,medium,500.11074364617446,119,2104,1195,1146,296,803.4263867831081
medium_007,medium,500.11074364617446,119,2104,1195,1146,298,803.4263867831081
medium_007,medium,500.11074364617446,119,2104,1195,1146,301,803.4263867831081
medium_007,medium,500.11074364617446,119,2104,1195,1146,314,828.9602109125962
medium_007,medium,500.11074364617446,119,2104,1195,1146,355,531.5658164072953
medium_007,medium,500.11074364617446,119,2104,1195,1146,366,529.854922148727
medium_007,medium,500.11074364617446,119,2104,1195,1146,368,534.3466032006396
medium_007,medium,500.11074364617446,119,2104,1195,1146,550,563.5125234455874
medium_007,medium,500.11074364617446,119,2104,1195,1146,668,762.278698011802
medium_007,medium,500.11074364617446,119,2104,1195,1146,672,748.9043558653999
medium_007,medium,500.11074364617446,119,2104,1195,1146,683,778.3623740723899
medium_007,medium,500.11074364617446,119,2104,1195,1146,693,770.2629527160603
medium_007,medium,500.11074364617446,119,2104,1195,1146,713,855.4301757880048
medium_007,medium,500.11074364617446,119,2104,1195,1146,719,866.8743159752077
medium_007,medium,500.11074364617446,119,2104,1195,1146,735,879.2051215339136
medium_007,medium,500.11074364617446,119,2104,1195,1146,737,861.4147380657464
medium_007,medium,500.11074364617446,119,2104,1195,1146,749,912.3380011004592
medium_007,medium,500.11074364617446,119,2104,1195,1146,750,874.7576463522589
medium_007,medium,500.11074364617446,119,2104,1195,1146,751,877.5106830403436
medium_007,medium,500.11074364617446,119,2104,1195,1146,768,880.8044455579775
medium_007,medium,500.11074364617446,119,2104,1195,1146,773,860.4821570529602
medium_007,medium,500.11074364617446,119,2104,1195,1146,783,860.6065315031204
medium_007,medium,500.11074364617446,119,2104,1195,1146,784,861.6284827393368
medium_007,medium,500.11074364617446,119,2104,1195,1146,791,866.9932602894647
medium_007,medium,500.11074364617446,119,2104,1195,1146,801,860.8576782895826
medium_007,medium,500.11074364617446,119,2104,1195,1146,859,863.652310334433
medium_007,medium,500.11074364617446,119,2104,1195,1146,865,871.5310335615898
medium_007,medium,500.11074364617446,119,2104,1195,1146,868,870.1424066218777
medium_007,medium,500.11074364617446,119,2104,1195,1146,877,952.721795974701
medium_007,medium,500.11074364617446,119,2104,1195,1146,878,952.721795974701
medium_007,medium,500.11074364617446,119,2104,1195,1146,1553,523.9531339447725
medium_007,medium,500.11074364617446,119,2104,1195,1146,1623,551.8364456489222
medium_007,medium,500.11074364617446,119,2104,1195,1146,2330,531.1724625908934
medium_007,medium,500.11074364617446,119,2104,1195,1146,2339,619.8287166121504
medium_007,medium,500.11074364617446,119,2104,1195,1146,2423,962.2548292559144
medium_007,medium,500.11074364617446,119,2104,1195,1146,2628,992.7200007650356
medium_007,medium,500.11074364617446,119,2104,1195,1146,2633,991.9430388825616
medium_007,medium,500.11074364617446,119,2104,1195,1146,2691,534.059408495114
medium_007,medium,500.11074364617446,119,2104,1195,1146,2712,617.5881279668807
medium_007,medium,500.11074364617446,119,2104,1195,1146,2828,1003.324510499214
medium_007,medium,500.11074364617446,119,2104,1195,1146,2840,1005.0091279960976
medium_007,medium,500.11074364617446,119,2104,1195,1146,2850,1008.5716512301796
medium_007,medium,500.11074364617446,119,2104,1195,1146,2858,1018.2286852241256
medium_007,medium,500.11074364617446,119,2104,1195,1146,2887,999.9669628228648
medium_007,medium,500.11074364617446,119,2104,1195,1146,2914,1049.3420943635597
medium_007,medium,500.11074364617446,119,2104,1195,1146,2915,1050.1867526981123
medium_007,medium,500.11074364617446,119,2104,1195,1146,2921,1048.3173040866534
medium_007,medium,500.11074364617446,119,2104,1195,1146,2932,1048.3173040866534
medium_007,medium,500.11074364617446,119,2104,1195,1146,2943,1062.9751248319187
medium_007,medium,500.11074364617446,119,2104,1195,1146,2955,1068.201070287189
medium_007,medium,500.11074364617446,119,2104,1195,1146,2956,1065.2128624882075
medium_007,medium,500.11074364617446,119,2104,1195,1146,2958,1065.0221312253093
medium_007,medium,500.11074364617446,119,2104,1195,1146,2966,1067.8353908515471
medium_007,medium,500.11074364617446,119,2104,1195,1146,2970,1068.5185688111037
medium_007,medium,500.11074364617446,119,2104,1195,1146,2971,1069.6828427960106
medium_007,medium,500.11074364617446,119,2104,1195,1146,2977,1062.9751248319187
medium_007,medium,500.11074364617446,119,2104,1195,1146,2978,1072.9959162873504
medium_007,medium,500.11074364617446,119,2104,1195,1146,2990,1066.090453820947
medium_007,medium,500.11074364617446,119,2104,1195,1146,3010,1085.238361133682
medium_007,medium,500.11074364617446,119,2104,1195,1146,3021,1089.856584436628
medium_007,medium,500.11074364617446,119,2104,1195,1146,3022,1093.160091110393
medium_007,medium,500.11074364617446,119,2104,1195,1146,3026,1085.926909807171
medium_007,medium,500.11074364617446,119,2104,1195,1146,3043,1091.0091037157686
medium_007,medium,500.11074364617446,119,2104,1195,1146,3051,1086.405719518302
medium_007,medium,500.11074364617446,119,2104,1195,1146,3052,1087.7337814976904
medium_007,medium,500.11074364617446,119,2104,1195,1146,3063,1084.7324970292134
medium_007,medium,500.11074364617446,119,2104,1195,1146,3065,1084.6709941800582
medium_007,medium,500.11074364617446,119,2104,1195,1146,3082,1106.4164283590965
medium_007,medium,500.11074364617446,119,2104,1195,1146,3086,1123.9338595760016
medium_007,medium,500.11074364617446,119,2104,1195,1146,3091,1162.7075785427862
medium_007,medium,500.11074364617446,119,2104,1195,1146,3100,1161.632570435744
medium_007,medium,500.11074364617446,119,2104,1195,1146,3108,1159.9401526011404
medium_007,medium,500.11074364617446,119,2104,1195,1146,3110,1159.125213337471
medium_007,medium,500.11074364617446,119,2104,1195,1146,3113,1158.1134233069622
medium_007,medium,500.11074364617446,119,2104,1195,1146,3119,1156.953605113312
medium_007,medium,500.11074364617446,119,2104,1195,1146,3126,1157.698907127832
medium_007,medium,500.11074364617446,119,2104,1195,1146,3140,1162.8193600514307
medium_007,medium,500.11074364617446,119,2104,1195,1146,3143,1190.4575158137598
medium_007,medium,500.11074364617446,119,2104,1195,1146,3149,1197.2820231143414
medium_007,medium,500.11074364617446,119,2104,1195,1146,3164,1189.6508331977705
medium_007,medium,500.11074364617446,119,2104,1195,1146,3177,1196.1727371751588
medium_007,medium,500.11074364617446,119,2104,1195,1146,3181,1194.3942142329813
medium_007,medium,500.11074364617446,119,2104,1195,1146,3193,1194.5154881045178
medium_007,medium,500.11074364617446,119,2104,1195,1146,3198,1192.4836018941114
medium_007,medium,500.11074364617446,119,2104,1195,1146,3211,1191.201981911702
medium_007,medium,500.11074364617446,119,2104,1195,1146,3242,1213.248730680731
medium_007,medium,500.11074364617446,119,2104,1195,1146,3248,1216.4452009382387
medium_007,medium,500.11074364617446,119,2104,1195,1146,3250,1213.9591309841965
medium_007,medium,500.11074364617446,119,2104,1195,1146,3254,1214.281966312764
medium_007,medium,500.11074364617446,119,2104,1195,1146,3264,1220.5095141903143
medium_007,medium,500.11074364617446,119,2104,1195,1146,3266,1221.627467239859
medium_007,medium,500.11074364617446,119,2104,1195,1146,3271,1225.2857625849404
medium_007,medium,500.11074364617446,119,2104,1195,1146,3277,1222.480842282094
medium_007,medium,500.11074364617446,119,2104,1195,1146,3283,1231.9209154942885
medium_008,medium,482.81770063201316,112,2081,1218,1168,32,675.2726918798365
medium_008,medium,482.81770063201316,112,2081,1218,1168,38,643.3615214691146
medium_008,medium,482.81770063201316,112,2081,1218,1168,49,646.4197224851405
medium_008,medium,482.81770063201316,112,2081,1218,1168,52,648.7804935606509
medium_008,medium,482.81770063201316,112,2081,1218,1168,64,648.1322304452053
medium_008,medium,482.81770063201316,112,2081,1218,1168,73,650.3274237683934
medium_008,medium,482.81770063201316,112,2081,1218,1168,92,642.5750367297309
medium_008,medium,482.81770063201316,112,2081,1218,1168,101,655.5497937335591
medium_008,medium,482.81770063201316,112,2081,1218,1168,107,645.44523563048
medium_008,medium,482.81770063201316,112,2081,1218,1168,108,645.7401222443542
medium_008,medium,482.81770063201316,112,2081,1218,1168,109,652.6111053390252
medium_008,medium,482.81770063201316,112,2081,1218,1168,118,672.4481731057507
medium_008,medium,482.81770063201316,112,2081,1218,1168,125,656.953525879767
medium_008,medium,482.81770063201316,112,2081,1218,1168,140,682.5774216965925
medium_008,medium,482.81770063201316,112,2081,1218,1168,148,667.3570020403315
medium_008,medium,482.81770063201316,112,2081,1218,1168,161,669.9599538089007
medium_008,medium,482.81770063201316,112,2081,1218,1168,168,754.4152743795506
medium_008,medium,482.81770063201316,112,2081,1218,1168,172,715.0872815749083
medium_008,medium,482.81770063201316,112,2081,1218,1168,174,762.335019945893
medium_008,medium,482.81770063201316,112,2081,1218,1168,189,703.5553275553356
medium_008,medium,482.81770063201316,112,2081,1218,1168,197,693.9103106062956
medium_008,medium,482.81770063201316,112,2081,1218,1168,205,701.1837721033579
medium_008,medium,482.81770063201316,112,2081,1218,1168,210,705.9438113729364
medium_008,medium,482.81770063201316,112,2081,1218,1168,225,709.9124287859539
medium_008,medium,482.81770063201316,112,2081,1218,1168,226,708.2605544291129
medium_008,medium,482.81770063201316,112,2081,1218,1168,232,790.7002411719734
medium_008,medium,482.81770063201316,112,2081,1218,1168,243,790.2012867660932
medium_008,medium,482.81770063201316,112,2081,1218,1168,249,771.7166047202178
medium_008,medium,482.81770063201316,112,2081,1218,1168,254,786.4839748922884
medium_008,medium,482.81770063201316,112,2081,1218,1168,255,777.6673934333363
medium_008,medium,482.81770063201316,112,2081,1218,1168,263,764.2480565605323
medium_008,medium,482.81770063201316,112,2081,1218,1168,264,780.822895561363
medium_008,medium,482.81770063201316,112,2081,1218,1168,278,776.6218869134428
medium_008,medium,482.81770063201316,112,2081,1218,1168,300,803.4263867831081
medium_008,medium,482.81770063201316,112,2081,1218,1168,305,813.1458915126673
medium_008,medium,482.81770063201316,112,2081,1218,1168,359,508.9199090362618
medium_008,medium,482.81770063201316,112,2081,1218,1168,366,524.7521621580103
medium_008,medium,482.81770063201316,112,2081,1218,1168,372,527.7159508723483
medium_008,medium,482.81770063201316,112,2081,1218,1168,562,764.6522378224952
medium_008,medium,482.81770063201316,112,2081,1218,1168,647,568.9675320223827
medium_008,medium,482.81770063201316,112,2081,1218,1168,663,674.5301807295697
medium_008,medium,482.81770063201316,112,2081,1218,1168,668,762.278698011802
medium_008,medium,482.81770063201316,112,2081,1218,1168,675,777.5585012156706
medium_008,medium,482.81770063201316,112,2081,1218,1168,722,871.8782121330346
medium_008,medium,482.81770063201316,112,2081,1218,1168,723,873.3259509080492
medium_008,medium,482.81770063201316,112,2081,1218,1168,729,866.973697493397
medium_008,medium,482.81770063201316,112,2081,1218,1168,734,877.7070197679204
medium_008,medium,482.81770063201316,112,2081,1218,1168,745,889.9659076282874
medium_008,medium,482.81770063201316,112,2081,1218,1168,748,910.764837228464
medium_008,medium,482.81770063201316,112,2081,1218,1168,760,865.4376624291733
medium_008,medium,482.81770063201316,112,2081,1218,1168,761,864.1242096873266
medium_008,medium,482.81770063201316,112,2081,1218,1168,769,882.3437172406565
medium_008,medium,482.81770063201316,112,2081,1218,1168,778,871.9513899905053
medium_008,medium,482.81770063201316,112,2081,1218,1168,779,870.2869679351979
medium_008,medium,482.81770063201316,112,2081,1218,1168,782,859.5724323604994
medium_008,medium,482.81770063201316,112,2081,1218,1168,803,862.3859404043667
medium_008,medium,482.81770063201316,112,2081,1218,1168,810,861.6951233899063
medium_008,medium,482.81770063201316,112,2081,1218,1168,825,859.5724323604994
medium_008,medium,482.81770063201316,112,2081,1218,1168,826,861.8474505235754
medium_008,medium,482.81770063201316,112,2081,1218,1168,835,862.1744571156983
medium_008,medium,482.81770063201316,112,2081,1218,1168,836,875.3327998621509
medium_008,medium,482.81770063201316,112,2081,1218,1168,841,862.2439643577552
medium_008,medium,482.81770063201316,112,2081,1218,1168,860,874.7576463522589
medium_008,medium,482.81770063201316,112,2081,1218,1168,865,871.5310335615898
medium_008,medium,482.81770063201316,112,2081,1218,1168,870,954.2622808567984
medium_008,medium,482.81770063201316,112,2081,1218,1168,876,953.9663316022344
medium_008,medium,482.81770063201316,112,2081,1218,1168,881,952.721795974701
medium_008,medium,482.81770063201316,112,2081,1218,1168,886,953.962714995156
medium_008,medium,482.81770063201316,112,2081,1218,1168,1559,511.27249836110144
medium_008,medium,482.81770063201316,112,2081,1218,1168,1614,530.8679684147461
medium_008,medium,482.81770063201316,112,2081,1218,1168,1622,499.9743838932915
medium_008,medium,482.81770063201316,112,2081,1218,1168,1623,551.8364456489222
medium_008,medium,482.81770063201316,112,2081,1218,1168,2121,595.1463378554291
medium_008,medium,482.81770063201316,112,2081,1218,1168,2296,497.4199800301814
medium_008,medium,482.81770063201316,112,2081,1218,1168,2322,504.5876727526174
medium_008,medium,482.81770063201316,112,2081,1218,1168,2400,828.9602109125962
medium_008,medium,482.81770063201316,112,2081,1218,1168,2420,962.2548292559144
medium_008,medium,482.81770063201316,112,2081,1218,1168,2439,683.5686967268031
medium_008,medium,482.81770063201316,112,2081,1218,1168,2444,676.0119656659385
medium_008,medium,482.81770063201316,112,2081,1218,1168,2625,992.7703182089858
medium_008,medium,482.81770063201316,112,2081,1218,1168,2626,992.8301365003624
medium_008,medium,482.81770063201316,112,2081,1218,1168,2635,991.9430388825616
medium_008,medium,482.81770063201316,112,2081,1218,1168,2639,991.9430388825616
medium_008,medium,482.81770063201316,112,2081,1218,1168,2690,507.0908252914426
medium_008,medium,482.81770063201316,112,2081,1218,1168,2825,999.9669628228648
medium_008,medium,482.81770063201316,112,2081,1218,1168,2831,999.9669628228648
medium_008,medium,482.81770063201316,112,2081,1218,1168,2836,1001.830188934218
medium_008,medium,482.81770063201316,112,2081,1218,1168,2919,1048.3173040866534
medium_008,medium,482.81770063201316,112,2081,1218,1168,2935,1061.4873629522383
medium_008,medium,482.81770063201316,112,2081,1218,1168,2942,1064.5916821360368
medium_008,medium,482.81770063201316,112,2081,1218,1168,2952,1076.9226289311032
medium_008,medium,482.81770063201316,112,2081,1218,1168,2962,1068.5216186335306
medium_008,medium,482.81770063201316,112,2081,1218,1168,2966,1067.8353908515471
medium_008,medium,482.81770063201316,112,2081,1218,1168,3007,1084.8274339564175
medium_008,medium,482.81770063201316,112,2081,1218,1168,3036,1088.4192926006815
medium_008,medium,482.81770063201316,112,2081,1218,1168,3068,1083.8940322975843
medium_008,medium,482.81770063201316,112,2081,1218,1168,3078,1109.4240561050296
medium_008,medium,482.81770063201316,112,2081,1218,1168,3101,1160.0316744649958
medium_008,medium,482.81770063201316,112,2081,1218,1168,3150,1197.861230373313
medium_008,medium,482.81770063201316,112,2081,1218,1168,3158,1192.132671115406
medium_008,medium,482.81770063201316,112,2081,1218,1168,3163,1190.3768122726203
medium_008,medium,482.81770063201316,112,2081,1218,1168,3177,1196.1727371751588
medium_008,medium,482.81770063201316,112,2081,1218,1168,3178,1193.7872297682543
medium_008,medium,482.81770063201316,112,2081,1218,1168,3202,1203.6480550633598
medium_008,medium,482.81770063201316,112,2081,1218,1168,3234,1212.6829356303117
medium_008,medium,482.81770063201316,112,2081,1218,1168,3236,1212.6829356303117
medium_008,medium,482.81770063201316,112,2081,1218,1168,3253,1212.6829356303117
medium_008,medium,482.81770063201316,112,2081,1218,1168,3267,1220.5095141903143
medium_008,medium,482.81770063201316,112,2081,1218,1168,3275,1220.5095141903143
medium_008,medium,482.81770063201316,112,2081,1218,1168,3277,1222.480842282094
medium_008,medium,482.81770063201316,112,2081,1218,1168,3289,1235.1288965458584
medium_008,medium,482.81770063201316,112,2081,1218,1168,3290,1238.669081017652
medium_009,medium,675.4976683604157,84,2336,963,921,172,715.0872815749083
medium_009,medium,675.4976683604157,84,2336,963,921,182,701.4211857593834
medium_009,medium,675.4976683604157,84,2336,963,921,187,716.0654904099658
medium_009,medium,675.4976683604157,84,2336,963,921,188,704.4310154009247
medium_009,medium,675.4976683604157,84,2336,963,921,189,703.5553275553356
medium_009,medium,675.4976683604157,84,2336,963,921,196,693.1382238414568
medium_009,medium,675.4976683604157,84,2336,963,921,205,701.1837721033579
medium_009,medium,675.4976683604157,84,2336,963,921,206,709.8361021460094
medium_009,medium,675.4976683604157,84,2336,963,921,214,703.9937327482635
medium_009,medium,675.4976683604157,84,2336,963,921,217,703.0803791032157
medium_009,medium,675.4976683604157,84,2336,963,921,220,704.1869718201644
medium_009,medium,675.4976683604157,84,2336,963,921,222,702.7096057416704
medium_009,medium,675.4976683604157,84,2336,963,921,223,701.8492677478794
medium_009,medium,675.4976683604157,84,2336,963,921,230,765.8217150838793
medium_009,medium,675.4976683604157,84,2336,963,921,251,779.8274140175229
medium_009,medium,675.4976683604157,84,2336,963,921,281,771.7127732562305
medium_009,medium,675.4976683604157,84,2336,963,921,282,773.2332928581826
medium_009,medium,675.4976683604157,84,2336,963,921,285,774.839197857853
medium_009,medium,675.4976683604157,84,2336,963,921,286,773.5768282188135
medium_009,medium,675.4976683604157,84,2336,963,921,294,806.0436749859746
medium_009,medium,675.4976683604157,84,2336,963,921,295,804.3975891217284
medium_009,medium,675.4976683604157,84,2336,963,921,555,691.135720427626
medium_009,medium,675.4976683604157,84,2336,963,921,558,725.0580688911202
medium_009,medium,675.4976683604157,84,2336,963,921,569,692.1713593694774
medium_009,medium,675.4976683604157,84,2336,963,921,668,762.278698011802
medium_009,medium,675.4976683604157,84,2336,963,921,685,776.0039014311429
medium_009,medium,675.4976683604157,84,2336,963,921,722,871.8782121330346
medium_009,medium,675.4976683604157,84,2336,963,921,736,859.5724323604994
medium_009,medium,675.4976683604157,84,2336,963,921,753,879.9012077256267
medium_009,medium,675.4976683604157,84,2336,963,921,756,859.5724323604994
medium_009,medium,675.4976683604157,84,2336,963,921,757,861.680374284052
medium_009,medium,675.4976683604157,84,2336,963,921,779,870.2869679351979
medium_009,medium,675.4976683604157,84,2336,963,921,796,885.7697931045973
medium_009,medium,675.4976683604157,84,2336,963,921,801,860.8576782895826
medium_009,medium,675.4976683604157,84,2336,963,921,830,872.4654778515962
medium_009,medium,675.4976683604157,84,2336,963,921,831,873.93863797834
medium_009,medium,675.4976683604157,84,2336,963,921,849,871.5310335615898
medium_009,medium,675.4976683604157,84,2336,963,921,850,868.7485638286603
medium_009,medium,675.4976683604157,84,2336,963,921,851,869.0740015982519
medium_009,medium,675.4976683604157,84,2336,963,921,878,952.721795974701
medium_009,medium,675.4976683604157,84,2336,963,921,884,953.8397490242456
medium_009,medium,675.4976683604157,84,2336,963,921,885,955.2334831954186
medium_009,medium,675.4976683604157,84,2336,963,921,2397,810.0124363301647
medium_009,medium,675.4976683604157,84,2336,963,921,2414,960.5848673507036
medium_009,medium,675.4976683604157,84,2336,963,921,2437,693.679942314536
medium_009,medium,675.4976683604157,84,2336,963,921,2617,992.8919809952964
medium_009,medium,675.4976683604157,84,2336,963,921,2623,993.5137746550045
medium_009,medium,675.4976683604157,84,2336,963,921,2626,992.8301365003624
medium_009,medium,675.4976683604157,84,2336,963,921,2631,997.159803915618
medium_009,medium,675.4976683604157,84,2336,963,921,2834,1008.9538117097431
medium_009,medium,675.4976683604157,84,2336,963,921,2845,1025.4556180738084
medium_009,medium,675.4976683604157,84,2336,963,921,2848,1007.129697305098
medium_009,medium,675.4976683604157,84,2336,963,921,2860,1032.9483064283256
medium_009,medium,675.4976683604157,84,2336,963,921,2863,1003.6850934658532
medium_009,medium,675.4976683604157,84,2336,963,921,2874,1013.637305367598
medium_009,medium,675.4976683604157,84,2336,963,921,2909,1049.4286872407622
medium_009,medium,675.4976683604157,84,2336,963,921,2914,1049.3420943635597
medium_009,medium,675.4976683604157,84,2336,963,921,2933,1049.0942659691273
medium_009,medium,675.4976683604157,84,2336,963,921,2950,1065.311935561421
medium_009,medium,675.4976683604157,84,2336,963,921,2952,1076.9226289311032
medium_009,medium,675.4976683604157,84,2336,963,921,2966,1067.8353908515471
medium_009,medium,675.4976683604157,84,2336,963,921,2972,1072.370283141163
medium_009,medium,675.4976683604157,84,2336,963,921,3014,1092.1668254385525
medium_009,medium,675.4976683604157,84,2336,963,921,3021,1089.856584436628
medium_009,medium,675.4976683604157,84,2336,963,921,3026,1085.926909807171
medium_009,medium,675.4976683604157,84,2336,963,921,3030,1097.7860036987263
medium_009,medium,675.4976683604157,84,2336,963,921,3044,1093.6480763799982
medium_009,medium,675.4976683604157,84,2336,963,921,3045,1083.8940322975843
medium_009,medium,675.4976683604157,84,2336,963,921,3048,1094.8852860169882
medium_009,medium,675.4976683604157,84,2336,963,921,3051,1086.405719518302
medium_009,medium,675.4976683604157,84,2336,963,921,3087,1126.3618654225525
medium_009,medium,675.4976683604157,84,2336,963,921,3118,1159.777046173644
medium_009,medium,675.4976683604157,84,2336,963,921,3129,1158.993088747223
medium_009,medium,675.4976683604157,84,2336,963,921,3153,1197.4245463143357
medium_009,medium,675.4976683604157,84,2336,963,921,3182,1194.399127249068
medium_009,medium,675.4976683604157,84,2336,963,921,3191,1190.55433435054
medium_009,medium,675.4976683604157,84,2336,963,921,3209,1191.7935764686918
medium_009,medium,675.4976683604157,84,2336,963,921,3215,1196.1780748530298
medium_009,medium,675.4976683604157,84,2336,963,921,3219,1216.382336041379
medium_009,medium,675.4976683604157,84,2336,963,921,3243,1214.6856236728847
medium_009,medium,675.4976683604157,84,2336,963,921,3251,1216.8635608356176
medium_009,medium,675.4976683604157,84,2336,963,921,3270,1220.5095141903143
medium_009,medium,675.4976683604157,84,2336,963,921,3282,1232.6007571197451
medium_009,medium,675.4976683604157,84,2336,963,921,3286,1235.1288965458584
medium_010,medium,649.8498711530588,97,2247,1052,1009,37,680.1426097926858
medium_010,medium,649.8498711530588,97,2247,1052,1009,56,677.6278730001671
medium_010,medium,649.8498711530588,97,2247,1052,1009,62,685.9133061371583
medium_010,medium,649.8498711530588,97,2247,1052,1009,85,672.9782710326778
medium_010,medium,649.8498711530588,97,2247,1052,1009,94,682.777364790464
medium_010,medium,649.8498711530588,97,2247,1052,1009,99,670.6500616954339
medium_010,medium,649.8498711530588,97,2247,1052,1009,111,679.1991934938173
medium_010,medium,649.8498711530588,97,2247,1052,1009,121,663.2689659221019
medium_010,medium,649.8498711530588,97,2247,1052,1009,126,672.5681393315774
medium_010,medium,649.8498711530588,97,2247,1052,1009,141,669.952521710804
medium_010,medium,649.8498711530588,97,2247,1052,1009,144,662.5932686733503
medium_010,medium,649.8498711530588,97,2247,1052,1009,147,682.5343404158383
medium_010,medium,649.8498711530588,97,2247,1052,1009,182,701.4211857593834
medium_010,medium,649.8498711530588,97,2247,1052,1009,186,711.7231516805729
medium_010,medium,649.8498711530588,97,2247,1052,1009,205,701.1837721033579
medium_010,medium,649.8498711530588,97,2247,1052,1009,224,705.9118408865907
medium_010,medium,649.8498711530588,97,2247,1052,1009,225,709.9124287859539
medium_010,medium,649.8498711530588,97,2247,1052,1009,235,798.7594040906572
medium_010,medium,649.8498711530588,97,2247,1052,1009,252,767.6270742999169
medium_010,medium,649.8498711530588,97,2247,1052,1009,257,784.7750556206718
medium_010,medium,649.8498711530588,97,2247,1052,1009,282,773.2332928581826
medium_010,medium,649.8498711530588,97,2247,1052,1009,284,772.2987871474344
medium_010,medium,649.8498711530588,97,2247,1052,1009,295,804.3975891217284
medium_010,medium,649.8498711530588,97,2247,1052,1009,570,687.8828484809768
medium_010,medium,649.8498711530588,97,2247,1052,1009,665,760.03481103312
medium_010,medium,649.8498711530588,97,2247,1052,1009,669,744.0487305057972
medium_010,medium,649.8498711530588,97,2247,1052,1009,674,775.4408831813964
medium_010,medium,649.8498711530588,97,2247,1052,1009,677,769.1238079618367
medium_010,medium,649.8498711530588,97,2247,1052,1009,732,875.3327998621509
medium_010,medium,649.8498711530588,97,2247,1052,1009,734,877.7070197679204
medium_010,medium,649.8498711530588,97,2247,1052,1009,747,909.4866416483982
medium_010,medium,649.8498711530588,97,2247,1052,1009,778,871.9513899905053
medium_010,medium,649.8498711530588,97,2247,1052,1009,786,861.8021120333577
medium_010,medium,649.8498711530588,97,2247,1052,1009,809,876.3517994994306
medium_010,medium,649.8498711530588,97,2247,1052,1009,813,859.5724323604994
medium_010,medium,649.8498711530588,97,2247,1052,1009,825,859.5724323604994
medium_010,medium,649.8498711530588,97,2247,1052,1009,833,862.1699982167843
medium_010,medium,649.8498711530588,97,2247,1052,1009,841,862.2439643577552
medium_010,medium,649.8498711530588,97,2247,1052,1009,850,868.7485638286603
medium_010,medium,649.8498711530588,97,2247,1052,1009,851,869.0740015982519
medium_010,medium,649.8498711530588,97,2247,1052,1009,858,866.4333207558111
medium_010,medium,649.8498711530588,97,2247,1052,1009,864,875.9111987646017
medium_010,medium,649.8498711530588,97,2247,1052,1009,872,953.4016376001576
medium_010,medium,649.8498711530588,97,2247,1052,1009,884,953.8397490242456
medium_010,medium,649.8498711530588,97,2247,1052,1009,1634,727.089365348187
medium_010,medium,649.8498711530588,97,2247,1052,1009,1636,690.8156021476761
medium_010,medium,649.8498711530588,97,2247,1052,1009,1639,742.7051847479783
medium_010,medium,649.8498711530588,97,2247,1052,1009,2397,810.0124363301647
medium_010,medium,649.8498711530588,97,2247,1052,1009,2411,959.2366205239038
medium_010,medium,649.8498711530588,97,2247,1052,1009,2412,959.2366205239038
medium_010,medium,649.8498711530588,97,2247,1052,1009,2424,963.6693168518516
medium_010,medium,649.8498711530588,97,2247,1052,1009,2626,992.8301365003624
medium_010,medium,649.8498711530588,97,2247,1052,1009,2627,991.9430388825616
medium_010,medium,649.8498711530588,97,2247,1052,1009,2629,993.5806440216762
medium_010,medium,649.8498711530588,97,2247,1052,1009,2856,1003.8938021954574
medium_010,medium,649.8498711530588,97,2247,1052,1009,2866,1001.8302178314
medium_010,medium,649.8498711530588,97,2247,1052,1009,2889,1007.8210640262508
medium_010,medium,649.8498711530588,97,2247,1052,1009,2897,1008.4619654951324
medium_010,medium,649.8498711530588,97,2247,1052,1009,2903,1051.212781759957
medium_010,medium,649.8498711530588,97,2247,1052,1009,2919,1048.3173040866534
medium_010,medium,649.8498711530588,97,2247,1052,1009,2925,1050.477065788391
medium_010,medium,649.8498711530588,97,2247,1052,1009,2943,1062.9751248319187
medium_010,medium,649.8498711530588,97,2247,1052,1009,2979,1071.9446677905166
medium_010,medium,649.8498711530588,97,2247,1052,1009,2987,1065.2377549834673
medium_010,medium,649.8498711530588,97,2247,1052,1009,2988,1062.9751248319187
medium_010,medium,649.8498711530588,97,2247,1052,1009,2989,1062.9751248319187
medium_010,medium,649.8498711530588,97,2247,1052,1009,3004,1096.9036825853989
medium_010,medium,649.8498711530588,97,2247,1052,1009,3012,1085.4710947945082
medium_010,medium,649.8498711530588,97,2247,1052,1009,3032,1089.4953186484909
medium_010,medium,649.8498711530588,97,2247,1052,1009,3046,1096.9174719229975
medium_010,medium,649.8498711530588,97,2247,1052,1009,3051,1086.405719518302
medium_010,medium,649.8498711530588,97,2247,1052,1009,3053,1083.8940322975843
medium_010,medium,649.8498711530588,97,2247,1052,1009,3057,1088.8747322777456
medium_010,medium,649.8498711530588,97,2247,1052,1009,3073,1106.4164283590965
medium_010,medium,649.8498711530588,97,2247,1052,1009,3082,1106.4164283590965
medium_010,medium,649.8498711530588,97,2247,1052,1009,3083,1106.4164283590965
medium_010,medium,649.8498711530588,97,2247,1052,1009,3091,1162.7075785427862
medium_010,medium,649.8498711530588,97,2247,1052,1009,3096,1163.0951032643663
medium_010,medium,649.8498711530588,97,2247,1052,1009,3104,1162.8345792435434
medium_010,medium,649.8498711530588,97,2247,1052,1009,3113,1158.1134233069622
medium_010,medium,649.8498711530588,97,2247,1052,1009,3115,1160.8921745663029
medium_010,medium,649.8498711530588,97,2247,1052,1009,3118,1159.777046173644
medium_010,medium,649.8498711530588,97,2247,1052,1009,3171,1189.6508331977705
medium_010,medium,649.8498711530588,97,2247,1052,1009,3176,1194.7681844492004
medium_010,medium,649.8498711530588,97,2247,1052,1009,3194,1196.1727371751588
medium_010,medium,649.8498711530588,97,2247,1052,1009,3200,1201.3963479818258
medium_010,medium,649.8498711530588,97,2247,1052,1009,3204,1201.3963479818258
medium_010,medium,649.8498711530588,97,2247,1052,1009,3214,1195.441788421103
medium_010,medium,649.8498711530588,97,2247,1052,1009,3222,1217.7727238864586
medium_010,medium,649.8498711530588,97,2247,1052,1009,3227,1214.6020882913242
medium_010,medium,649.8498711530588,97,2247,1052,1009,3239,1212.6829356303117
medium_010,medium,649.8498711530588,97,2247,1052,1009,3240,1212.6829356303117
medium_010,medium,649.8498711530588,97,2247,1052,1009,3247,1213.8747090800723
medium_010,medium,649.8498711530588,97,2247,1052,1009,3250,1213.9591309841965
medium_010,medium,649.8498711530588,97,2247,1052,1009,3255,1216.475368778341
medium_010,medium,649.8498711530588,97,2247,1052,1009,3266,1221.627467239859
medium_010,medium,649.8498711530588,97,2247,1052,1009,3298,1235.1288965458584
medium_011,medium,537.3514446959945,106,2156,1143,1096,36,681.1865438081716
medium_011,medium,537.3514446959945,106,2156,1143,1096,41,651.6299908178029
medium_011,medium,537.3514446959945,106,2156,1143,1096,85,672.9782710326778
medium_011,medium,537.3514446959945,106,2156,1143,1096,88,648.9736417957104
medium_011,medium,537.3514446959945,106,2156,1143,1096,92,642.5750367297309
medium_011,medium,537.3514446959945,106,2156,1143,1096,101,655.5497937335591
medium_011,medium,537.3514446959945,106,2156,1143,1096,125,656.953525879767
medium_011,medium,537.3514446959945,106,2156,1143,1096,128,657.2485440002836
medium_011,medium,537.3514446959945,106,2156,1143,1096,130,666.5396178119408
medium_011,medium,537.3514446959945,106,2156,1143,1096,139,660.8138049482291
medium_011,medium,537.3514446959945,106,2156,1143,1096,151,671.9996682613543
medium_011,medium,537.3514446959945,106,2156,1143,1096,167,725.8462263825394
medium_011,medium,537.3514446959945,106,2156,1143,1096,177,763.426889245906
medium_011,medium,537.3514446959945,106,2156,1143,1096,181,693.1915379752445
medium_011,medium,537.3514446959945,106,2156,1143,1096,190,692.122989814265
medium_011,medium,537.3514446959945,106,2156,1143,1096,218,705.0040810482818
medium_011,medium,537.3514446959945,106,2156,1143,1096,221,705.3238567401744
medium_011,medium,537.3514446959945,106,2156,1143,1096,251,779.8274140175229
medium_011,medium,537.3514446959945,106,2156,1143,1096,307,807.7071585090147
medium_011,medium,537.3514446959945,106,2156,1143,1096,556,710.0264944600997
medium_011,medium,537.3514446959945,106,2156,1143,1096,559,721.9990533418774
medium_011,medium,537.3514446959945,106,2156,1143,1096,680,776.4451028575235
medium_011,medium,537.3514446959945,106,2156,1143,1096,713,855.4301757880048
medium_011,medium,537.3514446959945,106,2156,1143,1096,723,873.3259509080492
medium_011,medium,537.3514446959945,106,2156,1143,1096,726,860.6095453422327
medium_011,medium,537.3514446959945,106,2156,1143,1096,735,879.2051215339136
medium_011,medium,537.3514446959945,106,2156,1143,1096,750,874.7576463522589
medium_011,medium,537.3514446959945,106,2156,1143,1096,764,875.7118445784047
medium_011,medium,537.3514446959945,106,2156,1143,1096,768,880.8044455579775
medium_011,medium,537.3514446959945,106,2156,1143,1096,771,872.4866798286401
medium_011,medium,537.3514446959945,106,2156,1143,1096,778,871.9513899905053
medium_011,medium,537.3514446959945,106,2156,1143,1096,786,861.8021120333577
medium_011,medium,537.3514446959945,106,2156,1143,1096,812,919.9097723042092
medium_011,medium,537.3514446959945,106,2156,1143,1096,823,868.0615828851023
medium_011,medium,537.3514446959945,106,2156,1143,1096,826,861.8474505235754
medium_011,medium,537.3514446959945,106,2156,1143,1096,832,859.5724323604994
medium_011,medium,537.3514446959945,106,2156,1143,1096,837,864.8177531870879
medium_011,medium,537.3514446959945,106,2156,1143,1096,881,952.721795974701
medium_011,medium,537.3514446959945,106,2156,1143,1096,1578,580.1621266860175
medium_011,medium,537.3514446959945,106,2156,1143,1096,1627,565.0245354534461
medium_011,medium,537.3514446959945,106,2156,1143,1096,2127,612.8558231263343
medium_011,medium,537.3514446959945,106,2156,1143,1096,2400,828.9602109125962
medium_011,medium,537.3514446959945,106,2156,1143,1096,2407,959.2366205239038
medium_011,medium,537.3514446959945,106,2156,1143,1096,2439,683.5686967268031
medium_011,medium,537.3514446959945,106,2156,1143,1096,2611,990.4552770028812
medium_011,medium,537.3514446959945,106,2156,1143,1096,2618,991.9430388825616
medium_011,medium,537.3514446959945,106,2156,1143,1096,2631,997.159803915618
medium_011,medium,537.3514446959945,106,2156,1143,1096,2640,992.9594776373548
medium_011,medium,537.3514446959945,106,2156,1143,1096,2643,992.7727292803116
medium_011,medium,537.3514446959945,106,2156,1143,1096,2712,617.5881279668807
medium_011,medium,537.3514446959945,106,2156,1143,1096,2860,1032.9483064283256
medium_011,medium,537.3514446959945,106,2156,1143,1096,2861,1024.5134574819208
medium_011,medium,537.3514446959945,106,2156,1143,1096,2866,1001.8302178314
medium_011,medium,537.3514446959945,106,2156,1143,1096,2867,1002.8985115298556
medium_011,medium,537.3514446959945,106,2156,1143,1096,2868,999.9669628228648
medium_011,medium,537.3514446959945,106,2156,1143,1096,2871,1002.0411887863312
medium_011,medium,537.3514446959945,106,2156,1143,1096,2874,1013.637305367598
medium_011,medium,537.3514446959945,106,2156,1143,1096,2892,1031.9734125615882
medium_011,medium,537.3514446959945,106,2156,1143,1096,2905,1055.2043394055625
medium_011,medium,537.3514446959945,106,2156,1143,1096,2910,1048.3173040866534
medium_011,medium,537.3514446959945,106,2156,1143,1096,2914,1049.3420943635597
medium_011,medium,537.3514446959945,106,2156,1143,1096,2928,1048.3173040866534
medium_011,medium,537.3514446959945,106,2156,1143,1096,2953,1074.009713173082
medium_011,medium,537.3514446959945,106,2156,1143,1096,2957,1065.2338776801844
medium_011,medium,537.3514446959945,106,2156,1143,1096,2982,1064.7382169503187
medium_011,medium,537.3514446959945,106,2156,1143,1096,2992,1066.500922033494
medium_011,medium,537.3514446959945,106,2156,1143,1096,2997,1095.3664392665955
medium_011,medium,537.3514446959945,106,2156,1143,1096,2998,1092.4861814254616
medium_011,medium,537.3514446959945,106,2156,1143,1096,3000,1095.1923449701198
medium_011,medium,537.3514446959945,106,2156,1143,1096,3010,1085.238361133682
medium_011,medium,537.3514446959945,106,2156,1143,1096,3013,1087.3454661205765
medium_011,medium,537.3514446959945,106,2156,1143,1096,3019,1095.3664392665955
medium_011,medium,537.3514446959945,106,2156,1143,1096,3020,1098.3786905686538
medium_011,medium,537.3514446959945,106,2156,1143,1096,3021,1089.856584436628
medium_011,medium,537.3514446959945,106,2156,1143,1096,3027,1085.930399380033
medium_011,medium,537.3514446959945,106,2156,1143,1096,3028,1094.4418436016283
medium_011,medium,537.3514446959945,106,2156,1143,1096,3031,1085.9847963489449
medium_011,medium,537.3514446959945,106,2156,1143,1096,3032,1089.4953186484909
medium_011,medium,537.3514446959945,106,2156,1143,1096,3035,1088.411537994116
medium_011,medium,537.3514446959945,106,2156,1143,1096,3046,1096.9174719229975
medium_011,medium,537.3514446959945,106,2156,1143,1096,3048,1094.8852860169882
medium_011,medium,537.3514446959945,106,2156,1143,1096,3060,1092.4861814254616
medium_011,medium,537.3514446959945,106,2156,1143,1096,3061,1092.806985161587
medium_011,medium,537.3514446959945,106,2156,1143,1096,3074,1106.4164283590965
medium_011,medium,537.3514446959945,106,2156,1143,1096,3077,1106.4164283590965
medium_011,medium,537.3514446959945,106,2156,1143,1096,3116,1157.840702731113
medium_011,medium,537.3514446959945,106,2156,1143,1096,3124,1160.175885649291
medium_011,medium,537.3514446959945,106,2156,1143,1096,3126,1157.698907127832
medium_011,medium,537.3514446959945,106,2156,1143,1096,3135,1156.953605113312
medium_011,medium,537.3514446959945,106,2156,1143,1096,3143,1190.4575158137598
medium_011,medium,537.3514446959945,106,2156,1143,1096,3147,1189.6508331977705
medium_011,medium,537.3514446959945,106,2156,1143,1096,3151,1191.4609373459818
medium_011,medium,537.3514446959945,106,2156,1143,1096,3162,1192.962275917395
medium_011,medium,537.3514446959945,106,2156,1143,1096,3178,1193.7872297682543
medium_011,medium,537.3514446959945,106,2156,1143,1096,3182,1194.399127249068
medium_011,medium,537.3514446959945,106,2156,1143,1096,3197,1194.645436424745
medium_011,medium,537.3514446959945,106,2156,1143,1096,3219,1216.382336041379
medium_011,medium,537.3514446959945,106,2156,1143,1096,3225,1216.475368778341
medium_011,medium,537.3514446959945,106,2156,1143,1096,3227,1214.6020882913242
medium_011,medium,537.3514446959945,106,2156,1143,1096,3234,1212.6829356303117
medium_011,medium,537.3514446959945,106,2156,1143,1096,3236,1212.6829356303117
medium_011,medium,537.3514446959945,106,2156,1143,1096,3250,1213.9591309841965
medium_011,medium,537.3514446959945,106,2156,1143,1096,3259,1220.5095141903143
medium_011,medium,537.3514446959945,106,2156,1143,1096,3264,1220.5095141903143
medium_011,medium,537.3514446959945,106,2156,1143,1096,3268,1221.5198624903328
medium_011,medium,537.3514446959945,106,2156,1143,1096,3270,1220.5095141903143
medium_012,medium,588.0673704244207,102,2189,1110,1064,32,675.2726918798365
medium_012,medium,588.0673704244207,102,2189,1110,1064,37,680.1426097926858
medium_012,medium,588.0673704244207,102,2189,1110,1064,39,643.4620323348252
medium_012,medium,588.0673704244207,102,2189,1110,1064,50,646.9345934258029
medium_012,medium,588.0673704244207,102,2189,1110,1064,52,648.7804935606509
medium_012,medium,588.0673704244207,102,2189,1110,1064,55,677.0606931977851
medium_012,medium,588.0673704244207,102,2189,1110,1064,58,680.7551628520695
medium_012,medium,588.0673704244207,102,2189,1110,1064,69,644.1872335748867
medium_012,medium,588.0673704244207,102,2189,1110,1064,71,648.2319897488958
medium_012,medium,588.0673704244207,102,2189,1110,1064,108,645.7401222443542
medium_012,medium,588.0673704244207,102,2189,1110,1064,157,673.4986496944367
medium_012,medium,588.0673704244207,102,2189,1110,1064,171,697.1217297798605
medium_012,medium,588.0673704244207,102,2189,1110,1064,181,693.1915379752445
medium_012,medium,588.0673704244207,102,2189,1110,1064,187,716.0654904099658
medium_012,medium,588.0673704244207,102,2189,1110,1064,189,703.5553275553356
medium_012,medium,588.0673704244207,102,2189,1110,1064,203,700.2100700482589
medium_012,medium,588.0673704244207,102,2189,1110,1064,211,706.6723786015436
medium_012,medium,588.0673704244207,102,2189,1110,1064,249,771.7166047202178
medium_012,medium,588.0673704244207,102,2189,1110,1064,256,784.3605612672978
medium_012,medium,588.0673704244207,102,2189,1110,1064,273,782.9327448103926
medium_012,medium,588.0673704244207,102,2189,1110,1064,282,773.2332928581826
medium_012,medium,588.0673704244207,102,2189,1110,1064,306,807.7071585090147
medium_012,medium,588.0673704244207,102,2189,1110,1064,307,807.7071585090147
medium_012,medium,588.0673704244207,102,2189,1110,1064,554,630.5932206907065
medium_012,medium,588.0673704244207,102,2189,1110,1064,555,691.135720427626
medium_012,medium,588.0673704244207,102,2189,1110,1064,666,739.1931051461944
medium_012,medium,588.0673704244207,102,2189,1110,1064,672,748.9043558653999
medium_012,medium,588.0673704244207,102,2189,1110,1064,674,775.4408831813964
medium_012,medium,588.0673704244207,102,2189,1110,1064,685,776.0039014311429
medium_012,medium,588.0673704244207,102,2189,1110,1064,714,855.4301757880048
medium_012,medium,588.0673704244207,102,2189,1110,1064,720,869.9134237867096
medium_012,medium,588.0673704244207,102,2189,1110,1064,727,865.8804371551425
medium_012,medium,588.0673704244207,102,2189,1110,1064,732,875.3327998621509
medium_012,medium,588.0673704244207,102,2189,1110,1064,746,891.9127448944064
medium_012,medium,588.0673704244207,102,2189,1110,1064,748,910.764837228464
medium_012,medium,588.0673704244207,102,2189,1110,1064,753,879.9012077256267
medium_012,medium,588.0673704244207,102,2189,1110,1064,776,860.6566628344783
medium_012,medium,588.0673704244207,102,2189,1110,1064,803,862.3859404043667
medium_012,medium,588.0673704244207,102,2189,1110,1064,810,861.6951233899063
medium_012,medium,588.0673704244207,102,2189,1110,1064,819,863.0883695440303
medium_012,medium,588.0673704244207,102,2189,1110,1064,828,865.5158531148844
medium_012,medium,588.0673704244207,102,2189,1110,1064,829,863.6378071509727
medium_012,medium,588.0673704244207,102,2189,1110,1064,852,872.8990741114144
medium_012,medium,588.0673704244207,102,2189,1110,1064,854,864.4326983801279
medium_012,medium,588.0673704244207,102,2189,1110,1064,859,863.652310334433
medium_012,medium,588.0673704244207,102,2189,1110,1064,860,874.7576463522589
medium_012,medium,588.0673704244207,102,2189,1110,1064,874,952.721795974701
medium_012,medium,588.0673704244207,102,2189,1110,1064,1632,618.8774331919363
medium_012,medium,588.0673704244207,102,2189,1110,1064,2126,611.3783916251253
medium_012,medium,588.0673704244207,102,2189,1110,1064,2128,622.7862385813722
medium_012,medium,588.0673704244207,102,2189,1110,1064,2397,810.0124363301647
medium_012,medium,588.0673704244207,102,2189,1110,1064,2400,828.9602109125962
medium_012,medium,588.0673704244207,102,2189,1110,1064,2408,959.2366205239038
medium_012,medium,588.0673704244207,102,2189,1110,1064,2412,959.2366205239038
medium_012,medium,588.0673704244207,102,2189,1110,1064,2421,962.2548292559144
medium_012,medium,588.0673704244207,102,2189,1110,1064,2437,683.5686967268031
medium_012,medium,588.0673704244207,102,2189,1110,1064,2446,676.9454284154352
medium_012,medium,588.0673704244207,102,2189,1110,1064,2628,992.7200007650356
medium_012,medium,588.0673704244207,102,2189,1110,1064,2637,992.7513175346206
medium_012,medium,588.0673704244207,102,2189,1110,1064,2644,992.9612224237858
medium_012,medium,588.0673704244207,102,2189,1110,1064,2822,1002.0411887863312
medium_012,medium,588.0673704244207,102,2189,1110,1064,2841,1014.9199067437744
medium_012,medium,588.0673704244207,102,2189,1110,1064,2862,1020.428843707753
medium_012,medium,588.0673704244207,102,2189,1110,1064,2865,1002.3037735523671
medium_012,medium,588.0673704244207,102,2189,1110,1064,2874,1013.637305367598
medium_012,medium,588.0673704244207,102,2189,1110,1064,2886,1006.5100327540436
medium_012,medium,588.0673704244207,102,2189,1110,1064,2893,999.9669628228648
medium_012,medium,588.0673704244207,102,2189,1110,1064,2912,1048.3173040866534
medium_012,medium,588.0673704244207,102,2189,1110,1064,2913,1051.0232318214055
medium_012,medium,588.0673704244207,102,2189,1110,1064,2916,1050.2372440615322
medium_012,medium,588.0673704244207,102,2189,1110,1064,2917,1050.240539769415
medium_012,medium,588.0673704244207,102,2189,1110,1064,2922,1049.7958001554882
medium_012,medium,588.0673704244207,102,2189,1110,1064,2944,1076.4809828359098
medium_012,medium,588.0673704244207,102,2189,1110,1064,2953,1074.009713173082
medium_012,medium,588.0673704244207,102,2189,1110,1064,2957,1065.2338776801844
medium_012,medium,588.0673704244207,102,2189,1110,1064,2970,1068.5185688111037
medium_012,medium,588.0673704244207,102,2189,1110,1064,2971,1069.6828427960106
medium_012,medium,588.0673704244207,102,2189,1110,1064,2973,1071.7474448923242
medium_012,medium,588.0673704244207,102,2189,1110,1064,2974,1068.8989563569285
medium_012,medium,588.0673704244207,102,2189,1110,1064,2991,1064.4657288609587
medium_012,medium,588.0673704244207,102,2189,1110,1064,3004,1096.9036825853989
medium_012,medium,588.0673704244207,102,2189,1110,1064,3008,1088.2911199767286
medium_012,medium,588.0673704244207,102,2189,1110,1064,3021,1089.856584436628
medium_012,medium,588.0673704244207,102,2189,1110,1064,3038,1091.017347895001
medium_012,medium,588.0673704244207,102,2189,1110,1064,3045,1083.8940322975843
medium_012,medium,588.0673704244207,102,2189,1110,1064,3053,1083.8940322975843
medium_012,medium,588.0673704244207,102,2189,1110,1064,3068,1083.8940322975843
medium_012,medium,588.0673704244207,102,2189,1110,1064,3076,1107.931950809124
medium_012,medium,588.0673704244207,102,2189,1110,1064,3088,1123.9338595760016
medium_012,medium,588.0673704244207,102,2189,1110,1064,3092,1156.953605113312
medium_012,medium,588.0673704244207,102,2189,1110,1064,3097,1162.250180423339
medium_012,medium,588.0673704244207,102,2189,1110,1064,3098,1162.2052055932354
medium_012,medium,588.0673704244207,102,2189,1110,1064,3100,1161.632570435744
medium_012,medium,588.0673704244207,102,2189,1110,1064,3102,1159.9652184117003
medium_012,medium,588.0673704244207,102,2189,1110,1064,3118,1159.777046173644
medium_012,medium,588.0673704244207,102,2189,1110,1064,3179,1194.6874708239898
medium_012,medium,588.0673704244207,102,2189,1110,1064,3198,1192.4836018941114
medium_012,medium,588.0673704244207,102,2189,1110,1064,3222,1217.7727238864586
medium_012,medium,588.0673704244207,102,2189,1110,1064,3223,1213.2046470349228
medium_012,medium,588.0673704244207,102,2189,1110,1064,3250,1213.9591309841965
medium_012,medium,588.0673704244207,102,2189,1110,1064,3280,1221.7504332107692
medium_012,medium,588.0673704244207,102,2189,1110,1064,3297,1236.0029786274615
medium_013,medium,621.7745607140055,93,2204,1095,1049,41,654.9285839769542
medium_013,medium,621.7745607140055,93,2204,1095,1049,83,671.2020654504298
medium_013,medium,621.7745607140055,93,2204,1095,1049,94,669.135636880074
medium_013,medium,621.7745607140055,93,2204,1095,1049,103,655.496978700227
medium_013,medium,621.7745607140055,93,2204,1095,1049,131,657.780984314377
medium_013,medium,621.7745607140055,93,2204,1095,1049,136,659.9794345114448
medium_013,medium,621.7745607140055,93,2204,1095,1049,158,669.3848054613262
medium_013,medium,621.7745607140055,93,2204,1095,1049,162,670.1105204220381
medium_013,medium,621.7745607140055,93,2204,1095,1049,166,707.6612556375802
medium_013,medium,621.7745607140055,93,2204,1095,1049,174,762.335019945893
medium_013,medium,621.7745607140055,93,2204,1095,1049,180,700.3789016455445
medium_013,medium,621.7745607140055,93,2204,1095,1049,194,699.2675184914357
medium_013,medium,621.7745607140055,93,2204,1095,1049,195,698.6983654454301
medium_013,medium,621.7745607140055,93,2204,1095,1049,232,790.7002411719734
medium_013,medium,621.7745607140055,93,2204,1095,1049,247,785.4156879929094
medium_013,medium,621.7745607140055,93,2204,1095,1049,249,771.7166047202178
medium_013,medium,621.7745607140055,93,2204,1095,1049,256,784.3605612672978
medium_013,medium,621.7745607140055,93,2204,1095,1049,261,782.9327448103926
medium_013,medium,621.7745607140055,93,2204,1095,1049,268,782.7320850167008
medium_013,medium,621.7745607140055,93,2204,1095,1049,273,782.9327448103926
medium_013,medium,621.7745607140055,93,2204,1095,1049,289,782.5804506391328
medium_013,medium,621.7745607140055,93,2204,1095,1049,314,828.9602109125962
medium_013,medium,621.7745607140055,93,2204,1095,1049,570,687.8828484809768
medium_013,medium,621.7745607140055,93,2204,1095,1049,669,744.0487305057972
medium_013,medium,621.7745607140055,93,2204,1095,1049,677,769.1238079618367
medium_013,medium,621.7745607140055,93,2204,1095,1049,722,871.8782121330346
medium_013,medium,621.7745607140055,93,2204,1095,1049,729,866.973697493397
medium_013,medium,621.7745607140055,93,2204,1095,1049,737,861.4147380657464
medium_013,medium,621.7745607140055,93,2204,1095,1049,738,860.4489568889767
medium_013,medium,621.7745607140055,93,2204,1095,1049,746,891.9127448944064
medium_013,medium,621.7745607140055,93,2204,1095,1049,752,875.1578269596802
medium_013,medium,621.7745607140055,93,2204,1095,1049,771,872.4866798286401
medium_013,medium,621.7745607140055,93,2204,1095,1049,786,861.8021120333577
medium_013,medium,621.7745607140055,93,2204,1095,1049,787,869.4710809777966
medium_013,medium,621.7745607140055,93,2204,1095,1049,796,885.7697931045973
medium_013,medium,621.7745607140055,93,2204,1095,1049,800,875.9301074670159
medium_013,medium,621.7745607140055,93,2204,1095,1049,806,869.8673997118814
medium_013,medium,621.7745607140055,93,2204,1095,1049,821,862.9849089354257
medium_013,medium,621.7745607140055,93,2204,1095,1049,822,864.8177531870879
medium_013,medium,621.7745607140055,93,2204,1095,1049,825,859.5724323604994
medium_013,medium,621.7745607140055,93,2204,1095,1049,848,868.5507599903209
medium_013,medium,621.7745607140055,93,2204,1095,1049,849,871.5310335615898
medium_013,medium,621.7745607140055,93,2204,1095,1049,852,872.8990741114144
medium_013,medium,621.7745607140055,93,2204,1095,1049,854,864.4326983801279
medium_013,medium,621.7745607140055,93,2204,1095,1049,858,866.4333207558111
medium_013,medium,621.7745607140055,93,2204,1095,1049,867,871.7020952479701
medium_013,medium,621.7745607140055,93,2204,1095,1049,883,952.721795974701
medium_013,medium,621.7745607140055,93,2204,1095,1049,1634,727.089365348187
medium_013,medium,621.7745607140055,93,2204,1095,1049,2408,959.2366205239038
medium_013,medium,621.7745607140055,93,2204,1095,1049,2424,963.6693168518516
medium_013,medium,621.7745607140055,93,2204,1095,1049,2444,676.0119656659385
medium_013,medium,621.7745607140055,93,2204,1095,1049,2620,993.7131311739878
medium_013,medium,621.7745607140055,93,2204,1095,1049,2623,993.5137746550045
medium_013,medium,621.7745607140055,93,2204,1095,1049,2636,991.9430388825616
medium_013,medium,621.7745607140055,93,2204,1095,1049,2637,992.7513175346206
medium_013,medium,621.7745607140055,93,2204,1095,1049,2828,1003.324510499214
medium_013,medium,621.7745607140055,93,2204,1095,1049,2830,1013.377476132574
medium_013,medium,621.7745607140055,93,2204,1095,1049,2839,1002.2047004791536
medium_013,medium,621.7745607140055,93,2204,1095,1049,2843,1011.6876462782036
medium_013,medium,621.7745607140055,93,2204,1095,1049,2859,1022.2215701048916
medium_013,medium,621.7745607140055,93,2204,1095,1049,2865,1002.3037735523671
medium_013,medium,621.7745607140055,93,2204,1095,1049,2869,999.9669628228648
medium_013,medium,621.7745607140055,93,2204,1095,1049,2885,1017.577484138482
medium_013,medium,621.7745607140055,93,2204,1095,1049,2894,1002.8985115298556
medium_013,medium,621.7745607140055,93,2204,1095,1049,2898,1016.7602550996075
medium_013,medium,621.7745607140055,93,2204,1095,1049,2920,1049.458128391287
medium_013,medium,621.7745607140055,93,2204,1095,1049,2930,1050.9258611652378
medium_013,medium,621.7745607140055,93,2204,1095,1049,2963,1073.496355252401
medium_013,medium,621.7745607140055,93,2204,1095,1049,2993,1066.590830359445
medium_013,medium,621.7745607140055,93,2204,1095,1049,2996,1093.6233418413528
medium_013,medium,621.7745607140055,93,2204,1095,1049,3000,1095.1923449701198
medium_013,medium,621.7745607140055,93,2204,1095,1049,3046,1096.9174719229975
medium_013,medium,621.7745607140055,93,2204,1095,1049,3062,1088.9640078669138
medium_013,medium,621.7745607140055,93,2204,1095,1049,3068,1083.8940322975843
medium_013,medium,621.7745607140055,93,2204,1095,1049,3073,1106.4164283590965
medium_013,medium,621.7745607140055,93,2204,1095,1049,3082,1106.4164283590965
medium_013,medium,621.7745607140055,93,2204,1095,1049,3098,1162.2052055932354
medium_013,medium,621.7745607140055,93,2204,1095,1049,3112,1157.761883765371
medium_013,medium,621.7745607140055,93,2204,1095,1049,3115,1160.8921745663029
medium_013,medium,621.7745607140055,93,2204,1095,1049,3125,1158.591210252427
medium_013,medium,621.7745607140055,93,2204,1095,1049,3132,1158.2312943173504
medium_013,medium,621.7745607140055,93,2204,1095,1049,3143,1190.4575158137598
medium_013,medium,621.7745607140055,93,2204,1095,1049,3160,1194.618813410211
medium_013,medium,621.7745607140055,93,2204,1095,1049,3161,1192.529678637609
medium_013,medium,621.7745607140055,93,2204,1095,1049,3172,1189.6508331977705
medium_013,medium,621.7745607140055,93,2204,1095,1049,3177,1196.1727371751588
medium_013,medium,621.7745607140055,93,2204,1095,1049,3181,1194.3942142329813
medium_013,medium,621.7745607140055,93,2204,1095,1049,3226,1212.6829356303117
medium_013,medium,621.7745607140055,93,2204,1095,1049,3232,1213.7921242348098
medium_013,medium,621.7745607140055,93,2204,1095,1049,3241,1213.6883129383193
medium_013,medium,621.7745607140055,93,2204,1095,1049,3254,1214.281966312764
medium_013,medium,621.7745607140055,93,2204,1095,1049,3278,1221.651057957066
medium_013,medium,621.7745607140055,93,2204,1095,1049,3292,1237.6547672959043
medium_014,medium,615.2202947994296,119,2198,1101,1055,34,671.7540676273413
medium_014,medium,615.2202947994296,119,2198,1101,1055,37,680.1426097926858
medium_014,medium,615.2202947994296,119,2198,1101,1055,40,649.9961083959286
medium_014,medium,615.2202947994296,119,2198,1101,1055,43,651.79631420405
medium_014,medium,615.2202947994296,119,2198,1101,1055,45,652.8150097165588
medium_014,medium,615.2202947994296,119,2198,1101,1055,47,667.8271291922499
medium_014,medium,615.2202947994296,119,2198,1101,1055,54,647.3258561170181
medium_014,medium,615.2202947994296,119,2198,1101,1055,61,680.1663338947329
medium_014,medium,615.2202947994296,119,2198,1101,1055,77,653.3289913522564
medium_014,medium,615.2202947994296,119,2198,1101,1055,86,648.430584114092
medium_014,medium,615.2202947994296,119,2198,1101,1055,88,648.9736417957104
medium_014,medium,615.2202947994296,119,2198,1101,1055,89,649.1703875393308
medium_014,medium,615.2202947994296,119,2198,1101,1055,122,671.4955765947401
medium_014,medium,615.2202947994296,119,2198,1101,1055,135,658.9923264671014
medium_014,medium,615.2202947994296,119,2198,1101,1055,145,662.6542447798668
medium_014,medium,615.2202947994296,119,2198,1101,1055,153,672.8098570896859
medium_014,medium,615.2202947994296,119,2198,1101,1055,157,673.4986496944367
medium_014,medium,615.2202947994296,119,2198,1101,1055,173,755.2893564611536
medium_014,medium,615.2202947994296,119,2198,1101,1055,180,700.3789016455445
medium_014,medium,615.2202947994296,119,2198,1101,1055,183,702.3155481434898
medium_014,medium,615.2202947994296,119,2198,1101,1055,195,698.6983654454301
medium_014,medium,615.2202947994296,119,2198,1101,1055,199,694.6175544042642
medium_014,medium,615.2202947994296,119,2198,1101,1055,202,701.3558931310805
medium_014,medium,615.2202947994296,119,2198,1101,1055,204,701.7153696005408
medium_014,medium,615.2202947994296,119,2198,1101,1055,208,694.5181534822026
medium_014,medium,615.2202947994296,119,2198,1101,1055,211,706.6723786015436
medium_014,medium,615.2202947994296,119,2198,1101,1055,212,695.4037119736602
medium_014,medium,615.2202947994296,119,2198,1101,1055,216,692.5468253904228
medium_014,medium,615.2202947994296,119,2198,1101,1055,223,701.8492677478794
medium_014,medium,615.2202947994296,119,2198,1101,1055,226,708.2605544291129
medium_014,medium,615.2202947994296,119,2198,1101,1055,229,764.8858270947308
medium_014,medium,615.2202947994296,119,2198,1101,1055,235,798.7594040906572
medium_014,medium,615.2202947994296,119,2198,1101,1055,236,766.7576030730279
medium_014,medium,615.2202947994296,119,2198,1101,1055,243,790.2012867660932
medium_014,medium,615.2202947994296,119,2198,1101,1055,250,775.7704034853964
medium_014,medium,615.2202947994296,119,2198,1101,1055,273,782.9327448103926
medium_014,medium,615.2202947994296,119,2198,1101,1055,298,803.4263867831081
medium_014,medium,615.2202947994296,119,2198,1101,1055,314,828.9602109125962
medium_014,medium,615.2202947994296,119,2198,1101,1055,559,721.9990533418774
medium_014,medium,615.2202947994296,119,2198,1101,1055,567,685.546421947432
medium_014,medium,615.2202947994296,119,2198,1101,1055,663,674.5301807295697
medium_014,medium,615.2202947994296,119,2198,1101,1055,690,791.8361635108738
medium_014,medium,615.2202947994296,119,2198,1101,1055,712,856.5718693622078
medium_014,medium,615.2202947994296,119,2198,1101,1055,721,871.2577526228072
medium_014,medium,615.2202947994296,119,2198,1101,1055,728,873.3880435365396
medium_014,medium,615.2202947994296,119,2198,1101,1055,763,878.5851516704734
medium_014,medium,615.2202947994296,119,2198,1101,1055,780,876.1617741576308
medium_014,medium,615.2202947994296,119,2198,1101,1055,785,879.169401903564
medium_014,medium,615.2202947994296,119,2198,1101,1055,788,868.0615828851023
medium_014,medium,615.2202947994296,119,2198,1101,1055,796,885.7697931045973
medium_014,medium,615.2202947994296,119,2198,1101,1055,797,860.8501215645377
medium_014,medium,615.2202947994296,119,2198,1101,1055,805,862.8927922922512
medium_014,medium,615.2202947994296,119,2198,1101,1055,821,862.9849089354257
medium_014,medium,615.2202947994296,119,2198,1101,1055,831,873.93863797834
medium_014,medium,615.2202947994296,119,2198,1101,1055,839,865.2291220840489
medium_014,medium,615.2202947994296,119,2198,1101,1055,878,952.721795974701
medium_014,medium,615.2202947994296,119,2198,1101,1055,887,955.1541738435708
medium_014,medium,615.2202947994296,119,2198,1101,1055,1634,727.089365348187
medium_014,medium,615.2202947994296,119,2198,1101,1055,2348,630.1986646029349
medium_014,medium,615.2202947994296,119,2198,1101,1055,2351,751.2699496695358
medium_014,medium,615.2202947994296,119,2198,1101,1055,2442,675.8989890883088
medium_014,medium,615.2202947994296,119,2198,1101,1055,2444,676.0119656659385
medium_014,medium,615.2202947994296,119,2198,1101,1055,2607,965.2416319906436
medium_014,medium,615.2202947994296,119,2198,1101,1055,2617,992.8919809952964
medium_014,medium,615.2202947994296,119,2198,1101,1055,2625,992.7703182089858
medium_014,medium,615.2202947994296,119,2198,1101,1055,2634,991.9430388825616
medium_014,medium,615.2202947994296,119,2198,1101,1055,2841,1014.9199067437744
medium_014,medium,615.2202947994296,119,2198,1101,1055,2847,1005.4855158913912
medium_014,medium,615.2202947994296,119,2198,1101,1055,2849,1001.0783459769737
medium_014,medium,615.2202947994296,119,2198,1101,1055,2859,1022.2215701048916
medium_014,medium,615.2202947994296,119,2198,1101,1055,2872,1004.4726057863872
medium_014,medium,615.2202947994296,119,2198,1101,1055,2875,1014.3383486143056
medium_014,medium,615.2202947994296,119,2198,1101,1055,2885,1017.577484138482
medium_014,medium,615.2202947994296,119,2198,1101,1055,2896,1002.0351611081068
medium_014,medium,615.2202947994296,119,2198,1101,1055,2900,1051.0232318214055
medium_014,medium,615.2202947994296,119,2198,1101,1055,2907,1048.3173040866534
medium_014,medium,615.2202947994296,119,2198,1101,1055,2916,1050.2372440615322
medium_014,medium,615.2202947994296,119,2198,1101,1055,2923,1050.664077754771
medium_014,medium,615.2202947994296,119,2198,1101,1055,2925,1050.477065788391
medium_014,medium,615.2202947994296,119,2198,1101,1055,2931,1052.240157906791
medium_014,medium,615.2202947994296,119,2198,1101,1055,2949,1065.298196061637
medium_014,medium,615.2202947994296,119,2198,1101,1055,2950,1065.311935561421
medium_014,medium,615.2202947994296,119,2198,1101,1055,2951,1073.9680740305214
medium_014,medium,615.2202947994296,119,2198,1101,1055,2953,1074.009713173082
medium_014,medium,615.2202947994296,119,2198,1101,1055,2958,1065.0221312253093
medium_014,medium,615.2202947994296,119,2198,1101,1055,2967,1068.745167862265
medium_014,medium,615.2202947994296,119,2198,1101,1055,2974,1068.8989563569285
medium_014,medium,615.2202947994296,119,2198,1101,1055,2976,1072.677023053228
medium_014,medium,615.2202947994296,119,2198,1101,1055,2978,1072.9959162873504
medium_014,medium,615.2202947994296,119,2198,1101,1055,2989,1062.9751248319187
medium_014,medium,615.2202947994296,119,2198,1101,1055,3014,1092.1668254385525
medium_014,medium,615.2202947994296,119,2198,1101,1055,3024,1091.1324688148716
medium_014,medium,615.2202947994296,119,2198,1101,1055,3026,1085.926909807171
medium_014,medium,615.2202947994296,119,2198,1101,1055,3038,1091.017347895001
medium_014,medium,615.2202947994296,119,2198,1101,1055,3040,1093.132673934079
medium_014,medium,615.2202947994296,119,2198,1101,1055,3041,1094.2019334949568
medium_014,medium,615.2202947994296,119,2198,1101,1055,3055,1087.513379296758
medium_014,medium,615.2202947994296,119,2198,1101,1055,3070,1083.8940322975843
medium_014,medium,615.2202947994296,119,2198,1101,1055,3090,1158.1980517236364
medium_014,medium,615.2202947994296,119,2198,1101,1055,3095,1164.1216416908107
medium_014,medium,615.2202947994296,119,2198,1101,1055,3107,1156.953605113312
medium_014,medium,615.2202947994296,119,2198,1101,1055,3111,1159.895024337298
medium_014,medium,615.2202947994296,119,2198,1101,1055,3123,1162.250180423339
medium_014,medium,615.2202947994296,119,2198,1101,1055,3125,1158.591210252427
medium_014,medium,615.2202947994296,119,2198,1101,1055,3127,1159.3681721349003
medium_014,medium,615.2202947994296,119,2198,1101,1055,3146,1190.0549725238
medium_014,medium,615.2202947994296,119,2198,1101,1055,3150,1197.861230373313
medium_014,medium,615.2202947994296,119,2198,1101,1055,3154,1192.1498045213198
medium_014,medium,615.2202947994296,119,2198,1101,1055,3159,1193.1911219522765
medium_014,medium,615.2202947994296,119,2198,1101,1055,3164,1189.6508331977705
medium_014,medium,615.2202947994296,119,2198,1101,1055,3184,1190.841130093196
medium_014,medium,615.2202947994296,119,2198,1101,1055,3194,1196.1727371751588
medium_014,medium,615.2202947994296,119,2198,1101,1055,3197,1194.645436424745
medium_014,medium,615.2202947994296,119,2198,1101,1055,3198,1192.4836018941114
medium_014,medium,615.2202947994296,119,2198,1101,1055,3229,1212.6829356303117
medium_014,medium,615.2202947994296,119,2198,1101,1055,3230,1214.1514691047305
medium_014,medium,615.2202947994296,119,2198,1101,1055,3231,1212.6829356303117
medium_014,medium,615.2202947994296,119,2198,1101,1055,3265,1220.5095141903143
medium_014,medium,615.2202947994296,119,2198,1101,1055,3271,1225.2857625849404
medium_015,medium,654.9719933131132,95,2265,1034,991,55,680.0413662228202
medium_015,medium,654.9719933131132,95,2265,1034,991,61,680.1663338947329
medium_015,medium,654.9719933131132,95,2265,1034,991,82,689.0163417578624
medium_015,medium,654.9719933131132,95,2265,1034,991,114,686.9693037937503
medium_015,medium,654.9719933131132,95,2265,1034,991,117,680.2607053162569
medium_015,medium,654.9719933131132,95,2265,1034,991,118,688.4420743000086
medium_015,medium,654.9719933131132,95,2265,1034,991,134,684.7840153801352
medium_015,medium,654.9719933131132,95,2265,1034,991,141,688.6182881870822
medium_015,medium,654.9719933131132,95,2265,1034,991,145,681.2354524950748
medium_015,medium,654.9719933131132,95,2265,1034,991,150,689.1662807266569
medium_015,medium,654.9719933131132,95,2265,1034,991,172,715.0872815749083
medium_015,medium,654.9719933131132,95,2265,1034,991,182,701.4211857593834
medium_015,medium,654.9719933131132,95,2265,1034,991,188,703.3506650488857
medium_015,medium,654.9719933131132,95,2265,1034,991,189,703.5553275553356
medium_015,medium,654.9719933131132,95,2265,1034,991,200,702.9291778137936
medium_015,medium,654.9719933131132,95,2265,1034,991,207,696.8738905377794
medium_015,medium,654.9719933131132,95,2265,1034,991,212,695.4037119736602
medium_015,medium,654.9719933131132,95,2265,1034,991,219,704.0895353824162
medium_015,medium,654.9719933131132,95,2265,1034,991,231,766.4081963968734
medium_015,medium,654.9719933131132,95,2265,1034,991,246,769.5508440691626
medium_015,medium,654.9719933131132,95,2265,1034,991,248,786.6703170400056
medium_015,medium,654.9719933131132,95,2265,1034,991,261,782.9327448103926
medium_015,medium,654.9719933131132,95,2265,1034,991,281,771.7127732562305
medium_015,medium,654.9719933131132,95,2265,1034,991,305,813.1458915126673
medium_015,medium,654.9719933131132,95,2265,1034,991,308,807.7071585090147
medium_015,medium,654.9719933131132,95,2265,1034,991,311,828.9602109125962
medium_015,medium,654.9719933131132,95,2265,1034,991,557,711.2322935927688
medium_015,medium,654.9719933131132,95,2265,1034,991,663,674.5301807295697
medium_015,medium,654.9719933131132,95,2265,1034,991,668,762.278698011802
medium_015,medium,654.9719933131132,95,2265,1034,991,677,769.1238079618367
medium_015,medium,654.9719933131132,95,2265,1034,991,690,791.8361635108738
medium_015,medium,654.9719933131132,95,2265,1034,991,757,861.680374284052
medium_015,medium,654.9719933131132,95,2265,1034,991,765,881.246947133774
medium_015,medium,654.9719933131132,95,2265,1034,991,785,879.169401903564
medium_015,medium,654.9719933131132,95,2265,1034,991,790,859.5724323604994
medium_015,medium,654.9719933131132,95,2265,1034,991,804,862.8730183668702
medium_015,medium,654.9719933131132,95,2265,1034,991,832,859.5724323604994
medium_015,medium,654.9719933131132,95,2265,1034,991,838,863.6618512764134
medium_015,medium,654.9719933131132,95,2265,1034,991,866,863.9845864565156
medium_015,medium,654.9719933131132,95,2265,1034,991,2398,808.8197564258983
medium_015,medium,654.9719933131132,95,2265,1034,991,2407,959.2366205239038
medium_015,medium,654.9719933131132,95,2265,1034,991,2410,959.2366205239038
medium_015,medium,654.9719933131132,95,2265,1034,991,2412,959.2366205239038
medium_015,medium,654.9719933131132,95,2265,1034,991,2416,962.2548292559144
medium_015,medium,654.9719933131132,95,2265,1034,991,2625,992.7703182089858
medium_015,medium,654.9719933131132,95,2265,1034,991,2839,1002.2047004791536
medium_015,medium,654.9719933131132,95,2265,1034,991,2841,1014.9199067437744
medium_015,medium,654.9719933131132,95,2265,1034,991,2859,1022.2215701048916
medium_015,medium,654.9719933131132,95,2265,1034,991,2880,1016.0909566614324
medium_015,medium,654.9719933131132,95,2265,1034,991,2881,1017.3872276628472
medium_015,medium,654.9719933131132,95,2265,1034,991,2891,1017.3646700333014
medium_015,medium,654.9719933131132,95,2265,1034,991,2898,1016.7602550996075
medium_015,medium,654.9719933131132,95,2265,1034,991,2914,1049.3420943635597
medium_015,medium,654.9719933131132,95,2265,1034,991,2918,1050.2919146873005
medium_015,medium,654.9719933131132,95,2265,1034,991,2923,1050.664077754771
medium_015,medium,654.9719933131132,95,2265,1034,991,2942,1064.5916821360368
medium_015,medium,654.9719933131132,95,2265,1034,991,2958,1065.0221312253093
medium_015,medium,654.9719933131132,95,2265,1034,991,2962,1068.5216186335306
medium_015,medium,654.9719933131132,95,2265,1034,991,2967,1068.745167862265
medium_015,medium,654.9719933131132,95,2265,1034,991,2985,1062.9751248319187
medium_015,medium,654.9719933131132,95,2265,1034,991,3009,1091.8806784570238
medium_015,medium,654.9719933131132,95,2265,1034,991,3012,1085.4710947945082
medium_015,medium,654.9719933131132,95,2265,1034,991,3020,1098.3786905686538
medium_015,medium,654.9719933131132,95,2265,1034,991,3022,1093.160091110393
medium_015,medium,654.9719933131132,95,2265,1034,991,3030,1097.7860036987263
medium_015,medium,654.9719933131132,95,2265,1034,991,3035,1088.411537994116
medium_015,medium,654.9719933131132,95,2265,1034,991,3043,1091.0091037157686
medium_015,medium,654.9719933131132,95,2265,1034,991,3083,1106.4164283590965
medium_015,medium,654.9719933131132,95,2265,1034,991,3095,1164.1216416908107
medium_015,medium,654.9719933131132,95,2265,1034,991,3109,1161.676991285707
medium_015,medium,654.9719933131132,95,2265,1034,991,3110,1159.125213337471
medium_015,medium,654.9719933131132,95,2265,1034,991,3125,1158.591210252427
medium_015,medium,654.9719933131132,95,2265,1034,991,3130,1157.8842943170162
medium_015,medium,654.9719933131132,95,2265,1034,991,3134,1156.953605113312
medium_015,medium,654.9719933131132,95,2265,1034,991,3138,1157.8870067721452
medium_015,medium,654.9719933131132,95,2265,1034,991,3151,1191.4609373459818
medium_015,medium,654.9719933131132,95,2265,1034,991,3153,1197.4245463143357
medium_015,medium,654.9719933131132,95,2265,1034,991,3162,1192.962275917395
medium_015,medium,654.9719933131132,95,2265,1034,991,3177,1196.1727371751588
medium_015,medium,654.9719933131132,95,2265,1034,991,3180,1195.6226423188416
medium_015,medium,654.9719933131132,95,2265,1034,991,3182,1194.399127249068
medium_015,medium,654.9719933131132,95,2265,1034,991,3199,1196.2012165385204
medium_015,medium,654.9719933131132,95,2265,1034,991,3213,1191.9475480450633
medium_015,medium,654.9719933131132,95,2265,1034,991,3219,1216.382336041379
medium_015,medium,654.9719933131132,95,2265,1034,991,3222,1217.7727238864586
medium_015,medium,654.9719933131132,95,2265,1034,991,3230,1214.1514691047305
medium_015,medium,654.9719933131132,95,2265,1034,991,3232,1213.7921242348098
medium_015,medium,654.9719933131132,95,2265,1034,991,3234,1212.6829356303117
medium_015,medium,654.9719933131132,95,2265,1034,991,3235,1212.6829356303117
medium_015,medium,654.9719933131132,95,2265,1034,991,3236,1212.6829356303117
medium_015,medium,654.9719933131132,95,2265,1034,991,3237,1212.6829356303117
medium_015,medium,654.9719933131132,95,2265,1034,991,3246,1215.6360786951834
medium_015,medium,654.9719933131132,95,2265,1034,991,3251,1216.8635608356176
medium_015,medium,654.9719933131132,95,2265,1034,991,3253,1212.6829356303117
medium_015,medium,654.9719933131132,95,2265,1034,991,3266,1221.627467239859
medium_016,medium,591.15628121465,112,2190,1109,1063,34,671.7540676273413
medium_016,medium,591.15628121465,112,2190,1109,1063,41,651.6299908178029
medium_016,medium,591.15628121465,112,2190,1109,1063,43,651.79631420405
medium_016,medium,591.15628121465,112,2190,1109,1063,47,667.8271291922499
medium_016,medium,591.15628121465,112,2190,1109,1063,50,646.9345934258029
medium_016,medium,591.15628121465,112,2190,1109,1063,54,647.3258561170181
medium_016,medium,591.15628121465,112,2190,1109,1063,65,645.0605220035679
medium_016,medium,591.15628121465,112,2190,1109,1063,70,644.4941884920835
medium_016,medium,591.15628121465,112,2190,1109,1063,71,648.2319897488958
medium_016,medium,591.15628121465,112,2190,1109,1063,76,652.3273322151731
medium_016,medium,591.15628121465,112,2190,1109,1063,84,671.1729201458467
medium_016,medium,591.15628121465,112,2190,1109,1063,102,681.7732809885176
medium_016,medium,591.15628121465,112,2190,1109,1063,109,652.6111053390252
medium_016,medium,591.15628121465,112,2190,1109,1063,112,649.6672004173959
medium_016,medium,591.15628121465,112,2190,1109,1063,130,666.5396178119408
medium_016,medium,591.15628121465,112,2190,1109,1063,133,658.844616300143
medium_016,medium,591.15628121465,112,2190,1109,1063,155,675.2726918798365
medium_016,medium,591.15628121465,112,2190,1109,1063,160,670.5676023633941
medium_016,medium,591.15628121465,112,2190,1109,1063,175,704.0895353824162
medium_016,medium,591.15628121465,112,2190,1109,1063,178,698.9437850576481
medium_016,medium,591.15628121465,112,2190,1109,1063,188,703.3506650488857
medium_016,medium,591.15628121465,112,2190,1109,1063,193,697.8595545836693
medium_016,medium,591.15628121465,112,2190,1109,1063,195,698.6983654454301
medium_016,medium,591.15628121465,112,2190,1109,1063,199,694.6175544042642
medium_016,medium,591.15628121465,112,2190,1109,1063,203,700.2100700482589
medium_016,medium,591.15628121465,112,2190,1109,1063,206,702.5300340070621
medium_016,medium,591.15628121465,112,2190,1109,1063,219,704.0895353824162
medium_016,medium,591.15628121465,112,2190,1109,1063,225,709.9124287859539
medium_016,medium,591.15628121465,112,2190,1109,1063,232,790.7002411719734
medium_016,medium,591.15628121465,112,2190,1109,1063,243,790.2012867660932
medium_016,medium,591.15628121465,112,2190,1109,1063,254,786.4839748922884
medium_016,medium,591.15628121465,112,2190,1109,1063,263,764.2480565605323
medium_016,medium,591.15628121465,112,2190,1109,1063,277,782.6429150261217
medium_016,medium,591.15628121465,112,2190,1109,1063,294,806.0436749859746
medium_016,medium,591.15628121465,112,2190,1109,1063,314,828.9602109125962
medium_016,medium,591.15628121465,112,2190,1109,1063,559,721.9990533418774
medium_016,medium,591.15628121465,112,2190,1109,1063,561,727.4044859912502
medium_016,medium,591.15628121465,112,2190,1109,1063,658,733.5457102822107
medium_016,medium,591.15628121465,112,2190,1109,1063,668,762.278698011802
medium_016,medium,591.15628121465,112,2190,1109,1063,675,777.5585012156706
medium_016,medium,591.15628121465,112,2190,1109,1063,679,774.4019167482726
medium_016,medium,591.15628121465,112,2190,1109,1063,689,798.9952921667135
medium_016,medium,591.15628121465,112,2190,1109,1063,692,791.9201836243208
medium_016,medium,591.15628121465,112,2190,1109,1063,730,871.7009293133472
medium_016,medium,591.15628121465,112,2190,1109,1063,740,865.6372638042347
medium_016,medium,591.15628121465,112,2190,1109,1063,753,879.9012077256267
medium_016,medium,591.15628121465,112,2190,1109,1063,770,868.0520453793015
medium_016,medium,591.15628121465,112,2190,1109,1063,783,860.6065315031204
medium_016,medium,591.15628121465,112,2190,1109,1063,793,860.8168789708238
medium_016,medium,591.15628121465,112,2190,1109,1063,794,865.002744805134
medium_016,medium,591.15628121465,112,2190,1109,1063,796,885.7697931045973
medium_016,medium,591.15628121465,112,2190,1109,1063,801,860.8576782895826
medium_016,medium,591.15628121465,112,2190,1109,1063,823,868.0615828851023
medium_016,medium,591.15628121465,112,2190,1109,1063,825,859.5724323604994
medium_016,medium,591.15628121465,112,2190,1109,1063,826,861.8474505235754
medium_016,medium,591.15628121465,112,2190,1109,1063,827,864.2221364914626
medium_016,medium,591.15628121465,112,2190,1109,1063,838,863.6618512764134
medium_016,medium,591.15628121465,112,2190,1109,1063,861,868.4908732793257
medium_016,medium,591.15628121465,112,2190,1109,1063,866,863.9845864565156
medium_016,medium,591.15628121465,112,2190,1109,1063,872,953.4016376001576
medium_016,medium,591.15628121465,112,2190,1109,1063,883,952.721795974701
medium_016,medium,591.15628121465,112,2190,1109,1063,884,953.8397490242456
medium_016,medium,591.15628121465,112,2190,1109,1063,2130,617.288117629961
medium_016,medium,591.15628121465,112,2190,1109,1063,2339,619.8287166121504
medium_016,medium,591.15628121465,112,2190,1109,1063,2399,822.023726000976
medium_016,medium,591.15628121465,112,2190,1109,1063,2404,959.2366205239038
medium_016,medium,591.15628121465,112,2190,1109,1063,2411,959.2366205239038
medium_016,medium,591.15628121465,112,2190,1109,1063,2437,683.5686967268031
medium_016,medium,591.15628121465,112,2190,1109,1063,2440,677.697527896235
medium_016,medium,591.15628121465,112,2190,1109,1063,2445,676.2091532200614
medium_016,medium,591.15628121465,112,2190,1109,1063,2624,993.649783356905
medium_016,medium,591.15628121465,112,2190,1109,1063,2629,993.5806440216762
medium_016,medium,591.15628121465,112,2190,1109,1063,2636,991.9430388825616
medium_016,medium,591.15628121465,112,2190,1109,1063,2825,999.9669628228648
medium_016,medium,591.15628121465,112,2190,1109,1063,2833,1009.2239059693052
medium_016,medium,591.15628121465,112,2190,1109,1063,2847,1005.4855158913912
medium_016,medium,591.15628121465,112,2190,1109,1063,2849,1001.0783459769737
medium_016,medium,591.15628121465,112,2190,1109,1063,2880,1016.0909566614324
medium_016,medium,591.15628121465,112,2190,1109,1063,2886,1006.5100327540436
medium_016,medium,591.15628121465,112,2190,1109,1063,2895,1002.609350777852
medium_016,medium,591.15628121465,112,2190,1109,1063,2901,1048.3173040866534
medium_016,medium,591.15628121465,112,2190,1109,1063,2902,1052.8172558680324
medium_016,medium,591.15628121465,112,2190,1109,1063,2910,1048.3173040866534
medium_016,medium,591.15628121465,112,2190,1109,1063,2935,1061.4873629522383
medium_016,medium,591.15628121465,112,2190,1109,1063,2937,1061.4873629522383
medium_016,medium,591.15628121465,112,2190,1109,1063,2945,1073.2687181041986
medium_016,medium,591.15628121465,112,2190,1109,1063,2946,1062.9751248319187
medium_016,medium,591.15628121465,112,2190,1109,1063,2950,1065.311935561421
medium_016,medium,591.15628121465,112,2190,1109,1063,2958,1065.0221312253093
medium_016,medium,591.15628121465,112,2190,1109,1063,2964,1065.0433231171608
medium_016,medium,591.15628121465,112,2190,1109,1063,2974,1068.8989563569285
medium_016,medium,591.15628121465,112,2190,1109,1063,2991,1064.4657288609587
medium_016,medium,591.15628121465,112,2190,1109,1063,3000,1095.1923449701198
medium_016,medium,591.15628121465,112,2190,1109,1063,3006,1083.8940322975843
medium_016,medium,591.15628121465,112,2190,1109,1063,3008,1088.2911199767286
medium_016,medium,591.15628121465,112,2190,1109,1063,3014,1092.1668254385525
medium_016,medium,591.15628121465,112,2190,1109,1063,3020,1098.3786905686538
medium_016,medium,591.15628121465,112,2190,1109,1063,3029,1083.8940322975843
medium_016,medium,591.15628121465,112,2190,1109,1063,3047,1098.001817802796
medium_016,medium,591.15628121465,112,2190,1109,1063,3048,1094.8852860169882
medium_016,medium,591.15628121465,112,2190,1109,1063,3053,1083.8940322975843
medium_016,medium,591.15628121465,112,2190,1109,1063,3066,1085.531637436699
medium_016,medium,591.15628121465,112,2190,1109,1063,3102,1159.9652184117003
medium_016,medium,591.15628121465,112,2190,1109,1063,3105,1156.953605113312
medium_016,medium,591.15628121465,112,2190,1109,1063,3119,1156.953605113312
medium_016,medium,591.15628121465,112,2190,1109,1063,3124,1160.175885649291
medium_016,medium,591.15628121465,112,2190,1109,1063,3128,1158.7277345929413
medium_016,medium,591.15628121465,112,2190,1109,1063,3132,1158.2312943173504
medium_016,medium,591.15628121465,112,2190,1109,1063,3159,1193.1911219522765
medium_016,medium,591.15628121465,112,2190,1109,1063,3178,1193.7872297682543
medium_016,medium,591.15628121465,112,2190,1109,1063,3218,1216.9957962194048
medium_016,medium,591.15628121465,112,2190,1109,1063,3262,1220.5095141903143
medium_017,medium,549.1044381049104,97,2164,1135,1088,33,679.958758705477
medium_017,medium,549.1044381049104,97,2164,1135,1088,35,672.2819623585136
medium_017,medium,549.1044381049104,97,2164,1135,1088,43,651.79631420405
medium_017,medium,549.1044381049104,97,2164,1135,1088,65,645.0605220035679
medium_017,medium,549.1044381049104,97,2164,1135,1088,69,644.1872335748867
medium_017,medium,549.1044381049104,97,2164,1135,1088,75,650.5539072741408
medium_017,medium,549.1044381049104,97,2164,1135,1088,89,649.1703875393308
medium_017,medium,549.1044381049104,97,2164,1135,1088,93,668.8224825393547
medium_017,medium,549.1044381049104,97,2164,1135,1088,106,649.2458332163693
medium_017,medium,549.1044381049104,97,2164,1135,1088,108,645.7401222443542
medium_017,medium,549.1044381049104,97,2164,1135,1088,114,663.6328331997213
medium_017,medium,549.1044381049104,97,2164,1135,1088,142,662.0367608998619
medium_017,medium,549.1044381049104,97,2164,1135,1088,147,667.202513944135
medium_017,medium,549.1044381049104,97,2164,1135,1088,149,667.4817458035079
medium_017,medium,549.1044381049104,97,2164,1135,1088,162,670.1105204220381
medium_017,medium,549.1044381049104,97,2164,1135,1088,186,711.7231516805729
medium_017,medium,549.1044381049104,97,2164,1135,1088,202,701.3558931310805
medium_017,medium,549.1044381049104,97,2164,1135,1088,203,700.2100700482589
medium_017,medium,549.1044381049104,97,2164,1135,1088,207,696.8738905377794
medium_017,medium,549.1044381049104,97,2164,1135,1088,220,704.1869718201644
medium_017,medium,549.1044381049104,97,2164,1135,1088,229,764.8858270947308
medium_017,medium,549.1044381049104,97,2164,1135,1088,232,790.7002411719734
medium_017,medium,549.1044381049104,97,2164,1135,1088,234,786.669008903823
medium_017,medium,549.1044381049104,97,2164,1135,1088,250,775.7704034853964
medium_017,medium,549.1044381049104,97,2164,1135,1088,262,764.2480565605323
medium_017,medium,549.1044381049104,97,2164,1135,1088,265,778.3623740723899
medium_017,medium,549.1044381049104,97,2164,1135,1088,272,768.0141013965439
medium_017,medium,549.1044381049104,97,2164,1135,1088,300,803.4263867831081
medium_017,medium,549.1044381049104,97,2164,1135,1088,308,807.7071585090147
medium_017,medium,549.1044381049104,97,2164,1135,1088,311,828.9602109125962
medium_017,medium,549.1044381049104,97,2164,1135,1088,548,578.9937790602513
medium_017,medium,549.1044381049104,97,2164,1135,1088,555,691.135720427626
medium_017,medium,549.1044381049104,97,2164,1135,1088,610,575.9831350308601
medium_017,medium,549.1044381049104,97,2164,1135,1088,659,639.5795397269264
medium_017,medium,549.1044381049104,97,2164,1135,1088,662,674.102027440945
medium_017,medium,549.1044381049104,97,2164,1135,1088,678,770.7986948040026
medium_017,medium,549.1044381049104,97,2164,1135,1088,688,791.1284819239598
medium_017,medium,549.1044381049104,97,2164,1135,1088,692,791.9201836243208
medium_017,medium,549.1044381049104,97,2164,1135,1088,720,869.9134237867096
medium_017,medium,549.1044381049104,97,2164,1135,1088,735,879.2051215339136
medium_017,medium,549.1044381049104,97,2164,1135,1088,748,910.764837228464
medium_017,medium,549.1044381049104,97,2164,1135,1088,752,875.1578269596802
medium_017,medium,549.1044381049104,97,2164,1135,1088,755,867.2545522133303
medium_017,medium,549.1044381049104,97,2164,1135,1088,773,860.4821570529602
medium_017,medium,549.1044381049104,97,2164,1135,1088,820,863.5320352605727
medium_017,medium,549.1044381049104,97,2164,1135,1088,827,864.2221364914626
medium_017,medium,549.1044381049104,97,2164,1135,1088,830,872.4654778515962
medium_017,medium,549.1044381049104,97,2164,1135,1088,1641,699.4630147915418
medium_017,medium,549.1044381049104,97,2164,1135,1088,2347,618.7655491311699
medium_017,medium,549.1044381049104,97,2164,1135,1088,2420,962.2548292559144
medium_017,medium,549.1044381049104,97,2164,1135,1088,2441,675.8989890883088
medium_017,medium,549.1044381049104,97,2164,1135,1088,2621,993.1045744974208
medium_017,medium,549.1044381049104,97,2164,1135,1088,2626,992.8301365003624
medium_017,medium,549.1044381049104,97,2164,1135,1088,2639,991.9430388825616
medium_017,medium,549.1044381049104,97,2164,1135,1088,2823,1005.946029295101
medium_017,medium,549.1044381049104,97,2164,1135,1088,2824,999.9669628228648
medium_017,medium,549.1044381049104,97,2164,1135,1088,2828,1003.324510499214
medium_017,medium,549.1044381049104,97,2164,1135,1088,2842,1009.3795385198888
medium_017,medium,549.1044381049104,97,2164,1135,1088,2869,999.9669628228648
medium_017,medium,549.1044381049104,97,2164,1135,1088,2883,1019.83907188817
medium_017,medium,549.1044381049104,97,2164,1135,1088,2884,1016.7910283148892
medium_017,medium,549.1044381049104,97,2164,1135,1088,2890,1016.0667055497744
medium_017,medium,549.1044381049104,97,2164,1135,1088,2905,1055.2043394055625
medium_017,medium,549.1044381049104,97,2164,1135,1088,2914,1049.3420943635597
medium_017,medium,549.1044381049104,97,2164,1135,1088,2916,1050.2372440615322
medium_017,medium,549.1044381049104,97,2164,1135,1088,2928,1048.3173040866534
medium_017,medium,549.1044381049104,97,2164,1135,1088,2940,1062.9751248319187
medium_017,medium,549.1044381049104,97,2164,1135,1088,2972,1072.370283141163
medium_017,medium,549.1044381049104,97,2164,1135,1088,3002,1098.3786905686538
medium_017,medium,549.1044381049104,97,2164,1135,1088,3023,1088.9640078669138
medium_017,medium,549.1044381049104,97,2164,1135,1088,3028,1094.4418436016283
medium_017,medium,549.1044381049104,97,2164,1135,1088,3035,1088.411537994116
medium_017,medium,549.1044381049104,97,2164,1135,1088,3051,1086.405719518302
medium_017,medium,549.1044381049104,97,2164,1135,1088,3062,1088.9640078669138
medium_017,medium,549.1044381049104,97,2164,1135,1088,3066,1085.531637436699
medium_017,medium,549.1044381049104,97,2164,1135,1088,3070,1083.8940322975843
medium_017,medium,549.1044381049104,97,2164,1135,1088,3073,1106.4164283590965
medium_017,medium,549.1044381049104,97,2164,1135,1088,3079,1106.4164283590965
medium_017,medium,549.1044381049104,97,2164,1135,1088,3088,1123.9338595760016
medium_017,medium,549.1044381049104,97,2164,1135,1088,3094,1161.090001683796
medium_017,medium,549.1044381049104,97,2164,1135,1088,3098,1162.2052055932354
medium_017,medium,549.1044381049104,97,2164,1135,1088,3101,1160.0316744649958
medium_017,medium,549.1044381049104,97,2164,1135,1088,3105,1156.953605113312
medium_017,medium,549.1044381049104,97,2164,1135,1088,3124,1160.175885649291
medium_017,medium,549.1044381049104,97,2164,1135,1088,3129,1158.993088747223
medium_017,medium,549.1044381049104,97,2164,1135,1088,3139,1156.953605113312
medium_017,medium,549.1044381049104,97,2164,1135,1088,3149,1197.2820231143414
medium_017,medium,549.1044381049104,97,2164,1135,1088,3165,1190.4393644462325
medium_017,medium,549.1044381049104,97,2164,1135,1088,3185,1190.302972439652
medium_017,medium,549.1044381049104,97,2164,1135,1088,3200,1201.3963479818258
medium_017,medium,549.1044381049104,97,2164,1135,1088,3220,1216.4437591711417
medium_017,medium,549.1044381049104,97,2164,1135,1088,3224,1214.7504566980338
medium_017,medium,549.1044381049104,97,2164,1135,1088,3249,1213.89344282073
medium_017,medium,549.1044381049104,97,2164,1135,1088,3252,1217.7727238864586
medium_017,medium,549.1044381049104,97,2164,1135,1088,3264,1220.5095141903143
medium_017,medium,549.1044381049104,97,2164,1135,1088,3289,1235.1288965458584
medium_017,medium,549.1044381049104,97,2164,1135,1088,3296,1236.9712022511055
medium_018,medium,480.3719664130992,115,2076,1223,1172,33,679.958758705477
medium_018,medium,480.3719664130992,115,2076,1223,1172,68,644.0799257668592
medium_018,medium,480.3719664130992,115,2076,1223,1172,69,644.1872335748867
medium_018,medium,480.3719664130992,115,2076,1223,1172,93,668.8224825393547
medium_018,medium,480.3719664130992,115,2076,1223,1172,100,644.6978191988933
medium_018,medium,480.3719664130992,115,2076,1223,1172,118,672.4481731057507
medium_018,medium,480.3719664130992,115,2076,1223,1172,123,665.3352616877083
medium_018,medium,480.3719664130992,115,2076,1223,1172,125,656.953525879767
medium_018,medium,480.3719664130992,115,2076,1223,1172,147,667.202513944135
medium_018,medium,480.3719664130992,115,2076,1223,1172,165,696.1109557716287
medium_018,medium,480.3719664130992,115,2076,1223,1172,169,756.9799950026689
medium_018,medium,480.3719664130992,115,2076,1223,1172,210,705.9438113729364
medium_018,medium,480.3719664130992,115,2076,1223,1172,222,702.7096057416704
medium_018,medium,480.3719664130992,115,2076,1223,1172,230,765.8217150838793
medium_018,medium,480.3719664130992,115,2076,1223,1172,232,790.7002411719734
medium_018,medium,480.3719664130992,115,2076,1223,1172,259,780.4209390694166
medium_018,medium,480.3719664130992,115,2076,1223,1172,262,764.2480565605323
medium_018,medium,480.3719664130992,115,2076,1223,1172,278,776.6218869134428
medium_018,medium,480.3719664130992,115,2076,1223,1172,298,803.4263867831081
medium_018,medium,480.3719664130992,115,2076,1223,1172,307,807.7071585090147
medium_018,medium,480.3719664130992,115,2076,1223,1172,313,828.9602109125962
medium_018,medium,480.3719664130992,115,2076,1223,1172,350,512.2419115932511
medium_018,medium,480.3719664130992,115,2076,1223,1172,360,512.6553423694688
medium_018,medium,480.3719664130992,115,2076,1223,1172,372,527.7159508723483
medium_018,medium,480.3719664130992,115,2076,1223,1172,549,562.4738287709367
medium_018,medium,480.3719664130992,115,2076,1223,1172,551,597.7370754103099
medium_018,medium,480.3719664130992,115,2076,1223,1172,554,630.5932206907065
medium_018,medium,480.3719664130992,115,2076,1223,1172,557,711.2322935927688
medium_018,medium,480.3719664130992,115,2076,1223,1172,612,586.0977783934629
medium_018,medium,480.3719664130992,115,2076,1223,1172,661,673.9496142906963
medium_018,medium,480.3719664130992,115,2076,1223,1172,666,739.1931051461944
medium_018,medium,480.3719664130992,115,2076,1223,1172,670,748.9043558653999
medium_018,medium,480.3719664130992,115,2076,1223,1172,723,873.3259509080492
medium_018,medium,480.3719664130992,115,2076,1223,1172,731,873.2629054597824
medium_018,medium,480.3719664130992,115,2076,1223,1172,743,880.7670976803488
medium_018,medium,480.3719664130992,115,2076,1223,1172,751,877.5106830403436
medium_018,medium,480.3719664130992,115,2076,1223,1172,759,859.5724323604994
medium_018,medium,480.3719664130992,115,2076,1223,1172,760,865.4376624291733
medium_018,medium,480.3719664130992,115,2076,1223,1172,771,872.4866798286401
medium_018,medium,480.3719664130992,115,2076,1223,1172,773,860.4821570529602
medium_018,medium,480.3719664130992,115,2076,1223,1172,799,874.6448615379327
medium_018,medium,480.3719664130992,115,2076,1223,1172,800,875.9301074670159
medium_018,medium,480.3719664130992,115,2076,1223,1172,812,919.9097723042092
medium_018,medium,480.3719664130992,115,2076,1223,1172,815,867.9889902284109
medium_018,medium,480.3719664130992,115,2076,1223,1172,821,862.9849089354257
medium_018,medium,480.3719664130992,115,2076,1223,1172,832,859.5724323604994
medium_018,medium,480.3719664130992,115,2076,1223,1172,851,869.0740015982519
medium_018,medium,480.3719664130992,115,2076,1223,1172,855,860.4465144421024
medium_018,medium,480.3719664130992,115,2076,1223,1172,860,874.7576463522589
medium_018,medium,480.3719664130992,115,2076,1223,1172,1536,542.3219014879312
medium_018,medium,480.3719664130992,115,2076,1223,1172,1562,531.2020012980644
medium_018,medium,480.3719664130992,115,2076,1223,1172,2228,503.77488285666226
medium_018,medium,480.3719664130992,115,2076,1223,1172,2229,502.0936055317422
medium_018,medium,480.3719664130992,115,2076,1223,1172,2285,493.1519758914536
medium_018,medium,480.3719664130992,115,2076,1223,1172,2287,500.5038167805954
medium_018,medium,480.3719664130992,115,2076,1223,1172,2296,492.22119485656634
medium_018,medium,480.3719664130992,115,2076,1223,1172,2326,516.342957116773
medium_018,medium,480.3719664130992,115,2076,1223,1172,2339,619.8287166121504
medium_018,medium,480.3719664130992,115,2076,1223,1172,2411,959.2366205239038
medium_018,medium,480.3719664130992,115,2076,1223,1172,2417,963.4202721085694
medium_018,medium,480.3719664130992,115,2076,1223,1172,2628,992.7200007650356
medium_018,medium,480.3719664130992,115,2076,1223,1172,2636,991.9430388825616
medium_018,medium,480.3719664130992,115,2076,1223,1172,2690,501.6557232093066
medium_018,medium,480.3719664130992,115,2076,1223,1172,2826,999.9669628228648
medium_018,medium,480.3719664130992,115,2076,1223,1172,2838,1010.9258256478414
medium_018,medium,480.3719664130992,115,2076,1223,1172,2844,1012.817481250774
medium_018,medium,480.3719664130992,115,2076,1223,1172,2856,1003.8938021954574
medium_018,medium,480.3719664130992,115,2076,1223,1172,2859,1022.2215701048916
medium_018,medium,480.3719664130992,115,2076,1223,1172,2863,1003.6850934658532
medium_018,medium,480.3719664130992,115,2076,1223,1172,2894,1002.8985115298556
medium_018,medium,480.3719664130992,115,2076,1223,1172,2910,1048.3173040866534
medium_018,medium,480.3719664130992,115,2076,1223,1172,2917,1050.240539769415
medium_018,medium,480.3719664130992,115,2076,1223,1172,2925,1050.477065788391
medium_018,medium,480.3719664130992,115,2076,1223,1172,2927,1052.3816699129793
medium_018,medium,480.3719664130992,115,2076,1223,1172,2931,1052.240157906791
medium_018,medium,480.3719664130992,115,2076,1223,1172,2940,1062.9751248319187
medium_018,medium,480.3719664130992,115,2076,1223,1172,2957,1065.2338776801844
medium_018,medium,480.3719664130992,115,2076,1223,1172,2959,1064.9464529236984
medium_018,medium,480.3719664130992,115,2076,1223,1172,2967,1068.745167862265
medium_018,medium,480.3719664130992,115,2076,1223,1172,2971,1069.6828427960106
medium_018,medium,480.3719664130992,115,2076,1223,1172,2986,1062.9751248319187
medium_018,medium,480.3719664130992,115,2076,1223,1172,3002,1098.3786905686538
medium_018,medium,480.3719664130992,115,2076,1223,1172,3005,1083.8940322975843
medium_018,medium,480.3719664130992,115,2076,1223,1172,3016,1086.50258926511
medium_018,medium,480.3719664130992,115,2076,1223,1172,3036,1088.4192926006815
medium_018,medium,480.3719664130992,115,2076,1223,1172,3054,1083.8940322975843
medium_018,medium,480.3719664130992,115,2076,1223,1172,3061,1092.806985161587
medium_018,medium,480.3719664130992,115,2076,1223,1172,3065,1084.6709941800582
medium_018,medium,480.3719664130992,115,2076,1223,1172,3082,1106.4164283590965
medium_018,medium,480.3719664130992,115,2076,1223,1172,3088,1123.9338595760016
medium_018,medium,480.3719664130992,115,2076,1223,1172,3097,1162.250180423339
medium_018,medium,480.3719664130992,115,2076,1223,1172,3100,1161.632570435744
medium_018,medium,480.3719664130992,115,2076,1223,1172,3104,1162.8345792435434
medium_018,medium,480.3719664130992,115,2076,1223,1172,3116,1157.840702731113
medium_018,medium,480.3719664130992,115,2076,1223,1172,3148,1189.6508331977705
medium_018,medium,480.3719664130992,115,2076,1223,1172,3159,1193.1911219522765
medium_018,medium,480.3719664130992,115,2076,1223,1172,3182,1194.399127249068
medium_018,medium,480.3719664130992,115,2076,1223,1172,3183,1190.8459967549968
medium_018,medium,480.3719664130992,115,2076,1223,1172,3184,1190.841130093196
medium_018,medium,480.3719664130992,115,2076,1223,1172,3187,1191.1178576473133
medium_018,medium,480.3719664130992,115,2076,1223,1172,3195,1190.5800617035045
medium_018,medium,480.3719664130992,115,2076,1223,1172,3199,1196.2012165385204
medium_018,medium,480.3719664130992,115,2076,1223,1172,3204,1201.3963479818258
medium_018,medium,480.3719664130992,115,2076,1223,1172,3206,1194.7681844492004
medium_018,medium,480.3719664130992,115,2076,1223,1172,3220,1216.4437591711417
medium_018,medium,480.3719664130992,115,2076,1223,1172,3227,1214.6020882913242
medium_018,medium,480.3719664130992,115,2076,1223,1172,3229,1212.6829356303117
medium_018,medium,480.3719664130992,115,2076,1223,1172,3233,1212.6829356303117
medium_018,medium,480.3719664130992,115,2076,1223,1172,3238,1213.7407908518985
medium_018,medium,480.3719664130992,115,2076,1223,1172,3240,1212.6829356303117
medium_018,medium,480.3719664130992,115,2076,1223,1172,3242,1213.248730680731
medium_018,medium,480.3719664130992,115,2076,1223,1172,3250,1213.9591309841965
medium_018,medium,480.3719664130992,115,2076,1223,1172,3267,1220.5095141903143
medium_018,medium,480.3719664130992,115,2076,1223,1172,3273,1220.5095141903143
medium_018,medium,480.3719664130992,115,2076,1223,1172,3298,1235.1288965458584
medium_019,medium,647.404223555666,107,2237,1062,1019,47,673.6779053369993
medium_019,medium,647.404223555666,107,2237,1062,1019,74,663.3667468586848
medium_019,medium,647.404223555666,107,2237,1062,1019,84,674.9261553950682
medium_019,medium,647.404223555666,107,2237,1062,1019,94,669.135636880074
medium_019,medium,647.404223555666,107,2237,1062,1019,111,671.4657721848504
medium_019,medium,647.404223555666,107,2237,1062,1019,116,678.4079184706803
medium_019,medium,647.404223555666,107,2237,1062,1019,117,680.3100492687324
medium_019,medium,647.404223555666,107,2237,1062,1019,122,671.4955765947401
medium_019,medium,647.404223555666,107,2237,1062,1019,123,679.831256287426
medium_019,medium,647.404223555666,107,2237,1062,1019,141,663.6893992891635
medium_019,medium,647.404223555666,107,2237,1062,1019,155,675.2726918798365
medium_019,medium,647.404223555666,107,2237,1062,1019,156,675.0276225052568
medium_019,medium,647.404223555666,107,2237,1062,1019,165,696.1109557716287
medium_019,medium,647.404223555666,107,2237,1062,1019,166,707.6612556375802
medium_019,medium,647.404223555666,107,2237,1062,1019,174,762.335019945893
medium_019,medium,647.404223555666,107,2237,1062,1019,191,698.1219746065142
medium_019,medium,647.404223555666,107,2237,1062,1019,198,693.8281886618297
medium_019,medium,647.404223555666,107,2237,1062,1019,219,704.0895353824162
medium_019,medium,647.404223555666,107,2237,1062,1019,265,778.3623740723899
medium_019,medium,647.404223555666,107,2237,1062,1019,276,802.5927107710862
medium_019,medium,647.404223555666,107,2237,1062,1019,279,777.5297125666199
medium_019,medium,647.404223555666,107,2237,1062,1019,280,770.6460013162009
medium_019,medium,647.404223555666,107,2237,1062,1019,292,803.4263867831081
medium_019,medium,647.404223555666,107,2237,1062,1019,293,805.2931901007745
medium_019,medium,647.404223555666,107,2237,1062,1019,297,803.4263867831081
medium_019,medium,647.404223555666,107,2237,1062,1019,299,805.4733931764986
medium_019,medium,647.404223555666,107,2237,1062,1019,301,803.4263867831081
medium_019,medium,647.404223555666,107,2237,1062,1019,569,686.3728680348255
medium_019,medium,647.404223555666,107,2237,1062,1019,676,769.6646148802446
medium_019,medium,647.404223555666,107,2237,1062,1019,717,859.5724323604994
medium_019,medium,647.404223555666,107,2237,1062,1019,721,871.2577526228072
medium_019,medium,647.404223555666,107,2237,1062,1019,726,860.6095453422327
medium_019,medium,647.404223555666,107,2237,1062,1019,734,877.7070197679204
medium_019,medium,647.404223555666,107,2237,1062,1019,735,879.2051215339136
medium_019,medium,647.404223555666,107,2237,1062,1019,737,861.4147380657464
medium_019,medium,647.404223555666,107,2237,1062,1019,743,880.7670976803488
medium_019,medium,647.404223555666,107,2237,1062,1019,758,868.5507599903209
medium_019,medium,647.404223555666,107,2237,1062,1019,762,873.9258668255386
medium_019,medium,647.404223555666,107,2237,1062,1019,780,876.1617741576308
medium_019,medium,647.404223555666,107,2237,1062,1019,797,860.8501215645377
medium_019,medium,647.404223555666,107,2237,1062,1019,806,869.8673997118814
medium_019,medium,647.404223555666,107,2237,1062,1019,812,919.9097723042092
medium_019,medium,647.404223555666,107,2237,1062,1019,814,863.5252499795965
medium_019,medium,647.404223555666,107,2237,1062,1019,860,874.7576463522589
medium_019,medium,647.404223555666,107,2237,1062,1019,863,870.8193278045965
medium_019,medium,647.404223555666,107,2237,1062,1019,870,954.2622808567984
medium_019,medium,647.404223555666,107,2237,1062,1019,873,953.7321442747192
medium_019,medium,647.404223555666,107,2237,1062,1019,879,952.721795974701
medium_019,medium,647.404223555666,107,2237,1062,1019,887,955.1541738435708
medium_019,medium,647.404223555666,107,2237,1062,1019,889,955.0798430416164
medium_019,medium,647.404223555666,107,2237,1062,1019,2336,682.4678959318494
medium_019,medium,647.404223555666,107,2237,1062,1019,2417,963.4202721085694
medium_019,medium,647.404223555666,107,2237,1062,1019,2419,962.2548292559144
medium_019,medium,647.404223555666,107,2237,1062,1019,2422,963.8104987285144
medium_019,medium,647.404223555666,107,2237,1062,1019,2437,683.5686967268031
medium_019,medium,647.404223555666,107,2237,1062,1019,2443,692.291236261984
medium_019,medium,647.404223555666,107,2237,1062,1019,2620,993.7131311739878
medium_019,medium,647.404223555666,107,2237,1062,1019,2638,991.9430388825616
medium_019,medium,647.404223555666,107,2237,1062,1019,2714,755.2893564611536
medium_019,medium,647.404223555666,107,2237,1062,1019,2837,1009.3795385198888
medium_019,medium,647.404223555666,107,2237,1062,1019,2870,999.9669628228648
medium_019,medium,647.404223555666,107,2237,1062,1019,2887,999.9669628228648
medium_019,medium,647.404223555666,107,2237,1062,1019,2891,1017.3646700333014
medium_019,medium,647.404223555666,107,2237,1062,1019,2902,1052.8172558680324
medium_019,medium,647.404223555666,107,2237,1062,1019,2913,1051.0232318214055
medium_019,medium,647.404223555666,107,2237,1062,1019,2921,1048.3173040866534
medium_019,medium,647.404223555666,107,2237,1062,1019,2930,1050.9258611652378
medium_019,medium,647.404223555666,107,2237,1062,1019,2946,1062.9751248319187
medium_019,medium,647.404223555666,107,2237,1062,1019,2950,1065.311935561421
medium_019,medium,647.404223555666,107,2237,1062,1019,2964,1065.0433231171608
medium_019,medium,647.404223555666,107,2237,1062,1019,2969,1068.3961316139034
medium_019,medium,647.404223555666,107,2237,1062,1019,2978,1072.9959162873504
medium_019,medium,647.404223555666,107,2237,1062,1019,3005,1083.8940322975843
medium_019,medium,647.404223555666,107,2237,1062,1019,3006,1083.8940322975843
medium_019,medium,647.404223555666,107,2237,1062,1019,3010,1085.238361133682
medium_019,medium,647.404223555666,107,2237,1062,1019,3018,1088.4508133315417
medium_019,medium,647.404223555666,107,2237,1062,1019,3033,1088.3050126624184
medium_019,medium,647.404223555666,107,2237,1062,1019,3035,1088.411537994116
medium_019,medium,647.404223555666,107,2237,1062,1019,3051,1086.405719518302
medium_019,medium,647.404223555666,107,2237,1062,1019,3069,1084.8033457435122
medium_019,medium,647.404223555666,107,2237,1062,1019,3086,1123.9338595760016
medium_019,medium,647.404223555666,107,2237,1062,1019,3088,1123.9338595760016
medium_019,medium,647.404223555666,107,2237,1062,1019,3091,1162.7075785427862
medium_019,medium,647.404223555666,107,2237,1062,1019,3122,1162.4970489576335
medium_019,medium,647.404223555666,107,2237,1062,1019,3130,1157.8842943170162
medium_019,medium,647.404223555666,107,2237,1062,1019,3134,1156.953605113312
medium_019,medium,647.404223555666,107,2237,1062,1019,3155,1192.547874567539
medium_019,medium,647.404223555666,107,2237,1062,1019,3164,1189.6508331977705
medium_019,medium,647.404223555666,107,2237,1062,1019,3175,1193.8987491127605
medium_019,medium,647.404223555666,107,2237,1062,1019,3177,1196.1727371751588
medium_019,medium,647.404223555666,107,2237,1062,1019,3187,1191.1178576473133
medium_019,medium,647.404223555666,107,2237,1062,1019,3198,1192.4836018941114
medium_019,medium,647.404223555666,107,2237,1062,1019,3206,1194.7681844492004
medium_019,medium,647.404223555666,107,2237,1062,1019,3207,1191.4578355033093
medium_019,medium,647.404223555666,107,2237,1062,1019,3226,1212.6829356303117
medium_019,medium,647.404223555666,107,2237,1062,1019,3231,1212.6829356303117
medium_019,medium,647.404223555666,107,2237,1062,1019,3234,1212.6829356303117
medium_019,medium,647.404223555666,107,2237,1062,1019,3241,1213.6883129383193
medium_019,medium,647.404223555666,107,2237,1062,1019,3245,1213.7377167360612
medium_019,medium,647.404223555666,107,2237,1062,1019,3247,1213.8747090800723
medium_019,medium,647.404223555666,107,2237,1062,1019,3249,1213.89344282073
medium_019,medium,647.404223555666,107,2237,1062,1019,3271,1225.2857625849404
medium_019,medium,647.404223555666,107,2237,1062,1019,3278,1221.651057957066
medium_019,medium,647.404223555666,107,2237,1062,1019,3282,1232.6007571197451
medium_019,medium,647.404223555666,107,2237,1062,1019,3283,1231.9209154942885
medium_019,medium,647.404223555666,107,2237,1062,1019,3290,1238.669081017652
medium_019,medium,647.404223555666,107,2237,1062,1019,3292,1237.6547672959043
high_000,high,641.0031530467955,204,2213,1086,1042,36,687.5698063982816
high_000,high,641.0031530467955,204,2213,1086,1042,41,682.3988675849112
high_000,high,641.0031530467955,204,2213,1086,1042,46,688.9892785670442
high_000,high,641.0031530467955,204,2213,1086,1042,55,686.2902245738073
high_000,high,641.0031530467955,204,2213,1086,1042,59,680.1663338947329
high_000,high,641.0031530467955,204,2213,1086,1042,62,697.7892178224898
high_000,high,641.0031530467955,204,2213,1086,1042,63,678.427088287396
high_000,high,641.0031530467955,204,2213,1086,1042,69,697.7876218193971
high_000,high,641.0031530467955,204,2213,1086,1042,81,696.9819396395022
high_000,high,641.0031530467955,204,2213,1086,1042,82,689.6063904383273
high_000,high,641.0031530467955,204,2213,1086,1042,89,676.6381101600225
high_000,high,641.0031530467955,204,2213,1086,1042,92,671.3293276485376
high_000,high,641.0031530467955,204,2213,1086,1042,99,676.2401716706357
high_000,high,641.0031530467955,204,2213,1086,1042,104,681.195029970971
high_000,high,641.0031530467955,204,2213,1086,1042,106,675.0923954493785
high_000,high,641.0031530467955,204,2213,1086,1042,113,678.139749376048
high_000,high,641.0031530467955,204,2213,1086,1042,116,677.9388917811111
high_000,high,641.0031530467955,204,2213,1086,1042,118,672.4481731057507
high_000,high,641.0031530467955,204,2213,1086,1042,120,694.3109726101587
high_000,high,641.0031530467955,204,2213,1086,1042,130,694.276051619264
high_000,high,641.0031530467955,204,2213,1086,1042,131,672.0167636349072
high_000,high,641.0031530467955,204,2213,1086,1042,133,669.207940753567
high_000,high,641.0031530467955,204,2213,1086,1042,143,687.7072517684128
high_000,high,641.0031530467955,204,2213,1086,1042,151,694.3399909844081
high_000,high,641.0031530467955,204,2213,1086,1042,160,684.0066456721343
high_000,high,641.0031530467955,204,2213,1086,1042,161,699.11830839327
high_000,high,641.0031530467955,204,2213,1086,1042,163,693.4051179937793
high_000,high,641.0031530467955,204,2213,1086,1042,165,696.1109557716287
high_000,high,641.0031530467955,204,2213,1086,1042,167,725.8462263825394
high_000,high,641.0031530467955,204,2213,1086,1042,173,755.2893564611536
high_000,high,641.0031530467955,204,2213,1086,1042,174,762.335019945893
high_000,high,641.0031530467955,204,2213,1086,1042,178,698.9437850576481
high_000,high,641.0031530467955,204,2213,1086,1042,181,693.1915379752445
high_000,high,641.0031530467955,204,2213,1086,1042,196,693.1382238414568
high_000,high,641.0031530467955,204,2213,1086,1042,199,700.3432316783628
high_000,high,641.0031530467955,204,2213,1086,1042,207,700.7314896731847
high_000,high,641.0031530467955,204,2213,1086,1042,218,705.0040810482818
high_000,high,641.0031530467955,204,2213,1086,1042,222,702.7096057416704
high_000,high,641.0031530467955,204,2213,1086,1042,224,705.9118408865907
high_000,high,641.0031530467955,204,2213,1086,1042,231,766.4081963968734
high_000,high,641.0031530467955,204,2213,1086,1042,235,798.7594040906572
high_000,high,641.0031530467955,204,2213,1086,1042,245,767.6202077124336
high_000,high,641.0031530467955,204,2213,1086,1042,254,786.4839748922884
high_000,high,641.0031530467955,204,2213,1086,1042,268,782.7320850167008
high_000,high,641.0031530467955,204,2213,1086,1042,272,768.0141013965439
high_000,high,641.0031530467955,204,2213,1086,1042,282,773.2332928581826
high_000,high,641.0031530467955,204,2213,1086,1042,296,803.4263867831081
high_000,high,641.0031530467955,204,2213,1086,1042,297,803.4263867831081
high_000,high,641.0031530467955,204,2213,1086,1042,308,807.7071585090147
high_000,high,641.0031530467955,204,2213,1086,1042,555,700.6335529143852
high_000,high,641.0031530467955,204,2213,1086,1042,557,711.2322935927688
high_000,high,641.0031530467955,204,2213,1086,1042,565,708.8454478545855
high_000,high,641.0031530467955,204,2213,1086,1042,658,733.5457102822107
high_000,high,641.0031530467955,204,2213,1086,1042,662,688.5072458210657
high_000,high,641.0031530467955,204,2213,1086,1042,670,748.9043558653999
high_000,high,641.0031530467955,204,2213,1086,1042,687,772.1512056141818
high_000,high,641.0031530467955,204,2213,1086,1042,691,770.4293385359756
high_000,high,641.0031530467955,204,2213,1086,1042,719,866.8743159752077
high_000,high,641.0031530467955,204,2213,1086,1042,724,874.0498202955565
high_000,high,641.0031530467955,204,2213,1086,1042,726,860.6095453422327
high_000,high,641.0031530467955,204,2213,1086,1042,727,865.8804371551425
high_000,high,641.0031530467955,204,2213,1086,1042,730,871.7009293133472
high_000,high,641.0031530467955,204,2213,1086,1042,737,861.4147380657464
high_000,high,641.0031530467955,204,2213,1086,1042,746,891.9127448944064
high_000,high,641.0031530467955,204,2213,1086,1042,755,867.2545522133303
high_000,high,641.0031530467955,204,2213,1086,1042,761,864.1242096873266
high_000,high,641.0031530467955,204,2213,1086,1042,762,873.9258668255386
high_000,high,641.0031530467955,204,2213,1086,1042,772,862.9080897268523
high_000,high,641.0031530467955,204,2213,1086,1042,776,860.6566628344783
high_000,high,641.0031530467955,204,2213,1086,1042,783,860.6065315031204
high_000,high,641.0031530467955,204,2213,1086,1042,785,879.169401903564
high_000,high,641.0031530467955,204,2213,1086,1042,790,859.5724323604994
high_000,high,641.0031530467955,204,2213,1086,1042,792,873.3008428443285
high_000,high,641.0031530467955,204,2213,1086,1042,797,860.8501215645377
high_000,high,641.0031530467955,204,2213,1086,1042,800,875.9301074670159
high_000,high,641.0031530467955,204,2213,1086,1042,809,876.3517994994306
high_000,high,641.0031530467955,204,2213,1086,1042,811,881.4965510083315
high_000,high,641.0031530467955,204,2213,1086,1042,814,863.5252499795965
high_000,high,641.0031530467955,204,2213,1086,1042,818,870.4386023362563
high_000,high,641.0031530467955,204,2213,1086,1042,821,862.9849089354257
high_000,high,641.0031530467955,204,2213,1086,1042,831,873.93863797834
high_000,high,641.0031530467955,204,2213,1086,1042,839,865.2291220840489
high_000,high,641.0031530467955,204,2213,1086,1042,847,868.509821567007
high_000,high,641.0031530467955,204,2213,1086,1042,856,870.1327630986493
high_000,high,641.0031530467955,204,2213,1086,1042,867,871.7020952479701
high_000,high,641.0031530467955,204,2213,1086,1042,871,952.721795974701
high_000,high,641.0031530467955,204,2213,1086,1042,872,953.4016376001576
high_000,high,641.0031530467955,204,2213,1086,1042,873,953.7321442747192
high_000,high,641.0031530467955,204,2213,1086,1042,874,952.721795974701
high_000,high,641.0031530467955,204,2213,1086,1042,2399,822.023726000976
high_000,high,641.0031530467955,204,2213,1086,1042,2418,963.4202721085694
high_000,high,641.0031530467955,204,2213,1086,1042,2420,962.2548292559144
high_000,high,641.0031530467955,204,2213,1086,1042,2422,963.8104987285144
high_000,high,641.0031530467955,204,2213,1086,1042,2441,675.8989890883088
high_000,high,641.0031530467955,204,2213,1086,1042,2442,675.8989890883088
high_000,high,641.0031530467955,204,2213,1086,1042,2443,692.291236261984
high_000,high,641.0031530467955,204,2213,1086,1042,2613,990.4552770028812
high_000,high,641.0031530467955,204,2213,1086,1042,2622,994.35760590415
high_000,high,641.0031530467955,204,2213,1086,1042,2623,993.5137746550045
high_000,high,641.0031530467955,204,2213,1086,1042,2632,991.9430388825616
high_000,high,641.0031530467955,204,2213,1086,1042,2642,991.9430388825616
high_000,high,641.0031530467955,204,2213,1086,1042,2824,999.9669628228648
high_000,high,641.0031530467955,204,2213,1086,1042,2826,999.9669628228648
high_000,high,641.0031530467955,204,2213,1086,1042,2827,1005.4597157392146
high_000,high,641.0031530467955,204,2213,1086,1042,2829,1002.668660106656
high_000,high,641.0031530467955,204,2213,1086,1042,2830,1013.377476132574
high_000,high,641.0031530467955,204,2213,1086,1042,2832,1023.3924889860632
high_000,high,641.0031530467955,204,2213,1086,1042,2849,1001.0783459769737
high_000,high,641.0031530467955,204,2213,1086,1042,2854,1003.324510499214
high_000,high,641.0031530467955,204,2213,1086,1042,2861,1024.5134574819208
high_000,high,641.0031530467955,204,2213,1086,1042,2864,1039.9838563737296
high_000,high,641.0031530467955,204,2213,1086,1042,2867,1002.8985115298556
high_000,high,641.0031530467955,204,2213,1086,1042,2868,999.9669628228648
high_000,high,641.0031530467955,204,2213,1086,1042,2875,1014.3383486143056
high_000,high,641.0031530467955,204,2213,1086,1042,2881,1017.3872276628472
high_000,high,641.0031530467955,204,2213,1086,1042,2884,1016.7910283148892
high_000,high,641.0031530467955,204,2213,1086,1042,2894,1002.8985115298556
high_000,high,641.0031530467955,204,2213,1086,1042,2898,1016.7602550996075
high_000,high,641.0031530467955,204,2213,1086,1042,2912,1048.3173040866534
high_000,high,641.0031530467955,204,2213,1086,1042,2916,1050.2372440615322
high_000,high,641.0031530467955,204,2213,1086,1042,2918,1050.2919146873005
high_000,high,641.0031530467955,204,2213,1086,1042,2925,1050.477065788391
high_000,high,641.0031530467955,204,2213,1086,1042,2936,1060.3899043142285
high_000,high,641.0031530467955,204,2213,1086,1042,2944,1076.4809828359098
high_000,high,641.0031530467955,204,2213,1086,1042,2945,1073.2687181041986
high_000,high,641.0031530467955,204,2213,1086,1042,2953,1074.009713173082
high_000,high,641.0031530467955,204,2213,1086,1042,2956,1065.2128624882075
high_000,high,641.0031530467955,204,2213,1086,1042,2963,1073.496355252401
high_000,high,641.0031530467955,204,2213,1086,1042,2968,1068.3456951536598
high_000,high,641.0031530467955,204,2213,1086,1042,2970,1068.5185688111037
high_000,high,641.0031530467955,204,2213,1086,1042,2975,1068.9339920807215
high_000,high,641.0031530467955,204,2213,1086,1042,2980,1072.385427177699
high_000,high,641.0031530467955,204,2213,1086,1042,2983,1062.9751248319187
high_000,high,641.0031530467955,204,2213,1086,1042,2984,1062.9751248319187
high_000,high,641.0031530467955,204,2213,1086,1042,3002,1098.3786905686538
high_000,high,641.0031530467955,204,2213,1086,1042,3011,1085.4710947945082
high_000,high,641.0031530467955,204,2213,1086,1042,3015,1086.405719518302
high_000,high,641.0031530467955,204,2213,1086,1042,3018,1088.4508133315417
high_000,high,641.0031530467955,204,2213,1086,1042,3020,1098.3786905686538
high_000,high,641.0031530467955,204,2213,1086,1042,3021,1089.856584436628
high_000,high,641.0031530467955,204,2213,1086,1042,3022,1093.160091110393
high_000,high,641.0031530467955,204,2213,1086,1042,3041,1094.2019334949568
high_000,high,641.0031530467955,204,2213,1086,1042,3045,1083.8940322975843
high_000,high,641.0031530467955,204,2213,1086,1042,3048,1094.8852860169882
high_000,high,641.0031530467955,204,2213,1086,1042,3051,1086.405719518302
high_000,high,641.0031530467955,204,2213,1086,1042,3055,1087.513379296758
high_000,high,641.0031530467955,204,2213,1086,1042,3062,1088.9640078669138
high_000,high,641.0031530467955,204,2213,1086,1042,3065,1084.6709941800582
high_000,high,641.0031530467955,204,2213,1086,1042,3068,1083.8940322975843
high_000,high,641.0031530467955,204,2213,1086,1042,3070,1083.8940322975843
high_000,high,641.0031530467955,204,2213,1086,1042,3076,1107.931950809124
high_000,high,641.0031530467955,204,2213,1086,1042,3078,1109.4240561050296
high_000,high,641.0031530467955,204,2213,1086,1042,3088,1123.9338595760016
high_000,high,641.0031530467955,204,2213,1086,1042,3090,1158.1980517236364
high_000,high,641.0031530467955,204,2213,1086,1042,3091,1162.7075785427862
high_000,high,641.0031530467955,204,2213,1086,1042,3095,1164.1216416908107
high_000,high,641.0031530467955,204,2213,1086,1042,3099,1160.7577043669603
high_000,high,641.0031530467955,204,2213,1086,1042,3102,1159.9652184117003
high_000,high,641.0031530467955,204,2213,1086,1042,3103,1160.175885649291
high_000,high,641.0031530467955,204,2213,1086,1042,3104,1162.8345792435434
high_000,high,641.0031530467955,204,2213,1086,1042,3105,1156.953605113312
high_000,high,641.0031530467955,204,2213,1086,1042,3109,1161.676991285707
high_000,high,641.0031530467955,204,2213,1086,1042,3112,1157.761883765371
high_000,high,641.0031530467955,204,2213,1086,1042,3116,1157.840702731113
high_000,high,641.0031530467955,204,2213,1086,1042,3118,1159.777046173644
high_000,high,641.0031530467955,204,2213,1086,1042,3120,1156.953605113312
high_000,high,641.0031530467955,204,2213,1086,1042,3126,1157.698907127832
high_000,high,641.0031530467955,204,2213,1086,1042,3128,1158.7277345929413
high_000,high,641.0031530467955,204,2213,1086,1042,3139,1156.953605113312
high_000,high,641.0031530467955,204,2213,1086,1042,3144,1189.6508331977705
high_000,high,641.0031530467955,204,2213,1086,1042,3148,1189.6508331977705
high_000,high,641.0031530467955,204,2213,1086,1042,3150,1197.861230373313
high_000,high,641.0031530467955,204,2213,1086,1042,3151,1191.4609373459818
high_000,high,641.0031530467955,204,2213,1086,1042,3155,1192.547874567539
high_000,high,641.0031530467955,204,2213,1086,1042,3156,1192.6885934197562
high_000,high,641.0031530467955,204,2213,1086,1042,3159,1193.1911219522765
high_000,high,641.0031530467955,204,2213,1086,1042,3163,1190.3768122726203
high_000,high,641.0031530467955,204,2213,1086,1042,3170,1189.6508331977705
high_000,high,641.0031530467955,204,2213,1086,1042,3172,1189.6508331977705
high_000,high,641.0031530467955,204,2213,1086,1042,3173,1192.7053839563062
high_000,high,641.0031530467955,204,2213,1086,1042,3179,1194.6874708239898
high_000,high,641.0031530467955,204,2213,1086,1042,3191,1190.55433435054
high_000,high,641.0031530467955,204,2213,1086,1042,3192,1190.5558852718762
high_000,high,641.0031530467955,204,2213,1086,1042,3196,1191.649408745255
high_000,high,641.0031530467955,204,2213,1086,1042,3198,1192.4836018941114
high_000,high,641.0031530467955,204,2213,1086,1042,3208,1189.6508331977705
high_000,high,641.0031530467955,204,2213,1086,1042,3211,1191.201981911702
high_000,high,641.0031530467955,204,2213,1086,1042,3223,1213.2046470349228
high_000,high,641.0031530467955,204,2213,1086,1042,3224,1214.7504566980338
high_000,high,641.0031530467955,204,2213,1086,1042,3231,1212.6829356303117
high_000,high,641.0031530467955,204,2213,1086,1042,3238,1213.7407908518985
high_000,high,641.0031530467955,204,2213,1086,1042,3241,1213.6883129383193
high_000,high,641.0031530467955,204,2213,1086,1042,3245,1213.7377167360612
high_000,high,641.0031530467955,204,2213,1086,1042,3247,1213.8747090800723
high_000,high,641.0031530467955,204,2213,1086,1042,3263,1223.421401841891
high_000,high,641.0031530467955,204,2213,1086,1042,3264,1220.5095141903143
high_000,high,641.0031530467955,204,2213,1086,1042,3265,1220.5095141903143
high_000,high,641.0031530467955,204,2213,1086,1042,3267,1220.5095141903143
high_000,high,641.0031530467955,204,2213,1086,1042,3279,1222.3308995825223
high_000,high,641.0031530467955,204,2213,1086,1042,3282,1232.6007571197451
high_000,high,641.0031530467955,204,2213,1086,1042,3287,1235.1288965458584
high_000,high,641.0031530467955,204,2213,1086,1042,3290,1238.669081017652
high_000,high,641.0031530467955,204,2213,1086,1042,3296,1236.9712022511055
high_000,high,641.0031530467955,204,2213,1086,1042,3297,1236.0029786274615
high_001,high,636.8165516268934,175,2211,1088,1044,32,692.0054520682182
high_001,high,636.8165516268934,175,2211,1088,1044,33,691.8183963647356
high_001,high,636.8165516268934,175,2211,1088,1044,34,678.4700063560658
high_001,high,636.8165516268934,175,2211,1088,1044,41,659.6365716662685
high_001,high,636.8165516268934,175,2211,1088,1044,43,689.8759497760162
high_001,high,636.8165516268934,175,2211,1088,1044,52,689.0216108966465
high_001,high,636.8165516268934,175,2211,1088,1044,54,693.7484341420209
high_001,high,636.8165516268934,175,2211,1088,1044,55,677.0606931977851
high_001,high,636.8165516268934,175,2211,1088,1044,60,680.7551628520695
high_001,high,636.8165516268934,175,2211,1088,1044,81,690.9530734937998
high_001,high,636.8165516268934,175,2211,1088,1044,84,671.1729201458467
high_001,high,636.8165516268934,175,2211,1088,1044,89,695.9324613726486
high_001,high,636.8165516268934,175,2211,1088,1044,92,671.4127218904267
high_001,high,636.8165516268934,175,2211,1088,1044,96,690.1406341499953
high_001,high,636.8165516268934,175,2211,1088,1044,100,687.6516862615418
high_001,high,636.8165516268934,175,2211,1088,1044,101,676.2818335625988
high_001,high,636.8165516268934,175,2211,1088,1044,103,675.3895391487381
high_001,high,636.8165516268934,175,2211,1088,1044,107,662.6391902059738
high_001,high,636.8165516268934,175,2211,1088,1044,118,676.7859456146501
high_001,high,636.8165516268934,175,2211,1088,1044,126,659.0703253594464
high_001,high,636.8165516268934,175,2211,1088,1044,127,674.6807494078182
high_001,high,636.8165516268934,175,2211,1088,1044,130,694.5929997122163
high_001,high,636.8165516268934,175,2211,1088,1044,140,688.5628384110688
high_001,high,636.8165516268934,175,2211,1088,1044,150,673.1332625397444
high_001,high,636.8165516268934,175,2211,1088,1044,152,672.1331851123883
high_001,high,636.8165516268934,175,2211,1088,1044,169,756.9799950026689
high_001,high,636.8165516268934,175,2211,1088,1044,178,698.9437850576481
high_001,high,636.8165516268934,175,2211,1088,1044,180,700.3789016455445
high_001,high,636.8165516268934,175,2211,1088,1044,188,703.3506650488857
high_001,high,636.8165516268934,175,2211,1088,1044,195,698.6983654454301
high_001,high,636.8165516268934,175,2211,1088,1044,201,699.8375101996537
high_001,high,636.8165516268934,175,2211,1088,1044,206,702.5300340070621
high_001,high,636.8165516268934,175,2211,1088,1044,212,695.4037119736602
high_001,high,636.8165516268934,175,2211,1088,1044,217,703.0288223423876
high_001,high,636.8165516268934,175,2211,1088,1044,226,708.2605544291129
high_001,high,636.8165516268934,175,2211,1088,1044,228,775.1354820888598
high_001,high,636.8165516268934,175,2211,1088,1044,229,764.8858270947308
high_001,high,636.8165516268934,175,2211,1088,1044,232,790.7002411719734
high_001,high,636.8165516268934,175,2211,1088,1044,242,791.9201836243208
high_001,high,636.8165516268934,175,2211,1088,1044,249,771.7166047202178
high_001,high,636.8165516268934,175,2211,1088,1044,250,775.7704034853964
high_001,high,636.8165516268934,175,2211,1088,1044,260,764.2480565605323
high_001,high,636.8165516268934,175,2211,1088,1044,269,780.5044740002621
high_001,high,636.8165516268934,175,2211,1088,1044,275,790.8905909926243
high_001,high,636.8165516268934,175,2211,1088,1044,277,782.6429150261217
high_001,high,636.8165516268934,175,2211,1088,1044,286,773.5768282188135
high_001,high,636.8165516268934,175,2211,1088,1044,308,807.7071585090147
high_001,high,636.8165516268934,175,2211,1088,1044,310,828.9602109125962
high_001,high,636.8165516268934,175,2211,1088,1044,312,833.732400231383
high_001,high,636.8165516268934,175,2211,1088,1044,314,828.9602109125962
high_001,high,636.8165516268934,175,2211,1088,1044,556,710.0264944600997
high_001,high,636.8165516268934,175,2211,1088,1044,660,685.7526020495484
high_001,high,636.8165516268934,175,2211,1088,1044,669,744.0487305057972
high_001,high,636.8165516268934,175,2211,1088,1044,672,748.9043558653999
high_001,high,636.8165516268934,175,2211,1088,1044,674,775.4408831813964
high_001,high,636.8165516268934,175,2211,1088,1044,678,770.7986948040026
high_001,high,636.8165516268934,175,2211,1088,1044,722,871.8782121330346
high_001,high,636.8165516268934,175,2211,1088,1044,730,871.7009293133472
high_001,high,636.8165516268934,175,2211,1088,1044,731,873.2629054597824
high_001,high,636.8165516268934,175,2211,1088,1044,735,879.2051215339136
high_001,high,636.8165516268934,175,2211,1088,1044,737,861.4147380657464
high_001,high,636.8165516268934,175,2211,1088,1044,755,867.2545522133303
high_001,high,636.8165516268934,175,2211,1088,1044,757,861.680374284052
high_001,high,636.8165516268934,175,2211,1088,1044,766,890.2412582584344
high_001,high,636.8165516268934,175,2211,1088,1044,768,880.8044455579775
high_001,high,636.8165516268934,175,2211,1088,1044,775,864.9934392771164
high_001,high,636.8165516268934,175,2211,1088,1044,778,871.9513899905053
high_001,high,636.8165516268934,175,2211,1088,1044,787,869.4710809777966
high_001,high,636.8165516268934,175,2211,1088,1044,790,859.5724323604994
high_001,high,636.8165516268934,175,2211,1088,1044,791,866.9932602894647
high_001,high,636.8165516268934,175,2211,1088,1044,817,868.3354727354181
high_001,high,636.8165516268934,175,2211,1088,1044,818,870.4386023362563
high_001,high,636.8165516268934,175,2211,1088,1044,820,863.5320352605727
high_001,high,636.8165516268934,175,2211,1088,1044,823,868.0615828851023
high_001,high,636.8165516268934,175,2211,1088,1044,824,870.5273837284411
high_001,high,636.8165516268934,175,2211,1088,1044,826,861.8474505235754
high_001,high,636.8165516268934,175,2211,1088,1044,830,872.4654778515962
high_001,high,636.8165516268934,175,2211,1088,1044,831,873.93863797834
high_001,high,636.8165516268934,175,2211,1088,1044,832,859.5724323604994
high_001,high,636.8165516268934,175,2211,1088,1044,833,862.1699982167843
high_001,high,636.8165516268934,175,2211,1088,1044,838,863.6618512764134
high_001,high,636.8165516268934,175,2211,1088,1044,839,865.2291220840489
high_001,high,636.8165516268934,175,2211,1088,1044,844,873.2629054597824
high_001,high,636.8165516268934,175,2211,1088,1044,849,871.5310335615898
high_001,high,636.8165516268934,175,2211,1088,1044,855,860.4465144421024
high_001,high,636.8165516268934,175,2211,1088,1044,856,870.1327630986493
high_001,high,636.8165516268934,175,2211,1088,1044,866,863.9845864565156
high_001,high,636.8165516268934,175,2211,1088,1044,883,952.721795974701
high_001,high,636.8165516268934,175,2211,1088,1044,888,952.721795974701
high_001,high,636.8165516268934,175,2211,1088,1044,1636,690.8156021476761
high_001,high,636.8165516268934,175,2211,1088,1044,2405,960.207822862524
high_001,high,636.8165516268934,175,2211,1088,1044,2408,959.2366205239038
high_001,high,636.8165516268934,175,2211,1088,1044,2409,960.3480036780126
high_001,high,636.8165516268934,175,2211,1088,1044,2438,685.5287131263248
high_001,high,636.8165516268934,175,2211,1088,1044,2440,677.697527896235
high_001,high,636.8165516268934,175,2211,1088,1044,2442,675.8989890883088
high_001,high,636.8165516268934,175,2211,1088,1044,2627,991.9430388825616
high_001,high,636.8165516268934,175,2211,1088,1044,2634,991.9430388825616
high_001,high,636.8165516268934,175,2211,1088,1044,2638,991.9430388825616
high_001,high,636.8165516268934,175,2211,1088,1044,2643,992.7727292803116
high_001,high,636.8165516268934,175,2211,1088,1044,2828,1003.324510499214
high_001,high,636.8165516268934,175,2211,1088,1044,2847,1005.4855158913912
high_001,high,636.8165516268934,175,2211,1088,1044,2851,1022.05642918617
high_001,high,636.8165516268934,175,2211,1088,1044,2854,1003.324510499214
high_001,high,636.8165516268934,175,2211,1088,1044,2857,1010.2737330023768
high_001,high,636.8165516268934,175,2211,1088,1044,2859,1022.2215701048916
high_001,high,636.8165516268934,175,2211,1088,1044,2862,1020.428843707753
high_001,high,636.8165516268934,175,2211,1088,1044,2868,999.9669628228648
high_001,high,636.8165516268934,175,2211,1088,1044,2878,1016.9012287333924
high_001,high,636.8165516268934,175,2211,1088,1044,2882,1020.8072860737768
high_001,high,636.8165516268934,175,2211,1088,1044,2891,1017.3646700333014
high_001,high,636.8165516268934,175,2211,1088,1044,2892,1031.9734125615882
high_001,high,636.8165516268934,175,2211,1088,1044,2903,1051.212781759957
high_001,high,636.8165516268934,175,2211,1088,1044,2909,1049.4286872407622
high_001,high,636.8165516268934,175,2211,1088,1044,2913,1051.0232318214055
high_001,high,636.8165516268934,175,2211,1088,1044,2915,1050.1867526981123
high_001,high,636.8165516268934,175,2211,1088,1044,2925,1050.477065788391
high_001,high,636.8165516268934,175,2211,1088,1044,2935,1061.4873629522383
high_001,high,636.8165516268934,175,2211,1088,1044,2945,1073.2687181041986
high_001,high,636.8165516268934,175,2211,1088,1044,2949,1065.298196061637
high_001,high,636.8165516268934,175,2211,1088,1044,2962,1068.5216186335306
high_001,high,636.8165516268934,175,2211,1088,1044,2963,1073.496355252401
high_001,high,636.8165516268934,175,2211,1088,1044,2986,1062.9751248319187
high_001,high,636.8165516268934,175,2211,1088,1044,2992,1066.500922033494
high_001,high,636.8165516268934,175,2211,1088,1044,2998,1092.4861814254616
high_001,high,636.8165516268934,175,2211,1088,1044,2999,1092.7739130975503
high_001,high,636.8165516268934,175,2211,1088,1044,3005,1083.8940322975843
high_001,high,636.8165516268934,175,2211,1088,1044,3018,1088.4508133315417
high_001,high,636.8165516268934,175,2211,1088,1044,3019,1095.3664392665955
high_001,high,636.8165516268934,175,2211,1088,1044,3026,1085.926909807171
high_001,high,636.8165516268934,175,2211,1088,1044,3032,1089.4953186484909
high_001,high,636.8165516268934,175,2211,1088,1044,3036,1088.4192926006815
high_001,high,636.8165516268934,175,2211,1088,1044,3041,1094.2019334949568
high_001,high,636.8165516268934,175,2211,1088,1044,3048,1094.8852860169882
high_001,high,636.8165516268934,175,2211,1088,1044,3051,1086.405719518302
high_001,high,636.8165516268934,175,2211,1088,1044,3052,1087.7337814976904
high_001,high,636.8165516268934,175,2211,1088,1044,3053,1083.8940322975843
high_001,high,636.8165516268934,175,2211,1088,1044,3054,1083.8940322975843
high_001,high,636.8165516268934,175,2211,1088,1044,3060,1092.4861814254616
high_001,high,636.8165516268934,175,2211,1088,1044,3074,1106.4164283590965
high_001,high,636.8165516268934,175,2211,1088,1044,3079,1106.4164283590965
high_001,high,636.8165516268934,175,2211,1088,1044,3080,1106.4164283590965
high_001,high,636.8165516268934,175,2211,1088,1044,3090,1158.1980517236364
high_001,high,636.8165516268934,175,2211,1088,1044,3091,1162.7075785427862
high_001,high,636.8165516268934,175,2211,1088,1044,3094,1161.090001683796
high_001,high,636.8165516268934,175,2211,1088,1044,3096,1163.0951032643663
high_001,high,636.8165516268934,175,2211,1088,1044,3107,1156.953605113312
high_001,high,636.8165516268934,175,2211,1088,1044,3108,1159.9401526011404
high_001,high,636.8165516268934,175,2211,1088,1044,3112,1157.761883765371
high_001,high,636.8165516268934,175,2211,1088,1044,3117,1159.5157489559572
high_001,high,636.8165516268934,175,2211,1088,1044,3118,1159.777046173644
high_001,high,636.8165516268934,175,2211,1088,1044,3120,1156.953605113312
high_001,high,636.8165516268934,175,2211,1088,1044,3125,1158.591210252427
high_001,high,636.8165516268934,175,2211,1088,1044,3133,1159.3681721349003
high_001,high,636.8165516268934,175,2211,1088,1044,3161,1192.529678637609
high_001,high,636.8165516268934,175,2211,1088,1044,3164,1189.6508331977705
high_001,high,636.8165516268934,175,2211,1088,1044,3165,1190.4393644462325
high_001,high,636.8165516268934,175,2211,1088,1044,3170,1189.6508331977705
high_001,high,636.8165516268934,175,2211,1088,1044,3174,1192.7869794132769
high_001,high,636.8165516268934,175,2211,1088,1044,3194,1196.1727371751588
high_001,high,636.8165516268934,175,2211,1088,1044,3224,1214.7504566980338
high_001,high,636.8165516268934,175,2211,1088,1044,3225,1216.475368778341
high_001,high,636.8165516268934,175,2211,1088,1044,3226,1212.6829356303117
high_001,high,636.8165516268934,175,2211,1088,1044,3233,1212.6829356303117
high_001,high,636.8165516268934,175,2211,1088,1044,3235,1212.6829356303117
high_001,high,636.8165516268934,175,2211,1088,1044,3237,1212.6829356303117
high_001,high,636.8165516268934,175,2211,1088,1044,3242,1213.248730680731
high_001,high,636.8165516268934,175,2211,1088,1044,3244,1215.5990951434694
high_001,high,636.8165516268934,175,2211,1088,1044,3249,1213.89344282073
high_001,high,636.8165516268934,175,2211,1088,1044,3250,1213.9591309841965
high_001,high,636.8165516268934,175,2211,1088,1044,3252,1217.7727238864586
high_001,high,636.8165516268934,175,2211,1088,1044,3253,1212.6829356303117
high_001,high,636.8165516268934,175,2211,1088,1044,3255,1216.475368778341
high_001,high,636.8165516268934,175,2211,1088,1044,3271,1225.2857625849404
high_001,high,636.8165516268934,175,2211,1088,1044,3292,1237.6547672959043
high_002,high,724.9315278549526,156,2432,867,827,231,772.1015125887989
high_002,high,724.9315278549526,156,2432,867,827,249,771.7166047202178
high_002,high,724.9315278549526,156,2432,867,827,252,767.6270742999169
high_002,high,724.9315278549526,156,2432,867,827,254,786.4839748922884
high_002,high,724.9315278549526,156,2432,867,827,255,777.6673934333363
high_002,high,724.9315278549526,156,2432,867,827,259,780.4209390694166
high_002,high,724.9315278549526,156,2432,867,827,260,764.2480565605323
high_002,high,724.9315278549526,156,2432,867,827,261,782.9327448103926
high_002,high,724.9315278549526,156,2432,867,827,264,782.7875584593091
high_002,high,724.9315278549526,156,2432,867,827,276,802.5927107710862
high_002,high,724.9315278549526,156,2432,867,827,285,774.839197857853
high_002,high,724.9315278549526,156,2432,867,827,292,803.4263867831081
high_002,high,724.9315278549526,156,2432,867,827,298,803.4263867831081
high_002,high,724.9315278549526,156,2432,867,827,300,803.4263867831081
high_002,high,724.9315278549526,156,2432,867,827,306,807.7071585090147
high_002,high,724.9315278549526,156,2432,867,827,558,752.2055154048577
high_002,high,724.9315278549526,156,2432,867,827,561,784.8850894453155
high_002,high,724.9315278549526,156,2432,867,827,562,783.6568245806372
high_002,high,724.9315278549526,156,2432,867,827,666,771.4866554936236
high_002,high,724.9315278549526,156,2432,867,827,674,775.4408831813964
high_002,high,724.9315278549526,156,2432,867,827,676,769.6646148802446
high_002,high,724.9315278549526,156,2432,867,827,678,770.7986948040026
high_002,high,724.9315278549526,156,2432,867,827,682,768.8170538963791
high_002,high,724.9315278549526,156,2432,867,827,687,772.1512056141818
high_002,high,724.9315278549526,156,2432,867,827,690,791.8361635108738
high_002,high,724.9315278549526,156,2432,867,827,712,856.5718693622078
high_002,high,724.9315278549526,156,2432,867,827,713,855.4301757880048
high_002,high,724.9315278549526,156,2432,867,827,714,855.4301757880048
high_002,high,724.9315278549526,156,2432,867,827,724,874.0498202955565
high_002,high,724.9315278549526,156,2432,867,827,727,865.8804371551425
high_002,high,724.9315278549526,156,2432,867,827,734,877.7070197679204
high_002,high,724.9315278549526,156,2432,867,827,736,859.5724323604994
high_002,high,724.9315278549526,156,2432,867,827,742,879.2051215339136
high_002,high,724.9315278549526,156,2432,867,827,751,877.5106830403436
high_002,high,724.9315278549526,156,2432,867,827,753,879.9012077256267
high_002,high,724.9315278549526,156,2432,867,827,756,859.5724323604994
high_002,high,724.9315278549526,156,2432,867,827,757,861.680374284052
high_002,high,724.9315278549526,156,2432,867,827,758,868.5507599903209
high_002,high,724.9315278549526,156,2432,867,827,764,875.7118445784047
high_002,high,724.9315278549526,156,2432,867,827,768,880.8044455579775
high_002,high,724.9315278549526,156,2432,867,827,771,872.4866798286401
high_002,high,724.9315278549526,156,2432,867,827,775,864.9934392771164
high_002,high,724.9315278549526,156,2432,867,827,782,859.5724323604994
high_002,high,724.9315278549526,156,2432,867,827,784,861.6284827393368
high_002,high,724.9315278549526,156,2432,867,827,795,877.6069786320066
high_002,high,724.9315278549526,156,2432,867,827,797,860.8501215645377
high_002,high,724.9315278549526,156,2432,867,827,800,875.9301074670159
high_002,high,724.9315278549526,156,2432,867,827,802,866.9333862420027
high_002,high,724.9315278549526,156,2432,867,827,808,859.5724323604994
high_002,high,724.9315278549526,156,2432,867,827,811,881.4965510083315
high_002,high,724.9315278549526,156,2432,867,827,812,919.9097723042092
high_002,high,724.9315278549526,156,2432,867,827,817,868.3354727354181
high_002,high,724.9315278549526,156,2432,867,827,818,870.4386023362563
high_002,high,724.9315278549526,156,2432,867,827,836,875.3327998621509
high_002,high,724.9315278549526,156,2432,867,827,848,868.5507599903209
high_002,high,724.9315278549526,156,2432,867,827,852,872.8990741114144
high_002,high,724.9315278549526,156,2432,867,827,854,864.4326983801279
high_002,high,724.9315278549526,156,2432,867,827,866,863.9845864565156
high_002,high,724.9315278549526,156,2432,867,827,867,871.7020952479701
high_002,high,724.9315278549526,156,2432,867,827,868,870.1424066218777
high_002,high,724.9315278549526,156,2432,867,827,887,955.1541738435708
high_002,high,724.9315278549526,156,2432,867,827,1639,783.3325399797868
high_002,high,724.9315278549526,156,2432,867,827,2351,766.3460130844213
high_002,high,724.9315278549526,156,2432,867,827,2397,810.0124363301647
high_002,high,724.9315278549526,156,2432,867,827,2398,808.8197564258983
high_002,high,724.9315278549526,156,2432,867,827,2399,822.023726000976
high_002,high,724.9315278549526,156,2432,867,827,2406,961.2836269172942
high_002,high,724.9315278549526,156,2432,867,827,2420,962.2548292559144
high_002,high,724.9315278549526,156,2432,867,827,2609,965.2416319906436
high_002,high,724.9315278549526,156,2432,867,827,2618,991.9430388825616
high_002,high,724.9315278549526,156,2432,867,827,2627,991.9430388825616
high_002,high,724.9315278549526,156,2432,867,827,2628,992.7200007650356
high_002,high,724.9315278549526,156,2432,867,827,2635,991.9430388825616
high_002,high,724.9315278549526,156,2432,867,827,2642,991.9430388825616
high_002,high,724.9315278549526,156,2432,867,827,2644,992.9612224237858
high_002,high,724.9315278549526,156,2432,867,827,2821,1004.9823435659574
high_002,high,724.9315278549526,156,2432,867,827,2824,999.9669628228648
high_002,high,724.9315278549526,156,2432,867,827,2830,1013.377476132574
high_002,high,724.9315278549526,156,2432,867,827,2831,999.9669628228648
high_002,high,724.9315278549526,156,2432,867,827,2840,1005.0091279960976
high_002,high,724.9315278549526,156,2432,867,827,2843,1011.6876462782036
high_002,high,724.9315278549526,156,2432,867,827,2849,1001.0783459769737
high_002,high,724.9315278549526,156,2432,867,827,2850,1008.5716512301796
high_002,high,724.9315278549526,156,2432,867,827,2854,1003.324510499214
high_002,high,724.9315278549526,156,2432,867,827,2860,1032.9483064283256
high_002,high,724.9315278549526,156,2432,867,827,2884,1016.7910283148892
high_002,high,724.9315278549526,156,2432,867,827,2887,999.9669628228648
high_002,high,724.9315278549526,156,2432,867,827,2892,1031.9734125615882
high_002,high,724.9315278549526,156,2432,867,827,2895,1002.609350777852
high_002,high,724.9315278549526,156,2432,867,827,2896,1002.0351611081068
high_002,high,724.9315278549526,156,2432,867,827,2898,1016.7602550996075
high_002,high,724.9315278549526,156,2432,867,827,2906,1049.954909225768
high_002,high,724.9315278549526,156,2432,867,827,2910,1048.3173040866534
high_002,high,724.9315278549526,156,2432,867,827,2925,1050.477065788391
high_002,high,724.9315278549526,156,2432,867,827,2959,1064.9464529236984
high_002,high,724.9315278549526,156,2432,867,827,2960,1066.090453820947
high_002,high,724.9315278549526,156,2432,867,827,2967,1068.745167862265
high_002,high,724.9315278549526,156,2432,867,827,2968,1068.3456951536598
high_002,high,724.9315278549526,156,2432,867,827,2973,1071.7474448923242
high_002,high,724.9315278549526,156,2432,867,827,2976,1072.677023053228
high_002,high,724.9315278549526,156,2432,867,827,2977,1062.9751248319187
high_002,high,724.9315278549526,156,2432,867,827,2980,1072.385427177699
high_002,high,724.9315278549526,156,2432,867,827,2988,1062.9751248319187
high_002,high,724.9315278549526,156,2432,867,827,2991,1064.4657288609587
high_002,high,724.9315278549526,156,2432,867,827,2998,1092.4861814254616
high_002,high,724.9315278549526,156,2432,867,827,3016,1086.50258926511
high_002,high,724.9315278549526,156,2432,867,827,3019,1095.3664392665955
high_002,high,724.9315278549526,156,2432,867,827,3020,1098.3786905686538
high_002,high,724.9315278549526,156,2432,867,827,3022,1093.160091110393
high_002,high,724.9315278549526,156,2432,867,827,3025,1090.705465048222
high_002,high,724.9315278549526,156,2432,867,827,3028,1094.4418436016283
high_002,high,724.9315278549526,156,2432,867,827,3031,1085.9847963489449
high_002,high,724.9315278549526,156,2432,867,827,3034,1090.705465048222
high_002,high,724.9315278549526,156,2432,867,827,3054,1083.8940322975843
high_002,high,724.9315278549526,156,2432,867,827,3056,1086.2168940132622
high_002,high,724.9315278549526,156,2432,867,827,3060,1092.4861814254616
high_002,high,724.9315278549526,156,2432,867,827,3064,1085.814119751744
high_002,high,724.9315278549526,156,2432,867,827,3069,1084.8033457435122
high_002,high,724.9315278549526,156,2432,867,827,3082,1106.4164283590965
high_002,high,724.9315278549526,156,2432,867,827,3088,1123.9338595760016
high_002,high,724.9315278549526,156,2432,867,827,3099,1160.7577043669603
high_002,high,724.9315278549526,156,2432,867,827,3102,1159.9652184117003
high_002,high,724.9315278549526,156,2432,867,827,3107,1156.953605113312
high_002,high,724.9315278549526,156,2432,867,827,3111,1159.895024337298
high_002,high,724.9315278549526,156,2432,867,827,3132,1158.2312943173504
high_002,high,724.9315278549526,156,2432,867,827,3140,1162.8193600514307
high_002,high,724.9315278549526,156,2432,867,827,3145,1189.6508331977705
high_002,high,724.9315278549526,156,2432,867,827,3149,1197.2820231143414
high_002,high,724.9315278549526,156,2432,867,827,3160,1194.618813410211
high_002,high,724.9315278549526,156,2432,867,827,3161,1192.529678637609
high_002,high,724.9315278549526,156,2432,867,827,3168,1192.5872119274422
high_002,high,724.9315278549526,156,2432,867,827,3171,1189.6508331977705
high_002,high,724.9315278549526,156,2432,867,827,3176,1194.7681844492004
high_002,high,724.9315278549526,156,2432,867,827,3181,1194.3942142329813
high_002,high,724.9315278549526,156,2432,867,827,3186,1190.3747025852776
high_002,high,724.9315278549526,156,2432,867,827,3200,1201.3963479818258
high_002,high,724.9315278549526,156,2432,867,827,3210,1193.3278484931884
high_002,high,724.9315278549526,156,2432,867,827,3211,1191.201981911702
high_002,high,724.9315278549526,156,2432,867,827,3215,1196.1780748530298
high_002,high,724.9315278549526,156,2432,867,827,3221,1215.9995584709725
high_002,high,724.9315278549526,156,2432,867,827,3222,1217.7727238864586
high_002,high,724.9315278549526,156,2432,867,827,3225,1216.475368778341
high_002,high,724.9315278549526,156,2432,867,827,3228,1214.285854773279
high_002,high,724.9315278549526,156,2432,867,827,3229,1212.6829356303117
high_002,high,724.9315278549526,156,2432,867,827,3234,1212.6829356303117
high_002,high,724.9315278549526,156,2432,867,827,3235,1212.6829356303117
high_002,high,724.9315278549526,156,2432,867,827,3240,1212.6829356303117
high_002,high,724.9315278549526,156,2432,867,827,3247,1213.8747090800723
high_002,high,724.9315278549526,156,2432,867,827,3253,1212.6829356303117
high_002,high,724.9315278549526,156,2432,867,827,3269,1220.5095141903143
high_002,high,724.9315278549526,156,2432,867,827,3277,1222.480842282094
high_002,high,724.9315278549526,156,2432,867,827,3278,1221.651057957066
high_002,high,724.9315278549526,156,2432,867,827,3279,1222.3308995825223
high_002,high,724.9315278549526,156,2432,867,827,3280,1221.7504332107692
high_002,high,724.9315278549526,156,2432,867,827,3287,1235.1288965458584
high_002,high,724.9315278549526,156,2432,867,827,3292,1237.6547672959043
high_003,high,706.5192750285112,153,2417,882,842,166,730.570753034353
high_003,high,706.5192750285112,153,2417,882,842,229,764.8858270947308
high_003,high,706.5192750285112,153,2417,882,842,243,790.2012867660932
high_003,high,706.5192750285112,153,2417,882,842,249,771.7166047202178
high_003,high,706.5192750285112,153,2417,882,842,254,786.4839748922884
high_003,high,706.5192750285112,153,2417,882,842,269,780.5044740002621
high_003,high,706.5192750285112,153,2417,882,842,271,767.6270742999169
high_003,high,706.5192750285112,153,2417,882,842,283,773.9189941345446
high_003,high,706.5192750285112,153,2417,882,842,285,774.839197857853
high_003,high,706.5192750285112,153,2417,882,842,288,781.0800637103371
high_003,high,706.5192750285112,153,2417,882,842,300,803.4263867831081
high_003,high,706.5192750285112,153,2417,882,842,307,807.7071585090147
high_003,high,706.5192750285112,153,2417,882,842,308,807.7071585090147
high_003,high,706.5192750285112,153,2417,882,842,310,828.9602109125962
high_003,high,706.5192750285112,153,2417,882,842,311,828.9602109125962
high_003,high,706.5192750285112,153,2417,882,842,314,828.9602109125962
high_003,high,706.5192750285112,153,2417,882,842,560,757.7143914562107
high_003,high,706.5192750285112,153,2417,882,842,563,764.7520818083319
high_003,high,706.5192750285112,153,2417,882,842,658,765.4539473564207
high_003,high,706.5192750285112,153,2417,882,842,665,760.03481103312
high_003,high,706.5192750285112,153,2417,882,842,679,774.4019167482726
high_003,high,706.5192750285112,153,2417,882,842,681,778.1402248252544
high_003,high,706.5192750285112,153,2417,882,842,683,778.3623740723899
high_003,high,706.5192750285112,153,2417,882,842,684,768.5629622890655
high_003,high,706.5192750285112,153,2417,882,842,686,765.872894694865
high_003,high,706.5192750285112,153,2417,882,842,692,791.9201836243208
high_003,high,706.5192750285112,153,2417,882,842,712,856.5718693622078
high_003,high,706.5192750285112,153,2417,882,842,718,866.2162984069909
high_003,high,706.5192750285112,153,2417,882,842,721,871.2577526228072
high_003,high,706.5192750285112,153,2417,882,842,723,873.3259509080492
high_003,high,706.5192750285112,153,2417,882,842,731,873.2629054597824
high_003,high,706.5192750285112,153,2417,882,842,746,891.9127448944064
high_003,high,706.5192750285112,153,2417,882,842,757,861.680374284052
high_003,high,706.5192750285112,153,2417,882,842,775,864.9934392771164
high_003,high,706.5192750285112,153,2417,882,842,776,860.6566628344783
high_003,high,706.5192750285112,153,2417,882,842,787,869.4710809777966
high_003,high,706.5192750285112,153,2417,882,842,798,871.9575292547189
high_003,high,706.5192750285112,153,2417,882,842,801,860.8576782895826
high_003,high,706.5192750285112,153,2417,882,842,805,862.8927922922512
high_003,high,706.5192750285112,153,2417,882,842,819,863.0883695440303
high_003,high,706.5192750285112,153,2417,882,842,822,864.8177531870879
high_003,high,706.5192750285112,153,2417,882,842,836,875.3327998621509
high_003,high,706.5192750285112,153,2417,882,842,837,864.8177531870879
high_003,high,706.5192750285112,153,2417,882,842,844,873.2629054597824
high_003,high,706.5192750285112,153,2417,882,842,847,868.509821567007
high_003,high,706.5192750285112,153,2417,882,842,860,874.7576463522589
high_003,high,706.5192750285112,153,2417,882,842,862,866.8901068171923
high_003,high,706.5192750285112,153,2417,882,842,866,863.9845864565156
high_003,high,706.5192750285112,153,2417,882,842,868,870.1424066218777
high_003,high,706.5192750285112,153,2417,882,842,877,952.721795974701
high_003,high,706.5192750285112,153,2417,882,842,881,952.721795974701
high_003,high,706.5192750285112,153,2417,882,842,886,953.962714995156
high_003,high,706.5192750285112,153,2417,882,842,1633,762.517448301759
high_003,high,706.5192750285112,153,2417,882,842,2401,808.8197564258983
high_003,high,706.5192750285112,153,2417,882,842,2404,959.2366205239038
high_003,high,706.5192750285112,153,2417,882,842,2405,960.207822862524
high_003,high,706.5192750285112,153,2417,882,842,2410,959.2366205239038
high_003,high,706.5192750285112,153,2417,882,842,2413,959.2366205239038
high_003,high,706.5192750285112,153,2417,882,842,2418,963.4202721085694
high_003,high,706.5192750285112,153,2417,882,842,2609,965.2416319906436
high_003,high,706.5192750285112,153,2417,882,842,2612,989.3578183648712
high_003,high,706.5192750285112,153,2417,882,842,2616,992.6883408970816
high_003,high,706.5192750285112,153,2417,882,842,2618,991.9430388825616
high_003,high,706.5192750285112,153,2417,882,842,2625,992.7703182089858
high_003,high,706.5192750285112,153,2417,882,842,2637,992.7513175346206
high_003,high,706.5192750285112,153,2417,882,842,2639,991.9430388825616
high_003,high,706.5192750285112,153,2417,882,842,2640,992.9594776373548
high_003,high,706.5192750285112,153,2417,882,842,2642,991.9430388825616
high_003,high,706.5192750285112,153,2417,882,842,2826,999.9669628228648
high_003,high,706.5192750285112,153,2417,882,842,2835,1000.6468044483214
high_003,high,706.5192750285112,153,2417,882,842,2836,1001.830188934218
high_003,high,706.5192750285112,153,2417,882,842,2840,1005.0091279960976
high_003,high,706.5192750285112,153,2417,882,842,2844,1012.817481250774
high_003,high,706.5192750285112,153,2417,882,842,2847,1005.4855158913912
high_003,high,706.5192750285112,153,2417,882,842,2848,1007.129697305098
high_003,high,706.5192750285112,153,2417,882,842,2849,1001.0783459769737
high_003,high,706.5192750285112,153,2417,882,842,2851,1022.05642918617
high_003,high,706.5192750285112,153,2417,882,842,2856,1003.8938021954574
high_003,high,706.5192750285112,153,2417,882,842,2869,999.9669628228648
high_003,high,706.5192750285112,153,2417,882,842,2872,1004.4726057863872
high_003,high,706.5192750285112,153,2417,882,842,2881,1017.3872276628472
high_003,high,706.5192750285112,153,2417,882,842,2886,1006.5100327540436
high_003,high,706.5192750285112,153,2417,882,842,2888,999.9669628228648
high_003,high,706.5192750285112,153,2417,882,842,2889,1007.8210640262508
high_003,high,706.5192750285112,153,2417,882,842,2892,1031.9734125615882
high_003,high,706.5192750285112,153,2417,882,842,2895,1002.609350777852
high_003,high,706.5192750285112,153,2417,882,842,2897,1008.4619654951324
high_003,high,706.5192750285112,153,2417,882,842,2921,1048.3173040866534
high_003,high,706.5192750285112,153,2417,882,842,2928,1048.3173040866534
high_003,high,706.5192750285112,153,2417,882,842,2931,1052.240157906791
high_003,high,706.5192750285112,153,2417,882,842,2942,1064.5916821360368
high_003,high,706.5192750285112,153,2417,882,842,2946,1062.9751248319187
high_003,high,706.5192750285112,153,2417,882,842,2958,1065.0221312253093
high_003,high,706.5192750285112,153,2417,882,842,2969,1068.3961316139034
high_003,high,706.5192750285112,153,2417,882,842,2977,1062.9751248319187
high_003,high,706.5192750285112,153,2417,882,842,2984,1062.9751248319187
high_003,high,706.5192750285112,153,2417,882,842,2986,1062.9751248319187
high_003,high,706.5192750285112,153,2417,882,842,2987,1065.2377549834673
high_003,high,706.5192750285112,153,2417,882,842,3005,1083.8940322975843
high_003,high,706.5192750285112,153,2417,882,842,3008,1088.2911199767286
high_003,high,706.5192750285112,153,2417,882,842,3010,1085.238361133682
high_003,high,706.5192750285112,153,2417,882,842,3014,1092.1668254385525
high_003,high,706.5192750285112,153,2417,882,842,3017,1085.8803214733753
high_003,high,706.5192750285112,153,2417,882,842,3019,1095.3664392665955
high_003,high,706.5192750285112,153,2417,882,842,3023,1088.9640078669138
high_003,high,706.5192750285112,153,2417,882,842,3024,1091.1324688148716
high_003,high,706.5192750285112,153,2417,882,842,3026,1085.926909807171
high_003,high,706.5192750285112,153,2417,882,842,3033,1088.3050126624184
high_003,high,706.5192750285112,153,2417,882,842,3043,1091.0091037157686
high_003,high,706.5192750285112,153,2417,882,842,3047,1098.001817802796
high_003,high,706.5192750285112,153,2417,882,842,3060,1092.4861814254616
high_003,high,706.5192750285112,153,2417,882,842,3065,1084.6709941800582
high_003,high,706.5192750285112,153,2417,882,842,3107,1156.953605113312
high_003,high,706.5192750285112,153,2417,882,842,3109,1161.676991285707
high_003,high,706.5192750285112,153,2417,882,842,3110,1159.125213337471
high_003,high,706.5192750285112,153,2417,882,842,3111,1159.895024337298
high_003,high,706.5192750285112,153,2417,882,842,3112,1157.761883765371
high_003,high,706.5192750285112,153,2417,882,842,3115,1160.8921745663029
high_003,high,706.5192750285112,153,2417,882,842,3120,1156.953605113312
high_003,high,706.5192750285112,153,2417,882,842,3123,1162.250180423339
high_003,high,706.5192750285112,153,2417,882,842,3126,1157.698907127832
high_003,high,706.5192750285112,153,2417,882,842,3137,1156.953605113312
high_003,high,706.5192750285112,153,2417,882,842,3149,1197.2820231143414
high_003,high,706.5192750285112,153,2417,882,842,3152,1191.5092902092383
high_003,high,706.5192750285112,153,2417,882,842,3162,1192.962275917395
high_003,high,706.5192750285112,153,2417,882,842,3163,1190.3768122726203
high_003,high,706.5192750285112,153,2417,882,842,3169,1194.140551569456
high_003,high,706.5192750285112,153,2417,882,842,3172,1189.6508331977705
high_003,high,706.5192750285112,153,2417,882,842,3181,1194.3942142329813
high_003,high,706.5192750285112,153,2417,882,842,3183,1190.8459967549968
high_003,high,706.5192750285112,153,2417,882,842,3186,1190.3747025852776
high_003,high,706.5192750285112,153,2417,882,842,3192,1190.5558852718762
high_003,high,706.5192750285112,153,2417,882,842,3195,1190.5800617035045
high_003,high,706.5192750285112,153,2417,882,842,3196,1191.649408745255
high_003,high,706.5192750285112,153,2417,882,842,3200,1201.3963479818258
high_003,high,706.5192750285112,153,2417,882,842,3202,1203.6480550633598
high_003,high,706.5192750285112,153,2417,882,842,3203,1201.3963479818258
high_003,high,706.5192750285112,153,2417,882,842,3206,1194.7681844492004
high_003,high,706.5192750285112,153,2417,882,842,3214,1195.441788421103
high_003,high,706.5192750285112,153,2417,882,842,3216,1196.434292363558
high_003,high,706.5192750285112,153,2417,882,842,3219,1216.382336041379
high_003,high,706.5192750285112,153,2417,882,842,3221,1215.9995584709725
high_003,high,706.5192750285112,153,2417,882,842,3230,1214.1514691047305
high_003,high,706.5192750285112,153,2417,882,842,3232,1213.7921242348098
high_003,high,706.5192750285112,153,2417,882,842,3235,1212.6829356303117
high_003,high,706.5192750285112,153,2417,882,842,3246,1215.6360786951834
high_003,high,706.5192750285112,153,2417,882,842,3248,1216.4452009382387
high_003,high,706.5192750285112,153,2417,882,842,3260,1220.8979951315514
high_003,high,706.5192750285112,153,2417,882,842,3268,1221.5198624903328
high_003,high,706.5192750285112,153,2417,882,842,3279,1222.3308995825223
high_003,high,706.5192750285112,153,2417,882,842,3288,1235.1288965458584
high_003,high,706.5192750285112,153,2417,882,842,3294,1246.5478044309427
high_003,high,706.5192750285112,153,2417,882,842,3296,1236.9712022511055
high_004,high,651.0127525550628,197,2252,1047,1004,57,684.7941478334724
high_004,high,651.0127525550628,197,2252,1047,1004,58,704.936899949609
high_004,high,651.0127525550628,197,2252,1047,1004,78,675.3113773679213
high_004,high,651.0127525550628,197,2252,1047,1004,80,683.2478230283792
high_004,high,651.0127525550628,197,2252,1047,1004,83,695.0108810374735
high_004,high,651.0127525550628,197,2252,1047,1004,97,686.0010125507314
high_004,high,651.0127525550628,197,2252,1047,1004,116,703.559951440588
high_004,high,651.0127525550628,197,2252,1047,1004,129,679.4427360877269
high_004,high,651.0127525550628,197,2252,1047,1004,130,709.2196446851082
high_004,high,651.0127525550628,197,2252,1047,1004,136,709.8198899123369
high_004,high,651.0127525550628,197,2252,1047,1004,141,695.2213430784186
high_004,high,651.0127525550628,197,2252,1047,1004,143,684.5543502071621
high_004,high,651.0127525550628,197,2252,1047,1004,145,692.0502082414152
high_004,high,651.0127525550628,197,2252,1047,1004,159,683.7450973194243
high_004,high,651.0127525550628,197,2252,1047,1004,161,684.0407330140058
high_004,high,651.0127525550628,197,2252,1047,1004,167,725.8462263825394
high_004,high,651.0127525550628,197,2252,1047,1004,176,761.5138526312667
high_004,high,651.0127525550628,197,2252,1047,1004,182,701.4211857593834
high_004,high,651.0127525550628,197,2252,1047,1004,190,692.122989814265
high_004,high,651.0127525550628,197,2252,1047,1004,198,693.8281886618297
high_004,high,651.0127525550628,197,2252,1047,1004,199,702.9742299102212
high_004,high,651.0127525550628,197,2252,1047,1004,207,697.850099318925
high_004,high,651.0127525550628,197,2252,1047,1004,208,694.5181534822026
high_004,high,651.0127525550628,197,2252,1047,1004,212,710.7808730407304
high_004,high,651.0127525550628,197,2252,1047,1004,216,708.6489777759475
high_004,high,651.0127525550628,197,2252,1047,1004,224,705.9118408865907
high_004,high,651.0127525550628,197,2252,1047,1004,229,764.8858270947308
high_004,high,651.0127525550628,197,2252,1047,1004,233,786.5638273374701
high_004,high,651.0127525550628,197,2252,1047,1004,238,767.2111488967087
high_004,high,651.0127525550628,197,2252,1047,1004,247,785.4156879929094
high_004,high,651.0127525550628,197,2252,1047,1004,250,775.7704034853964
high_004,high,651.0127525550628,197,2252,1047,1004,269,780.5044740002621
high_004,high,651.0127525550628,197,2252,1047,1004,274,783.7541502689274
high_004,high,651.0127525550628,197,2252,1047,1004,278,776.6218869134428
high_004,high,651.0127525550628,197,2252,1047,1004,286,773.5768282188135
high_004,high,651.0127525550628,197,2252,1047,1004,292,803.4263867831081
high_004,high,651.0127525550628,197,2252,1047,1004,296,803.4263867831081
high_004,high,651.0127525550628,197,2252,1047,1004,312,833.732400231383
high_004,high,651.0127525550628,197,2252,1047,1004,561,727.4044859912502
high_004,high,651.0127525550628,197,2252,1047,1004,567,686.2221747738935
high_004,high,651.0127525550628,197,2252,1047,1004,658,733.5457102822107
high_004,high,651.0127525550628,197,2252,1047,1004,665,760.03481103312
high_004,high,651.0127525550628,197,2252,1047,1004,666,739.1931051461944
high_004,high,651.0127525550628,197,2252,1047,1004,671,746.4765431855985
high_004,high,651.0127525550628,197,2252,1047,1004,677,769.1238079618367
high_004,high,651.0127525550628,197,2252,1047,1004,678,770.7986948040026
high_004,high,651.0127525550628,197,2252,1047,1004,680,776.4451028575235
high_004,high,651.0127525550628,197,2252,1047,1004,693,770.2629527160603
high_004,high,651.0127525550628,197,2252,1047,1004,717,859.5724323604994
high_004,high,651.0127525550628,197,2252,1047,1004,724,874.0498202955565
high_004,high,651.0127525550628,197,2252,1047,1004,726,860.6095453422327
high_004,high,651.0127525550628,197,2252,1047,1004,736,859.5724323604994
high_004,high,651.0127525550628,197,2252,1047,1004,744,886.9899822772437
high_004,high,651.0127525550628,197,2252,1047,1004,750,874.7576463522589
high_004,high,651.0127525550628,197,2252,1047,1004,759,859.5724323604994
high_004,high,651.0127525550628,197,2252,1047,1004,769,882.3437172406565
high_004,high,651.0127525550628,197,2252,1047,1004,771,872.4866798286401
high_004,high,651.0127525550628,197,2252,1047,1004,773,860.4821570529602
high_004,high,651.0127525550628,197,2252,1047,1004,774,864.2344899022277
high_004,high,651.0127525550628,197,2252,1047,1004,777,870.3209996726014
high_004,high,651.0127525550628,197,2252,1047,1004,780,876.1617741576308
high_004,high,651.0127525550628,197,2252,1047,1004,783,860.6065315031204
high_004,high,651.0127525550628,197,2252,1047,1004,786,861.8021120333577
high_004,high,651.0127525550628,197,2252,1047,1004,799,874.6448615379327
high_004,high,651.0127525550628,197,2252,1047,1004,800,875.9301074670159
high_004,high,651.0127525550628,197,2252,1047,1004,802,866.9333862420027
high_004,high,651.0127525550628,197,2252,1047,1004,809,876.3517994994306
high_004,high,651.0127525550628,197,2252,1047,1004,816,872.13002986343
high_004,high,651.0127525550628,197,2252,1047,1004,821,862.9849089354257
high_004,high,651.0127525550628,197,2252,1047,1004,822,864.8177531870879
high_004,high,651.0127525550628,197,2252,1047,1004,823,868.0615828851023
high_004,high,651.0127525550628,197,2252,1047,1004,832,859.5724323604994
high_004,high,651.0127525550628,197,2252,1047,1004,833,862.1699982167843
high_004,high,651.0127525550628,197,2252,1047,1004,837,864.8177531870879
high_004,high,651.0127525550628,197,2252,1047,1004,838,863.6618512764134
high_004,high,651.0127525550628,197,2252,1047,1004,848,868.5507599903209
high_004,high,651.0127525550628,197,2252,1047,1004,849,871.5310335615898
high_004,high,651.0127525550628,197,2252,1047,1004,850,868.7485638286603
high_004,high,651.0127525550628,197,2252,1047,1004,855,860.4465144421024
high_004,high,651.0127525550628,197,2252,1047,1004,859,863.652310334433
high_004,high,651.0127525550628,197,2252,1047,1004,863,870.8193278045965
high_004,high,651.0127525550628,197,2252,1047,1004,865,871.5310335615898
high_004,high,651.0127525550628,197,2252,1047,1004,867,871.7020952479701
high_004,high,651.0127525550628,197,2252,1047,1004,888,952.721795974701
high_004,high,651.0127525550628,197,2252,1047,1004,889,955.0798430416164
high_004,high,651.0127525550628,197,2252,1047,1004,1633,709.3439318406132
high_004,high,651.0127525550628,197,2252,1047,1004,1635,740.3505454974952
high_004,high,651.0127525550628,197,2252,1047,1004,1640,764.5018341910928
high_004,high,651.0127525550628,197,2252,1047,1004,2397,810.0124363301647
high_004,high,651.0127525550628,197,2252,1047,1004,2407,959.2366205239038
high_004,high,651.0127525550628,197,2252,1047,1004,2410,959.2366205239038
high_004,high,651.0127525550628,197,2252,1047,1004,2417,963.4202721085694
high_004,high,651.0127525550628,197,2252,1047,1004,2423,962.2548292559144
high_004,high,651.0127525550628,197,2252,1047,1004,2437,698.249639461148
high_004,high,651.0127525550628,197,2252,1047,1004,2439,709.6688111003242
high_004,high,651.0127525550628,197,2252,1047,1004,2440,701.4479843581453
high_004,high,651.0127525550628,197,2252,1047,1004,2444,694.3707013971281
high_004,high,651.0127525550628,197,2252,1047,1004,2611,990.4552770028812
high_004,high,651.0127525550628,197,2252,1047,1004,2617,992.8919809952964
high_004,high,651.0127525550628,197,2252,1047,1004,2625,992.7703182089858
high_004,high,651.0127525550628,197,2252,1047,1004,2626,992.8301365003624
high_004,high,651.0127525550628,197,2252,1047,1004,2629,993.5806440216762
high_004,high,651.0127525550628,197,2252,1047,1004,2631,997.159803915618
high_004,high,651.0127525550628,197,2252,1047,1004,2636,991.9430388825616
high_004,high,651.0127525550628,197,2252,1047,1004,2714,755.2893564611536
high_004,high,651.0127525550628,197,2252,1047,1004,2823,1005.946029295101
high_004,high,651.0127525550628,197,2252,1047,1004,2824,999.9669628228648
high_004,high,651.0127525550628,197,2252,1047,1004,2829,1002.668660106656
high_004,high,651.0127525550628,197,2252,1047,1004,2831,999.9669628228648
high_004,high,651.0127525550628,197,2252,1047,1004,2833,1009.2239059693052
high_004,high,651.0127525550628,197,2252,1047,1004,2839,1002.2047004791536
high_004,high,651.0127525550628,197,2252,1047,1004,2845,1025.4556180738084
high_004,high,651.0127525550628,197,2252,1047,1004,2847,1005.4855158913912
high_004,high,651.0127525550628,197,2252,1047,1004,2851,1022.05642918617
high_004,high,651.0127525550628,197,2252,1047,1004,2853,1003.195063730307
high_004,high,651.0127525550628,197,2252,1047,1004,2855,1002.8809925359768
high_004,high,651.0127525550628,197,2252,1047,1004,2861,1024.5134574819208
high_004,high,651.0127525550628,197,2252,1047,1004,2864,1039.9838563737296
high_004,high,651.0127525550628,197,2252,1047,1004,2873,999.9669628228648
high_004,high,651.0127525550628,197,2252,1047,1004,2876,1015.156232355703
high_004,high,651.0127525550628,197,2252,1047,1004,2882,1020.8072860737768
high_004,high,651.0127525550628,197,2252,1047,1004,2883,1019.83907188817
high_004,high,651.0127525550628,197,2252,1047,1004,2887,999.9669628228648
high_004,high,651.0127525550628,197,2252,1047,1004,2889,1007.8210640262508
high_004,high,651.0127525550628,197,2252,1047,1004,2895,1002.609350777852
high_004,high,651.0127525550628,197,2252,1047,1004,2897,1008.4619654951324
high_004,high,651.0127525550628,197,2252,1047,1004,2900,1051.0232318214055
high_004,high,651.0127525550628,197,2252,1047,1004,2904,1053.137536994859
high_004,high,651.0127525550628,197,2252,1047,1004,2906,1049.954909225768
high_004,high,651.0127525550628,197,2252,1047,1004,2917,1050.240539769415
high_004,high,651.0127525550628,197,2252,1047,1004,2925,1050.477065788391
high_004,high,651.0127525550628,197,2252,1047,1004,2926,1051.461908069846
high_004,high,651.0127525550628,197,2252,1047,1004,2927,1052.3816699129793
high_004,high,651.0127525550628,197,2252,1047,1004,2930,1050.9258611652378
high_004,high,651.0127525550628,197,2252,1047,1004,2942,1064.5916821360368
high_004,high,651.0127525550628,197,2252,1047,1004,2944,1076.4809828359098
high_004,high,651.0127525550628,197,2252,1047,1004,2949,1065.298196061637
high_004,high,651.0127525550628,197,2252,1047,1004,2957,1065.2338776801844
high_004,high,651.0127525550628,197,2252,1047,1004,2960,1066.090453820947
high_004,high,651.0127525550628,197,2252,1047,1004,2966,1067.8353908515471
high_004,high,651.0127525550628,197,2252,1047,1004,2980,1072.385427177699
high_004,high,651.0127525550628,197,2252,1047,1004,2981,1076.9335803596964
high_004,high,651.0127525550628,197,2252,1047,1004,2982,1064.7382169503187
high_004,high,651.0127525550628,197,2252,1047,1004,2987,1065.2377549834673
high_004,high,651.0127525550628,197,2252,1047,1004,2997,1095.3664392665955
high_004,high,651.0127525550628,197,2252,1047,1004,3000,1095.1923449701198
high_004,high,651.0127525550628,197,2252,1047,1004,3001,1102.0692594091004
high_004,high,651.0127525550628,197,2252,1047,1004,3010,1085.238361133682
high_004,high,651.0127525550628,197,2252,1047,1004,3015,1086.405719518302
high_004,high,651.0127525550628,197,2252,1047,1004,3018,1088.4508133315417
high_004,high,651.0127525550628,197,2252,1047,1004,3033,1088.3050126624184
high_004,high,651.0127525550628,197,2252,1047,1004,3037,1089.7883974598335
high_004,high,651.0127525550628,197,2252,1047,1004,3047,1098.001817802796
high_004,high,651.0127525550628,197,2252,1047,1004,3064,1085.814119751744
high_004,high,651.0127525550628,197,2252,1047,1004,3066,1085.531637436699
high_004,high,651.0127525550628,197,2252,1047,1004,3075,1107.1933902415703
high_004,high,651.0127525550628,197,2252,1047,1004,3083,1106.4164283590965
high_004,high,651.0127525550628,197,2252,1047,1004,3087,1126.3618654225525
high_004,high,651.0127525550628,197,2252,1047,1004,3090,1158.1980517236364
high_004,high,651.0127525550628,197,2252,1047,1004,3098,1162.2052055932354
high_004,high,651.0127525550628,197,2252,1047,1004,3100,1161.632570435744
high_004,high,651.0127525550628,197,2252,1047,1004,3110,1159.125213337471
high_004,high,651.0127525550628,197,2252,1047,1004,3113,1158.1134233069622
high_004,high,651.0127525550628,197,2252,1047,1004,3116,1157.840702731113
high_004,high,651.0127525550628,197,2252,1047,1004,3122,1162.4970489576335
high_004,high,651.0127525550628,197,2252,1047,1004,3123,1162.250180423339
high_004,high,651.0127525550628,197,2252,1047,1004,3124,1160.175885649291
high_004,high,651.0127525550628,197,2252,1047,1004,3126,1157.698907127832
high_004,high,651.0127525550628,197,2252,1047,1004,3140,1162.8193600514307
high_004,high,651.0127525550628,197,2252,1047,1004,3146,1190.0549725238
high_004,high,651.0127525550628,197,2252,1047,1004,3147,1189.6508331977705
high_004,high,651.0127525550628,197,2252,1047,1004,3160,1194.618813410211
high_004,high,651.0127525550628,197,2252,1047,1004,3162,1192.962275917395
high_004,high,651.0127525550628,197,2252,1047,1004,3171,1189.6508331977705
high_004,high,651.0127525550628,197,2252,1047,1004,3172,1189.6508331977705
high_004,high,651.0127525550628,197,2252,1047,1004,3173,1192.7053839563062
high_004,high,651.0127525550628,197,2252,1047,1004,3185,1190.302972439652
high_004,high,651.0127525550628,197,2252,1047,1004,3186,1190.3747025852776
high_004,high,651.0127525550628,197,2252,1047,1004,3187,1191.1178576473133
high_004,high,651.0127525550628,197,2252,1047,1004,3189,1191.7066400116375
high_004,high,651.0127525550628,197,2252,1047,1004,3192,1190.5558852718762
high_004,high,651.0127525550628,197,2252,1047,1004,3202,1203.6480550633598
high_004,high,651.0127525550628,197,2252,1047,1004,3218,1216.9957962194048
high_004,high,651.0127525550628,197,2252,1047,1004,3230,1214.1514691047305
high_004,high,651.0127525550628,197,2252,1047,1004,3237,1212.6829356303117
high_004,high,651.0127525550628,197,2252,1047,1004,3238,1213.7407908518985
high_004,high,651.0127525550628,197,2252,1047,1004,3242,1213.248730680731
high_004,high,651.0127525550628,197,2252,1047,1004,3254,1214.281966312764
high_004,high,651.0127525550628,197,2252,1047,1004,3259,1220.5095141903143
high_004,high,651.0127525550628,197,2252,1047,1004,3268,1221.5198624903328
high_004,high,651.0127525550628,197,2252,1047,1004,3270,1220.5095141903143
high_004,high,651.0127525550628,197,2252,1047,1004,3271,1225.2857625849404
high_004,high,651.0127525550628,197,2252,1047,1004,3274,1221.7540498178475
high_004,high,651.0127525550628,197,2252,1047,1004,3278,1221.651057957066
high_004,high,651.0127525550628,197,2252,1047,1004,3287,1235.1288965458584
high_004,high,651.0127525550628,197,2252,1047,1004,3293,1243.4279725695123
high_004,high,651.0127525550628,197,2252,1047,1004,3295,1235.1288965458584
high_005,high,674.111202875711,191,2333,966,924,32,730.7949926020128
high_005,high,674.111202875711,191,2333,966,924,37,699.0247030383264
high_005,high,674.111202875711,191,2333,966,924,59,698.3340691877142
high_005,high,674.111202875711,191,2333,966,924,105,712.9731158143122
high_005,high,674.111202875711,191,2333,966,924,167,725.8462263825394
high_005,high,674.111202875711,191,2333,966,924,169,756.9799950026689
high_005,high,674.111202875711,191,2333,966,924,175,721.2277260230537
high_005,high,674.111202875711,191,2333,966,924,176,761.5138526312667
high_005,high,674.111202875711,191,2333,966,924,177,763.426889245906
high_005,high,674.111202875711,191,2333,966,924,182,732.1407299535966
high_005,high,674.111202875711,191,2333,966,924,187,727.005534219418
high_005,high,674.111202875711,191,2333,966,924,190,695.6129945843818
high_005,high,674.111202875711,191,2333,966,924,191,708.7920938145262
high_005,high,674.111202875711,191,2333,966,924,203,706.7465330427042
high_005,high,674.111202875711,191,2333,966,924,205,701.1837721033579
high_005,high,674.111202875711,191,2333,966,924,207,709.7743091093874
high_005,high,674.111202875711,191,2333,966,924,220,720.3029438312052
high_005,high,674.111202875711,191,2333,966,924,232,790.7002411719734
high_005,high,674.111202875711,191,2333,966,924,249,771.7166047202178
high_005,high,674.111202875711,191,2333,966,924,253,780.5044740002621
high_005,high,674.111202875711,191,2333,966,924,257,784.7750556206718
high_005,high,674.111202875711,191,2333,966,924,259,780.4209390694166
high_005,high,674.111202875711,191,2333,966,924,260,764.2480565605323
high_005,high,674.111202875711,191,2333,966,924,262,764.2480565605323
high_005,high,674.111202875711,191,2333,966,924,267,780.0564266340253
high_005,high,674.111202875711,191,2333,966,924,288,781.0800637103371
high_005,high,674.111202875711,191,2333,966,924,295,804.3975891217284
high_005,high,674.111202875711,191,2333,966,924,308,807.7071585090147
high_005,high,674.111202875711,191,2333,966,924,311,828.9602109125962
high_005,high,674.111202875711,191,2333,966,924,312,833.732400231383
high_005,high,674.111202875711,191,2333,966,924,559,734.0204470667558
high_005,high,674.111202875711,191,2333,966,924,562,764.6522378224952
high_005,high,674.111202875711,191,2333,966,924,567,707.8341206627908
high_005,high,674.111202875711,191,2333,966,924,658,733.5457102822107
high_005,high,674.111202875711,191,2333,966,924,665,760.03481103312
high_005,high,674.111202875711,191,2333,966,924,667,741.6209178259958
high_005,high,674.111202875711,191,2333,966,924,668,762.278698011802
high_005,high,674.111202875711,191,2333,966,924,686,765.872894694865
high_005,high,674.111202875711,191,2333,966,924,689,798.9952921667135
high_005,high,674.111202875711,191,2333,966,924,690,791.8361635108738
high_005,high,674.111202875711,191,2333,966,924,718,866.2162984069909
high_005,high,674.111202875711,191,2333,966,924,721,871.2577526228072
high_005,high,674.111202875711,191,2333,966,924,722,871.8782121330346
high_005,high,674.111202875711,191,2333,966,924,729,866.973697493397
high_005,high,674.111202875711,191,2333,966,924,734,877.7070197679204
high_005,high,674.111202875711,191,2333,966,924,742,879.2051215339136
high_005,high,674.111202875711,191,2333,966,924,746,891.9127448944064
high_005,high,674.111202875711,191,2333,966,924,749,912.3380011004592
high_005,high,674.111202875711,191,2333,966,924,750,874.7576463522589
high_005,high,674.111202875711,191,2333,966,924,754,882.0507063426252
high_005,high,674.111202875711,191,2333,966,924,758,868.5507599903209
high_005,high,674.111202875711,191,2333,966,924,765,881.246947133774
high_005,high,674.111202875711,191,2333,966,924,767,883.0464829473062
high_005,high,674.111202875711,191,2333,966,924,778,871.9513899905053
high_005,high,674.111202875711,191,2333,966,924,783,860.6065315031204
high_005,high,674.111202875711,191,2333,966,924,785,879.169401903564
high_005,high,674.111202875711,191,2333,966,924,787,869.4710809777966
high_005,high,674.111202875711,191,2333,966,924,790,859.5724323604994
high_005,high,674.111202875711,191,2333,966,924,801,860.8576782895826
high_005,high,674.111202875711,191,2333,966,924,805,862.8927922922512
high_005,high,674.111202875711,191,2333,966,924,820,863.5320352605727
high_005,high,674.111202875711,191,2333,966,924,835,862.1744571156983
high_005,high,674.111202875711,191,2333,966,924,840,866.9145362977636
high_005,high,674.111202875711,191,2333,966,924,850,868.7485638286603
high_005,high,674.111202875711,191,2333,966,924,858,866.4333207558111
high_005,high,674.111202875711,191,2333,966,924,861,868.4908732793257
high_005,high,674.111202875711,191,2333,966,924,864,875.9111987646017
high_005,high,674.111202875711,191,2333,966,924,870,954.2622808567984
high_005,high,674.111202875711,191,2333,966,924,873,953.7321442747192
high_005,high,674.111202875711,191,2333,966,924,877,952.721795974701
high_005,high,674.111202875711,191,2333,966,924,888,952.721795974701
high_005,high,674.111202875711,191,2333,966,924,1634,727.089365348187
high_005,high,674.111202875711,191,2333,966,924,1638,736.1382925041067
high_005,high,674.111202875711,191,2333,966,924,1640,764.5018341910928
high_005,high,674.111202875711,191,2333,966,924,2342,756.4567204553742
high_005,high,674.111202875711,191,2333,966,924,2400,828.9602109125962
high_005,high,674.111202875711,191,2333,966,924,2401,808.8197564258983
high_005,high,674.111202875711,191,2333,966,924,2405,960.207822862524
high_005,high,674.111202875711,191,2333,966,924,2410,959.2366205239038
high_005,high,674.111202875711,191,2333,966,924,2423,962.2548292559144
high_005,high,674.111202875711,191,2333,966,924,2424,963.6693168518516
high_005,high,674.111202875711,191,2333,966,924,2442,705.3248413231951
high_005,high,674.111202875711,191,2333,966,924,2443,730.9362188541362
high_005,high,674.111202875711,191,2333,966,924,2444,712.4592938274152
high_005,high,674.111202875711,191,2333,966,924,2445,725.3956854214807
high_005,high,674.111202875711,191,2333,966,924,2608,969.2235614863656
high_005,high,674.111202875711,191,2333,966,924,2617,992.8919809952964
high_005,high,674.111202875711,191,2333,966,924,2618,991.9430388825616
high_005,high,674.111202875711,191,2333,966,924,2621,993.1045744974208
high_005,high,674.111202875711,191,2333,966,924,2624,993.649783356905
high_005,high,674.111202875711,191,2333,966,924,2625,992.7703182089858
high_005,high,674.111202875711,191,2333,966,924,2628,992.7200007650356
high_005,high,674.111202875711,191,2333,966,924,2629,993.5806440216762
high_005,high,674.111202875711,191,2333,966,924,2634,991.9430388825616
high_005,high,674.111202875711,191,2333,966,924,2822,1002.0411887863312
high_005,high,674.111202875711,191,2333,966,924,2826,999.9669628228648
high_005,high,674.111202875711,191,2333,966,924,2828,1003.324510499214
high_005,high,674.111202875711,191,2333,966,924,2829,1002.668660106656
high_005,high,674.111202875711,191,2333,966,924,2834,1008.9538117097431
high_005,high,674.111202875711,191,2333,966,924,2837,1009.3795385198888
high_005,high,674.111202875711,191,2333,966,924,2841,1014.9199067437744
high_005,high,674.111202875711,191,2333,966,924,2844,1012.817481250774
high_005,high,674.111202875711,191,2333,966,924,2846,1007.0627992574592
high_005,high,674.111202875711,191,2333,966,924,2848,1007.129697305098
high_005,high,674.111202875711,191,2333,966,924,2849,1001.0783459769737
high_005,high,674.111202875711,191,2333,966,924,2862,1020.428843707753
high_005,high,674.111202875711,191,2333,966,924,2868,999.9669628228648
high_005,high,674.111202875711,191,2333,966,924,2871,1002.0411887863312
high_005,high,674.111202875711,191,2333,966,924,2875,1014.3383486143056
high_005,high,674.111202875711,191,2333,966,924,2876,1015.156232355703
high_005,high,674.111202875711,191,2333,966,924,2881,1017.3872276628472
high_005,high,674.111202875711,191,2333,966,924,2883,1019.83907188817
high_005,high,674.111202875711,191,2333,966,924,2884,1016.7910283148892
high_005,high,674.111202875711,191,2333,966,924,2886,1006.5100327540436
high_005,high,674.111202875711,191,2333,966,924,2888,999.9669628228648
high_005,high,674.111202875711,191,2333,966,924,2889,1007.8210640262508
high_005,high,674.111202875711,191,2333,966,924,2906,1049.954909225768
high_005,high,674.111202875711,191,2333,966,924,2908,1048.3173040866534
high_005,high,674.111202875711,191,2333,966,924,2921,1048.3173040866534
high_005,high,674.111202875711,191,2333,966,924,2926,1051.461908069846
high_005,high,674.111202875711,191,2333,966,924,2946,1062.9751248319187
high_005,high,674.111202875711,191,2333,966,924,2949,1065.298196061637
high_005,high,674.111202875711,191,2333,966,924,2952,1076.9226289311032
high_005,high,674.111202875711,191,2333,966,924,2953,1074.009713173082
high_005,high,674.111202875711,191,2333,966,924,2955,1068.201070287189
high_005,high,674.111202875711,191,2333,966,924,2959,1064.9464529236984
high_005,high,674.111202875711,191,2333,966,924,2962,1068.5216186335306
high_005,high,674.111202875711,191,2333,966,924,2965,1067.607745894601
high_005,high,674.111202875711,191,2333,966,924,2969,1068.3961316139034
high_005,high,674.111202875711,191,2333,966,924,2978,1072.9959162873504
high_005,high,674.111202875711,191,2333,966,924,2989,1062.9751248319187
high_005,high,674.111202875711,191,2333,966,924,2990,1066.090453820947
high_005,high,674.111202875711,191,2333,966,924,2992,1066.500922033494
high_005,high,674.111202875711,191,2333,966,924,3006,1083.8940322975843
high_005,high,674.111202875711,191,2333,966,924,3012,1085.4710947945082
high_005,high,674.111202875711,191,2333,966,924,3019,1095.3664392665955
high_005,high,674.111202875711,191,2333,966,924,3023,1088.9640078669138
high_005,high,674.111202875711,191,2333,966,924,3024,1091.1324688148716
high_005,high,674.111202875711,191,2333,966,924,3026,1085.926909807171
high_005,high,674.111202875711,191,2333,966,924,3027,1085.930399380033
high_005,high,674.111202875711,191,2333,966,924,3031,1085.9847963489449
high_005,high,674.111202875711,191,2333,966,924,3035,1088.411537994116
high_005,high,674.111202875711,191,2333,966,924,3039,1090.0865808143365
high_005,high,674.111202875711,191,2333,966,924,3040,1093.132673934079
high_005,high,674.111202875711,191,2333,966,924,3050,1088.568819856947
high_005,high,674.111202875711,191,2333,966,924,3055,1087.513379296758
high_005,high,674.111202875711,191,2333,966,924,3060,1092.4861814254616
high_005,high,674.111202875711,191,2333,966,924,3068,1083.8940322975843
high_005,high,674.111202875711,191,2333,966,924,3074,1106.4164283590965
high_005,high,674.111202875711,191,2333,966,924,3090,1158.1980517236364
high_005,high,674.111202875711,191,2333,966,924,3102,1159.9652184117003
high_005,high,674.111202875711,191,2333,966,924,3111,1159.895024337298
high_005,high,674.111202875711,191,2333,966,924,3115,1160.8921745663029
high_005,high,674.111202875711,191,2333,966,924,3119,1156.953605113312
high_005,high,674.111202875711,191,2333,966,924,3121,1158.1959192067843
high_005,high,674.111202875711,191,2333,966,924,3125,1158.591210252427
high_005,high,674.111202875711,191,2333,966,924,3130,1157.8842943170162
high_005,high,674.111202875711,191,2333,966,924,3133,1159.3681721349003
high_005,high,674.111202875711,191,2333,966,924,3137,1156.953605113312
high_005,high,674.111202875711,191,2333,966,924,3147,1189.6508331977705
high_005,high,674.111202875711,191,2333,966,924,3149,1197.2820231143414
high_005,high,674.111202875711,191,2333,966,924,3152,1191.5092902092383
high_005,high,674.111202875711,191,2333,966,924,3154,1192.1498045213198
high_005,high,674.111202875711,191,2333,966,924,3160,1194.618813410211
high_005,high,674.111202875711,191,2333,966,924,3169,1194.140551569456
high_005,high,674.111202875711,191,2333,966,924,3181,1194.3942142329813
high_005,high,674.111202875711,191,2333,966,924,3183,1190.8459967549968
high_005,high,674.111202875711,191,2333,966,924,3190,1190.4943373328936
high_005,high,674.111202875711,191,2333,966,924,3193,1194.5154881045178
high_005,high,674.111202875711,191,2333,966,924,3199,1196.2012165385204
high_005,high,674.111202875711,191,2333,966,924,3200,1201.3963479818258
high_005,high,674.111202875711,191,2333,966,924,3201,1202.4646705774635
high_005,high,674.111202875711,191,2333,966,924,3210,1193.3278484931884
high_005,high,674.111202875711,191,2333,966,924,3215,1196.1780748530298
high_005,high,674.111202875711,191,2333,966,924,3222,1217.7727238864586
high_005,high,674.111202875711,191,2333,966,924,3225,1216.475368778341
high_005,high,674.111202875711,191,2333,966,924,3226,1212.6829356303117
high_005,high,674.111202875711,191,2333,966,924,3227,1214.6020882913242
high_005,high,674.111202875711,191,2333,966,924,3233,1212.6829356303117
high_005,high,674.111202875711,191,2333,966,924,3235,1212.6829356303117
high_005,high,674.111202875711,191,2333,966,924,3237,1212.6829356303117
high_005,high,674.111202875711,191,2333,966,924,3252,1217.7727238864586
high_005,high,674.111202875711,191,2333,966,924,3264,1220.5095141903143
high_005,high,674.111202875711,191,2333,966,924,3266,1221.627467239859
high_005,high,674.111202875711,191,2333,966,924,3267,1220.5095141903143
high_005,high,674.111202875711,191,2333,966,924,3271,1225.2857625849404
high_005,high,674.111202875711,191,2333,966,924,3273,1220.5095141903143
high_005,high,674.111202875711,191,2333,966,924,3277,1222.480842282094
high_005,high,674.111202875711,191,2333,966,924,3283,1231.9209154942885
high_005,high,674.111202875711,191,2333,966,924,3291,1241.4855678922718
high_005,high,674.111202875711,191,2333,966,924,3294,1246.5478044309427
high_006,high,650.4136395210475,185,2251,1048,1005,44,690.144374516686
high_006,high,650.4136395210475,185,2251,1048,1005,61,689.6639785869907
high_006,high,650.4136395210475,185,2251,1048,1005,77,675.3491725134804
high_006,high,650.4136395210475,185,2251,1048,1005,82,691.2795462191659
high_006,high,650.4136395210475,185,2251,1048,1005,94,709.2669881656007
high_006,high,650.4136395210475,185,2251,1048,1005,97,702.00432024952
high_006,high,650.4136395210475,185,2251,1048,1005,111,681.737466743589
high_006,high,650.4136395210475,185,2251,1048,1005,116,709.0261500483678
high_006,high,650.4136395210475,185,2251,1048,1005,117,710.3098985468014
high_006,high,650.4136395210475,185,2251,1048,1005,121,685.6899935544745
high_006,high,650.4136395210475,185,2251,1048,1005,123,689.5389557062698
high_006,high,650.4136395210475,185,2251,1048,1005,144,671.7416303766396
high_006,high,650.4136395210475,185,2251,1048,1005,154,701.7035676146611
high_006,high,650.4136395210475,185,2251,1048,1005,167,725.8462263825394
high_006,high,650.4136395210475,185,2251,1048,1005,186,711.7231516805729
high_006,high,650.4136395210475,185,2251,1048,1005,196,704.6619125409077
high_006,high,650.4136395210475,185,2251,1048,1005,199,694.963920377905
high_006,high,650.4136395210475,185,2251,1048,1005,202,701.3558931310805
high_006,high,650.4136395210475,185,2251,1048,1005,206,702.5300340070621
high_006,high,650.4136395210475,185,2251,1048,1005,208,705.9699457231468
high_006,high,650.4136395210475,185,2251,1048,1005,218,705.0040810482818
high_006,high,650.4136395210475,185,2251,1048,1005,223,701.8492677478794
high_006,high,650.4136395210475,185,2251,1048,1005,231,766.4081963968734
high_006,high,650.4136395210475,185,2251,1048,1005,238,767.2111488967087
high_006,high,650.4136395210475,185,2251,1048,1005,244,766.9434908278633
high_006,high,650.4136395210475,185,2251,1048,1005,245,767.6202077124336
high_006,high,650.4136395210475,185,2251,1048,1005,253,780.5044740002621
high_006,high,650.4136395210475,185,2251,1048,1005,256,784.3605612672978
high_006,high,650.4136395210475,185,2251,1048,1005,260,764.2480565605323
high_006,high,650.4136395210475,185,2251,1048,1005,261,782.9327448103926
high_006,high,650.4136395210475,185,2251,1048,1005,262,764.2480565605323
high_006,high,650.4136395210475,185,2251,1048,1005,267,780.0564266340253
high_006,high,650.4136395210475,185,2251,1048,1005,269,780.5044740002621
high_006,high,650.4136395210475,185,2251,1048,1005,277,782.6429150261217
high_006,high,650.4136395210475,185,2251,1048,1005,282,773.2332928581826
high_006,high,650.4136395210475,185,2251,1048,1005,285,774.839197857853
high_006,high,650.4136395210475,185,2251,1048,1005,288,781.0800637103371
high_006,high,650.4136395210475,185,2251,1048,1005,299,805.4733931764986
high_006,high,650.4136395210475,185,2251,1048,1005,308,807.7071585090147
high_006,high,650.4136395210475,185,2251,1048,1005,313,828.9602109125962
high_006,high,650.4136395210475,185,2251,1048,1005,557,711.2322935927688
high_006,high,650.4136395210475,185,2251,1048,1005,564,695.2174229121491
high_006,high,650.4136395210475,185,2251,1048,1005,569,709.3884941750923
high_006,high,650.4136395210475,185,2251,1048,1005,658,733.5457102822107
high_006,high,650.4136395210475,185,2251,1048,1005,662,707.5096095572876
high_006,high,650.4136395210475,185,2251,1048,1005,668,762.278698011802
high_006,high,650.4136395210475,185,2251,1048,1005,670,748.9043558653999
high_006,high,650.4136395210475,185,2251,1048,1005,689,798.9952921667135
high_006,high,650.4136395210475,185,2251,1048,1005,690,791.8361635108738
high_006,high,650.4136395210475,185,2251,1048,1005,712,856.5718693622078
high_006,high,650.4136395210475,185,2251,1048,1005,714,855.4301757880048
high_006,high,650.4136395210475,185,2251,1048,1005,717,859.5724323604994
high_006,high,650.4136395210475,185,2251,1048,1005,720,869.9134237867096
high_006,high,650.4136395210475,185,2251,1048,1005,726,860.6095453422327
high_006,high,650.4136395210475,185,2251,1048,1005,729,866.973697493397
high_006,high,650.4136395210475,185,2251,1048,1005,739,862.3859404043667
high_006,high,650.4136395210475,185,2251,1048,1005,748,910.764837228464
high_006,high,650.4136395210475,185,2251,1048,1005,761,864.1242096873266
high_006,high,650.4136395210475,185,2251,1048,1005,764,875.7118445784047
high_006,high,650.4136395210475,185,2251,1048,1005,768,880.8044455579775
high_006,high,650.4136395210475,185,2251,1048,1005,772,862.9080897268523
high_006,high,650.4136395210475,185,2251,1048,1005,783,860.6065315031204
high_006,high,650.4136395210475,185,2251,1048,1005,787,869.4710809777966
high_006,high,650.4136395210475,185,2251,1048,1005,789,860.814746453972
high_006,high,650.4136395210475,185,2251,1048,1005,807,865.1478033949033
high_006,high,650.4136395210475,185,2251,1048,1005,810,861.6951233899063
high_006,high,650.4136395210475,185,2251,1048,1005,819,863.0883695440303
high_006,high,650.4136395210475,185,2251,1048,1005,823,868.0615828851023
high_006,high,650.4136395210475,185,2251,1048,1005,828,865.5158531148844
high_006,high,650.4136395210475,185,2251,1048,1005,829,863.6378071509727
high_006,high,650.4136395210475,185,2251,1048,1005,847,868.509821567007
high_006,high,650.4136395210475,185,2251,1048,1005,848,868.5507599903209
high_006,high,650.4136395210475,185,2251,1048,1005,856,870.1327630986493
high_006,high,650.4136395210475,185,2251,1048,1005,858,866.4333207558111
high_006,high,650.4136395210475,185,2251,1048,1005,859,863.652310334433
high_006,high,650.4136395210475,185,2251,1048,1005,862,866.8901068171923
high_006,high,650.4136395210475,185,2251,1048,1005,871,952.721795974701
high_006,high,650.4136395210475,185,2251,1048,1005,874,952.721795974701
high_006,high,650.4136395210475,185,2251,1048,1005,877,952.721795974701
high_006,high,650.4136395210475,185,2251,1048,1005,882,952.721795974701
high_006,high,650.4136395210475,185,2251,1048,1005,883,952.721795974701
high_006,high,650.4136395210475,185,2251,1048,1005,884,953.8397490242456
high_006,high,650.4136395210475,185,2251,1048,1005,888,952.721795974701
high_006,high,650.4136395210475,185,2251,1048,1005,1633,709.3439318406132
high_006,high,650.4136395210475,185,2251,1048,1005,1637,690.0996879246927
high_006,high,650.4136395210475,185,2251,1048,1005,2342,756.4567204553742
high_006,high,650.4136395210475,185,2251,1048,1005,2410,959.2366205239038
high_006,high,650.4136395210475,185,2251,1048,1005,2439,683.5686967268031
high_006,high,650.4136395210475,185,2251,1048,1005,2440,690.0243883625704
high_006,high,650.4136395210475,185,2251,1048,1005,2446,676.9454284154352
high_006,high,650.4136395210475,185,2251,1048,1005,2616,992.6883408970816
high_006,high,650.4136395210475,185,2251,1048,1005,2621,993.1045744974208
high_006,high,650.4136395210475,185,2251,1048,1005,2622,994.35760590415
high_006,high,650.4136395210475,185,2251,1048,1005,2626,992.8301365003624
high_006,high,650.4136395210475,185,2251,1048,1005,2628,992.7200007650356
high_006,high,650.4136395210475,185,2251,1048,1005,2630,994.35760590415
high_006,high,650.4136395210475,185,2251,1048,1005,2631,997.159803915618
high_006,high,650.4136395210475,185,2251,1048,1005,2643,992.7727292803116
high_006,high,650.4136395210475,185,2251,1048,1005,2824,999.9669628228648
high_006,high,650.4136395210475,185,2251,1048,1005,2829,1002.668660106656
high_006,high,650.4136395210475,185,2251,1048,1005,2830,1013.377476132574
high_006,high,650.4136395210475,185,2251,1048,1005,2838,1010.9258256478414
high_006,high,650.4136395210475,185,2251,1048,1005,2840,1005.0091279960976
high_006,high,650.4136395210475,185,2251,1048,1005,2856,1003.8938021954574
high_006,high,650.4136395210475,185,2251,1048,1005,2858,1018.2286852241256
high_006,high,650.4136395210475,185,2251,1048,1005,2865,1002.3037735523671
high_006,high,650.4136395210475,185,2251,1048,1005,2866,1001.8302178314
high_006,high,650.4136395210475,185,2251,1048,1005,2868,999.9669628228648
high_006,high,650.4136395210475,185,2251,1048,1005,2876,1015.156232355703
high_006,high,650.4136395210475,185,2251,1048,1005,2881,1017.3872276628472
high_006,high,650.4136395210475,185,2251,1048,1005,2906,1049.954909225768
high_006,high,650.4136395210475,185,2251,1048,1005,2909,1049.4286872407622
high_006,high,650.4136395210475,185,2251,1048,1005,2922,1049.7958001554882
high_006,high,650.4136395210475,185,2251,1048,1005,2925,1050.477065788391
high_006,high,650.4136395210475,185,2251,1048,1005,2926,1051.461908069846
high_006,high,650.4136395210475,185,2251,1048,1005,2927,1052.3816699129793
high_006,high,650.4136395210475,185,2251,1048,1005,2957,1065.2338776801844
high_006,high,650.4136395210475,185,2251,1048,1005,2961,1073.3653879877938
high_006,high,650.4136395210475,185,2251,1048,1005,2969,1068.3961316139034
high_006,high,650.4136395210475,185,2251,1048,1005,2971,1069.6828427960106
high_006,high,650.4136395210475,185,2251,1048,1005,2973,1071.7474448923242
high_006,high,650.4136395210475,185,2251,1048,1005,2983,1062.9751248319187
high_006,high,650.4136395210475,185,2251,1048,1005,2987,1065.2377549834673
high_006,high,650.4136395210475,185,2251,1048,1005,2988,1062.9751248319187
high_006,high,650.4136395210475,185,2251,1048,1005,2991,1064.4657288609587
high_006,high,650.4136395210475,185,2251,1048,1005,2995,1093.6066694374213
high_006,high,650.4136395210475,185,2251,1048,1005,3003,1094.753208684008
high_006,high,650.4136395210475,185,2251,1048,1005,3005,1083.8940322975843
high_006,high,650.4136395210475,185,2251,1048,1005,3008,1088.2911199767286
high_006,high,650.4136395210475,185,2251,1048,1005,3014,1092.1668254385525
high_006,high,650.4136395210475,185,2251,1048,1005,3020,1098.3786905686538
high_006,high,650.4136395210475,185,2251,1048,1005,3025,1090.705465048222
high_006,high,650.4136395210475,185,2251,1048,1005,3038,1091.017347895001
high_006,high,650.4136395210475,185,2251,1048,1005,3040,1093.132673934079
high_006,high,650.4136395210475,185,2251,1048,1005,3050,1088.568819856947
high_006,high,650.4136395210475,185,2251,1048,1005,3052,1087.7337814976904
high_006,high,650.4136395210475,185,2251,1048,1005,3053,1083.8940322975843
high_006,high,650.4136395210475,185,2251,1048,1005,3057,1088.8747322777456
high_006,high,650.4136395210475,185,2251,1048,1005,3059,1091.0213172210172
high_006,high,650.4136395210475,185,2251,1048,1005,3067,1083.8940322975843
high_006,high,650.4136395210475,185,2251,1048,1005,3069,1084.8033457435122
high_006,high,650.4136395210475,185,2251,1048,1005,3076,1107.931950809124
high_006,high,650.4136395210475,185,2251,1048,1005,3093,1157.730566995786
high_006,high,650.4136395210475,185,2251,1048,1005,3096,1163.0951032643663
high_006,high,650.4136395210475,185,2251,1048,1005,3103,1160.175885649291
high_006,high,650.4136395210475,185,2251,1048,1005,3104,1162.8345792435434
high_006,high,650.4136395210475,185,2251,1048,1005,3107,1156.953605113312
high_006,high,650.4136395210475,185,2251,1048,1005,3111,1159.895024337298
high_006,high,650.4136395210475,185,2251,1048,1005,3114,1162.8345792435434
high_006,high,650.4136395210475,185,2251,1048,1005,3118,1159.777046173644
high_006,high,650.4136395210475,185,2251,1048,1005,3122,1162.4970489576335
high_006,high,650.4136395210475,185,2251,1048,1005,3126,1157.698907127832
high_006,high,650.4136395210475,185,2251,1048,1005,3127,1159.3681721349003
high_006,high,650.4136395210475,185,2251,1048,1005,3128,1158.7277345929413
high_006,high,650.4136395210475,185,2251,1048,1005,3130,1157.8842943170162
high_006,high,650.4136395210475,185,2251,1048,1005,3132,1158.2312943173504
high_006,high,650.4136395210475,185,2251,1048,1005,3137,1156.953605113312
high_006,high,650.4136395210475,185,2251,1048,1005,3139,1156.953605113312
high_006,high,650.4136395210475,185,2251,1048,1005,3145,1189.6508331977705
high_006,high,650.4136395210475,185,2251,1048,1005,3146,1190.0549725238
high_006,high,650.4136395210475,185,2251,1048,1005,3149,1197.2820231143414
high_006,high,650.4136395210475,185,2251,1048,1005,3152,1191.5092902092383
high_006,high,650.4136395210475,185,2251,1048,1005,3157,1191.361273272858
high_006,high,650.4136395210475,185,2251,1048,1005,3168,1192.5872119274422
high_006,high,650.4136395210475,185,2251,1048,1005,3172,1189.6508331977705
high_006,high,650.4136395210475,185,2251,1048,1005,3184,1190.841130093196
high_006,high,650.4136395210475,185,2251,1048,1005,3185,1190.302972439652
high_006,high,650.4136395210475,185,2251,1048,1005,3192,1190.5558852718762
high_006,high,650.4136395210475,185,2251,1048,1005,3193,1194.5154881045178
high_006,high,650.4136395210475,185,2251,1048,1005,3198,1192.4836018941114
high_006,high,650.4136395210475,185,2251,1048,1005,3199,1196.2012165385204
high_006,high,650.4136395210475,185,2251,1048,1005,3212,1191.048274454172
high_006,high,650.4136395210475,185,2251,1048,1005,3221,1215.9995584709725
high_006,high,650.4136395210475,185,2251,1048,1005,3241,1213.6883129383193
high_006,high,650.4136395210475,185,2251,1048,1005,3242,1213.248730680731
high_006,high,650.4136395210475,185,2251,1048,1005,3247,1213.8747090800723
high_006,high,650.4136395210475,185,2251,1048,1005,3251,1216.8635608356176
high_006,high,650.4136395210475,185,2251,1048,1005,3253,1212.6829356303117
high_006,high,650.4136395210475,185,2251,1048,1005,3264,1220.5095141903143
high_006,high,650.4136395210475,185,2251,1048,1005,3267,1220.5095141903143
high_006,high,650.4136395210475,185,2251,1048,1005,3271,1225.2857625849404
high_006,high,650.4136395210475,185,2251,1048,1005,3283,1231.9209154942885
high_006,high,650.4136395210475,185,2251,1048,1005,3286,1235.1288965458584
high_006,high,650.4136395210475,185,2251,1048,1005,3288,1235.1288965458584
high_006,high,650.4136395210475,185,2251,1048,1005,3294,1246.5478044309427
high_007,high,601.2679509607002,202,2195,1104,1058,36,681.1865438081716
high_007,high,601.2679509607002,202,2195,1104,1058,44,651.5736201382567
high_007,high,601.2679509607002,202,2195,1104,1058,48,646.1780524113685
high_007,high,601.2679509607002,202,2195,1104,1058,49,646.4197224851405
high_007,high,601.2679509607002,202,2195,1104,1058,56,677.6278730001671
high_007,high,601.2679509607002,202,2195,1104,1058,66,645.3280704877826
high_007,high,601.2679509607002,202,2195,1104,1058,72,650.1937972073154
high_007,high,601.2679509607002,202,2195,1104,1058,76,652.3273322151731
high_007,high,601.2679509607002,202,2195,1104,1058,77,655.7415693934804
high_007,high,601.2679509607002,202,2195,1104,1058,83,671.2020654504298
high_007,high,601.2679509607002,202,2195,1104,1058,87,676.613922730237
high_007,high,601.2679509607002,202,2195,1104,1058,98,653.3384479877046
high_007,high,601.2679509607002,202,2195,1104,1058,99,670.6500616954339
high_007,high,601.2679509607002,202,2195,1104,1058,105,680.9735797488853
high_007,high,601.2679509607002,202,2195,1104,1058,108,645.7401222443542
high_007,high,601.2679509607002,202,2195,1104,1058,119,665.2288294837997
high_007,high,601.2679509607002,202,2195,1104,1058,128,657.2485440002836
high_007,high,601.2679509607002,202,2195,1104,1058,138,660.5360842038884
high_007,high,601.2679509607002,202,2195,1104,1058,140,682.5774216965925
high_007,high,601.2679509607002,202,2195,1104,1058,142,662.0367608998619
high_007,high,601.2679509607002,202,2195,1104,1058,150,673.1332625397444
high_007,high,601.2679509607002,202,2195,1104,1058,154,677.6278730001671
high_007,high,601.2679509607002,202,2195,1104,1058,160,670.5676023633941
high_007,high,601.2679509607002,202,2195,1104,1058,162,670.1105204220381
high_007,high,601.2679509607002,202,2195,1104,1058,168,754.4152743795506
high_007,high,601.2679509607002,202,2195,1104,1058,169,756.9799950026689
high_007,high,601.2679509607002,202,2195,1104,1058,171,697.1217297798605
high_007,high,601.2679509607002,202,2195,1104,1058,173,755.2893564611536
high_007,high,601.2679509607002,202,2195,1104,1058,177,763.426889245906
high_007,high,601.2679509607002,202,2195,1104,1058,181,693.1915379752445
high_007,high,601.2679509607002,202,2195,1104,1058,182,701.4211857593834
high_007,high,601.2679509607002,202,2195,1104,1058,184,707.319866114405
high_007,high,601.2679509607002,202,2195,1104,1058,189,703.5553275553356
high_007,high,601.2679509607002,202,2195,1104,1058,194,699.2675184914357
high_007,high,601.2679509607002,202,2195,1104,1058,200,702.9291778137936
high_007,high,601.2679509607002,202,2195,1104,1058,205,701.1837721033579
high_007,high,601.2679509607002,202,2195,1104,1058,207,696.8738905377794
high_007,high,601.2679509607002,202,2195,1104,1058,210,705.9438113729364
high_007,high,601.2679509607002,202,2195,1104,1058,212,695.4037119736602
high_007,high,601.2679509607002,202,2195,1104,1058,213,695.2081183025755
high_007,high,601.2679509607002,202,2195,1104,1058,215,692.5853289711449
high_007,high,601.2679509607002,202,2195,1104,1058,219,704.0895353824162
high_007,high,601.2679509607002,202,2195,1104,1058,228,775.1354820888598
high_007,high,601.2679509607002,202,2195,1104,1058,234,786.669008903823
high_007,high,601.2679509607002,202,2195,1104,1058,239,766.5686429120145
high_007,high,601.2679509607002,202,2195,1104,1058,241,764.2480565605323
high_007,high,601.2679509607002,202,2195,1104,1058,246,769.5508440691626
high_007,high,601.2679509607002,202,2195,1104,1058,248,786.6703170400056
high_007,high,601.2679509607002,202,2195,1104,1058,253,780.5044740002621
high_007,high,601.2679509607002,202,2195,1104,1058,256,784.3605612672978
high_007,high,601.2679509607002,202,2195,1104,1058,266,778.6950776070587
high_007,high,601.2679509607002,202,2195,1104,1058,279,777.5297125666199
high_007,high,601.2679509607002,202,2195,1104,1058,281,771.7127732562305
high_007,high,601.2679509607002,202,2195,1104,1058,288,781.0800637103371
high_007,high,601.2679509607002,202,2195,1104,1058,308,807.7071585090147
high_007,high,601.2679509607002,202,2195,1104,1058,662,674.102027440945
high_007,high,601.2679509607002,202,2195,1104,1058,678,770.7986948040026
high_007,high,601.2679509607002,202,2195,1104,1058,680,776.4451028575235
high_007,high,601.2679509607002,202,2195,1104,1058,682,768.8170538963791
high_007,high,601.2679509607002,202,2195,1104,1058,683,778.3623740723899
high_007,high,601.2679509607002,202,2195,1104,1058,686,765.872894694865
high_007,high,601.2679509607002,202,2195,1104,1058,688,791.1284819239598
high_007,high,601.2679509607002,202,2195,1104,1058,691,770.4293385359756
high_007,high,601.2679509607002,202,2195,1104,1058,713,855.4301757880048
high_007,high,601.2679509607002,202,2195,1104,1058,717,859.5724323604994
high_007,high,601.2679509607002,202,2195,1104,1058,718,866.2162984069909
high_007,high,601.2679509607002,202,2195,1104,1058,722,871.8782121330346
high_007,high,601.2679509607002,202,2195,1104,1058,724,874.0498202955565
high_007,high,601.2679509607002,202,2195,1104,1058,726,860.6095453422327
high_007,high,601.2679509607002,202,2195,1104,1058,728,873.3880435365396
high_007,high,601.2679509607002,202,2195,1104,1058,734,877.7070197679204
high_007,high,601.2679509607002,202,2195,1104,1058,739,862.3859404043667
high_007,high,601.2679509607002,202,2195,1104,1058,742,879.2051215339136
high_007,high,601.2679509607002,202,2195,1104,1058,751,877.5106830403436
high_007,high,601.2679509607002,202,2195,1104,1058,764,875.7118445784047
high_007,high,601.2679509607002,202,2195,1104,1058,767,883.0464829473062
high_007,high,601.2679509607002,202,2195,1104,1058,775,864.9934392771164
high_007,high,601.2679509607002,202,2195,1104,1058,777,870.3209996726014
high_007,high,601.2679509607002,202,2195,1104,1058,779,870.2869679351979
high_007,high,601.2679509607002,202,2195,1104,1058,791,866.9932602894647
high_007,high,601.2679509607002,202,2195,1104,1058,795,877.6069786320066
high_007,high,601.2679509607002,202,2195,1104,1058,806,869.8673997118814
high_007,high,601.2679509607002,202,2195,1104,1058,807,865.1478033949033
high_007,high,601.2679509607002,202,2195,1104,1058,820,863.5320352605727
high_007,high,601.2679509607002,202,2195,1104,1058,826,861.8474505235754
high_007,high,601.2679509607002,202,2195,1104,1058,828,865.5158531148844
high_007,high,601.2679509607002,202,2195,1104,1058,832,859.5724323604994
high_007,high,601.2679509607002,202,2195,1104,1058,846,866.6997174187954
high_007,high,601.2679509607002,202,2195,1104,1058,850,868.7485638286603
high_007,high,601.2679509607002,202,2195,1104,1058,857,868.4945062188548
high_007,high,601.2679509607002,202,2195,1104,1058,870,954.2622808567984
high_007,high,601.2679509607002,202,2195,1104,1058,885,955.2334831954186
high_007,high,601.2679509607002,202,2195,1104,1058,888,952.721795974701
high_007,high,601.2679509607002,202,2195,1104,1058,1637,672.4481731057507
high_007,high,601.2679509607002,202,2195,1104,1058,1638,736.1382925041067
high_007,high,601.2679509607002,202,2195,1104,1058,2128,650.2381531425854
high_007,high,601.2679509607002,202,2195,1104,1058,2129,656.3109136306128
high_007,high,601.2679509607002,202,2195,1104,1058,2339,642.3883734908198
high_007,high,601.2679509607002,202,2195,1104,1058,2342,756.4567204553742
high_007,high,601.2679509607002,202,2195,1104,1058,2398,808.8197564258983
high_007,high,601.2679509607002,202,2195,1104,1058,2401,808.8197564258983
high_007,high,601.2679509607002,202,2195,1104,1058,2406,961.2836269172942
high_007,high,601.2679509607002,202,2195,1104,1058,2409,960.3480036780126
high_007,high,601.2679509607002,202,2195,1104,1058,2413,959.2366205239038
high_007,high,601.2679509607002,202,2195,1104,1058,2422,963.8104987285144
high_007,high,601.2679509607002,202,2195,1104,1058,2424,963.6693168518516
high_007,high,601.2679509607002,202,2195,1104,1058,2440,677.697527896235
high_007,high,601.2679509607002,202,2195,1104,1058,2443,692.291236261984
high_007,high,601.2679509607002,202,2195,1104,1058,2445,676.2091532200614
high_007,high,601.2679509607002,202,2195,1104,1058,2607,965.2416319906436
high_007,high,601.2679509607002,202,2195,1104,1058,2608,969.2235614863656
high_007,high,601.2679509607002,202,2195,1104,1058,2631,997.159803915618
high_007,high,601.2679509607002,202,2195,1104,1058,2712,623.2822883203077
high_007,high,601.2679509607002,202,2195,1104,1058,2822,1002.0411887863312
high_007,high,601.2679509607002,202,2195,1104,1058,2826,999.9669628228648
high_007,high,601.2679509607002,202,2195,1104,1058,2828,1003.324510499214
high_007,high,601.2679509607002,202,2195,1104,1058,2830,1013.377476132574
high_007,high,601.2679509607002,202,2195,1104,1058,2831,999.9669628228648
high_007,high,601.2679509607002,202,2195,1104,1058,2832,1023.3924889860632
high_007,high,601.2679509607002,202,2195,1104,1058,2845,1025.4556180738084
high_007,high,601.2679509607002,202,2195,1104,1058,2849,1001.0783459769737
high_007,high,601.2679509607002,202,2195,1104,1058,2850,1008.5716512301796
high_007,high,601.2679509607002,202,2195,1104,1058,2860,1032.9483064283256
high_007,high,601.2679509607002,202,2195,1104,1058,2861,1024.5134574819208
high_007,high,601.2679509607002,202,2195,1104,1058,2865,1002.3037735523671
high_007,high,601.2679509607002,202,2195,1104,1058,2866,1001.8302178314
high_007,high,601.2679509607002,202,2195,1104,1058,2871,1002.0411887863312
high_007,high,601.2679509607002,202,2195,1104,1058,2884,1016.7910283148892
high_007,high,601.2679509607002,202,2195,1104,1058,2885,1017.577484138482
high_007,high,601.2679509607002,202,2195,1104,1058,2887,999.9669628228648
high_007,high,601.2679509607002,202,2195,1104,1058,2889,1007.8210640262508
high_007,high,601.2679509607002,202,2195,1104,1058,2898,1016.7602550996075
high_007,high,601.2679509607002,202,2195,1104,1058,2903,1051.212781759957
high_007,high,601.2679509607002,202,2195,1104,1058,2907,1048.3173040866534
high_007,high,601.2679509607002,202,2195,1104,1058,2908,1048.3173040866534
high_007,high,601.2679509607002,202,2195,1104,1058,2912,1048.3173040866534
high_007,high,601.2679509607002,202,2195,1104,1058,2913,1051.0232318214055
high_007,high,601.2679509607002,202,2195,1104,1058,2914,1049.3420943635597
high_007,high,601.2679509607002,202,2195,1104,1058,2915,1050.1867526981123
high_007,high,601.2679509607002,202,2195,1104,1058,2917,1050.240539769415
high_007,high,601.2679509607002,202,2195,1104,1058,2920,1049.458128391287
high_007,high,601.2679509607002,202,2195,1104,1058,2922,1049.7958001554882
high_007,high,601.2679509607002,202,2195,1104,1058,2927,1052.3816699129793
high_007,high,601.2679509607002,202,2195,1104,1058,2929,1054.8075495444054
high_007,high,601.2679509607002,202,2195,1104,1058,2930,1050.9258611652378
high_007,high,601.2679509607002,202,2195,1104,1058,2935,1061.4873629522383
high_007,high,601.2679509607002,202,2195,1104,1058,2936,1060.3899043142285
high_007,high,601.2679509607002,202,2195,1104,1058,2958,1065.0221312253093
high_007,high,601.2679509607002,202,2195,1104,1058,2962,1068.5216186335306
high_007,high,601.2679509607002,202,2195,1104,1058,2964,1065.0433231171608
high_007,high,601.2679509607002,202,2195,1104,1058,2977,1062.9751248319187
high_007,high,601.2679509607002,202,2195,1104,1058,2978,1072.9959162873504
high_007,high,601.2679509607002,202,2195,1104,1058,2979,1071.9446677905166
high_007,high,601.2679509607002,202,2195,1104,1058,2982,1064.7382169503187
high_007,high,601.2679509607002,202,2195,1104,1058,2983,1062.9751248319187
high_007,high,601.2679509607002,202,2195,1104,1058,2995,1093.6066694374213
high_007,high,601.2679509607002,202,2195,1104,1058,3006,1083.8940322975843
high_007,high,601.2679509607002,202,2195,1104,1058,3011,1085.4710947945082
high_007,high,601.2679509607002,202,2195,1104,1058,3018,1088.4508133315417
high_007,high,601.2679509607002,202,2195,1104,1058,3022,1093.160091110393
high_007,high,601.2679509607002,202,2195,1104,1058,3023,1088.9640078669138
high_007,high,601.2679509607002,202,2195,1104,1058,3024,1091.1324688148716
high_007,high,601.2679509607002,202,2195,1104,1058,3032,1089.4953186484909
high_007,high,601.2679509607002,202,2195,1104,1058,3033,1088.3050126624184
high_007,high,601.2679509607002,202,2195,1104,1058,3035,1088.411537994116
high_007,high,601.2679509607002,202,2195,1104,1058,3047,1098.001817802796
high_007,high,601.2679509607002,202,2195,1104,1058,3048,1094.8852860169882
high_007,high,601.2679509607002,202,2195,1104,1058,3053,1083.8940322975843
high_007,high,601.2679509607002,202,2195,1104,1058,3082,1106.4164283590965
high_007,high,601.2679509607002,202,2195,1104,1058,3092,1156.953605113312
high_007,high,601.2679509607002,202,2195,1104,1058,3102,1159.9652184117003
high_007,high,601.2679509607002,202,2195,1104,1058,3113,1158.1134233069622
high_007,high,601.2679509607002,202,2195,1104,1058,3117,1159.5157489559572
high_007,high,601.2679509607002,202,2195,1104,1058,3126,1157.698907127832
high_007,high,601.2679509607002,202,2195,1104,1058,3131,1158.7206827841671
high_007,high,601.2679509607002,202,2195,1104,1058,3132,1158.2312943173504
high_007,high,601.2679509607002,202,2195,1104,1058,3134,1156.953605113312
high_007,high,601.2679509607002,202,2195,1104,1058,3146,1190.0549725238
high_007,high,601.2679509607002,202,2195,1104,1058,3153,1197.4245463143357
high_007,high,601.2679509607002,202,2195,1104,1058,3156,1192.6885934197562
high_007,high,601.2679509607002,202,2195,1104,1058,3197,1194.645436424745
high_007,high,601.2679509607002,202,2195,1104,1058,3208,1189.6508331977705
high_007,high,601.2679509607002,202,2195,1104,1058,3210,1193.3278484931884
high_007,high,601.2679509607002,202,2195,1104,1058,3213,1191.9475480450633
high_007,high,601.2679509607002,202,2195,1104,1058,3215,1196.1780748530298
high_007,high,601.2679509607002,202,2195,1104,1058,3219,1216.382336041379
high_007,high,601.2679509607002,202,2195,1104,1058,3223,1213.2046470349228
high_007,high,601.2679509607002,202,2195,1104,1058,3225,1216.475368778341
high_007,high,601.2679509607002,202,2195,1104,1058,3227,1214.6020882913242
high_007,high,601.2679509607002,202,2195,1104,1058,3234,1212.6829356303117
high_007,high,601.2679509607002,202,2195,1104,1058,3237,1212.6829356303117
high_007,high,601.2679509607002,202,2195,1104,1058,3247,1213.8747090800723
high_007,high,601.2679509607002,202,2195,1104,1058,3251,1216.8635608356176
high_007,high,601.2679509607002,202,2195,1104,1058,3261,1220.5095141903143
high_007,high,601.2679509607002,202,2195,1104,1058,3266,1221.627467239859
high_007,high,601.2679509607002,202,2195,1104,1058,3267,1220.5095141903143
high_007,high,601.2679509607002,202,2195,1104,1058,3268,1221.5198624903328
high_007,high,601.2679509607002,202,2195,1104,1058,3275,1220.5095141903143
high_007,high,601.2679509607002,202,2195,1104,1058,3283,1231.9209154942885
high_007,high,601.2679509607002,202,2195,1104,1058,3290,1238.669081017652
high_007,high,601.2679509607002,202,2195,1104,1058,3293,1243.4279725695123
high_007,high,601.2679509607002,202,2195,1104,1058,3294,1246.5478044309427
high_008,high,762.7394256897071,161,2458,841,802,177,791.1693134398602
high_008,high,762.7394256897071,161,2458,841,802,229,797.0915078743802
high_008,high,762.7394256897071,161,2458,841,802,230,803.8627664400193
high_008,high,762.7394256897071,161,2458,841,802,232,813.3573037803046
high_008,high,762.7394256897071,161,2458,841,802,245,815.7636662468508
high_008,high,762.7394256897071,161,2458,841,802,247,796.5213624795028
high_008,high,762.7394256897071,161,2458,841,802,250,803.729154404115
high_008,high,762.7394256897071,161,2458,841,802,252,794.7217872099777
high_008,high,762.7394256897071,161,2458,841,802,253,814.2248368137721
high_008,high,762.7394256897071,161,2458,841,802,255,787.6140368941061
high_008,high,762.7394256897071,161,2458,841,802,259,789.1007792396229
high_008,high,762.7394256897071,161,2458,841,802,262,792.5487903849156
high_008,high,762.7394256897071,161,2458,841,802,269,789.5024173044673
high_008,high,762.7394256897071,161,2458,841,802,280,791.8084879768483
high_008,high,762.7394256897071,161,2458,841,802,295,819.0636525227299
high_008,high,762.7394256897071,161,2458,841,802,299,815.8379432717618
high_008,high,762.7394256897071,161,2458,841,802,313,828.9602109125962
high_008,high,762.7394256897071,161,2458,841,802,680,791.6860418546148
high_008,high,762.7394256897071,161,2458,841,802,685,820.6506082023066
high_008,high,762.7394256897071,161,2458,841,802,690,796.0105385279036
high_008,high,762.7394256897071,161,2458,841,802,712,856.5718693622078
high_008,high,762.7394256897071,161,2458,841,802,727,865.8804371551425
high_008,high,762.7394256897071,161,2458,841,802,728,873.3880435365396
high_008,high,762.7394256897071,161,2458,841,802,738,860.4489568889767
high_008,high,762.7394256897071,161,2458,841,802,745,889.9659076282874
high_008,high,762.7394256897071,161,2458,841,802,749,912.3380011004592
high_008,high,762.7394256897071,161,2458,841,802,755,867.2545522133303
high_008,high,762.7394256897071,161,2458,841,802,758,868.5507599903209
high_008,high,762.7394256897071,161,2458,841,802,775,864.9934392771164
high_008,high,762.7394256897071,161,2458,841,802,792,873.3008428443285
high_008,high,762.7394256897071,161,2458,841,802,802,866.9333862420027
high_008,high,762.7394256897071,161,2458,841,802,820,863.5320352605727
high_008,high,762.7394256897071,161,2458,841,802,822,864.8177531870879
high_008,high,762.7394256897071,161,2458,841,802,832,859.5724323604994
high_008,high,762.7394256897071,161,2458,841,802,835,862.1744571156983
high_008,high,762.7394256897071,161,2458,841,802,839,865.2291220840489
high_008,high,762.7394256897071,161,2458,841,802,840,866.9145362977636
high_008,high,762.7394256897071,161,2458,841,802,847,868.509821567007
high_008,high,762.7394256897071,161,2458,841,802,849,871.5310335615898
high_008,high,762.7394256897071,161,2458,841,802,852,872.8990741114144
high_008,high,762.7394256897071,161,2458,841,802,853,859.5724323604994
high_008,high,762.7394256897071,161,2458,841,802,855,860.4465144421024
high_008,high,762.7394256897071,161,2458,841,802,858,866.4333207558111
high_008,high,762.7394256897071,161,2458,841,802,863,870.8193278045965
high_008,high,762.7394256897071,161,2458,841,802,865,871.5310335615898
high_008,high,762.7394256897071,161,2458,841,802,870,954.2622808567984
high_008,high,762.7394256897071,161,2458,841,802,878,952.721795974701
high_008,high,762.7394256897071,161,2458,841,802,879,952.721795974701
high_008,high,762.7394256897071,161,2458,841,802,880,953.9045928767688
high_008,high,762.7394256897071,161,2458,841,802,882,952.721795974701
high_008,high,762.7394256897071,161,2458,841,802,883,952.721795974701
high_008,high,762.7394256897071,161,2458,841,802,889,955.0798430416164
high_008,high,762.7394256897071,161,2458,841,802,2398,808.8197564258983
high_008,high,762.7394256897071,161,2458,841,802,2400,828.9602109125962
high_008,high,762.7394256897071,161,2458,841,802,2401,809.9294850839859
high_008,high,762.7394256897071,161,2458,841,802,2407,959.2366205239038
high_008,high,762.7394256897071,161,2458,841,802,2410,959.2366205239038
high_008,high,762.7394256897071,161,2458,841,802,2607,965.2416319906436
high_008,high,762.7394256897071,161,2458,841,802,2612,989.3578183648712
high_008,high,762.7394256897071,161,2458,841,802,2618,991.9430388825616
high_008,high,762.7394256897071,161,2458,841,802,2623,993.5137746550045
high_008,high,762.7394256897071,161,2458,841,802,2634,991.9430388825616
high_008,high,762.7394256897071,161,2458,841,802,2641,993.8672838873864
high_008,high,762.7394256897071,161,2458,841,802,2644,992.9612224237858
high_008,high,762.7394256897071,161,2458,841,802,2826,999.9669628228648
high_008,high,762.7394256897071,161,2458,841,802,2827,1005.4597157392146
high_008,high,762.7394256897071,161,2458,841,802,2835,1000.6468044483214
high_008,high,762.7394256897071,161,2458,841,802,2843,1011.6876462782036
high_008,high,762.7394256897071,161,2458,841,802,2851,1022.05642918617
high_008,high,762.7394256897071,161,2458,841,802,2852,1001.9382909146444
high_008,high,762.7394256897071,161,2458,841,802,2865,1002.3037735523671
high_008,high,762.7394256897071,161,2458,841,802,2867,1002.8985115298556
high_008,high,762.7394256897071,161,2458,841,802,2869,999.9669628228648
high_008,high,762.7394256897071,161,2458,841,802,2870,999.9669628228648
high_008,high,762.7394256897071,161,2458,841,802,2872,1004.4726057863872
high_008,high,762.7394256897071,161,2458,841,802,2875,1014.3383486143056
high_008,high,762.7394256897071,161,2458,841,802,2878,1016.9012287333924
high_008,high,762.7394256897071,161,2458,841,802,2881,1017.3872276628472
high_008,high,762.7394256897071,161,2458,841,802,2886,1006.5100327540436
high_008,high,762.7394256897071,161,2458,841,802,2888,999.9669628228648
high_008,high,762.7394256897071,161,2458,841,802,2893,999.9669628228648
high_008,high,762.7394256897071,161,2458,841,802,2897,1008.4619654951324
high_008,high,762.7394256897071,161,2458,841,802,2904,1053.137536994859
high_008,high,762.7394256897071,161,2458,841,802,2919,1048.3173040866534
high_008,high,762.7394256897071,161,2458,841,802,2924,1049.454813168191
high_008,high,762.7394256897071,161,2458,841,802,2925,1050.477065788391
high_008,high,762.7394256897071,161,2458,841,802,2928,1048.3173040866534
high_008,high,762.7394256897071,161,2458,841,802,2930,1050.9258611652378
high_008,high,762.7394256897071,161,2458,841,802,2933,1049.0942659691273
high_008,high,762.7394256897071,161,2458,841,802,2944,1076.4809828359098
high_008,high,762.7394256897071,161,2458,841,802,2948,1066.328983869494
high_008,high,762.7394256897071,161,2458,841,802,2949,1065.298196061637
high_008,high,762.7394256897071,161,2458,841,802,2950,1065.311935561421
high_008,high,762.7394256897071,161,2458,841,802,2956,1065.2128624882075
high_008,high,762.7394256897071,161,2458,841,802,2958,1065.0221312253093
high_008,high,762.7394256897071,161,2458,841,802,2975,1068.9339920807215
high_008,high,762.7394256897071,161,2458,841,802,2979,1071.9446677905166
high_008,high,762.7394256897071,161,2458,841,802,2985,1062.9751248319187
high_008,high,762.7394256897071,161,2458,841,802,2987,1065.2377549834673
high_008,high,762.7394256897071,161,2458,841,802,2990,1066.090453820947
high_008,high,762.7394256897071,161,2458,841,802,2991,1064.4657288609587
high_008,high,762.7394256897071,161,2458,841,802,2993,1066.590830359445
high_008,high,762.7394256897071,161,2458,841,802,3001,1102.0692594091004
high_008,high,762.7394256897071,161,2458,841,802,3003,1094.753208684008
high_008,high,762.7394256897071,161,2458,841,802,3008,1088.2911199767286
high_008,high,762.7394256897071,161,2458,841,802,3012,1085.4710947945082
high_008,high,762.7394256897071,161,2458,841,802,3015,1086.405719518302
high_008,high,762.7394256897071,161,2458,841,802,3017,1085.8803214733753
high_008,high,762.7394256897071,161,2458,841,802,3019,1095.3664392665955
high_008,high,762.7394256897071,161,2458,841,802,3031,1085.9847963489449
high_008,high,762.7394256897071,161,2458,841,802,3038,1091.017347895001
high_008,high,762.7394256897071,161,2458,841,802,3052,1087.7337814976904
high_008,high,762.7394256897071,161,2458,841,802,3053,1083.8940322975843
high_008,high,762.7394256897071,161,2458,841,802,3064,1085.814119751744
high_008,high,762.7394256897071,161,2458,841,802,3067,1083.8940322975843
high_008,high,762.7394256897071,161,2458,841,802,3086,1123.9338595760016
high_008,high,762.7394256897071,161,2458,841,802,3087,1126.3618654225525
high_008,high,762.7394256897071,161,2458,841,802,3093,1157.730566995786
high_008,high,762.7394256897071,161,2458,841,802,3104,1162.8345792435434
high_008,high,762.7394256897071,161,2458,841,802,3107,1156.953605113312
high_008,high,762.7394256897071,161,2458,841,802,3111,1159.895024337298
high_008,high,762.7394256897071,161,2458,841,802,3118,1159.777046173644
high_008,high,762.7394256897071,161,2458,841,802,3120,1156.953605113312
high_008,high,762.7394256897071,161,2458,841,802,3125,1158.591210252427
high_008,high,762.7394256897071,161,2458,841,802,3139,1156.953605113312
high_008,high,762.7394256897071,161,2458,841,802,3140,1162.8193600514307
high_008,high,762.7394256897071,161,2458,841,802,3149,1197.2820231143414
high_008,high,762.7394256897071,161,2458,841,802,3151,1191.4609373459818
high_008,high,762.7394256897071,161,2458,841,802,3152,1191.5092902092383
high_008,high,762.7394256897071,161,2458,841,802,3157,1191.361273272858
high_008,high,762.7394256897071,161,2458,841,802,3166,1189.6508331977705
high_008,high,762.7394256897071,161,2458,841,802,3168,1192.5872119274422
high_008,high,762.7394256897071,161,2458,841,802,3170,1189.6508331977705
high_008,high,762.7394256897071,161,2458,841,802,3174,1192.7869794132769
high_008,high,762.7394256897071,161,2458,841,802,3175,1193.8987491127605
high_008,high,762.7394256897071,161,2458,841,802,3181,1194.3942142329813
high_008,high,762.7394256897071,161,2458,841,802,3184,1190.841130093196
high_008,high,762.7394256897071,161,2458,841,802,3199,1196.2012165385204
high_008,high,762.7394256897071,161,2458,841,802,3201,1202.4646705774635
high_008,high,762.7394256897071,161,2458,841,802,3204,1201.3963479818258
high_008,high,762.7394256897071,161,2458,841,802,3205,1195.5153064168785
high_008,high,762.7394256897071,161,2458,841,802,3223,1213.2046470349228
high_008,high,762.7394256897071,161,2458,841,802,3229,1212.6829356303117
high_008,high,762.7394256897071,161,2458,841,802,3231,1212.6829356303117
high_008,high,762.7394256897071,161,2458,841,802,3232,1213.7921242348098
high_008,high,762.7394256897071,161,2458,841,802,3233,1212.6829356303117
high_008,high,762.7394256897071,161,2458,841,802,3239,1212.6829356303117
high_008,high,762.7394256897071,161,2458,841,802,3244,1215.5990951434694
high_008,high,762.7394256897071,161,2458,841,802,3251,1216.8635608356176
high_008,high,762.7394256897071,161,2458,841,802,3258,1222.3308995825223
high_008,high,762.7394256897071,161,2458,841,802,3260,1220.8979951315514
high_008,high,762.7394256897071,161,2458,841,802,3267,1220.5095141903143
high_008,high,762.7394256897071,161,2458,841,802,3270,1220.5095141903143
high_008,high,762.7394256897071,161,2458,841,802,3271,1225.2857625849404
high_008,high,762.7394256897071,161,2458,841,802,3275,1220.5095141903143
high_008,high,762.7394256897071,161,2458,841,802,3277,1222.480842282094
high_008,high,762.7394256897071,161,2458,841,802,3278,1221.651057957066
high_008,high,762.7394256897071,161,2458,841,802,3280,1221.7504332107692
high_008,high,762.7394256897071,161,2458,841,802,3283,1231.9209154942885
high_008,high,762.7394256897071,161,2458,841,802,3288,1235.1288965458584
high_008,high,762.7394256897071,161,2458,841,802,3297,1236.0029786274615
high_009,high,617.0609846017494,202,2199,1100,1054,35,672.2819623585136
high_009,high,617.0609846017494,202,2199,1100,1054,42,651.2839557743021
high_009,high,617.0609846017494,202,2199,1100,1054,45,670.7099734374283
high_009,high,617.0609846017494,202,2199,1100,1054,48,669.7052271229612
high_009,high,617.0609846017494,202,2199,1100,1054,50,651.966850214249
high_009,high,617.0609846017494,202,2199,1100,1054,51,666.5275066702521
high_009,high,617.0609846017494,202,2199,1100,1054,63,668.4444746977672
high_009,high,617.0609846017494,202,2199,1100,1054,74,666.2209173554701
high_009,high,617.0609846017494,202,2199,1100,1054,77,653.3289913522564
high_009,high,617.0609846017494,202,2199,1100,1054,79,653.8610321155004
high_009,high,617.0609846017494,202,2199,1100,1054,80,654.0330513254443
high_009,high,617.0609846017494,202,2199,1100,1054,81,657.7912290128079
high_009,high,617.0609846017494,202,2199,1100,1054,82,655.1412586160117
high_009,high,617.0609846017494,202,2199,1100,1054,84,671.1729201458467
high_009,high,617.0609846017494,202,2199,1100,1054,89,649.1703875393308
high_009,high,617.0609846017494,202,2199,1100,1054,101,660.4294252664649
high_009,high,617.0609846017494,202,2199,1100,1054,107,645.44523563048
high_009,high,617.0609846017494,202,2199,1100,1054,124,665.4062469132111
high_009,high,617.0609846017494,202,2199,1100,1054,132,658.8297490653881
high_009,high,617.0609846017494,202,2199,1100,1054,133,660.6688164000894
high_009,high,617.0609846017494,202,2199,1100,1054,141,673.6091802786715
high_009,high,617.0609846017494,202,2199,1100,1054,155,675.2726918798365
high_009,high,617.0609846017494,202,2199,1100,1054,157,673.4986496944367
high_009,high,617.0609846017494,202,2199,1100,1054,163,673.0816554333261
high_009,high,617.0609846017494,202,2199,1100,1054,168,754.4152743795506
high_009,high,617.0609846017494,202,2199,1100,1054,171,697.1217297798605
high_009,high,617.0609846017494,202,2199,1100,1054,181,693.1915379752445
high_009,high,617.0609846017494,202,2199,1100,1054,183,702.3155481434898
high_009,high,617.0609846017494,202,2199,1100,1054,184,707.319866114405
high_009,high,617.0609846017494,202,2199,1100,1054,185,706.6212282759113
high_009,high,617.0609846017494,202,2199,1100,1054,187,716.0654904099658
high_009,high,617.0609846017494,202,2199,1100,1054,191,698.1219746065142
high_009,high,617.0609846017494,202,2199,1100,1054,198,693.8281886618297
high_009,high,617.0609846017494,202,2199,1100,1054,201,699.8375101996537
high_009,high,617.0609846017494,202,2199,1100,1054,203,700.2100700482589
high_009,high,617.0609846017494,202,2199,1100,1054,209,705.061728403428
high_009,high,617.0609846017494,202,2199,1100,1054,219,704.0895353824162
high_009,high,617.0609846017494,202,2199,1100,1054,226,708.2605544291129
high_009,high,617.0609846017494,202,2199,1100,1054,229,764.8858270947308
high_009,high,617.0609846017494,202,2199,1100,1054,233,786.5638273374701
high_009,high,617.0609846017494,202,2199,1100,1054,235,798.7594040906572
high_009,high,617.0609846017494,202,2199,1100,1054,241,764.2480565605323
high_009,high,617.0609846017494,202,2199,1100,1054,243,790.2012867660932
high_009,high,617.0609846017494,202,2199,1100,1054,245,767.6202077124336
high_009,high,617.0609846017494,202,2199,1100,1054,248,786.6703170400056
high_009,high,617.0609846017494,202,2199,1100,1054,252,767.6270742999169
high_009,high,617.0609846017494,202,2199,1100,1054,254,786.4839748922884
high_009,high,617.0609846017494,202,2199,1100,1054,258,784.871919674121
high_009,high,617.0609846017494,202,2199,1100,1054,260,764.2480565605323
high_009,high,617.0609846017494,202,2199,1100,1054,261,782.9327448103926
high_009,high,617.0609846017494,202,2199,1100,1054,272,768.0141013965439
high_009,high,617.0609846017494,202,2199,1100,1054,314,828.9602109125962
high_009,high,617.0609846017494,202,2199,1100,1054,555,691.135720427626
high_009,high,617.0609846017494,202,2199,1100,1054,557,711.2322935927688
high_009,high,617.0609846017494,202,2199,1100,1054,560,723.9793013056201
high_009,high,617.0609846017494,202,2199,1100,1054,563,729.7045363782323
high_009,high,617.0609846017494,202,2199,1100,1054,570,687.8828484809768
high_009,high,617.0609846017494,202,2199,1100,1054,661,673.9496142906963
high_009,high,617.0609846017494,202,2199,1100,1054,665,760.03481103312
high_009,high,617.0609846017494,202,2199,1100,1054,666,739.1931051461944
high_009,high,617.0609846017494,202,2199,1100,1054,677,769.1238079618367
high_009,high,617.0609846017494,202,2199,1100,1054,681,778.1402248252544
high_009,high,617.0609846017494,202,2199,1100,1054,720,869.9134237867096
high_009,high,617.0609846017494,202,2199,1100,1054,730,871.7009293133472
high_009,high,617.0609846017494,202,2199,1100,1054,734,877.7070197679204
high_009,high,617.0609846017494,202,2199,1100,1054,738,860.4489568889767
high_009,high,617.0609846017494,202,2199,1100,1054,740,865.6372638042347
high_009,high,617.0609846017494,202,2199,1100,1054,741,874.7320544837655
high_009,high,617.0609846017494,202,2199,1100,1054,755,867.2545522133303
high_009,high,617.0609846017494,202,2199,1100,1054,759,859.5724323604994
high_009,high,617.0609846017494,202,2199,1100,1054,764,875.7118445784047
high_009,high,617.0609846017494,202,2199,1100,1054,774,864.2344899022277
high_009,high,617.0609846017494,202,2199,1100,1054,777,870.3209996726014
high_009,high,617.0609846017494,202,2199,1100,1054,781,869.7828693983838
high_009,high,617.0609846017494,202,2199,1100,1054,783,860.6065315031204
high_009,high,617.0609846017494,202,2199,1100,1054,788,868.0615828851023
high_009,high,617.0609846017494,202,2199,1100,1054,794,865.002744805134
high_009,high,617.0609846017494,202,2199,1100,1054,802,866.9333862420027
high_009,high,617.0609846017494,202,2199,1100,1054,815,867.9889902284109
high_009,high,617.0609846017494,202,2199,1100,1054,817,868.3354727354181
high_009,high,617.0609846017494,202,2199,1100,1054,822,864.8177531870879
high_009,high,617.0609846017494,202,2199,1100,1054,827,864.2221364914626
high_009,high,617.0609846017494,202,2199,1100,1054,831,873.93863797834
high_009,high,617.0609846017494,202,2199,1100,1054,834,865.180778194876
high_009,high,617.0609846017494,202,2199,1100,1054,840,866.9145362977636
high_009,high,617.0609846017494,202,2199,1100,1054,841,862.2439643577552
high_009,high,617.0609846017494,202,2199,1100,1054,857,868.4945062188548
high_009,high,617.0609846017494,202,2199,1100,1054,868,870.1424066218777
high_009,high,617.0609846017494,202,2199,1100,1054,876,953.9663316022344
high_009,high,617.0609846017494,202,2199,1100,1054,879,952.721795974701
high_009,high,617.0609846017494,202,2199,1100,1054,882,952.721795974701
high_009,high,617.0609846017494,202,2199,1100,1054,883,952.721795974701
high_009,high,617.0609846017494,202,2199,1100,1054,888,952.721795974701
high_009,high,617.0609846017494,202,2199,1100,1054,1635,740.3505454974952
high_009,high,617.0609846017494,202,2199,1100,1054,1637,672.4481731057507
high_009,high,617.0609846017494,202,2199,1100,1054,2336,682.4678959318494
high_009,high,617.0609846017494,202,2199,1100,1054,2339,670.9038234245193
high_009,high,617.0609846017494,202,2199,1100,1054,2397,810.0124363301647
high_009,high,617.0609846017494,202,2199,1100,1054,2398,808.8197564258983
high_009,high,617.0609846017494,202,2199,1100,1054,2406,961.2836269172942
high_009,high,617.0609846017494,202,2199,1100,1054,2409,960.3480036780126
high_009,high,617.0609846017494,202,2199,1100,1054,2412,959.2366205239038
high_009,high,617.0609846017494,202,2199,1100,1054,2414,960.5848673507036
high_009,high,617.0609846017494,202,2199,1100,1054,2416,962.2548292559144
high_009,high,617.0609846017494,202,2199,1100,1054,2438,681.204274827241
high_009,high,617.0609846017494,202,2199,1100,1054,2440,677.697527896235
high_009,high,617.0609846017494,202,2199,1100,1054,2442,675.8989890883088
high_009,high,617.0609846017494,202,2199,1100,1054,2443,692.291236261984
high_009,high,617.0609846017494,202,2199,1100,1054,2612,989.3578183648712
high_009,high,617.0609846017494,202,2199,1100,1054,2621,993.1045744974208
high_009,high,617.0609846017494,202,2199,1100,1054,2623,993.5137746550045
high_009,high,617.0609846017494,202,2199,1100,1054,2624,993.649783356905
high_009,high,617.0609846017494,202,2199,1100,1054,2637,992.7513175346206
high_009,high,617.0609846017494,202,2199,1100,1054,2639,991.9430388825616
high_009,high,617.0609846017494,202,2199,1100,1054,2821,1004.9823435659574
high_009,high,617.0609846017494,202,2199,1100,1054,2822,1002.0411887863312
high_009,high,617.0609846017494,202,2199,1100,1054,2825,999.9669628228648
high_009,high,617.0609846017494,202,2199,1100,1054,2827,1005.4597157392146
high_009,high,617.0609846017494,202,2199,1100,1054,2834,1008.9538117097431
high_009,high,617.0609846017494,202,2199,1100,1054,2838,1010.9258256478414
high_009,high,617.0609846017494,202,2199,1100,1054,2840,1005.0091279960976
high_009,high,617.0609846017494,202,2199,1100,1054,2843,1011.6876462782036
high_009,high,617.0609846017494,202,2199,1100,1054,2850,1008.5716512301796
high_009,high,617.0609846017494,202,2199,1100,1054,2851,1022.05642918617
high_009,high,617.0609846017494,202,2199,1100,1054,2855,1002.8809925359768
high_009,high,617.0609846017494,202,2199,1100,1054,2856,1003.8938021954574
high_009,high,617.0609846017494,202,2199,1100,1054,2859,1022.2215701048916
high_009,high,617.0609846017494,202,2199,1100,1054,2861,1024.5134574819208
high_009,high,617.0609846017494,202,2199,1100,1054,2865,1002.3037735523671
high_009,high,617.0609846017494,202,2199,1100,1054,2870,999.9669628228648
high_009,high,617.0609846017494,202,2199,1100,1054,2874,1013.637305367598
high_009,high,617.0609846017494,202,2199,1100,1054,2875,1014.3383486143056
high_009,high,617.0609846017494,202,2199,1100,1054,2877,1016.6612485879974
high_009,high,617.0609846017494,202,2199,1100,1054,2879,1017.1425214618516
high_009,high,617.0609846017494,202,2199,1100,1054,2886,1006.5100327540436
high_009,high,617.0609846017494,202,2199,1100,1054,2891,1017.3646700333014
high_009,high,617.0609846017494,202,2199,1100,1054,2892,1031.9734125615882
high_009,high,617.0609846017494,202,2199,1100,1054,2893,999.9669628228648
high_009,high,617.0609846017494,202,2199,1100,1054,2894,1002.8985115298556
high_009,high,617.0609846017494,202,2199,1100,1054,2905,1055.2043394055625
high_009,high,617.0609846017494,202,2199,1100,1054,2910,1048.3173040866534
high_009,high,617.0609846017494,202,2199,1100,1054,2911,1048.3173040866534
high_009,high,617.0609846017494,202,2199,1100,1054,2913,1051.0232318214055
high_009,high,617.0609846017494,202,2199,1100,1054,2920,1049.458128391287
high_009,high,617.0609846017494,202,2199,1100,1054,2925,1050.477065788391
high_009,high,617.0609846017494,202,2199,1100,1054,2932,1048.3173040866534
high_009,high,617.0609846017494,202,2199,1100,1054,2936,1060.3899043142285
high_009,high,617.0609846017494,202,2199,1100,1054,2940,1062.9751248319187
high_009,high,617.0609846017494,202,2199,1100,1054,2949,1065.298196061637
high_009,high,617.0609846017494,202,2199,1100,1054,2953,1074.009713173082
high_009,high,617.0609846017494,202,2199,1100,1054,2966,1067.8353908515471
high_009,high,617.0609846017494,202,2199,1100,1054,2971,1069.6828427960106
high_009,high,617.0609846017494,202,2199,1100,1054,2976,1072.677023053228
high_009,high,617.0609846017494,202,2199,1100,1054,2988,1062.9751248319187
high_009,high,617.0609846017494,202,2199,1100,1054,2991,1064.4657288609587
high_009,high,617.0609846017494,202,2199,1100,1054,3013,1087.3454661205765
high_009,high,617.0609846017494,202,2199,1100,1054,3014,1092.1668254385525
high_009,high,617.0609846017494,202,2199,1100,1054,3017,1085.8803214733753
high_009,high,617.0609846017494,202,2199,1100,1054,3020,1098.3786905686538
high_009,high,617.0609846017494,202,2199,1100,1054,3022,1093.160091110393
high_009,high,617.0609846017494,202,2199,1100,1054,3024,1091.1324688148716
high_009,high,617.0609846017494,202,2199,1100,1054,3029,1083.8940322975843
high_009,high,617.0609846017494,202,2199,1100,1054,3035,1088.411537994116
high_009,high,617.0609846017494,202,2199,1100,1054,3036,1088.4192926006815
high_009,high,617.0609846017494,202,2199,1100,1054,3043,1091.0091037157686
high_009,high,617.0609846017494,202,2199,1100,1054,3045,1083.8940322975843
high_009,high,617.0609846017494,202,2199,1100,1054,3047,1098.001817802796
high_009,high,617.0609846017494,202,2199,1100,1054,3056,1086.2168940132622
high_009,high,617.0609846017494,202,2199,1100,1054,3063,1084.7324970292134
high_009,high,617.0609846017494,202,2199,1100,1054,3069,1084.8033457435122
high_009,high,617.0609846017494,202,2199,1100,1054,3073,1106.4164283590965
high_009,high,617.0609846017494,202,2199,1100,1054,3075,1107.1933902415703
high_009,high,617.0609846017494,202,2199,1100,1054,3077,1106.4164283590965
high_009,high,617.0609846017494,202,2199,1100,1054,3088,1123.9338595760016
high_009,high,617.0609846017494,202,2199,1100,1054,3098,1162.2052055932354
high_009,high,617.0609846017494,202,2199,1100,1054,3104,1162.8345792435434
high_009,high,617.0609846017494,202,2199,1100,1054,3110,1159.125213337471
high_009,high,617.0609846017494,202,2199,1100,1054,3116,1157.840702731113
high_009,high,617.0609846017494,202,2199,1100,1054,3119,1156.953605113312
high_009,high,617.0609846017494,202,2199,1100,1054,3122,1162.4970489576335
high_009,high,617.0609846017494,202,2199,1100,1054,3127,1159.3681721349003
high_009,high,617.0609846017494,202,2199,1100,1054,3131,1158.7206827841671
high_009,high,617.0609846017494,202,2199,1100,1054,3136,1156.953605113312
high_009,high,617.0609846017494,202,2199,1100,1054,3144,1189.6508331977705
high_009,high,617.0609846017494,202,2199,1100,1054,3146,1190.0549725238
high_009,high,617.0609846017494,202,2199,1100,1054,3148,1189.6508331977705
high_009,high,617.0609846017494,202,2199,1100,1054,3152,1191.5092902092383
high_009,high,617.0609846017494,202,2199,1100,1054,3171,1189.6508331977705
high_009,high,617.0609846017494,202,2199,1100,1054,3185,1190.302972439652
high_009,high,617.0609846017494,202,2199,1100,1054,3186,1190.3747025852776
high_009,high,617.0609846017494,202,2199,1100,1054,3203,1201.3963479818258
high_009,high,617.0609846017494,202,2199,1100,1054,3206,1194.7681844492004
high_009,high,617.0609846017494,202,2199,1100,1054,3209,1191.7935764686918
high_009,high,617.0609846017494,202,2199,1100,1054,3234,1212.6829356303117
high_009,high,617.0609846017494,202,2199,1100,1054,3246,1215.6360786951834
high_009,high,617.0609846017494,202,2199,1100,1054,3248,1216.4452009382387
high_009,high,617.0609846017494,202,2199,1100,1054,3253,1212.6829356303117
high_009,high,617.0609846017494,202,2199,1100,1054,3271,1225.2857625849404
high_009,high,617.0609846017494,202,2199,1100,1054,3287,1235.1288965458584
high_009,high,617.0609846017494,202,2199,1100,1054,3290,1238.669081017652
high_009,high,617.0609846017494,202,2199,1100,1054,3292,1237.6547672959043
high_009,high,617.0609846017494,202,2199,1100,1054,3294,1246.5478044309427
high_010,high,788.7117726625572,135,2535,764,728,275,820.3739289086404
high_010,high,788.7117726625572,135,2535,764,728,293,815.6954301761385
high_010,high,788.7117726625572,135,2535,764,728,300,847.7331382577091
high_010,high,788.7117726625572,135,2535,764,728,306,847.6587444912225
high_010,high,788.7117726625572,135,2535,764,728,312,833.732400231383
high_010,high,788.7117726625572,135,2535,764,728,688,847.7007630416717
high_010,high,788.7117726625572,135,2535,764,728,712,856.5718693622078
high_010,high,788.7117726625572,135,2535,764,728,717,859.5724323604994
high_010,high,788.7117726625572,135,2535,764,728,725,875.0839194381775
high_010,high,788.7117726625572,135,2535,764,728,733,876.9989077765086
high_010,high,788.7117726625572,135,2535,764,728,735,879.2051215339136
high_010,high,788.7117726625572,135,2535,764,728,743,880.7670976803488
high_010,high,788.7117726625572,135,2535,764,728,760,865.4376624291733
high_010,high,788.7117726625572,135,2535,764,728,768,880.8044455579775
high_010,high,788.7117726625572,135,2535,764,728,775,864.9934392771164
high_010,high,788.7117726625572,135,2535,764,728,776,860.6566628344783
high_010,high,788.7117726625572,135,2535,764,728,793,860.8168789708238
high_010,high,788.7117726625572,135,2535,764,728,795,877.6069786320066
high_010,high,788.7117726625572,135,2535,764,728,801,860.8576782895826
high_010,high,788.7117726625572,135,2535,764,728,808,859.5724323604994
high_010,high,788.7117726625572,135,2535,764,728,812,919.9097723042092
high_010,high,788.7117726625572,135,2535,764,728,818,870.4386023362563
high_010,high,788.7117726625572,135,2535,764,728,822,864.8177531870879
high_010,high,788.7117726625572,135,2535,764,728,823,868.0615828851023
high_010,high,788.7117726625572,135,2535,764,728,824,870.5273837284411
high_010,high,788.7117726625572,135,2535,764,728,833,862.1699982167843
high_010,high,788.7117726625572,135,2535,764,728,836,875.3327998621509
high_010,high,788.7117726625572,135,2535,764,728,839,865.2291220840489
high_010,high,788.7117726625572,135,2535,764,728,840,866.9145362977636
high_010,high,788.7117726625572,135,2535,764,728,851,869.0740015982519
high_010,high,788.7117726625572,135,2535,764,728,857,868.4945062188548
high_010,high,788.7117726625572,135,2535,764,728,858,866.4333207558111
high_010,high,788.7117726625572,135,2535,764,728,870,954.2622808567984
high_010,high,788.7117726625572,135,2535,764,728,878,952.721795974701
high_010,high,788.7117726625572,135,2535,764,728,880,953.9045928767688
high_010,high,788.7117726625572,135,2535,764,728,2399,828.4457738011706
high_010,high,788.7117726625572,135,2535,764,728,2400,828.9602109125962
high_010,high,788.7117726625572,135,2535,764,728,2408,959.2366205239038
high_010,high,788.7117726625572,135,2535,764,728,2410,959.2366205239038
high_010,high,788.7117726625572,135,2535,764,728,2411,959.2366205239038
high_010,high,788.7117726625572,135,2535,764,728,2414,960.5848673507036
high_010,high,788.7117726625572,135,2535,764,728,2418,963.4202721085694
high_010,high,788.7117726625572,135,2535,764,728,2422,963.8104987285144
high_010,high,788.7117726625572,135,2535,764,728,2618,991.9430388825616
high_010,high,788.7117726625572,135,2535,764,728,2625,992.7703182089858
high_010,high,788.7117726625572,135,2535,764,728,2639,991.9430388825616
high_010,high,788.7117726625572,135,2535,764,728,2644,992.9612224237858
high_010,high,788.7117726625572,135,2535,764,728,2822,1002.0411887863312
high_010,high,788.7117726625572,135,2535,764,728,2843,1011.6876462782036
high_010,high,788.7117726625572,135,2535,764,728,2846,1007.0627992574592
high_010,high,788.7117726625572,135,2535,764,728,2852,1001.9382909146444
high_010,high,788.7117726625572,135,2535,764,728,2854,1003.324510499214
high_010,high,788.7117726625572,135,2535,764,728,2884,1016.7910283148892
high_010,high,788.7117726625572,135,2535,764,728,2886,1006.5100327540436
high_010,high,788.7117726625572,135,2535,764,728,2888,999.9669628228648
high_010,high,788.7117726625572,135,2535,764,728,2891,1017.3646700333014
high_010,high,788.7117726625572,135,2535,764,728,2892,1031.9734125615882
high_010,high,788.7117726625572,135,2535,764,728,2898,1016.7602550996075
high_010,high,788.7117726625572,135,2535,764,728,2909,1049.4286872407622
high_010,high,788.7117726625572,135,2535,764,728,2910,1048.3173040866534
high_010,high,788.7117726625572,135,2535,764,728,2912,1048.3173040866534
high_010,high,788.7117726625572,135,2535,764,728,2920,1049.458128391287
high_010,high,788.7117726625572,135,2535,764,728,2921,1048.3173040866534
high_010,high,788.7117726625572,135,2535,764,728,2922,1049.7958001554882
high_010,high,788.7117726625572,135,2535,764,728,2927,1052.3816699129793
high_010,high,788.7117726625572,135,2535,764,728,2928,1048.3173040866534
high_010,high,788.7117726625572,135,2535,764,728,2932,1048.3173040866534
high_010,high,788.7117726625572,135,2535,764,728,2937,1061.4873629522383
high_010,high,788.7117726625572,135,2535,764,728,2941,1063.946327170539
high_010,high,788.7117726625572,135,2535,764,728,2949,1065.298196061637
high_010,high,788.7117726625572,135,2535,764,728,2955,1068.201070287189
high_010,high,788.7117726625572,135,2535,764,728,2959,1064.9464529236984
high_010,high,788.7117726625572,135,2535,764,728,2963,1073.496355252401
high_010,high,788.7117726625572,135,2535,764,728,2968,1068.3456951536598
high_010,high,788.7117726625572,135,2535,764,728,2969,1068.3961316139034
high_010,high,788.7117726625572,135,2535,764,728,2973,1071.7474448923242
high_010,high,788.7117726625572,135,2535,764,728,2976,1072.677023053228
high_010,high,788.7117726625572,135,2535,764,728,2980,1072.385427177699
high_010,high,788.7117726625572,135,2535,764,728,2981,1076.9335803596964
high_010,high,788.7117726625572,135,2535,764,728,2982,1064.7382169503187
high_010,high,788.7117726625572,135,2535,764,728,2989,1062.9751248319187
high_010,high,788.7117726625572,135,2535,764,728,2993,1066.590830359445
high_010,high,788.7117726625572,135,2535,764,728,2996,1093.6233418413528
high_010,high,788.7117726625572,135,2535,764,728,3003,1094.753208684008
high_010,high,788.7117726625572,135,2535,764,728,3016,1086.50258926511
high_010,high,788.7117726625572,135,2535,764,728,3018,1088.4508133315417
high_010,high,788.7117726625572,135,2535,764,728,3019,1095.3664392665955
high_010,high,788.7117726625572,135,2535,764,728,3024,1091.1324688148716
high_010,high,788.7117726625572,135,2535,764,728,3046,1096.9174719229975
high_010,high,788.7117726625572,135,2535,764,728,3047,1098.001817802796
high_010,high,788.7117726625572,135,2535,764,728,3054,1083.8940322975843
high_010,high,788.7117726625572,135,2535,764,728,3061,1092.806985161587
high_010,high,788.7117726625572,135,2535,764,728,3066,1085.531637436699
high_010,high,788.7117726625572,135,2535,764,728,3077,1106.4164283590965
high_010,high,788.7117726625572,135,2535,764,728,3087,1126.3618654225525
high_010,high,788.7117726625572,135,2535,764,728,3090,1158.1980517236364
high_010,high,788.7117726625572,135,2535,764,728,3093,1157.730566995786
high_010,high,788.7117726625572,135,2535,764,728,3097,1162.250180423339
high_010,high,788.7117726625572,135,2535,764,728,3098,1162.2052055932354
high_010,high,788.7117726625572,135,2535,764,728,3102,1159.9652184117003
high_010,high,788.7117726625572,135,2535,764,728,3105,1156.953605113312
high_010,high,788.7117726625572,135,2535,764,728,3126,1157.698907127832
high_010,high,788.7117726625572,135,2535,764,728,3127,1159.3681721349003
high_010,high,788.7117726625572,135,2535,764,728,3133,1159.3681721349003
high_010,high,788.7117726625572,135,2535,764,728,3135,1156.953605113312
high_010,high,788.7117726625572,135,2535,764,728,3136,1156.953605113312
high_010,high,788.7117726625572,135,2535,764,728,3148,1189.6508331977705
high_010,high,788.7117726625572,135,2535,764,728,3150,1197.861230373313
high_010,high,788.7117726625572,135,2535,764,728,3159,1193.1911219522765
high_010,high,788.7117726625572,135,2535,764,728,3162,1192.962275917395
high_010,high,788.7117726625572,135,2535,764,728,3169,1194.140551569456
high_010,high,788.7117726625572,135,2535,764,728,3170,1189.6508331977705
high_010,high,788.7117726625572,135,2535,764,728,3172,1189.6508331977705
high_010,high,788.7117726625572,135,2535,764,728,3176,1194.7681844492004
high_010,high,788.7117726625572,135,2535,764,728,3183,1190.8459967549968
high_010,high,788.7117726625572,135,2535,764,728,3187,1191.1178576473133
high_010,high,788.7117726625572,135,2535,764,728,3190,1190.4943373328936
high_010,high,788.7117726625572,135,2535,764,728,3196,1191.649408745255
high_010,high,788.7117726625572,135,2535,764,728,3199,1196.2012165385204
high_010,high,788.7117726625572,135,2535,764,728,3205,1195.5153064168785
high_010,high,788.7117726625572,135,2535,764,728,3206,1194.7681844492004
high_010,high,788.7117726625572,135,2535,764,728,3210,1193.3278484931884
high_010,high,788.7117726625572,135,2535,764,728,3211,1191.201981911702
high_010,high,788.7117726625572,135,2535,764,728,3223,1213.2046470349228
high_010,high,788.7117726625572,135,2535,764,728,3225,1216.475368778341
high_010,high,788.7117726625572,135,2535,764,728,3231,1212.6829356303117
high_010,high,788.7117726625572,135,2535,764,728,3237,1212.6829356303117
high_010,high,788.7117726625572,135,2535,764,728,3251,1216.8635608356176
high_010,high,788.7117726625572,135,2535,764,728,3253,1212.6829356303117
high_010,high,788.7117726625572,135,2535,764,728,3255,1216.475368778341
high_010,high,788.7117726625572,135,2535,764,728,3268,1221.5198624903328
high_010,high,788.7117726625572,135,2535,764,728,3270,1220.5095141903143
high_010,high,788.7117726625572,135,2535,764,728,3276,1222.86756125723
high_010,high,788.7117726625572,135,2535,764,728,3282,1232.6007571197451
high_010,high,788.7117726625572,135,2535,764,728,3288,1235.1288965458584
high_011,high,692.8815677363002,164,2374,925,885,168,754.4152743795506
high_011,high,692.8815677363002,164,2374,925,885,174,762.335019945893
high_011,high,692.8815677363002,164,2374,925,885,181,747.2330553070072
high_011,high,692.8815677363002,164,2374,925,885,183,729.9802763400442
high_011,high,692.8815677363002,164,2374,925,885,191,714.3643618067443
high_011,high,692.8815677363002,164,2374,925,885,205,749.4447832139241
high_011,high,692.8815677363002,164,2374,925,885,207,744.3580401978744
high_011,high,692.8815677363002,164,2374,925,885,222,727.5011631907898
high_011,high,692.8815677363002,164,2374,925,885,228,775.1354820888598
high_011,high,692.8815677363002,164,2374,925,885,233,786.5638273374701
high_011,high,692.8815677363002,164,2374,925,885,234,786.669008903823
high_011,high,692.8815677363002,164,2374,925,885,235,798.7594040906572
high_011,high,692.8815677363002,164,2374,925,885,237,766.0114633465719
high_011,high,692.8815677363002,164,2374,925,885,238,767.2111488967087
high_011,high,692.8815677363002,164,2374,925,885,241,764.2480565605323
high_011,high,692.8815677363002,164,2374,925,885,243,790.2012867660932
high_011,high,692.8815677363002,164,2374,925,885,245,767.6202077124336
high_011,high,692.8815677363002,164,2374,925,885,259,780.4209390694166
high_011,high,692.8815677363002,164,2374,925,885,261,782.9327448103926
high_011,high,692.8815677363002,164,2374,925,885,264,780.822895561363
high_011,high,692.8815677363002,164,2374,925,885,268,782.7320850167008
high_011,high,692.8815677363002,164,2374,925,885,269,780.5044740002621
high_011,high,692.8815677363002,164,2374,925,885,275,790.8905909926243
high_011,high,692.8815677363002,164,2374,925,885,277,782.6429150261217
high_011,high,692.8815677363002,164,2374,925,885,293,805.2931901007745
high_011,high,692.8815677363002,164,2374,925,885,295,804.3975891217284
high_011,high,692.8815677363002,164,2374,925,885,299,805.4733931764986
high_011,high,692.8815677363002,164,2374,925,885,311,828.9602109125962
high_011,high,692.8815677363002,164,2374,925,885,557,738.808911627254
high_011,high,692.8815677363002,164,2374,925,885,559,729.1959548137908
high_011,high,692.8815677363002,164,2374,925,885,561,727.4044859912502
high_011,high,692.8815677363002,164,2374,925,885,565,721.0549612333546
high_011,high,692.8815677363002,164,2374,925,885,675,777.5585012156706
high_011,high,692.8815677363002,164,2374,925,885,679,774.4019167482726
high_011,high,692.8815677363002,164,2374,925,885,689,798.9952921667135
high_011,high,692.8815677363002,164,2374,925,885,693,770.2629527160603
high_011,high,692.8815677363002,164,2374,925,885,718,866.2162984069909
high_011,high,692.8815677363002,164,2374,925,885,721,871.2577526228072
high_011,high,692.8815677363002,164,2374,925,885,731,873.2629054597824
high_011,high,692.8815677363002,164,2374,925,885,740,865.6372638042347
high_011,high,692.8815677363002,164,2374,925,885,741,874.7320544837655
high_011,high,692.8815677363002,164,2374,925,885,744,886.9899822772437
high_011,high,692.8815677363002,164,2374,925,885,745,889.9659076282874
high_011,high,692.8815677363002,164,2374,925,885,754,882.0507063426252
high_011,high,692.8815677363002,164,2374,925,885,760,865.4376624291733
high_011,high,692.8815677363002,164,2374,925,885,771,872.4866798286401
high_011,high,692.8815677363002,164,2374,925,885,772,862.9080897268523
high_011,high,692.8815677363002,164,2374,925,885,782,859.5724323604994
high_011,high,692.8815677363002,164,2374,925,885,786,861.8021120333577
high_011,high,692.8815677363002,164,2374,925,885,809,876.3517994994306
high_011,high,692.8815677363002,164,2374,925,885,820,863.5320352605727
high_011,high,692.8815677363002,164,2374,925,885,821,862.9849089354257
high_011,high,692.8815677363002,164,2374,925,885,823,868.0615828851023
high_011,high,692.8815677363002,164,2374,925,885,825,859.5724323604994
high_011,high,692.8815677363002,164,2374,925,885,836,875.3327998621509
high_011,high,692.8815677363002,164,2374,925,885,841,862.2439643577552
high_011,high,692.8815677363002,164,2374,925,885,844,873.2629054597824
high_011,high,692.8815677363002,164,2374,925,885,846,866.6997174187954
high_011,high,692.8815677363002,164,2374,925,885,860,874.7576463522589
high_011,high,692.8815677363002,164,2374,925,885,863,870.8193278045965
high_011,high,692.8815677363002,164,2374,925,885,876,953.9663316022344
high_011,high,692.8815677363002,164,2374,925,885,883,952.721795974701
high_011,high,692.8815677363002,164,2374,925,885,888,952.721795974701
high_011,high,692.8815677363002,164,2374,925,885,1633,739.5324497067393
high_011,high,692.8815677363002,164,2374,925,885,1635,740.3505454974952
high_011,high,692.8815677363002,164,2374,925,885,2398,808.8197564258983
high_011,high,692.8815677363002,164,2374,925,885,2400,828.9602109125962
high_011,high,692.8815677363002,164,2374,925,885,2609,965.2416319906436
high_011,high,692.8815677363002,164,2374,925,885,2627,991.9430388825616
high_011,high,692.8815677363002,164,2374,925,885,2629,993.5806440216762
high_011,high,692.8815677363002,164,2374,925,885,2633,991.9430388825616
high_011,high,692.8815677363002,164,2374,925,885,2634,991.9430388825616
high_011,high,692.8815677363002,164,2374,925,885,2642,991.9430388825616
high_011,high,692.8815677363002,164,2374,925,885,2822,1002.0411887863312
high_011,high,692.8815677363002,164,2374,925,885,2823,1005.946029295101
high_011,high,692.8815677363002,164,2374,925,885,2824,999.9669628228648
high_011,high,692.8815677363002,164,2374,925,885,2828,1003.324510499214
high_011,high,692.8815677363002,164,2374,925,885,2836,1001.830188934218
high_011,high,692.8815677363002,164,2374,925,885,2845,1025.4556180738084
high_011,high,692.8815677363002,164,2374,925,885,2852,1001.9382909146444
high_011,high,692.8815677363002,164,2374,925,885,2859,1022.2215701048916
high_011,high,692.8815677363002,164,2374,925,885,2864,1039.9838563737296
high_011,high,692.8815677363002,164,2374,925,885,2866,1001.8302178314
high_011,high,692.8815677363002,164,2374,925,885,2878,1016.9012287333924
high_011,high,692.8815677363002,164,2374,925,885,2879,1017.1425214618516
high_011,high,692.8815677363002,164,2374,925,885,2897,1008.4619654951324
high_011,high,692.8815677363002,164,2374,925,885,2898,1016.7602550996075
high_011,high,692.8815677363002,164,2374,925,885,2902,1052.8172558680324
high_011,high,692.8815677363002,164,2374,925,885,2908,1048.3173040866534
high_011,high,692.8815677363002,164,2374,925,885,2909,1049.4286872407622
high_011,high,692.8815677363002,164,2374,925,885,2911,1048.3173040866534
high_011,high,692.8815677363002,164,2374,925,885,2915,1050.1867526981123
high_011,high,692.8815677363002,164,2374,925,885,2921,1048.3173040866534
high_011,high,692.8815677363002,164,2374,925,885,2927,1052.3816699129793
high_011,high,692.8815677363002,164,2374,925,885,2929,1054.8075495444054
high_011,high,692.8815677363002,164,2374,925,885,2937,1061.4873629522383
high_011,high,692.8815677363002,164,2374,925,885,2945,1073.2687181041986
high_011,high,692.8815677363002,164,2374,925,885,2952,1076.9226289311032
high_011,high,692.8815677363002,164,2374,925,885,2954,1068.6650563229111
high_011,high,692.8815677363002,164,2374,925,885,2959,1064.9464529236984
high_011,high,692.8815677363002,164,2374,925,885,2965,1067.607745894601
high_011,high,692.8815677363002,164,2374,925,885,2967,1068.745167862265
high_011,high,692.8815677363002,164,2374,925,885,2968,1068.3456951536598
high_011,high,692.8815677363002,164,2374,925,885,2970,1068.5185688111037
high_011,high,692.8815677363002,164,2374,925,885,2975,1068.9339920807215
high_011,high,692.8815677363002,164,2374,925,885,2978,1072.9959162873504
high_011,high,692.8815677363002,164,2374,925,885,2983,1062.9751248319187
high_011,high,692.8815677363002,164,2374,925,885,2984,1062.9751248319187
high_011,high,692.8815677363002,164,2374,925,885,2986,1062.9751248319187
high_011,high,692.8815677363002,164,2374,925,885,3003,1094.753208684008
high_011,high,692.8815677363002,164,2374,925,885,3004,1096.9036825853989
high_011,high,692.8815677363002,164,2374,925,885,3007,1084.8274339564175
high_011,high,692.8815677363002,164,2374,925,885,3013,1087.3454661205765
high_011,high,692.8815677363002,164,2374,925,885,3017,1085.8803214733753
high_011,high,692.8815677363002,164,2374,925,885,3018,1088.4508133315417
high_011,high,692.8815677363002,164,2374,925,885,3020,1098.3786905686538
high_011,high,692.8815677363002,164,2374,925,885,3034,1090.705465048222
high_011,high,692.8815677363002,164,2374,925,885,3041,1094.2019334949568
high_011,high,692.8815677363002,164,2374,925,885,3053,1083.8940322975843
high_011,high,692.8815677363002,164,2374,925,885,3057,1088.8747322777456
high_011,high,692.8815677363002,164,2374,925,885,3058,1091.8781324530917
high_011,high,692.8815677363002,164,2374,925,885,3059,1091.0213172210172
high_011,high,692.8815677363002,164,2374,925,885,3064,1085.814119751744
high_011,high,692.8815677363002,164,2374,925,885,3065,1084.6709941800582
high_011,high,692.8815677363002,164,2374,925,885,3077,1106.4164283590965
high_011,high,692.8815677363002,164,2374,925,885,3079,1106.4164283590965
high_011,high,692.8815677363002,164,2374,925,885,3087,1126.3618654225525
high_011,high,692.8815677363002,164,2374,925,885,3092,1156.953605113312
high_011,high,692.8815677363002,164,2374,925,885,3096,1163.0951032643663
high_011,high,692.8815677363002,164,2374,925,885,3112,1157.761883765371
high_011,high,692.8815677363002,164,2374,925,885,3120,1156.953605113312
high_011,high,692.8815677363002,164,2374,925,885,3121,1158.1959192067843
high_011,high,692.8815677363002,164,2374,925,885,3124,1160.175885649291
high_011,high,692.8815677363002,164,2374,925,885,3127,1159.3681721349003
high_011,high,692.8815677363002,164,2374,925,885,3134,1156.953605113312
high_011,high,692.8815677363002,164,2374,925,885,3137,1156.953605113312
high_011,high,692.8815677363002,164,2374,925,885,3146,1190.0549725238
high_011,high,692.8815677363002,164,2374,925,885,3156,1192.6885934197562
high_011,high,692.8815677363002,164,2374,925,885,3159,1193.1911219522765
high_011,high,692.8815677363002,164,2374,925,885,3160,1194.618813410211
high_011,high,692.8815677363002,164,2374,925,885,3166,1189.6508331977705
high_011,high,692.8815677363002,164,2374,925,885,3175,1193.8987491127605
high_011,high,692.8815677363002,164,2374,925,885,3177,1196.1727371751588
high_011,high,692.8815677363002,164,2374,925,885,3185,1190.302972439652
high_011,high,692.8815677363002,164,2374,925,885,3188,1191.361273272858
high_011,high,692.8815677363002,164,2374,925,885,3193,1194.5154881045178
high_011,high,692.8815677363002,164,2374,925,885,3194,1196.1727371751588
high_011,high,692.8815677363002,164,2374,925,885,3216,1196.434292363558
high_011,high,692.8815677363002,164,2374,925,885,3219,1216.382336041379
high_011,high,692.8815677363002,164,2374,925,885,3221,1215.9995584709725
high_011,high,692.8815677363002,164,2374,925,885,3224,1214.7504566980338
high_011,high,692.8815677363002,164,2374,925,885,3236,1212.6829356303117
high_011,high,692.8815677363002,164,2374,925,885,3239,1212.6829356303117
high_011,high,692.8815677363002,164,2374,925,885,3241,1213.6883129383193
high_011,high,692.8815677363002,164,2374,925,885,3242,1213.248730680731
high_011,high,692.8815677363002,164,2374,925,885,3258,1222.3308995825223
high_011,high,692.8815677363002,164,2374,925,885,3265,1220.5095141903143
high_011,high,692.8815677363002,164,2374,925,885,3267,1220.5095141903143
high_011,high,692.8815677363002,164,2374,925,885,3271,1225.2857625849404
high_011,high,692.8815677363002,164,2374,925,885,3276,1222.86756125723
high_011,high,692.8815677363002,164,2374,925,885,3280,1221.7504332107692
high_011,high,692.8815677363002,164,2374,925,885,3282,1232.6007571197451
high_011,high,692.8815677363002,164,2374,925,885,3289,1235.1288965458584
high_011,high,692.8815677363002,164,2374,925,885,3298,1235.1288965458584
high_012,high,684.4472475950331,171,2360,939,897,166,707.6612556375802
high_012,high,684.4472475950331,171,2360,939,897,173,755.2893564611536
high_012,high,684.4472475950331,171,2360,939,897,177,763.426889245906
high_012,high,684.4472475950331,171,2360,939,897,180,723.8220380784867
high_012,high,684.4472475950331,171,2360,939,897,185,740.6625173819677
high_012,high,684.4472475950331,171,2360,939,897,191,704.741676026759
high_012,high,684.4472475950331,171,2360,939,897,199,735.273506388702
high_012,high,684.4472475950331,171,2360,939,897,220,709.0208935091631
high_012,high,684.4472475950331,171,2360,939,897,222,712.8411968793502
high_012,high,684.4472475950331,171,2360,939,897,246,769.5508440691626
high_012,high,684.4472475950331,171,2360,939,897,247,785.4156879929094
high_012,high,684.4472475950331,171,2360,939,897,250,775.7704034853964
high_012,high,684.4472475950331,171,2360,939,897,254,786.4839748922884
high_012,high,684.4472475950331,171,2360,939,897,256,784.3605612672978
high_012,high,684.4472475950331,171,2360,939,897,258,784.871919674121
high_012,high,684.4472475950331,171,2360,939,897,259,780.4209390694166
high_012,high,684.4472475950331,171,2360,939,897,270,780.774515289945
high_012,high,684.4472475950331,171,2360,939,897,281,771.7127732562305
high_012,high,684.4472475950331,171,2360,939,897,296,803.4263867831081
high_012,high,684.4472475950331,171,2360,939,897,304,807.7071585090147
high_012,high,684.4472475950331,171,2360,939,897,306,807.7071585090147
high_012,high,684.4472475950331,171,2360,939,897,310,828.9602109125962
high_012,high,684.4472475950331,171,2360,939,897,313,828.9602109125962
high_012,high,684.4472475950331,171,2360,939,897,557,711.2322935927688
high_012,high,684.4472475950331,171,2360,939,897,559,721.9990533418774
high_012,high,684.4472475950331,171,2360,939,897,565,729.9214404054375
high_012,high,684.4472475950331,171,2360,939,897,567,719.3082158567839
high_012,high,684.4472475950331,171,2360,939,897,674,775.4408831813964
high_012,high,684.4472475950331,171,2360,939,897,676,769.6646148802446
high_012,high,684.4472475950331,171,2360,939,897,684,768.5629622890655
high_012,high,684.4472475950331,171,2360,939,897,685,776.0039014311429
high_012,high,684.4472475950331,171,2360,939,897,688,791.1284819239598
high_012,high,684.4472475950331,171,2360,939,897,712,856.5718693622078
high_012,high,684.4472475950331,171,2360,939,897,713,855.4301757880048
high_012,high,684.4472475950331,171,2360,939,897,724,874.0498202955565
high_012,high,684.4472475950331,171,2360,939,897,727,865.8804371551425
high_012,high,684.4472475950331,171,2360,939,897,731,873.2629054597824
high_012,high,684.4472475950331,171,2360,939,897,738,860.4489568889767
high_012,high,684.4472475950331,171,2360,939,897,744,886.9899822772437
high_012,high,684.4472475950331,171,2360,939,897,747,909.4866416483982
high_012,high,684.4472475950331,171,2360,939,897,750,874.7576463522589
high_012,high,684.4472475950331,171,2360,939,897,752,875.1578269596802
high_012,high,684.4472475950331,171,2360,939,897,758,868.5507599903209
high_012,high,684.4472475950331,171,2360,939,897,765,881.246947133774
high_012,high,684.4472475950331,171,2360,939,897,770,868.0520453793015
high_012,high,684.4472475950331,171,2360,939,897,777,870.3209996726014
high_012,high,684.4472475950331,171,2360,939,897,780,876.1617741576308
high_012,high,684.4472475950331,171,2360,939,897,782,859.5724323604994
high_012,high,684.4472475950331,171,2360,939,897,786,861.8021120333577
high_012,high,684.4472475950331,171,2360,939,897,788,868.0615828851023
high_012,high,684.4472475950331,171,2360,939,897,794,865.002744805134
high_012,high,684.4472475950331,171,2360,939,897,797,860.8501215645377
high_012,high,684.4472475950331,171,2360,939,897,807,865.1478033949033
high_012,high,684.4472475950331,171,2360,939,897,808,859.5724323604994
high_012,high,684.4472475950331,171,2360,939,897,812,919.9097723042092
high_012,high,684.4472475950331,171,2360,939,897,815,867.9889902284109
high_012,high,684.4472475950331,171,2360,939,897,820,863.5320352605727
high_012,high,684.4472475950331,171,2360,939,897,822,864.8177531870879
high_012,high,684.4472475950331,171,2360,939,897,826,861.8474505235754
high_012,high,684.4472475950331,171,2360,939,897,833,862.1699982167843
high_012,high,684.4472475950331,171,2360,939,897,835,862.1744571156983
high_012,high,684.4472475950331,171,2360,939,897,842,875.2531634380312
high_012,high,684.4472475950331,171,2360,939,897,861,868.4908732793257
high_012,high,684.4472475950331,171,2360,939,897,862,866.8901068171923
high_012,high,684.4472475950331,171,2360,939,897,866,863.9845864565156
high_012,high,684.4472475950331,171,2360,939,897,867,871.7020952479701
high_012,high,684.4472475950331,171,2360,939,897,871,952.721795974701
high_012,high,684.4472475950331,171,2360,939,897,880,953.9045928767688
high_012,high,684.4472475950331,171,2360,939,897,888,952.721795974701
high_012,high,684.4472475950331,171,2360,939,897,1633,724.5854170306876
high_012,high,684.4472475950331,171,2360,939,897,1636,715.4296712113799
high_012,high,684.4472475950331,171,2360,939,897,2342,756.4567204553742
high_012,high,684.4472475950331,171,2360,939,897,2400,828.9602109125962
high_012,high,684.4472475950331,171,2360,939,897,2408,959.2366205239038
high_012,high,684.4472475950331,171,2360,939,897,2420,962.2548292559144
high_012,high,684.4472475950331,171,2360,939,897,2423,962.2548292559144
high_012,high,684.4472475950331,171,2360,939,897,2609,965.2416319906436
high_012,high,684.4472475950331,171,2360,939,897,2612,989.3578183648712
high_012,high,684.4472475950331,171,2360,939,897,2623,993.5137746550045
high_012,high,684.4472475950331,171,2360,939,897,2626,992.8301365003624
high_012,high,684.4472475950331,171,2360,939,897,2643,992.7727292803116
high_012,high,684.4472475950331,171,2360,939,897,2821,1004.9823435659574
high_012,high,684.4472475950331,171,2360,939,897,2822,1002.0411887863312
high_012,high,684.4472475950331,171,2360,939,897,2842,1009.3795385198888
high_012,high,684.4472475950331,171,2360,939,897,2845,1025.4556180738084
high_012,high,684.4472475950331,171,2360,939,897,2852,1001.9382909146444
high_012,high,684.4472475950331,171,2360,939,897,2855,1002.8809925359768
high_012,high,684.4472475950331,171,2360,939,897,2867,1002.8985115298556
high_012,high,684.4472475950331,171,2360,939,897,2869,999.9669628228648
high_012,high,684.4472475950331,171,2360,939,897,2875,1014.3383486143056
high_012,high,684.4472475950331,171,2360,939,897,2883,1019.83907188817
high_012,high,684.4472475950331,171,2360,939,897,2888,999.9669628228648
high_012,high,684.4472475950331,171,2360,939,897,2896,1002.0351611081068
high_012,high,684.4472475950331,171,2360,939,897,2902,1052.8172558680324
high_012,high,684.4472475950331,171,2360,939,897,2908,1048.3173040866534
high_012,high,684.4472475950331,171,2360,939,897,2910,1048.3173040866534
high_012,high,684.4472475950331,171,2360,939,897,2912,1048.3173040866534
high_012,high,684.4472475950331,171,2360,939,897,2916,1050.2372440615322
high_012,high,684.4472475950331,171,2360,939,897,2923,1050.664077754771
high_012,high,684.4472475950331,171,2360,939,897,2926,1051.461908069846
high_012,high,684.4472475950331,171,2360,939,897,2929,1054.8075495444054
high_012,high,684.4472475950331,171,2360,939,897,2940,1062.9751248319187
high_012,high,684.4472475950331,171,2360,939,897,2948,1066.328983869494
high_012,high,684.4472475950331,171,2360,939,897,2956,1065.2128624882075
high_012,high,684.4472475950331,171,2360,939,897,2962,1068.5216186335306
high_012,high,684.4472475950331,171,2360,939,897,2963,1073.496355252401
high_012,high,684.4472475950331,171,2360,939,897,2966,1067.8353908515471
high_012,high,684.4472475950331,171,2360,939,897,2983,1062.9751248319187
high_012,high,684.4472475950331,171,2360,939,897,2986,1062.9751248319187
high_012,high,684.4472475950331,171,2360,939,897,2988,1062.9751248319187
high_012,high,684.4472475950331,171,2360,939,897,2998,1092.4861814254616
high_012,high,684.4472475950331,171,2360,939,897,3002,1098.3786905686538
high_012,high,684.4472475950331,171,2360,939,897,3004,1096.9036825853989
high_012,high,684.4472475950331,171,2360,939,897,3008,1088.2911199767286
high_012,high,684.4472475950331,171,2360,939,897,3016,1086.50258926511
high_012,high,684.4472475950331,171,2360,939,897,3018,1088.4508133315417
high_012,high,684.4472475950331,171,2360,939,897,3022,1093.160091110393
high_012,high,684.4472475950331,171,2360,939,897,3024,1091.1324688148716
high_012,high,684.4472475950331,171,2360,939,897,3027,1085.930399380033
high_012,high,684.4472475950331,171,2360,939,897,3035,1088.411537994116
high_012,high,684.4472475950331,171,2360,939,897,3036,1088.4192926006815
high_012,high,684.4472475950331,171,2360,939,897,3037,1089.7883974598335
high_012,high,684.4472475950331,171,2360,939,897,3040,1093.132673934079
high_012,high,684.4472475950331,171,2360,939,897,3041,1094.2019334949568
high_012,high,684.4472475950331,171,2360,939,897,3056,1086.2168940132622
high_012,high,684.4472475950331,171,2360,939,897,3060,1092.4861814254616
high_012,high,684.4472475950331,171,2360,939,897,3061,1092.806985161587
high_012,high,684.4472475950331,171,2360,939,897,3063,1084.7324970292134
high_012,high,684.4472475950331,171,2360,939,897,3067,1083.8940322975843
high_012,high,684.4472475950331,171,2360,939,897,3069,1084.8033457435122
high_012,high,684.4472475950331,171,2360,939,897,3070,1083.8940322975843
high_012,high,684.4472475950331,171,2360,939,897,3073,1106.4164283590965
high_012,high,684.4472475950331,171,2360,939,897,3092,1156.953605113312
high_012,high,684.4472475950331,171,2360,939,897,3097,1162.250180423339
high_012,high,684.4472475950331,171,2360,939,897,3104,1162.8345792435434
high_012,high,684.4472475950331,171,2360,939,897,3107,1156.953605113312
high_012,high,684.4472475950331,171,2360,939,897,3109,1161.676991285707
high_012,high,684.4472475950331,171,2360,939,897,3113,1158.1134233069622
high_012,high,684.4472475950331,171,2360,939,897,3114,1162.8345792435434
high_012,high,684.4472475950331,171,2360,939,897,3115,1160.8921745663029
high_012,high,684.4472475950331,171,2360,939,897,3121,1158.1959192067843
high_012,high,684.4472475950331,171,2360,939,897,3131,1158.7206827841671
high_012,high,684.4472475950331,171,2360,939,897,3138,1157.8870067721452
high_012,high,684.4472475950331,171,2360,939,897,3139,1156.953605113312
high_012,high,684.4472475950331,171,2360,939,897,3144,1189.6508331977705
high_012,high,684.4472475950331,171,2360,939,897,3145,1189.6508331977705
high_012,high,684.4472475950331,171,2360,939,897,3146,1190.0549725238
high_012,high,684.4472475950331,171,2360,939,897,3151,1191.4609373459818
high_012,high,684.4472475950331,171,2360,939,897,3153,1197.4245463143357
high_012,high,684.4472475950331,171,2360,939,897,3156,1192.6885934197562
high_012,high,684.4472475950331,171,2360,939,897,3160,1194.618813410211
high_012,high,684.4472475950331,171,2360,939,897,3170,1189.6508331977705
high_012,high,684.4472475950331,171,2360,939,897,3177,1196.1727371751588
high_012,high,684.4472475950331,171,2360,939,897,3180,1195.6226423188416
high_012,high,684.4472475950331,171,2360,939,897,3188,1191.361273272858
high_012,high,684.4472475950331,171,2360,939,897,3199,1196.2012165385204
high_012,high,684.4472475950331,171,2360,939,897,3204,1201.3963479818258
high_012,high,684.4472475950331,171,2360,939,897,3205,1195.5153064168785
high_012,high,684.4472475950331,171,2360,939,897,3207,1191.4578355033093
high_012,high,684.4472475950331,171,2360,939,897,3213,1191.9475480450633
high_012,high,684.4472475950331,171,2360,939,897,3227,1214.6020882913242
high_012,high,684.4472475950331,171,2360,939,897,3229,1212.6829356303117
high_012,high,684.4472475950331,171,2360,939,897,3236,1212.6829356303117
high_012,high,684.4472475950331,171,2360,939,897,3250,1213.9591309841965
high_012,high,684.4472475950331,171,2360,939,897,3251,1216.8635608356176
high_012,high,684.4472475950331,171,2360,939,897,3259,1220.5095141903143
high_012,high,684.4472475950331,171,2360,939,897,3260,1220.8979951315514
high_012,high,684.4472475950331,171,2360,939,897,3287,1235.1288965458584
high_012,high,684.4472475950331,171,2360,939,897,3288,1235.1288965458584
high_012,high,684.4472475950331,171,2360,939,897,3291,1241.4855678922718
high_012,high,684.4472475950331,171,2360,939,897,3296,1236.9712022511055
high_013,high,717.8723666056007,138,2430,869,829,228,775.1354820888598
high_013,high,717.8723666056007,138,2430,869,829,241,764.2480565605323
high_013,high,717.8723666056007,138,2430,869,829,247,785.4156879929094
high_013,high,717.8723666056007,138,2430,869,829,249,771.7166047202178
high_013,high,717.8723666056007,138,2430,869,829,252,775.9678255663604
high_013,high,717.8723666056007,138,2430,869,829,259,780.4209390694166
high_013,high,717.8723666056007,138,2430,869,829,261,782.9327448103926
high_013,high,717.8723666056007,138,2430,869,829,271,767.6270742999169
high_013,high,717.8723666056007,138,2430,869,829,273,782.9327448103926
high_013,high,717.8723666056007,138,2430,869,829,281,771.7127732562305
high_013,high,717.8723666056007,138,2430,869,829,286,773.5768282188135
high_013,high,717.8723666056007,138,2430,869,829,289,782.5804506391328
high_013,high,717.8723666056007,138,2430,869,829,300,803.4263867831081
high_013,high,717.8723666056007,138,2430,869,829,304,807.7071585090147
high_013,high,717.8723666056007,138,2430,869,829,311,828.9602109125962
high_013,high,717.8723666056007,138,2430,869,829,313,828.9602109125962
high_013,high,717.8723666056007,138,2430,869,829,563,757.5452961580114
high_013,high,717.8723666056007,138,2430,869,829,658,769.2144467195795
high_013,high,717.8723666056007,138,2430,869,829,681,778.1402248252544
high_013,high,717.8723666056007,138,2430,869,829,687,772.1512056141818
high_013,high,717.8723666056007,138,2430,869,829,690,791.8361635108738
high_013,high,717.8723666056007,138,2430,869,829,724,874.0498202955565
high_013,high,717.8723666056007,138,2430,869,829,740,865.6372638042347
high_013,high,717.8723666056007,138,2430,869,829,741,874.7320544837655
high_013,high,717.8723666056007,138,2430,869,829,750,874.7576463522589
high_013,high,717.8723666056007,138,2430,869,829,756,859.5724323604994
high_013,high,717.8723666056007,138,2430,869,829,758,868.5507599903209
high_013,high,717.8723666056007,138,2430,869,829,768,880.8044455579775
high_013,high,717.8723666056007,138,2430,869,829,772,862.9080897268523
high_013,high,717.8723666056007,138,2430,869,829,775,864.9934392771164
high_013,high,717.8723666056007,138,2430,869,829,779,870.2869679351979
high_013,high,717.8723666056007,138,2430,869,829,784,861.6284827393368
high_013,high,717.8723666056007,138,2430,869,829,788,868.0615828851023
high_013,high,717.8723666056007,138,2430,869,829,790,859.5724323604994
high_013,high,717.8723666056007,138,2430,869,829,793,860.8168789708238
high_013,high,717.8723666056007,138,2430,869,829,820,863.5320352605727
high_013,high,717.8723666056007,138,2430,869,829,824,870.5273837284411
high_013,high,717.8723666056007,138,2430,869,829,828,865.5158531148844
high_013,high,717.8723666056007,138,2430,869,829,843,862.259764782998
high_013,high,717.8723666056007,138,2430,869,829,850,868.7485638286603
high_013,high,717.8723666056007,138,2430,869,829,859,863.652310334433
high_013,high,717.8723666056007,138,2430,869,829,865,871.5310335615898
high_013,high,717.8723666056007,138,2430,869,829,883,952.721795974701
high_013,high,717.8723666056007,138,2430,869,829,2351,753.355152509462
high_013,high,717.8723666056007,138,2430,869,829,2412,959.2366205239038
high_013,high,717.8723666056007,138,2430,869,829,2416,962.2548292559144
high_013,high,717.8723666056007,138,2430,869,829,2417,963.4202721085694
high_013,high,717.8723666056007,138,2430,869,829,2608,969.2235614863656
high_013,high,717.8723666056007,138,2430,869,829,2626,992.8301365003624
high_013,high,717.8723666056007,138,2430,869,829,2637,992.7513175346206
high_013,high,717.8723666056007,138,2430,869,829,2638,991.9430388825616
high_013,high,717.8723666056007,138,2430,869,829,2825,999.9669628228648
high_013,high,717.8723666056007,138,2430,869,829,2838,1010.9258256478414
high_013,high,717.8723666056007,138,2430,869,829,2839,1002.2047004791536
high_013,high,717.8723666056007,138,2430,869,829,2840,1005.0091279960976
high_013,high,717.8723666056007,138,2430,869,829,2843,1011.6876462782036
high_013,high,717.8723666056007,138,2430,869,829,2850,1008.5716512301796
high_013,high,717.8723666056007,138,2430,869,829,2855,1002.8809925359768
high_013,high,717.8723666056007,138,2430,869,829,2859,1022.2215701048916
high_013,high,717.8723666056007,138,2430,869,829,2861,1024.5134574819208
high_013,high,717.8723666056007,138,2430,869,829,2870,999.9669628228648
high_013,high,717.8723666056007,138,2430,869,829,2872,1004.4726057863872
high_013,high,717.8723666056007,138,2430,869,829,2876,1015.156232355703
high_013,high,717.8723666056007,138,2430,869,829,2884,1016.7910283148892
high_013,high,717.8723666056007,138,2430,869,829,2886,1006.5100327540436
high_013,high,717.8723666056007,138,2430,869,829,2893,999.9669628228648
high_013,high,717.8723666056007,138,2430,869,829,2901,1048.3173040866534
high_013,high,717.8723666056007,138,2430,869,829,2904,1053.137536994859
high_013,high,717.8723666056007,138,2430,869,829,2905,1055.2043394055625
high_013,high,717.8723666056007,138,2430,869,829,2907,1048.3173040866534
high_013,high,717.8723666056007,138,2430,869,829,2908,1048.3173040866534
high_013,high,717.8723666056007,138,2430,869,829,2919,1048.3173040866534
high_013,high,717.8723666056007,138,2430,869,829,2924,1049.454813168191
high_013,high,717.8723666056007,138,2430,869,829,2927,1052.3816699129793
high_013,high,717.8723666056007,138,2430,869,829,2928,1048.3173040866534
high_013,high,717.8723666056007,138,2430,869,829,2932,1048.3173040866534
high_013,high,717.8723666056007,138,2430,869,829,2940,1062.9751248319187
high_013,high,717.8723666056007,138,2430,869,829,2950,1065.311935561421
high_013,high,717.8723666056007,138,2430,869,829,2952,1076.9226289311032
high_013,high,717.8723666056007,138,2430,869,829,2953,1074.009713173082
high_013,high,717.8723666056007,138,2430,869,829,2954,1068.6650563229111
high_013,high,717.8723666056007,138,2430,869,829,2956,1065.2128624882075
high_013,high,717.8723666056007,138,2430,869,829,2957,1065.2338776801844
high_013,high,717.8723666056007,138,2430,869,829,2959,1064.9464529236984
high_013,high,717.8723666056007,138,2430,869,829,2963,1073.496355252401
high_013,high,717.8723666056007,138,2430,869,829,2964,1065.0433231171608
high_013,high,717.8723666056007,138,2430,869,829,2965,1067.607745894601
high_013,high,717.8723666056007,138,2430,869,829,2972,1072.370283141163
high_013,high,717.8723666056007,138,2430,869,829,2975,1068.9339920807215
high_013,high,717.8723666056007,138,2430,869,829,2981,1076.9335803596964
high_013,high,717.8723666056007,138,2430,869,829,2982,1064.7382169503187
high_013,high,717.8723666056007,138,2430,869,829,3004,1096.9036825853989
high_013,high,717.8723666056007,138,2430,869,829,3005,1083.8940322975843
high_013,high,717.8723666056007,138,2430,869,829,3006,1083.8940322975843
high_013,high,717.8723666056007,138,2430,869,829,3009,1091.8806784570238
high_013,high,717.8723666056007,138,2430,869,829,3015,1086.405719518302
high_013,high,717.8723666056007,138,2430,869,829,3016,1086.50258926511
high_013,high,717.8723666056007,138,2430,869,829,3018,1088.4508133315417
high_013,high,717.8723666056007,138,2430,869,829,3020,1098.3786905686538
high_013,high,717.8723666056007,138,2430,869,829,3038,1091.017347895001
high_013,high,717.8723666056007,138,2430,869,829,3053,1083.8940322975843
high_013,high,717.8723666056007,138,2430,869,829,3060,1092.4861814254616
high_013,high,717.8723666056007,138,2430,869,829,3066,1085.531637436699
high_013,high,717.8723666056007,138,2430,869,829,3079,1106.4164283590965
high_013,high,717.8723666056007,138,2430,869,829,3113,1158.1134233069622
high_013,high,717.8723666056007,138,2430,869,829,3118,1159.777046173644
high_013,high,717.8723666056007,138,2430,869,829,3121,1158.1959192067843
high_013,high,717.8723666056007,138,2430,869,829,3122,1162.4970489576335
high_013,high,717.8723666056007,138,2430,869,829,3126,1157.698907127832
high_013,high,717.8723666056007,138,2430,869,829,3131,1158.7206827841671
high_013,high,717.8723666056007,138,2430,869,829,3138,1157.8870067721452
high_013,high,717.8723666056007,138,2430,869,829,3143,1190.4575158137598
high_013,high,717.8723666056007,138,2430,869,829,3148,1189.6508331977705
high_013,high,717.8723666056007,138,2430,869,829,3152,1191.5092902092383
high_013,high,717.8723666056007,138,2430,869,829,3154,1192.1498045213198
high_013,high,717.8723666056007,138,2430,869,829,3155,1192.547874567539
high_013,high,717.8723666056007,138,2430,869,829,3156,1192.6885934197562
high_013,high,717.8723666056007,138,2430,869,829,3176,1194.7681844492004
high_013,high,717.8723666056007,138,2430,869,829,3179,1194.6874708239898
high_013,high,717.8723666056007,138,2430,869,829,3180,1195.6226423188416
high_013,high,717.8723666056007,138,2430,869,829,3186,1190.3747025852776
high_013,high,717.8723666056007,138,2430,869,829,3196,1191.649408745255
high_013,high,717.8723666056007,138,2430,869,829,3198,1192.4836018941114
high_013,high,717.8723666056007,138,2430,869,829,3208,1189.6508331977705
high_013,high,717.8723666056007,138,2430,869,829,3220,1216.4437591711417
high_013,high,717.8723666056007,138,2430,869,829,3223,1213.2046470349228
high_013,high,717.8723666056007,138,2430,869,829,3238,1213.7407908518985
high_013,high,717.8723666056007,138,2430,869,829,3242,1213.248730680731
high_013,high,717.8723666056007,138,2430,869,829,3264,1220.5095141903143
high_013,high,717.8723666056007,138,2430,869,829,3265,1220.5095141903143
high_013,high,717.8723666056007,138,2430,869,829,3267,1220.5095141903143
high_013,high,717.8723666056007,138,2430,869,829,3269,1220.5095141903143
high_013,high,717.8723666056007,138,2430,869,829,3274,1221.7540498178475
high_013,high,717.8723666056007,138,2430,869,829,3283,1231.9209154942885
high_013,high,717.8723666056007,138,2430,869,829,3286,1235.1288965458584
high_013,high,717.8723666056007,138,2430,869,829,3292,1237.6547672959043
high_013,high,717.8723666056007,138,2430,869,829,3294,1246.5478044309427
high_013,high,717.8723666056007,138,2430,869,829,3295,1235.1288965458584
high_014,high,705.5049000503698,156,2415,884,844,167,728.736315555106
high_014,high,705.5049000503698,156,2415,884,844,186,727.2084352754462
high_014,high,705.5049000503698,156,2415,884,844,239,766.5686429120145
high_014,high,705.5049000503698,156,2415,884,844,244,766.9434908278633
high_014,high,705.5049000503698,156,2415,884,844,248,786.6703170400056
high_014,high,705.5049000503698,156,2415,884,844,256,784.3605612672978
high_014,high,705.5049000503698,156,2415,884,844,257,784.7750556206718
high_014,high,705.5049000503698,156,2415,884,844,259,780.4209390694166
high_014,high,705.5049000503698,156,2415,884,844,262,764.2480565605323
high_014,high,705.5049000503698,156,2415,884,844,272,768.0141013965439
high_014,high,705.5049000503698,156,2415,884,844,281,771.7127732562305
high_014,high,705.5049000503698,156,2415,884,844,288,781.0800637103371
high_014,high,705.5049000503698,156,2415,884,844,295,804.3975891217284
high_014,high,705.5049000503698,156,2415,884,844,296,803.4263867831081
high_014,high,705.5049000503698,156,2415,884,844,301,803.4263867831081
high_014,high,705.5049000503698,156,2415,884,844,306,807.7071585090147
high_014,high,705.5049000503698,156,2415,884,844,315,830.0576695506061
high_014,high,705.5049000503698,156,2415,884,844,557,728.0927752610381
high_014,high,705.5049000503698,156,2415,884,844,562,764.6522378224952
high_014,high,705.5049000503698,156,2415,884,844,565,752.248225220846
high_014,high,705.5049000503698,156,2415,884,844,658,733.5457102822107
high_014,high,705.5049000503698,156,2415,884,844,666,749.8469885209416
high_014,high,705.5049000503698,156,2415,884,844,669,759.2349815736522
high_014,high,705.5049000503698,156,2415,884,844,688,791.1284819239598
high_014,high,705.5049000503698,156,2415,884,844,689,798.9952921667135
high_014,high,705.5049000503698,156,2415,884,844,720,869.9134237867096
high_014,high,705.5049000503698,156,2415,884,844,728,873.3880435365396
high_014,high,705.5049000503698,156,2415,884,844,735,879.2051215339136
high_014,high,705.5049000503698,156,2415,884,844,756,859.5724323604994
high_014,high,705.5049000503698,156,2415,884,844,758,868.5507599903209
high_014,high,705.5049000503698,156,2415,884,844,762,873.9258668255386
high_014,high,705.5049000503698,156,2415,884,844,765,881.246947133774
high_014,high,705.5049000503698,156,2415,884,844,768,880.8044455579775
high_014,high,705.5049000503698,156,2415,884,844,778,871.9513899905053
high_014,high,705.5049000503698,156,2415,884,844,783,860.6065315031204
high_014,high,705.5049000503698,156,2415,884,844,790,859.5724323604994
high_014,high,705.5049000503698,156,2415,884,844,803,862.3859404043667
high_014,high,705.5049000503698,156,2415,884,844,809,876.3517994994306
high_014,high,705.5049000503698,156,2415,884,844,816,872.13002986343
high_014,high,705.5049000503698,156,2415,884,844,830,872.4654778515962
high_014,high,705.5049000503698,156,2415,884,844,832,859.5724323604994
high_014,high,705.5049000503698,156,2415,884,844,834,865.180778194876
high_014,high,705.5049000503698,156,2415,884,844,847,868.509821567007
high_014,high,705.5049000503698,156,2415,884,844,850,868.7485638286603
high_014,high,705.5049000503698,156,2415,884,844,856,870.1327630986493
high_014,high,705.5049000503698,156,2415,884,844,858,866.4333207558111
high_014,high,705.5049000503698,156,2415,884,844,859,863.652310334433
high_014,high,705.5049000503698,156,2415,884,844,866,863.9845864565156
high_014,high,705.5049000503698,156,2415,884,844,867,871.7020952479701
high_014,high,705.5049000503698,156,2415,884,844,877,952.721795974701
high_014,high,705.5049000503698,156,2415,884,844,881,952.721795974701
high_014,high,705.5049000503698,156,2415,884,844,884,953.8397490242456
high_014,high,705.5049000503698,156,2415,884,844,2399,822.023726000976
high_014,high,705.5049000503698,156,2415,884,844,2405,960.207822862524
high_014,high,705.5049000503698,156,2415,884,844,2406,961.2836269172942
high_014,high,705.5049000503698,156,2415,884,844,2409,960.3480036780126
high_014,high,705.5049000503698,156,2415,884,844,2411,959.2366205239038
high_014,high,705.5049000503698,156,2415,884,844,2412,959.2366205239038
high_014,high,705.5049000503698,156,2415,884,844,2413,959.2366205239038
high_014,high,705.5049000503698,156,2415,884,844,2609,965.2416319906436
high_014,high,705.5049000503698,156,2415,884,844,2611,990.4552770028812
high_014,high,705.5049000503698,156,2415,884,844,2617,992.8919809952964
high_014,high,705.5049000503698,156,2415,884,844,2625,992.7703182089858
high_014,high,705.5049000503698,156,2415,884,844,2627,991.9430388825616
high_014,high,705.5049000503698,156,2415,884,844,2641,993.8672838873864
high_014,high,705.5049000503698,156,2415,884,844,2644,992.9612224237858
high_014,high,705.5049000503698,156,2415,884,844,2714,755.2893564611536
high_014,high,705.5049000503698,156,2415,884,844,2823,1005.946029295101
high_014,high,705.5049000503698,156,2415,884,844,2828,1003.324510499214
high_014,high,705.5049000503698,156,2415,884,844,2829,1002.668660106656
high_014,high,705.5049000503698,156,2415,884,844,2830,1013.377476132574
high_014,high,705.5049000503698,156,2415,884,844,2833,1009.2239059693052
high_014,high,705.5049000503698,156,2415,884,844,2838,1010.9258256478414
high_014,high,705.5049000503698,156,2415,884,844,2840,1005.0091279960976
high_014,high,705.5049000503698,156,2415,884,844,2841,1014.9199067437744
high_014,high,705.5049000503698,156,2415,884,844,2844,1012.817481250774
high_014,high,705.5049000503698,156,2415,884,844,2847,1005.4855158913912
high_014,high,705.5049000503698,156,2415,884,844,2848,1007.129697305098
high_014,high,705.5049000503698,156,2415,884,844,2852,1001.9382909146444
high_014,high,705.5049000503698,156,2415,884,844,2860,1032.9483064283256
high_014,high,705.5049000503698,156,2415,884,844,2864,1039.9838563737296
high_014,high,705.5049000503698,156,2415,884,844,2869,999.9669628228648
high_014,high,705.5049000503698,156,2415,884,844,2873,999.9669628228648
high_014,high,705.5049000503698,156,2415,884,844,2890,1016.0667055497744
high_014,high,705.5049000503698,156,2415,884,844,2897,1008.4619654951324
high_014,high,705.5049000503698,156,2415,884,844,2900,1051.0232318214055
high_014,high,705.5049000503698,156,2415,884,844,2901,1048.3173040866534
high_014,high,705.5049000503698,156,2415,884,844,2912,1048.3173040866534
high_014,high,705.5049000503698,156,2415,884,844,2915,1050.1867526981123
high_014,high,705.5049000503698,156,2415,884,844,2924,1049.454813168191
high_014,high,705.5049000503698,156,2415,884,844,2929,1054.8075495444054
high_014,high,705.5049000503698,156,2415,884,844,2937,1061.4873629522383
high_014,high,705.5049000503698,156,2415,884,844,2941,1063.946327170539
high_014,high,705.5049000503698,156,2415,884,844,2945,1073.2687181041986
high_014,high,705.5049000503698,156,2415,884,844,2953,1074.009713173082
high_014,high,705.5049000503698,156,2415,884,844,2958,1065.0221312253093
high_014,high,705.5049000503698,156,2415,884,844,2959,1064.9464529236984
high_014,high,705.5049000503698,156,2415,884,844,2960,1066.090453820947
high_014,high,705.5049000503698,156,2415,884,844,2962,1068.5216186335306
high_014,high,705.5049000503698,156,2415,884,844,2963,1073.496355252401
high_014,high,705.5049000503698,156,2415,884,844,2964,1065.0433231171608
high_014,high,705.5049000503698,156,2415,884,844,2967,1068.745167862265
high_014,high,705.5049000503698,156,2415,884,844,2969,1068.3961316139034
high_014,high,705.5049000503698,156,2415,884,844,2973,1071.7474448923242
high_014,high,705.5049000503698,156,2415,884,844,2974,1068.8989563569285
high_014,high,705.5049000503698,156,2415,884,844,2977,1062.9751248319187
high_014,high,705.5049000503698,156,2415,884,844,2990,1066.090453820947
high_014,high,705.5049000503698,156,2415,884,844,2992,1066.500922033494
high_014,high,705.5049000503698,156,2415,884,844,2993,1066.590830359445
high_014,high,705.5049000503698,156,2415,884,844,2995,1093.6066694374213
high_014,high,705.5049000503698,156,2415,884,844,2996,1093.6233418413528
high_014,high,705.5049000503698,156,2415,884,844,2997,1095.3664392665955
high_014,high,705.5049000503698,156,2415,884,844,3008,1088.2911199767286
high_014,high,705.5049000503698,156,2415,884,844,3017,1085.8803214733753
high_014,high,705.5049000503698,156,2415,884,844,3018,1088.4508133315417
high_014,high,705.5049000503698,156,2415,884,844,3020,1098.3786905686538
high_014,high,705.5049000503698,156,2415,884,844,3032,1089.4953186484909
high_014,high,705.5049000503698,156,2415,884,844,3034,1090.705465048222
high_014,high,705.5049000503698,156,2415,884,844,3045,1083.8940322975843
high_014,high,705.5049000503698,156,2415,884,844,3051,1086.405719518302
high_014,high,705.5049000503698,156,2415,884,844,3066,1085.531637436699
high_014,high,705.5049000503698,156,2415,884,844,3068,1083.8940322975843
high_014,high,705.5049000503698,156,2415,884,844,3095,1164.1216416908107
high_014,high,705.5049000503698,156,2415,884,844,3101,1160.0316744649958
high_014,high,705.5049000503698,156,2415,884,844,3102,1159.9652184117003
high_014,high,705.5049000503698,156,2415,884,844,3103,1160.175885649291
high_014,high,705.5049000503698,156,2415,884,844,3105,1156.953605113312
high_014,high,705.5049000503698,156,2415,884,844,3108,1159.9401526011404
high_014,high,705.5049000503698,156,2415,884,844,3111,1159.895024337298
high_014,high,705.5049000503698,156,2415,884,844,3113,1158.1134233069622
high_014,high,705.5049000503698,156,2415,884,844,3116,1157.840702731113
high_014,high,705.5049000503698,156,2415,884,844,3120,1156.953605113312
high_014,high,705.5049000503698,156,2415,884,844,3126,1157.698907127832
high_014,high,705.5049000503698,156,2415,884,844,3159,1193.1911219522765
high_014,high,705.5049000503698,156,2415,884,844,3171,1189.6508331977705
high_014,high,705.5049000503698,156,2415,884,844,3172,1189.6508331977705
high_014,high,705.5049000503698,156,2415,884,844,3185,1190.302972439652
high_014,high,705.5049000503698,156,2415,884,844,3193,1194.5154881045178
high_014,high,705.5049000503698,156,2415,884,844,3207,1191.4578355033093
high_014,high,705.5049000503698,156,2415,884,844,3210,1193.3278484931884
high_014,high,705.5049000503698,156,2415,884,844,3233,1212.6829356303117
high_014,high,705.5049000503698,156,2415,884,844,3235,1212.6829356303117
high_014,high,705.5049000503698,156,2415,884,844,3238,1213.7407908518985
high_014,high,705.5049000503698,156,2415,884,844,3243,1214.6856236728847
high_014,high,705.5049000503698,156,2415,884,844,3246,1215.6360786951834
high_014,high,705.5049000503698,156,2415,884,844,3254,1214.281966312764
high_014,high,705.5049000503698,156,2415,884,844,3262,1220.5095141903143
high_014,high,705.5049000503698,156,2415,884,844,3263,1223.421401841891
high_014,high,705.5049000503698,156,2415,884,844,3264,1220.5095141903143
high_014,high,705.5049000503698,156,2415,884,844,3266,1221.627467239859
high_014,high,705.5049000503698,156,2415,884,844,3269,1220.5095141903143
high_014,high,705.5049000503698,156,2415,884,844,3274,1221.7540498178475
high_014,high,705.5049000503698,156,2415,884,844,3280,1221.7504332107692
high_014,high,705.5049000503698,156,2415,884,844,3283,1231.9209154942885
high_014,high,705.5049000503698,156,2415,884,844,3290,1238.669081017652
high_014,high,705.5049000503698,156,2415,884,844,3298,1235.1288965458584
high_015,high,623.1033177589793,178,2204,1095,1049,34,676.0348953566272
high_015,high,623.1033177589793,178,2204,1095,1049,50,676.7445879844281
high_015,high,623.1033177589793,178,2204,1095,1049,60,680.7551628520695
high_015,high,623.1033177589793,178,2204,1095,1049,63,648.2566157777446
high_015,high,623.1033177589793,178,2204,1095,1049,66,671.8593283441758
high_015,high,623.1033177589793,178,2204,1095,1049,67,665.1928411832052
high_015,high,623.1033177589793,178,2204,1095,1049,68,670.6702708379153
high_015,high,623.1033177589793,178,2204,1095,1049,73,650.3274237683934
high_015,high,623.1033177589793,178,2204,1095,1049,77,655.3800788895226
high_015,high,623.1033177589793,178,2204,1095,1049,87,676.613922730237
high_015,high,623.1033177589793,178,2204,1095,1049,90,669.1503094523815
high_015,high,623.1033177589793,178,2204,1095,1049,94,669.135636880074
high_015,high,623.1033177589793,178,2204,1095,1049,102,681.7732809885176
high_015,high,623.1033177589793,178,2204,1095,1049,104,681.5208332846064
high_015,high,623.1033177589793,178,2204,1095,1049,105,680.9735797488853
high_015,high,623.1033177589793,178,2204,1095,1049,106,650.8804766260353
high_015,high,623.1033177589793,178,2204,1095,1049,108,665.6234961977899
high_015,high,623.1033177589793,178,2204,1095,1049,117,673.3972582945418
high_015,high,623.1033177589793,178,2204,1095,1049,128,657.2485440002836
high_015,high,623.1033177589793,178,2204,1095,1049,130,666.5396178119408
high_015,high,623.1033177589793,178,2204,1095,1049,139,660.8138049482291
high_015,high,623.1033177589793,178,2204,1095,1049,142,679.8931145716375
high_015,high,623.1033177589793,178,2204,1095,1049,147,667.202513944135
high_015,high,623.1033177589793,178,2204,1095,1049,151,678.7772993099526
high_015,high,623.1033177589793,178,2204,1095,1049,158,669.3848054613262
high_015,high,623.1033177589793,178,2204,1095,1049,169,756.9799950026689
high_015,high,623.1033177589793,178,2204,1095,1049,177,763.426889245906
high_015,high,623.1033177589793,178,2204,1095,1049,184,707.319866114405
high_015,high,623.1033177589793,178,2204,1095,1049,186,711.7231516805729
high_015,high,623.1033177589793,178,2204,1095,1049,211,706.6723786015436
high_015,high,623.1033177589793,178,2204,1095,1049,213,695.2081183025755
high_015,high,623.1033177589793,178,2204,1095,1049,216,692.5468253904228
high_015,high,623.1033177589793,178,2204,1095,1049,219,704.0895353824162
high_015,high,623.1033177589793,178,2204,1095,1049,235,798.7594040906572
high_015,high,623.1033177589793,178,2204,1095,1049,238,767.2111488967087
high_015,high,623.1033177589793,178,2204,1095,1049,241,764.2480565605323
high_015,high,623.1033177589793,178,2204,1095,1049,251,779.8274140175229
high_015,high,623.1033177589793,178,2204,1095,1049,252,767.6270742999169
high_015,high,623.1033177589793,178,2204,1095,1049,255,777.6673934333363
high_015,high,623.1033177589793,178,2204,1095,1049,270,780.774515289945
high_015,high,623.1033177589793,178,2204,1095,1049,280,770.6460013162009
high_015,high,623.1033177589793,178,2204,1095,1049,288,781.0800637103371
high_015,high,623.1033177589793,178,2204,1095,1049,289,782.5804506391328
high_015,high,623.1033177589793,178,2204,1095,1049,294,806.0436749859746
high_015,high,623.1033177589793,178,2204,1095,1049,296,803.4263867831081
high_015,high,623.1033177589793,178,2204,1095,1049,315,830.0576695506061
high_015,high,623.1033177589793,178,2204,1095,1049,560,723.9793013056201
high_015,high,623.1033177589793,178,2204,1095,1049,563,729.7045363782323
high_015,high,623.1033177589793,178,2204,1095,1049,565,708.8454478545855
high_015,high,623.1033177589793,178,2204,1095,1049,568,685.9133061371583
high_015,high,623.1033177589793,178,2204,1095,1049,569,686.3728680348255
high_015,high,623.1033177589793,178,2204,1095,1049,570,687.8828484809768
high_015,high,623.1033177589793,178,2204,1095,1049,659,670.1557151958033
high_015,high,623.1033177589793,178,2204,1095,1049,667,741.6209178259958
high_015,high,623.1033177589793,178,2204,1095,1049,676,769.6646148802446
high_015,high,623.1033177589793,178,2204,1095,1049,680,776.4451028575235
high_015,high,623.1033177589793,178,2204,1095,1049,682,768.8170538963791
high_015,high,623.1033177589793,178,2204,1095,1049,687,772.1512056141818
high_015,high,623.1033177589793,178,2204,1095,1049,690,791.8361635108738
high_015,high,623.1033177589793,178,2204,1095,1049,722,871.8782121330346
high_015,high,623.1033177589793,178,2204,1095,1049,725,875.0839194381775
high_015,high,623.1033177589793,178,2204,1095,1049,738,860.4489568889767
high_015,high,623.1033177589793,178,2204,1095,1049,746,891.9127448944064
high_015,high,623.1033177589793,178,2204,1095,1049,747,909.4866416483982
high_015,high,623.1033177589793,178,2204,1095,1049,751,877.5106830403436
high_015,high,623.1033177589793,178,2204,1095,1049,753,879.9012077256267
high_015,high,623.1033177589793,178,2204,1095,1049,760,865.4376624291733
high_015,high,623.1033177589793,178,2204,1095,1049,780,876.1617741576308
high_015,high,623.1033177589793,178,2204,1095,1049,782,859.5724323604994
high_015,high,623.1033177589793,178,2204,1095,1049,784,861.6284827393368
high_015,high,623.1033177589793,178,2204,1095,1049,787,869.4710809777966
high_015,high,623.1033177589793,178,2204,1095,1049,790,859.5724323604994
high_015,high,623.1033177589793,178,2204,1095,1049,791,866.9932602894647
high_015,high,623.1033177589793,178,2204,1095,1049,801,860.8576782895826
high_015,high,623.1033177589793,178,2204,1095,1049,813,859.5724323604994
high_015,high,623.1033177589793,178,2204,1095,1049,832,859.5724323604994
high_015,high,623.1033177589793,178,2204,1095,1049,834,865.180778194876
high_015,high,623.1033177589793,178,2204,1095,1049,841,862.2439643577552
high_015,high,623.1033177589793,178,2204,1095,1049,842,875.2531634380312
high_015,high,623.1033177589793,178,2204,1095,1049,845,866.6875039133157
high_015,high,623.1033177589793,178,2204,1095,1049,850,868.7485638286603
high_015,high,623.1033177589793,178,2204,1095,1049,856,870.1327630986493
high_015,high,623.1033177589793,178,2204,1095,1049,860,874.7576463522589
high_015,high,623.1033177589793,178,2204,1095,1049,864,875.9111987646017
high_015,high,623.1033177589793,178,2204,1095,1049,865,871.5310335615898
high_015,high,623.1033177589793,178,2204,1095,1049,872,953.4016376001576
high_015,high,623.1033177589793,178,2204,1095,1049,874,952.721795974701
high_015,high,623.1033177589793,178,2204,1095,1049,879,952.721795974701
high_015,high,623.1033177589793,178,2204,1095,1049,885,955.2334831954186
high_015,high,623.1033177589793,178,2204,1095,1049,887,955.1541738435708
high_015,high,623.1033177589793,178,2204,1095,1049,1634,727.089365348187
high_015,high,623.1033177589793,178,2204,1095,1049,2406,961.2836269172942
high_015,high,623.1033177589793,178,2204,1095,1049,2423,962.2548292559144
high_015,high,623.1033177589793,178,2204,1095,1049,2438,681.204274827241
high_015,high,623.1033177589793,178,2204,1095,1049,2439,683.5686967268031
high_015,high,623.1033177589793,178,2204,1095,1049,2441,675.8989890883088
high_015,high,623.1033177589793,178,2204,1095,1049,2622,994.35760590415
high_015,high,623.1033177589793,178,2204,1095,1049,2625,992.7703182089858
high_015,high,623.1033177589793,178,2204,1095,1049,2626,992.8301365003624
high_015,high,623.1033177589793,178,2204,1095,1049,2644,992.9612224237858
high_015,high,623.1033177589793,178,2204,1095,1049,2835,1000.6468044483214
high_015,high,623.1033177589793,178,2204,1095,1049,2841,1014.9199067437744
high_015,high,623.1033177589793,178,2204,1095,1049,2848,1007.129697305098
high_015,high,623.1033177589793,178,2204,1095,1049,2850,1008.5716512301796
high_015,high,623.1033177589793,178,2204,1095,1049,2854,1003.324510499214
high_015,high,623.1033177589793,178,2204,1095,1049,2856,1003.8938021954574
high_015,high,623.1033177589793,178,2204,1095,1049,2866,1001.8302178314
high_015,high,623.1033177589793,178,2204,1095,1049,2867,1002.8985115298556
high_015,high,623.1033177589793,178,2204,1095,1049,2881,1017.3872276628472
high_015,high,623.1033177589793,178,2204,1095,1049,2885,1017.577484138482
high_015,high,623.1033177589793,178,2204,1095,1049,2888,999.9669628228648
high_015,high,623.1033177589793,178,2204,1095,1049,2891,1017.3646700333014
high_015,high,623.1033177589793,178,2204,1095,1049,2893,999.9669628228648
high_015,high,623.1033177589793,178,2204,1095,1049,2894,1002.8985115298556
high_015,high,623.1033177589793,178,2204,1095,1049,2913,1051.0232318214055
high_015,high,623.1033177589793,178,2204,1095,1049,2916,1050.2372440615322
high_015,high,623.1033177589793,178,2204,1095,1049,2917,1050.240539769415
high_015,high,623.1033177589793,178,2204,1095,1049,2927,1052.3816699129793
high_015,high,623.1033177589793,178,2204,1095,1049,2941,1063.946327170539
high_015,high,623.1033177589793,178,2204,1095,1049,2943,1062.9751248319187
high_015,high,623.1033177589793,178,2204,1095,1049,2946,1062.9751248319187
high_015,high,623.1033177589793,178,2204,1095,1049,2951,1073.9680740305214
high_015,high,623.1033177589793,178,2204,1095,1049,2960,1066.090453820947
high_015,high,623.1033177589793,178,2204,1095,1049,2978,1072.9959162873504
high_015,high,623.1033177589793,178,2204,1095,1049,2980,1072.385427177699
high_015,high,623.1033177589793,178,2204,1095,1049,2986,1062.9751248319187
high_015,high,623.1033177589793,178,2204,1095,1049,2987,1065.2377549834673
high_015,high,623.1033177589793,178,2204,1095,1049,2990,1066.090453820947
high_015,high,623.1033177589793,178,2204,1095,1049,2999,1092.7739130975503
high_015,high,623.1033177589793,178,2204,1095,1049,3010,1085.238361133682
high_015,high,623.1033177589793,178,2204,1095,1049,3011,1085.4710947945082
high_015,high,623.1033177589793,178,2204,1095,1049,3013,1087.3454661205765
high_015,high,623.1033177589793,178,2204,1095,1049,3014,1092.1668254385525
high_015,high,623.1033177589793,178,2204,1095,1049,3017,1085.8803214733753
high_015,high,623.1033177589793,178,2204,1095,1049,3020,1098.3786905686538
high_015,high,623.1033177589793,178,2204,1095,1049,3022,1093.160091110393
high_015,high,623.1033177589793,178,2204,1095,1049,3024,1091.1324688148716
high_015,high,623.1033177589793,178,2204,1095,1049,3045,1083.8940322975843
high_015,high,623.1033177589793,178,2204,1095,1049,3048,1094.8852860169882
high_015,high,623.1033177589793,178,2204,1095,1049,3049,1083.8940322975843
high_015,high,623.1033177589793,178,2204,1095,1049,3050,1088.568819856947
high_015,high,623.1033177589793,178,2204,1095,1049,3074,1106.4164283590965
high_015,high,623.1033177589793,178,2204,1095,1049,3075,1107.1933902415703
high_015,high,623.1033177589793,178,2204,1095,1049,3076,1107.931950809124
high_015,high,623.1033177589793,178,2204,1095,1049,3085,1126.3618654225525
high_015,high,623.1033177589793,178,2204,1095,1049,3086,1123.9338595760016
high_015,high,623.1033177589793,178,2204,1095,1049,3087,1126.3618654225525
high_015,high,623.1033177589793,178,2204,1095,1049,3116,1157.840702731113
high_015,high,623.1033177589793,178,2204,1095,1049,3121,1158.1959192067843
high_015,high,623.1033177589793,178,2204,1095,1049,3122,1162.4970489576335
high_015,high,623.1033177589793,178,2204,1095,1049,3123,1162.250180423339
high_015,high,623.1033177589793,178,2204,1095,1049,3135,1156.953605113312
high_015,high,623.1033177589793,178,2204,1095,1049,3143,1190.4575158137598
high_015,high,623.1033177589793,178,2204,1095,1049,3158,1192.132671115406
high_015,high,623.1033177589793,178,2204,1095,1049,3160,1194.618813410211
high_015,high,623.1033177589793,178,2204,1095,1049,3165,1190.4393644462325
high_015,high,623.1033177589793,178,2204,1095,1049,3172,1189.6508331977705
high_015,high,623.1033177589793,178,2204,1095,1049,3174,1192.7869794132769
high_015,high,623.1033177589793,178,2204,1095,1049,3179,1194.6874708239898
high_015,high,623.1033177589793,178,2204,1095,1049,3187,1191.1178576473133
high_015,high,623.1033177589793,178,2204,1095,1049,3208,1189.6508331977705
high_015,high,623.1033177589793,178,2204,1095,1049,3210,1193.3278484931884
high_015,high,623.1033177589793,178,2204,1095,1049,3211,1191.201981911702
high_015,high,623.1033177589793,178,2204,1095,1049,3213,1191.9475480450633
high_015,high,623.1033177589793,178,2204,1095,1049,3219,1216.382336041379
high_015,high,623.1033177589793,178,2204,1095,1049,3234,1212.6829356303117
high_015,high,623.1033177589793,178,2204,1095,1049,3236,1212.6829356303117
high_015,high,623.1033177589793,178,2204,1095,1049,3240,1212.6829356303117
high_015,high,623.1033177589793,178,2204,1095,1049,3267,1220.5095141903143
high_015,high,623.1033177589793,178,2204,1095,1049,3268,1221.5198624903328
high_015,high,623.1033177589793,178,2204,1095,1049,3272,1220.5095141903143
high_015,high,623.1033177589793,178,2204,1095,1049,3274,1221.7540498178475
high_015,high,623.1033177589793,178,2204,1095,1049,3276,1222.86756125723
high_015,high,623.1033177589793,178,2204,1095,1049,3277,1222.480842282094
high_015,high,623.1033177589793,178,2204,1095,1049,3279,1222.3308995825223
high_015,high,623.1033177589793,178,2204,1095,1049,3286,1235.1288965458584
high_015,high,623.1033177589793,178,2204,1095,1049,3291,1241.4855678922718
high_015,high,623.1033177589793,178,2204,1095,1049,3298,1235.1288965458584
high_016,high,821.2319667863995,134,2568,731,699,724,874.0498202955565
high_016,high,821.2319667863995,134,2568,731,699,727,875.2567832929209
high_016,high,821.2319667863995,134,2568,731,699,729,866.973697493397
high_016,high,821.2319667863995,134,2568,731,699,733,876.9989077765086
high_016,high,821.2319667863995,134,2568,731,699,741,874.7320544837655
high_016,high,821.2319667863995,134,2568,731,699,745,889.9659076282874
high_016,high,821.2319667863995,134,2568,731,699,747,909.4866416483982
high_016,high,821.2319667863995,134,2568,731,699,752,875.1578269596802
high_016,high,821.2319667863995,134,2568,731,699,754,882.0507063426252
high_016,high,821.2319667863995,134,2568,731,699,756,863.4460851106389
high_016,high,821.2319667863995,134,2568,731,699,766,890.2412582584344
high_016,high,821.2319667863995,134,2568,731,699,785,879.169401903564
high_016,high,821.2319667863995,134,2568,731,699,786,879.3004319893797
high_016,high,821.2319667863995,134,2568,731,699,788,877.3191383615908
high_016,high,821.2319667863995,134,2568,731,699,801,862.8301309384098
high_016,high,821.2319667863995,134,2568,731,699,806,869.8673997118814
high_016,high,821.2319667863995,134,2568,731,699,807,865.1478033949033
high_016,high,821.2319667863995,134,2568,731,699,815,867.9889902284109
high_016,high,821.2319667863995,134,2568,731,699,817,868.3354727354181
high_016,high,821.2319667863995,134,2568,731,699,819,874.8841485471422
high_016,high,821.2319667863995,134,2568,731,699,826,878.3276253154125
high_016,high,821.2319667863995,134,2568,731,699,829,863.6378071509727
high_016,high,821.2319667863995,134,2568,731,699,835,874.2471616106234
high_016,high,821.2319667863995,134,2568,731,699,840,866.9145362977636
high_016,high,821.2319667863995,134,2568,731,699,845,866.6875039133157
high_016,high,821.2319667863995,134,2568,731,699,852,874.579524964438
high_016,high,821.2319667863995,134,2568,731,699,859,863.652310334433
high_016,high,821.2319667863995,134,2568,731,699,861,868.4908732793257
high_016,high,821.2319667863995,134,2568,731,699,863,876.1476202350528
high_016,high,821.2319667863995,134,2568,731,699,872,953.4016376001576
high_016,high,821.2319667863995,134,2568,731,699,877,952.721795974701
high_016,high,821.2319667863995,134,2568,731,699,879,952.721795974701
high_016,high,821.2319667863995,134,2568,731,699,886,953.962714995156
high_016,high,821.2319667863995,134,2568,731,699,889,955.0798430416164
high_016,high,821.2319667863995,134,2568,731,699,2400,865.3231178145828
high_016,high,821.2319667863995,134,2568,731,699,2404,959.2366205239038
high_016,high,821.2319667863995,134,2568,731,699,2407,959.2366205239038
high_016,high,821.2319667863995,134,2568,731,699,2410,959.2366205239038
high_016,high,821.2319667863995,134,2568,731,699,2411,959.2366205239038
high_016,high,821.2319667863995,134,2568,731,699,2417,963.4202721085694
high_016,high,821.2319667863995,134,2568,731,699,2419,962.2548292559144
high_016,high,821.2319667863995,134,2568,731,699,2424,963.6693168518516
high_016,high,821.2319667863995,134,2568,731,699,2609,965.2416319906436
high_016,high,821.2319667863995,134,2568,731,699,2619,994.7583102825376
high_016,high,821.2319667863995,134,2568,731,699,2620,993.7131311739878
high_016,high,821.2319667863995,134,2568,731,699,2626,992.8301365003624
high_016,high,821.2319667863995,134,2568,731,699,2628,992.7200007650356
high_016,high,821.2319667863995,134,2568,731,699,2630,994.35760590415
high_016,high,821.2319667863995,134,2568,731,699,2633,991.9430388825616
high_016,high,821.2319667863995,134,2568,731,699,2640,992.9594776373548
high_016,high,821.2319667863995,134,2568,731,699,2824,999.9669628228648
high_016,high,821.2319667863995,134,2568,731,699,2827,1005.4597157392146
high_016,high,821.2319667863995,134,2568,731,699,2828,1003.324510499214
high_016,high,821.2319667863995,134,2568,731,699,2831,999.9669628228648
high_016,high,821.2319667863995,134,2568,731,699,2845,1025.4556180738084
high_016,high,821.2319667863995,134,2568,731,699,2848,1007.129697305098
high_016,high,821.2319667863995,134,2568,731,699,2851,1022.05642918617
high_016,high,821.2319667863995,134,2568,731,699,2855,1002.8809925359768
high_016,high,821.2319667863995,134,2568,731,699,2869,999.9669628228648
high_016,high,821.2319667863995,134,2568,731,699,2883,1019.83907188817
high_016,high,821.2319667863995,134,2568,731,699,2885,1017.577484138482
high_016,high,821.2319667863995,134,2568,731,699,2890,1016.0667055497744
high_016,high,821.2319667863995,134,2568,731,699,2893,999.9669628228648
high_016,high,821.2319667863995,134,2568,731,699,2907,1048.3173040866534
high_016,high,821.2319667863995,134,2568,731,699,2914,1049.3420943635597
high_016,high,821.2319667863995,134,2568,731,699,2918,1050.2919146873005
high_016,high,821.2319667863995,134,2568,731,699,2922,1049.7958001554882
high_016,high,821.2319667863995,134,2568,731,699,2924,1049.454813168191
high_016,high,821.2319667863995,134,2568,731,699,2925,1050.477065788391
high_016,high,821.2319667863995,134,2568,731,699,2928,1048.3173040866534
high_016,high,821.2319667863995,134,2568,731,699,2940,1062.9751248319187
high_016,high,821.2319667863995,134,2568,731,699,2942,1064.5916821360368
high_016,high,821.2319667863995,134,2568,731,699,2958,1065.0221312253093
high_016,high,821.2319667863995,134,2568,731,699,2965,1067.607745894601
high_016,high,821.2319667863995,134,2568,731,699,2971,1069.6828427960106
high_016,high,821.2319667863995,134,2568,731,699,2973,1071.7474448923242
high_016,high,821.2319667863995,134,2568,731,699,2975,1068.9339920807215
high_016,high,821.2319667863995,134,2568,731,699,2985,1062.9751248319187
high_016,high,821.2319667863995,134,2568,731,699,2989,1062.9751248319187
high_016,high,821.2319667863995,134,2568,731,699,2990,1066.090453820947
high_016,high,821.2319667863995,134,2568,731,699,3003,1094.753208684008
high_016,high,821.2319667863995,134,2568,731,699,3006,1083.8940322975843
high_016,high,821.2319667863995,134,2568,731,699,3019,1095.3664392665955
high_016,high,821.2319667863995,134,2568,731,699,3021,1089.856584436628
high_016,high,821.2319667863995,134,2568,731,699,3022,1093.160091110393
high_016,high,821.2319667863995,134,2568,731,699,3025,1090.705465048222
high_016,high,821.2319667863995,134,2568,731,699,3026,1085.926909807171
high_016,high,821.2319667863995,134,2568,731,699,3032,1089.4953186484909
high_016,high,821.2319667863995,134,2568,731,699,3034,1090.705465048222
high_016,high,821.2319667863995,134,2568,731,699,3038,1091.017347895001
high_016,high,821.2319667863995,134,2568,731,699,3039,1090.0865808143365
high_016,high,821.2319667863995,134,2568,731,699,3044,1093.6480763799982
high_016,high,821.2319667863995,134,2568,731,699,3049,1083.8940322975843
high_016,high,821.2319667863995,134,2568,731,699,3061,1092.806985161587
high_016,high,821.2319667863995,134,2568,731,699,3063,1084.7324970292134
high_016,high,821.2319667863995,134,2568,731,699,3068,1083.8940322975843
high_016,high,821.2319667863995,134,2568,731,699,3076,1107.931950809124
high_016,high,821.2319667863995,134,2568,731,699,3083,1106.4164283590965
high_016,high,821.2319667863995,134,2568,731,699,3085,1126.3618654225525
high_016,high,821.2319667863995,134,2568,731,699,3096,1163.0951032643663
high_016,high,821.2319667863995,134,2568,731,699,3098,1162.2052055932354
high_016,high,821.2319667863995,134,2568,731,699,3100,1161.632570435744
high_016,high,821.2319667863995,134,2568,731,699,3101,1160.0316744649958
high_016,high,821.2319667863995,134,2568,731,699,3102,1159.9652184117003
high_016,high,821.2319667863995,134,2568,731,699,3113,1158.1134233069622
high_016,high,821.2319667863995,134,2568,731,699,3114,1162.8345792435434
high_016,high,821.2319667863995,134,2568,731,699,3115,1160.8921745663029
high_016,high,821.2319667863995,134,2568,731,699,3121,1158.1959192067843
high_016,high,821.2319667863995,134,2568,731,699,3144,1189.6508331977705
high_016,high,821.2319667863995,134,2568,731,699,3166,1189.6508331977705
high_016,high,821.2319667863995,134,2568,731,699,3167,1189.6508331977705
high_016,high,821.2319667863995,134,2568,731,699,3169,1194.140551569456
high_016,high,821.2319667863995,134,2568,731,699,3175,1193.8987491127605
high_016,high,821.2319667863995,134,2568,731,699,3180,1195.6226423188416
high_016,high,821.2319667863995,134,2568,731,699,3181,1194.3942142329813
high_016,high,821.2319667863995,134,2568,731,699,3185,1190.302972439652
high_016,high,821.2319667863995,134,2568,731,699,3187,1191.1178576473133
high_016,high,821.2319667863995,134,2568,731,699,3189,1191.7066400116375
high_016,high,821.2319667863995,134,2568,731,699,3204,1201.3963479818258
high_016,high,821.2319667863995,134,2568,731,699,3213,1191.9475480450633
high_016,high,821.2319667863995,134,2568,731,699,3229,1212.6829356303117
high_016,high,821.2319667863995,134,2568,731,699,3234,1212.6829356303117
high_016,high,821.2319667863995,134,2568,731,699,3239,1212.6829356303117
high_016,high,821.2319667863995,134,2568,731,699,3243,1214.6856236728847
high_016,high,821.2319667863995,134,2568,731,699,3247,1213.8747090800723
high_016,high,821.2319667863995,134,2568,731,699,3248,1216.4452009382387
high_016,high,821.2319667863995,134,2568,731,699,3254,1214.281966312764
high_016,high,821.2319667863995,134,2568,731,699,3259,1220.5095141903143
high_016,high,821.2319667863995,134,2568,731,699,3261,1220.5095141903143
high_016,high,821.2319667863995,134,2568,731,699,3266,1221.627467239859
high_016,high,821.2319667863995,134,2568,731,699,3275,1220.5095141903143
high_016,high,821.2319667863995,134,2568,731,699,3279,1222.3308995825223
high_016,high,821.2319667863995,134,2568,731,699,3286,1235.1288965458584
high_016,high,821.2319667863995,134,2568,731,699,3288,1235.1288965458584
high_017,high,567.0808544934466,192,2177,1122,1075,32,675.2726918798365
high_017,high,567.0808544934466,192,2177,1122,1075,36,681.1865438081716
high_017,high,567.0808544934466,192,2177,1122,1075,38,643.3615214691146
high_017,high,567.0808544934466,192,2177,1122,1075,39,643.4620323348252
high_017,high,567.0808544934466,192,2177,1122,1075,43,651.79631420405
high_017,high,567.0808544934466,192,2177,1122,1075,48,646.1780524113685
high_017,high,567.0808544934466,192,2177,1122,1075,55,677.0606931977851
high_017,high,567.0808544934466,192,2177,1122,1075,77,653.3289913522564
high_017,high,567.0808544934466,192,2177,1122,1075,95,642.897127993748
high_017,high,567.0808544934466,192,2177,1122,1075,96,643.0757948390717
high_017,high,567.0808544934466,192,2177,1122,1075,97,651.1208216805461
high_017,high,567.0808544934466,192,2177,1122,1075,109,652.6111053390252
high_017,high,567.0808544934466,192,2177,1122,1075,110,667.9302032880647
high_017,high,567.0808544934466,192,2177,1122,1075,111,671.4657721848504
high_017,high,567.0808544934466,192,2177,1122,1075,116,664.3763349055804
high_017,high,567.0808544934466,192,2177,1122,1075,118,672.4481731057507
high_017,high,567.0808544934466,192,2177,1122,1075,121,655.6524717004241
high_017,high,567.0808544934466,192,2177,1122,1075,131,657.780984314377
high_017,high,567.0808544934466,192,2177,1122,1075,132,658.8297490653881
high_017,high,567.0808544934466,192,2177,1122,1075,133,658.844616300143
high_017,high,567.0808544934466,192,2177,1122,1075,137,660.4406886000024
high_017,high,567.0808544934466,192,2177,1122,1075,139,660.8138049482291
high_017,high,567.0808544934466,192,2177,1122,1075,150,673.1332625397444
high_017,high,567.0808544934466,192,2177,1122,1075,159,669.3848054613262
high_017,high,567.0808544934466,192,2177,1122,1075,162,670.1105204220381
high_017,high,567.0808544934466,192,2177,1122,1075,163,671.9504656376764
high_017,high,567.0808544934466,192,2177,1122,1075,172,715.0872815749083
high_017,high,567.0808544934466,192,2177,1122,1075,173,755.2893564611536
high_017,high,567.0808544934466,192,2177,1122,1075,177,763.426889245906
high_017,high,567.0808544934466,192,2177,1122,1075,179,700.1829528600714
high_017,high,567.0808544934466,192,2177,1122,1075,185,706.6212282759113
high_017,high,567.0808544934466,192,2177,1122,1075,186,711.7231516805729
high_017,high,567.0808544934466,192,2177,1122,1075,187,716.0654904099658
high_017,high,567.0808544934466,192,2177,1122,1075,203,700.2100700482589
high_017,high,567.0808544934466,192,2177,1122,1075,228,775.1354820888598
high_017,high,567.0808544934466,192,2177,1122,1075,231,766.4081963968734
high_017,high,567.0808544934466,192,2177,1122,1075,234,786.669008903823
high_017,high,567.0808544934466,192,2177,1122,1075,244,766.9434908278633
high_017,high,567.0808544934466,192,2177,1122,1075,252,767.6270742999169
high_017,high,567.0808544934466,192,2177,1122,1075,267,780.0564266340253
high_017,high,567.0808544934466,192,2177,1122,1075,269,780.5044740002621
high_017,high,567.0808544934466,192,2177,1122,1075,270,780.774515289945
high_017,high,567.0808544934466,192,2177,1122,1075,278,776.6218869134428
high_017,high,567.0808544934466,192,2177,1122,1075,281,771.7127732562305
high_017,high,567.0808544934466,192,2177,1122,1075,285,774.839197857853
high_017,high,567.0808544934466,192,2177,1122,1075,289,782.5804506391328
high_017,high,567.0808544934466,192,2177,1122,1075,293,805.2931901007745
high_017,high,567.0808544934466,192,2177,1122,1075,298,803.4263867831081
high_017,high,567.0808544934466,192,2177,1122,1075,308,807.7071585090147
high_017,high,567.0808544934466,192,2177,1122,1075,547,603.8940026731389
high_017,high,567.0808544934466,192,2177,1122,1075,554,630.5932206907065
high_017,high,567.0808544934466,192,2177,1122,1075,562,764.6522378224952
high_017,high,567.0808544934466,192,2177,1122,1075,563,729.7045363782323
high_017,high,567.0808544934466,192,2177,1122,1075,570,687.8828484809768
high_017,high,567.0808544934466,192,2177,1122,1075,647,588.9563874304343
high_017,high,567.0808544934466,192,2177,1122,1075,670,748.9043558653999
high_017,high,567.0808544934466,192,2177,1122,1075,671,746.4765431855985
high_017,high,567.0808544934466,192,2177,1122,1075,672,748.9043558653999
high_017,high,567.0808544934466,192,2177,1122,1075,678,770.7986948040026
high_017,high,567.0808544934466,192,2177,1122,1075,684,768.5629622890655
high_017,high,567.0808544934466,192,2177,1122,1075,718,866.2162984069909
high_017,high,567.0808544934466,192,2177,1122,1075,728,873.3880435365396
high_017,high,567.0808544934466,192,2177,1122,1075,735,879.2051215339136
high_017,high,567.0808544934466,192,2177,1122,1075,742,879.2051215339136
high_017,high,567.0808544934466,192,2177,1122,1075,747,909.4866416483982
high_017,high,567.0808544934466,192,2177,1122,1075,751,877.5106830403436
high_017,high,567.0808544934466,192,2177,1122,1075,756,859.5724323604994
high_017,high,567.0808544934466,192,2177,1122,1075,758,868.5507599903209
high_017,high,567.0808544934466,192,2177,1122,1075,760,865.4376624291733
high_017,high,567.0808544934466,192,2177,1122,1075,775,864.9934392771164
high_017,high,567.0808544934466,192,2177,1122,1075,777,870.3209996726014
high_017,high,567.0808544934466,192,2177,1122,1075,779,870.2869679351979
high_017,high,567.0808544934466,192,2177,1122,1075,781,869.7828693983838
high_017,high,567.0808544934466,192,2177,1122,1075,790,859.5724323604994
high_017,high,567.0808544934466,192,2177,1122,1075,793,860.8168789708238
high_017,high,567.0808544934466,192,2177,1122,1075,798,871.9575292547189
high_017,high,567.0808544934466,192,2177,1122,1075,802,866.9333862420027
high_017,high,567.0808544934466,192,2177,1122,1075,805,862.8927922922512
high_017,high,567.0808544934466,192,2177,1122,1075,813,859.5724323604994
high_017,high,567.0808544934466,192,2177,1122,1075,824,870.5273837284411
high_017,high,567.0808544934466,192,2177,1122,1075,835,862.1744571156983
high_017,high,567.0808544934466,192,2177,1122,1075,840,866.9145362977636
high_017,high,567.0808544934466,192,2177,1122,1075,850,868.7485638286603
high_017,high,567.0808544934466,192,2177,1122,1075,851,869.0740015982519
high_017,high,567.0808544934466,192,2177,1122,1075,859,863.652310334433
high_017,high,567.0808544934466,192,2177,1122,1075,860,874.7576463522589
high_017,high,567.0808544934466,192,2177,1122,1075,864,875.9111987646017
high_017,high,567.0808544934466,192,2177,1122,1075,871,952.721795974701
high_017,high,567.0808544934466,192,2177,1122,1075,877,952.721795974701
high_017,high,567.0808544934466,192,2177,1122,1075,880,953.9045928767688
high_017,high,567.0808544934466,192,2177,1122,1075,885,955.2334831954186
high_017,high,567.0808544934466,192,2177,1122,1075,886,953.962714995156
high_017,high,567.0808544934466,192,2177,1122,1075,889,955.0798430416164
high_017,high,567.0808544934466,192,2177,1122,1075,1632,600.9288933461388
high_017,high,567.0808544934466,192,2177,1122,1075,1637,672.4481731057507
high_017,high,567.0808544934466,192,2177,1122,1075,2120,622.9665793725931
high_017,high,567.0808544934466,192,2177,1122,1075,2127,612.8558231263343
high_017,high,567.0808544934466,192,2177,1122,1075,2342,756.4567204553742
high_017,high,567.0808544934466,192,2177,1122,1075,2399,822.023726000976
high_017,high,567.0808544934466,192,2177,1122,1075,2421,962.2548292559144
high_017,high,567.0808544934466,192,2177,1122,1075,2423,962.2548292559144
high_017,high,567.0808544934466,192,2177,1122,1075,2443,692.291236261984
high_017,high,567.0808544934466,192,2177,1122,1075,2446,676.9454284154352
high_017,high,567.0808544934466,192,2177,1122,1075,2611,990.4552770028812
high_017,high,567.0808544934466,192,2177,1122,1075,2616,992.6883408970816
high_017,high,567.0808544934466,192,2177,1122,1075,2621,993.1045744974208
high_017,high,567.0808544934466,192,2177,1122,1075,2623,993.5137746550045
high_017,high,567.0808544934466,192,2177,1122,1075,2634,991.9430388825616
high_017,high,567.0808544934466,192,2177,1122,1075,2638,991.9430388825616
high_017,high,567.0808544934466,192,2177,1122,1075,2639,991.9430388825616
high_017,high,567.0808544934466,192,2177,1122,1075,2640,992.9594776373548
high_017,high,567.0808544934466,192,2177,1122,1075,2824,999.9669628228648
high_017,high,567.0808544934466,192,2177,1122,1075,2829,1002.668660106656
high_017,high,567.0808544934466,192,2177,1122,1075,2831,999.9669628228648
high_017,high,567.0808544934466,192,2177,1122,1075,2834,1008.9538117097431
high_017,high,567.0808544934466,192,2177,1122,1075,2836,1001.830188934218
high_017,high,567.0808544934466,192,2177,1122,1075,2842,1009.3795385198888
high_017,high,567.0808544934466,192,2177,1122,1075,2860,1032.9483064283256
high_017,high,567.0808544934466,192,2177,1122,1075,2861,1024.5134574819208
high_017,high,567.0808544934466,192,2177,1122,1075,2877,1016.6612485879974
high_017,high,567.0808544934466,192,2177,1122,1075,2891,1017.3646700333014
high_017,high,567.0808544934466,192,2177,1122,1075,2898,1016.7602550996075
high_017,high,567.0808544934466,192,2177,1122,1075,2900,1051.0232318214055
high_017,high,567.0808544934466,192,2177,1122,1075,2903,1051.212781759957
high_017,high,567.0808544934466,192,2177,1122,1075,2915,1050.1867526981123
high_017,high,567.0808544934466,192,2177,1122,1075,2921,1048.3173040866534
high_017,high,567.0808544934466,192,2177,1122,1075,2923,1050.664077754771
high_017,high,567.0808544934466,192,2177,1122,1075,2935,1061.4873629522383
high_017,high,567.0808544934466,192,2177,1122,1075,2942,1064.5916821360368
high_017,high,567.0808544934466,192,2177,1122,1075,2943,1062.9751248319187
high_017,high,567.0808544934466,192,2177,1122,1075,2946,1062.9751248319187
high_017,high,567.0808544934466,192,2177,1122,1075,2949,1065.298196061637
high_017,high,567.0808544934466,192,2177,1122,1075,2950,1065.311935561421
high_017,high,567.0808544934466,192,2177,1122,1075,2958,1065.0221312253093
high_017,high,567.0808544934466,192,2177,1122,1075,2960,1066.090453820947
high_017,high,567.0808544934466,192,2177,1122,1075,2971,1069.6828427960106
high_017,high,567.0808544934466,192,2177,1122,1075,2980,1072.385427177699
high_017,high,567.0808544934466,192,2177,1122,1075,2985,1062.9751248319187
high_017,high,567.0808544934466,192,2177,1122,1075,2990,1066.090453820947
high_017,high,567.0808544934466,192,2177,1122,1075,2991,1064.4657288609587
high_017,high,567.0808544934466,192,2177,1122,1075,2995,1093.6066694374213
high_017,high,567.0808544934466,192,2177,1122,1075,2999,1092.7739130975503
high_017,high,567.0808544934466,192,2177,1122,1075,3000,1095.1923449701198
high_017,high,567.0808544934466,192,2177,1122,1075,3005,1083.8940322975843
high_017,high,567.0808544934466,192,2177,1122,1075,3014,1092.1668254385525
high_017,high,567.0808544934466,192,2177,1122,1075,3024,1091.1324688148716
high_017,high,567.0808544934466,192,2177,1122,1075,3029,1083.8940322975843
high_017,high,567.0808544934466,192,2177,1122,1075,3038,1091.017347895001
high_017,high,567.0808544934466,192,2177,1122,1075,3051,1086.405719518302
high_017,high,567.0808544934466,192,2177,1122,1075,3058,1091.8781324530917
high_017,high,567.0808544934466,192,2177,1122,1075,3064,1085.814119751744
high_017,high,567.0808544934466,192,2177,1122,1075,3082,1106.4164283590965
high_017,high,567.0808544934466,192,2177,1122,1075,3085,1126.3618654225525
high_017,high,567.0808544934466,192,2177,1122,1075,3087,1126.3618654225525
high_017,high,567.0808544934466,192,2177,1122,1075,3088,1123.9338595760016
high_017,high,567.0808544934466,192,2177,1122,1075,3098,1162.2052055932354
high_017,high,567.0808544934466,192,2177,1122,1075,3101,1160.0316744649958
high_017,high,567.0808544934466,192,2177,1122,1075,3105,1156.953605113312
high_017,high,567.0808544934466,192,2177,1122,1075,3108,1159.9401526011404
high_017,high,567.0808544934466,192,2177,1122,1075,3109,1161.676991285707
high_017,high,567.0808544934466,192,2177,1122,1075,3112,1157.761883765371
high_017,high,567.0808544934466,192,2177,1122,1075,3125,1158.591210252427
high_017,high,567.0808544934466,192,2177,1122,1075,3138,1157.8870067721452
high_017,high,567.0808544934466,192,2177,1122,1075,3143,1190.4575158137598
high_017,high,567.0808544934466,192,2177,1122,1075,3160,1194.618813410211
high_017,high,567.0808544934466,192,2177,1122,1075,3162,1192.962275917395
high_017,high,567.0808544934466,192,2177,1122,1075,3169,1194.140551569456
high_017,high,567.0808544934466,192,2177,1122,1075,3182,1194.399127249068
high_017,high,567.0808544934466,192,2177,1122,1075,3191,1190.55433435054
high_017,high,567.0808544934466,192,2177,1122,1075,3200,1201.3963479818258
high_017,high,567.0808544934466,192,2177,1122,1075,3208,1189.6508331977705
high_017,high,567.0808544934466,192,2177,1122,1075,3213,1191.9475480450633
high_017,high,567.0808544934466,192,2177,1122,1075,3223,1213.2046470349228
high_017,high,567.0808544934466,192,2177,1122,1075,3233,1212.6829356303117
high_017,high,567.0808544934466,192,2177,1122,1075,3236,1212.6829356303117
high_017,high,567.0808544934466,192,2177,1122,1075,3240,1212.6829356303117
high_017,high,567.0808544934466,192,2177,1122,1075,3241,1213.6883129383193
high_017,high,567.0808544934466,192,2177,1122,1075,3243,1214.6856236728847
high_017,high,567.0808544934466,192,2177,1122,1075,3252,1217.7727238864586
high_017,high,567.0808544934466,192,2177,1122,1075,3254,1214.281966312764
high_017,high,567.0808544934466,192,2177,1122,1075,3255,1216.475368778341
high_017,high,567.0808544934466,192,2177,1122,1075,3264,1220.5095141903143
high_017,high,567.0808544934466,192,2177,1122,1075,3270,1220.5095141903143
high_017,high,567.0808544934466,192,2177,1122,1075,3271,1225.2857625849404
high_017,high,567.0808544934466,192,2177,1122,1075,3276,1222.86756125723
high_017,high,567.0808544934466,192,2177,1122,1075,3277,1222.480842282094
high_017,high,567.0808544934466,192,2177,1122,1075,3282,1232.6007571197451
high_017,high,567.0808544934466,192,2177,1122,1075,3288,1235.1288965458584
high_017,high,567.0808544934466,192,2177,1122,1075,3290,1238.669081017652
high_017,high,567.0808544934466,192,2177,1122,1075,3292,1237.6547672959043
high_017,high,567.0808544934466,192,2177,1122,1075,3294,1246.5478044309427
high_017,high,567.0808544934466,192,2177,1122,1075,3298,1235.1288965458584
high_018,high,864.0435821825797,119,2627,672,644,718,886.2985606699851
high_018,high,864.0435821825797,119,2627,672,644,719,922.8964737743992
high_018,high,864.0435821825797,119,2627,672,644,724,900.0766437806915
high_018,high,864.0435821825797,119,2627,672,644,742,886.530760031388
high_018,high,864.0435821825797,119,2627,672,644,744,889.3033093581806
high_018,high,864.0435821825797,119,2627,672,644,746,904.7304052257251
high_018,high,864.0435821825797,119,2627,672,644,758,914.6044642399002
high_018,high,864.0435821825797,119,2627,672,644,760,918.5042745124913
high_018,high,864.0435821825797,119,2627,672,644,763,917.0886098885961
high_018,high,864.0435821825797,119,2627,672,644,769,904.4036118340946
high_018,high,864.0435821825797,119,2627,672,644,770,890.0624671175219
high_018,high,864.0435821825797,119,2627,672,644,781,912.497358125621
high_018,high,864.0435821825797,119,2627,672,644,800,889.2563995167009
high_018,high,864.0435821825797,119,2627,672,644,807,884.7381328763828
high_018,high,864.0435821825797,119,2627,672,644,816,921.0970506211655
high_018,high,864.0435821825797,119,2627,672,644,822,888.7011895071312
high_018,high,864.0435821825797,119,2627,672,644,830,889.607021584176
high_018,high,864.0435821825797,119,2627,672,644,836,923.9061320178042
high_018,high,864.0435821825797,119,2627,672,644,848,905.5193125513233
high_018,high,864.0435821825797,119,2627,672,644,862,915.837099154866
high_018,high,864.0435821825797,119,2627,672,644,875,952.721795974701
high_018,high,864.0435821825797,119,2627,672,644,2405,960.207822862524
high_018,high,864.0435821825797,119,2627,672,644,2408,959.2366205239038
high_018,high,864.0435821825797,119,2627,672,644,2409,960.3480036780126
high_018,high,864.0435821825797,119,2627,672,644,2414,960.5848673507036
high_018,high,864.0435821825797,119,2627,672,644,2416,962.2548292559144
high_018,high,864.0435821825797,119,2627,672,644,2616,992.6883408970816
high_018,high,864.0435821825797,119,2627,672,644,2623,993.5137746550045
high_018,high,864.0435821825797,119,2627,672,644,2632,991.9430388825616
high_018,high,864.0435821825797,119,2627,672,644,2636,991.9430388825616
high_018,high,864.0435821825797,119,2627,672,644,2826,999.9669628228648
high_018,high,864.0435821825797,119,2627,672,644,2831,999.9669628228648
high_018,high,864.0435821825797,119,2627,672,644,2834,1008.9538117097431
high_018,high,864.0435821825797,119,2627,672,644,2840,1005.0091279960976
high_018,high,864.0435821825797,119,2627,672,644,2845,1025.4556180738084
high_018,high,864.0435821825797,119,2627,672,644,2859,1022.2215701048916
high_018,high,864.0435821825797,119,2627,672,644,2865,1002.3037735523671
high_018,high,864.0435821825797,119,2627,672,644,2867,1002.8985115298556
high_018,high,864.0435821825797,119,2627,672,644,2874,1013.637305367598
high_018,high,864.0435821825797,119,2627,672,644,2878,1016.9012287333924
high_018,high,864.0435821825797,119,2627,672,644,2880,1016.0909566614324
high_018,high,864.0435821825797,119,2627,672,644,2882,1020.8072860737768
high_018,high,864.0435821825797,119,2627,672,644,2886,1006.5100327540436
high_018,high,864.0435821825797,119,2627,672,644,2897,1008.4619654951324
high_018,high,864.0435821825797,119,2627,672,644,2898,1016.7602550996075
high_018,high,864.0435821825797,119,2627,672,644,2910,1048.3173040866534
high_018,high,864.0435821825797,119,2627,672,644,2916,1050.2372440615322
high_018,high,864.0435821825797,119,2627,672,644,2921,1048.3173040866534
high_018,high,864.0435821825797,119,2627,672,644,2931,1052.240157906791
high_018,high,864.0435821825797,119,2627,672,644,2932,1048.3173040866534
high_018,high,864.0435821825797,119,2627,672,644,2935,1061.4873629522383
high_018,high,864.0435821825797,119,2627,672,644,2940,1062.9751248319187
high_018,high,864.0435821825797,119,2627,672,644,2944,1076.4809828359098
high_018,high,864.0435821825797,119,2627,672,644,2947,1062.9751248319187
high_018,high,864.0435821825797,119,2627,672,644,2948,1066.328983869494
high_018,high,864.0435821825797,119,2627,672,644,2955,1068.201070287189
high_018,high,864.0435821825797,119,2627,672,644,2959,1064.9464529236984
high_018,high,864.0435821825797,119,2627,672,644,2963,1073.496355252401
high_018,high,864.0435821825797,119,2627,672,644,2969,1068.3961316139034
high_018,high,864.0435821825797,119,2627,672,644,2970,1068.5185688111037
high_018,high,864.0435821825797,119,2627,672,644,2971,1069.6828427960106
high_018,high,864.0435821825797,119,2627,672,644,2973,1071.7474448923242
high_018,high,864.0435821825797,119,2627,672,644,2981,1076.9335803596964
high_018,high,864.0435821825797,119,2627,672,644,2984,1062.9751248319187
high_018,high,864.0435821825797,119,2627,672,644,2987,1065.2377549834673
high_018,high,864.0435821825797,119,2627,672,644,2997,1095.3664392665955
high_018,high,864.0435821825797,119,2627,672,644,2998,1092.4861814254616
high_018,high,864.0435821825797,119,2627,672,644,3005,1083.8940322975843
high_018,high,864.0435821825797,119,2627,672,644,3013,1087.3454661205765
high_018,high,864.0435821825797,119,2627,672,644,3015,1086.405719518302
high_018,high,864.0435821825797,119,2627,672,644,3017,1085.8803214733753
high_018,high,864.0435821825797,119,2627,672,644,3021,1089.856584436628
high_018,high,864.0435821825797,119,2627,672,644,3022,1093.160091110393
high_018,high,864.0435821825797,119,2627,672,644,3035,1088.411537994116
high_018,high,864.0435821825797,119,2627,672,644,3036,1088.4192926006815
high_018,high,864.0435821825797,119,2627,672,644,3037,1089.7883974598335
high_018,high,864.0435821825797,119,2627,672,644,3039,1090.0865808143365
high_018,high,864.0435821825797,119,2627,672,644,3040,1093.132673934079
high_018,high,864.0435821825797,119,2627,672,644,3047,1098.001817802796
high_018,high,864.0435821825797,119,2627,672,644,3054,1083.8940322975843
high_018,high,864.0435821825797,119,2627,672,644,3055,1087.513379296758
high_018,high,864.0435821825797,119,2627,672,644,3057,1088.8747322777456
high_018,high,864.0435821825797,119,2627,672,644,3058,1091.8781324530917
high_018,high,864.0435821825797,119,2627,672,644,3067,1083.8940322975843
high_018,high,864.0435821825797,119,2627,672,644,3075,1107.1933902415703
high_018,high,864.0435821825797,119,2627,672,644,3077,1106.4164283590965
high_018,high,864.0435821825797,119,2627,672,644,3079,1106.4164283590965
high_018,high,864.0435821825797,119,2627,672,644,3090,1158.1980517236364
high_018,high,864.0435821825797,119,2627,672,644,3097,1162.250180423339
high_018,high,864.0435821825797,119,2627,672,644,3098,1162.2052055932354
high_018,high,864.0435821825797,119,2627,672,644,3102,1159.9652184117003
high_018,high,864.0435821825797,119,2627,672,644,3105,1156.953605113312
high_018,high,864.0435821825797,119,2627,672,644,3115,1160.8921745663029
high_018,high,864.0435821825797,119,2627,672,644,3122,1162.4970489576335
high_018,high,864.0435821825797,119,2627,672,644,3123,1162.250180423339
high_018,high,864.0435821825797,119,2627,672,644,3128,1158.7277345929413
high_018,high,864.0435821825797,119,2627,672,644,3129,1158.993088747223
high_018,high,864.0435821825797,119,2627,672,644,3130,1157.8842943170162
high_018,high,864.0435821825797,119,2627,672,644,3134,1156.953605113312
high_018,high,864.0435821825797,119,2627,672,644,3138,1157.8870067721452
high_018,high,864.0435821825797,119,2627,672,644,3146,1190.0549725238
high_018,high,864.0435821825797,119,2627,672,644,3149,1197.2820231143414
high_018,high,864.0435821825797,119,2627,672,644,3156,1192.6885934197562
high_018,high,864.0435821825797,119,2627,672,644,3161,1192.529678637609
high_018,high,864.0435821825797,119,2627,672,644,3163,1190.3768122726203
high_018,high,864.0435821825797,119,2627,672,644,3174,1192.7869794132769
high_018,high,864.0435821825797,119,2627,672,644,3181,1194.3942142329813
high_018,high,864.0435821825797,119,2627,672,644,3189,1191.7066400116375
high_018,high,864.0435821825797,119,2627,672,644,3195,1190.5800617035045
high_018,high,864.0435821825797,119,2627,672,644,3196,1191.649408745255
high_018,high,864.0435821825797,119,2627,672,644,3197,1194.645436424745
high_018,high,864.0435821825797,119,2627,672,644,3219,1216.382336041379
high_018,high,864.0435821825797,119,2627,672,644,3225,1216.475368778341
high_018,high,864.0435821825797,119,2627,672,644,3237,1212.6829356303117
high_018,high,864.0435821825797,119,2627,672,644,3240,1212.6829356303117
high_018,high,864.0435821825797,119,2627,672,644,3267,1220.5095141903143
high_018,high,864.0435821825797,119,2627,672,644,3270,1220.5095141903143
high_018,high,864.0435821825797,119,2627,672,644,3293,1243.4279725695123
high_018,high,864.0435821825797,119,2627,672,644,3296,1236.9712022511055
high_019,high,690.1120336429462,165,2366,933,891,173,755.2893564611536
high_019,high,690.1120336429462,165,2366,933,891,174,762.335019945893
high_019,high,690.1120336429462,165,2366,933,891,176,761.5138526312667
high_019,high,690.1120336429462,165,2366,933,891,179,719.738116351694
high_019,high,690.1120336429462,165,2366,933,891,180,728.7264430328976
high_019,high,690.1120336429462,165,2366,933,891,182,724.1936554246779
high_019,high,690.1120336429462,165,2366,933,891,194,747.6312027740443
high_019,high,690.1120336429462,165,2366,933,891,199,710.8216781741978
high_019,high,690.1120336429462,165,2366,933,891,207,710.2643553385908
high_019,high,690.1120336429462,165,2366,933,891,212,718.1407692889542
high_019,high,690.1120336429462,165,2366,933,891,221,746.6152981087594
high_019,high,690.1120336429462,165,2366,933,891,222,722.857285070257
high_019,high,690.1120336429462,165,2366,933,891,230,765.8217150838793
high_019,high,690.1120336429462,165,2366,933,891,232,790.7002411719734
high_019,high,690.1120336429462,165,2366,933,891,239,766.5686429120145
high_019,high,690.1120336429462,165,2366,933,891,245,767.6202077124336
high_019,high,690.1120336429462,165,2366,933,891,246,769.5508440691626
high_019,high,690.1120336429462,165,2366,933,891,247,785.4156879929094
high_019,high,690.1120336429462,165,2366,933,891,255,777.6673934333363
high_019,high,690.1120336429462,165,2366,933,891,256,784.3605612672978
high_019,high,690.1120336429462,165,2366,933,891,259,780.4209390694166
high_019,high,690.1120336429462,165,2366,933,891,260,764.2480565605323
high_019,high,690.1120336429462,165,2366,933,891,264,780.822895561363
high_019,high,690.1120336429462,165,2366,933,891,265,778.3623740723899
high_019,high,690.1120336429462,165,2366,933,891,266,778.6950776070587
high_019,high,690.1120336429462,165,2366,933,891,268,782.7320850167008
high_019,high,690.1120336429462,165,2366,933,891,272,768.0141013965439
high_019,high,690.1120336429462,165,2366,933,891,278,776.6218869134428
high_019,high,690.1120336429462,165,2366,933,891,282,773.2332928581826
high_019,high,690.1120336429462,165,2366,933,891,284,772.2987871474344
high_019,high,690.1120336429462,165,2366,933,891,287,775.6579365883227
high_019,high,690.1120336429462,165,2366,933,891,295,804.3975891217284
high_019,high,690.1120336429462,165,2366,933,891,306,807.7071585090147
high_019,high,690.1120336429462,165,2366,933,891,307,807.7071585090147
high_019,high,690.1120336429462,165,2366,933,891,556,743.7242684088432
high_019,high,690.1120336429462,165,2366,933,891,665,760.03481103312
high_019,high,690.1120336429462,165,2366,933,891,666,739.1931051461944
high_019,high,690.1120336429462,165,2366,933,891,675,777.5585012156706
high_019,high,690.1120336429462,165,2366,933,891,678,770.7986948040026
high_019,high,690.1120336429462,165,2366,933,891,679,774.4019167482726
high_019,high,690.1120336429462,165,2366,933,891,685,776.0039014311429
high_019,high,690.1120336429462,165,2366,933,891,689,798.9952921667135
high_019,high,690.1120336429462,165,2366,933,891,714,855.4301757880048
high_019,high,690.1120336429462,165,2366,933,891,721,871.2577526228072
high_019,high,690.1120336429462,165,2366,933,891,724,874.0498202955565
high_019,high,690.1120336429462,165,2366,933,891,725,875.0839194381775
high_019,high,690.1120336429462,165,2366,933,891,726,860.6095453422327
high_019,high,690.1120336429462,165,2366,933,891,729,866.973697493397
high_019,high,690.1120336429462,165,2366,933,891,731,873.2629054597824
high_019,high,690.1120336429462,165,2366,933,891,737,861.4147380657464
high_019,high,690.1120336429462,165,2366,933,891,743,880.7670976803488
high_019,high,690.1120336429462,165,2366,933,891,747,909.4866416483982
high_019,high,690.1120336429462,165,2366,933,891,748,910.764837228464
high_019,high,690.1120336429462,165,2366,933,891,753,879.9012077256267
high_019,high,690.1120336429462,165,2366,933,891,754,882.0507063426252
high_019,high,690.1120336429462,165,2366,933,891,767,883.0464829473062
high_019,high,690.1120336429462,165,2366,933,891,776,860.6566628344783
high_019,high,690.1120336429462,165,2366,933,891,784,861.6284827393368
high_019,high,690.1120336429462,165,2366,933,891,790,859.5724323604994
high_019,high,690.1120336429462,165,2366,933,891,794,865.002744805134
high_019,high,690.1120336429462,165,2366,933,891,818,870.4386023362563
high_019,high,690.1120336429462,165,2366,933,891,821,862.9849089354257
high_019,high,690.1120336429462,165,2366,933,891,827,864.2221364914626
high_019,high,690.1120336429462,165,2366,933,891,835,862.1744571156983
high_019,high,690.1120336429462,165,2366,933,891,836,875.3327998621509
high_019,high,690.1120336429462,165,2366,933,891,837,864.8177531870879
high_019,high,690.1120336429462,165,2366,933,891,852,872.8990741114144
high_019,high,690.1120336429462,165,2366,933,891,854,864.4326983801279
high_019,high,690.1120336429462,165,2366,933,891,864,875.9111987646017
high_019,high,690.1120336429462,165,2366,933,891,872,953.4016376001576
high_019,high,690.1120336429462,165,2366,933,891,876,953.9663316022344
high_019,high,690.1120336429462,165,2366,933,891,877,952.721795974701
high_019,high,690.1120336429462,165,2366,933,891,881,952.721795974701
high_019,high,690.1120336429462,165,2366,933,891,1633,714.925162552355
high_019,high,690.1120336429462,165,2366,933,891,1638,748.0961600148098
high_019,high,690.1120336429462,165,2366,933,891,1639,742.7051847479783
high_019,high,690.1120336429462,165,2366,933,891,1641,724.1773366267653
high_019,high,690.1120336429462,165,2366,933,891,2351,751.2699496695358
high_019,high,690.1120336429462,165,2366,933,891,2399,822.023726000976
high_019,high,690.1120336429462,165,2366,933,891,2400,828.9602109125962
high_019,high,690.1120336429462,165,2366,933,891,2406,961.2836269172942
high_019,high,690.1120336429462,165,2366,933,891,2413,959.2366205239038
high_019,high,690.1120336429462,165,2366,933,891,2422,963.8104987285144
high_019,high,690.1120336429462,165,2366,933,891,2423,962.2548292559144
high_019,high,690.1120336429462,165,2366,933,891,2634,991.9430388825616
high_019,high,690.1120336429462,165,2366,933,891,2635,991.9430388825616
high_019,high,690.1120336429462,165,2366,933,891,2637,992.7513175346206
high_019,high,690.1120336429462,165,2366,933,891,2638,991.9430388825616
high_019,high,690.1120336429462,165,2366,933,891,2639,991.9430388825616
high_019,high,690.1120336429462,165,2366,933,891,2643,992.7727292803116
high_019,high,690.1120336429462,165,2366,933,891,2827,1005.4597157392146
high_019,high,690.1120336429462,165,2366,933,891,2845,1025.4556180738084
high_019,high,690.1120336429462,165,2366,933,891,2846,1007.0627992574592
high_019,high,690.1120336429462,165,2366,933,891,2859,1022.2215701048916
high_019,high,690.1120336429462,165,2366,933,891,2870,999.9669628228648
high_019,high,690.1120336429462,165,2366,933,891,2871,1002.0411887863312
high_019,high,690.1120336429462,165,2366,933,891,2880,1016.0909566614324
high_019,high,690.1120336429462,165,2366,933,891,2888,999.9669628228648
high_019,high,690.1120336429462,165,2366,933,891,2890,1016.0667055497744
high_019,high,690.1120336429462,165,2366,933,891,2910,1048.3173040866534
high_019,high,690.1120336429462,165,2366,933,891,2925,1050.477065788391
high_019,high,690.1120336429462,165,2366,933,891,2927,1052.3816699129793
high_019,high,690.1120336429462,165,2366,933,891,2929,1054.8075495444054
high_019,high,690.1120336429462,165,2366,933,891,2937,1061.4873629522383
high_019,high,690.1120336429462,165,2366,933,891,2950,1065.311935561421
high_019,high,690.1120336429462,165,2366,933,891,2951,1073.9680740305214
high_019,high,690.1120336429462,165,2366,933,891,2961,1073.3653879877938
high_019,high,690.1120336429462,165,2366,933,891,2965,1067.607745894601
high_019,high,690.1120336429462,165,2366,933,891,2968,1068.3456951536598
high_019,high,690.1120336429462,165,2366,933,891,2970,1068.5185688111037
high_019,high,690.1120336429462,165,2366,933,891,2972,1072.370283141163
high_019,high,690.1120336429462,165,2366,933,891,2981,1076.9335803596964
high_019,high,690.1120336429462,165,2366,933,891,2988,1062.9751248319187
high_019,high,690.1120336429462,165,2366,933,891,2992,1066.500922033494
high_019,high,690.1120336429462,165,2366,933,891,2993,1066.590830359445
high_019,high,690.1120336429462,165,2366,933,891,2995,1093.6066694374213
high_019,high,690.1120336429462,165,2366,933,891,3001,1102.0692594091004
high_019,high,690.1120336429462,165,2366,933,891,3002,1098.3786905686538
high_019,high,690.1120336429462,165,2366,933,891,3004,1096.9036825853989
high_019,high,690.1120336429462,165,2366,933,891,3013,1087.3454661205765
high_019,high,690.1120336429462,165,2366,933,891,3015,1086.405719518302
high_019,high,690.1120336429462,165,2366,933,891,3018,1088.4508133315417
high_019,high,690.1120336429462,165,2366,933,891,3026,1085.926909807171
high_019,high,690.1120336429462,165,2366,933,891,3031,1085.9847963489449
high_019,high,690.1120336429462,165,2366,933,891,3034,1090.705465048222
high_019,high,690.1120336429462,165,2366,933,891,3043,1091.0091037157686
high_019,high,690.1120336429462,165,2366,933,891,3048,1094.8852860169882
high_019,high,690.1120336429462,165,2366,933,891,3049,1083.8940322975843
high_019,high,690.1120336429462,165,2366,933,891,3059,1091.0213172210172
high_019,high,690.1120336429462,165,2366,933,891,3061,1092.806985161587
high_019,high,690.1120336429462,165,2366,933,891,3073,1106.4164283590965
high_019,high,690.1120336429462,165,2366,933,891,3076,1107.931950809124
high_019,high,690.1120336429462,165,2366,933,891,3086,1123.9338595760016
high_019,high,690.1120336429462,165,2366,933,891,3093,1157.730566995786
high_019,high,690.1120336429462,165,2366,933,891,3105,1156.953605113312
high_019,high,690.1120336429462,165,2366,933,891,3126,1157.698907127832
high_019,high,690.1120336429462,165,2366,933,891,3134,1156.953605113312
high_019,high,690.1120336429462,165,2366,933,891,3140,1162.8193600514307
high_019,high,690.1120336429462,165,2366,933,891,3154,1192.1498045213198
high_019,high,690.1120336429462,165,2366,933,891,3156,1192.6885934197562
high_019,high,690.1120336429462,165,2366,933,891,3166,1189.6508331977705
high_019,high,690.1120336429462,165,2366,933,891,3168,1192.5872119274422
high_019,high,690.1120336429462,165,2366,933,891,3176,1194.7681844492004
high_019,high,690.1120336429462,165,2366,933,891,3182,1194.399127249068
high_019,high,690.1120336429462,165,2366,933,891,3187,1191.1178576473133
high_019,high,690.1120336429462,165,2366,933,891,3189,1191.7066400116375
high_019,high,690.1120336429462,165,2366,933,891,3190,1190.4943373328936
high_019,high,690.1120336429462,165,2366,933,891,3194,1196.1727371751588
high_019,high,690.1120336429462,165,2366,933,891,3195,1190.5800617035045
high_019,high,690.1120336429462,165,2366,933,891,3204,1201.3963479818258
high_019,high,690.1120336429462,165,2366,933,891,3208,1189.6508331977705
high_019,high,690.1120336429462,165,2366,933,891,3209,1191.7935764686918
high_019,high,690.1120336429462,165,2366,933,891,3213,1191.9475480450633
high_019,high,690.1120336429462,165,2366,933,891,3215,1196.1780748530298
high_019,high,690.1120336429462,165,2366,933,891,3235,1212.6829356303117
high_019,high,690.1120336429462,165,2366,933,891,3248,1216.4452009382387
high_019,high,690.1120336429462,165,2366,933,891,3250,1213.9591309841965
high_019,high,690.1120336429462,165,2366,933,891,3251,1216.8635608356176
high_019,high,690.1120336429462,165,2366,933,891,3258,1222.3308995825223
high_019,high,690.1120336429462,165,2366,933,891,3266,1221.627467239859
high_019,high,690.1120336429462,165,2366,933,891,3271,1225.2857625849404
high_019,high,690.1120336429462,165,2366,933,891,3282,1232.6007571197451
high_019,high,690.1120336429462,165,2366,933,891,3289,1235.1288965458584
high_019,high,690.1120336429462,165,2366,933,891,3297,1236.0029786274615
high_019,high,690.1120336429462,165,2366,933,891,3298,1235.1288965458584
