scenario_id,level,reschedule_start_time,delayed_task_count,frozen_task_count,movable_task_count,eligible_delay_task_count,TaskID,release_time
low_000,low,197.78248263417902,47,1396,1006,977,38,331.18422369580315
low_000,low,197.78248263417902,47,1396,1006,977,40,341.9243474511748
low_000,low,197.78248263417902,47,1396,1006,977,83,380.0935428114444
low_000,low,197.78248263417902,47,1396,1006,977,159,375.2122395847015
low_000,low,197.78248263417902,47,1396,1006,977,163,377.2395370293889
low_000,low,197.78248263417902,47,1396,1006,977,172,436.78745377733145
low_000,low,197.78248263417902,47,1396,1006,977,173,429.1671442291216
low_000,low,197.78248263417902,47,1396,1006,977,214,428.87636983329054
low_000,low,197.78248263417902,47,1396,1006,977,254,603.5997899295553
low_000,low,197.78248263417902,47,1396,1006,977,369,437.7403084697482
low_000,low,197.78248263417902,47,1396,1006,977,386,269.2451324804017
low_000,low,197.78248263417902,47,1396,1006,977,394,246.1320531842209
low_000,low,197.78248263417902,47,1396,1006,977,420,270.3329761419669
low_000,low,197.78248263417902,47,1396,1006,977,438,285.57669876486034
low_000,low,197.78248263417902,47,1396,1006,977,544,288.58619280431327
low_000,low,197.78248263417902,47,1396,1006,977,560,450.0075217043969
low_000,low,197.78248263417902,47,1396,1006,977,567,373.5870677529718
low_000,low,197.78248263417902,47,1396,1006,977,602,230.1051047853248
low_000,low,197.78248263417902,47,1396,1006,977,636,228.71288874061057
low_000,low,197.78248263417902,47,1396,1006,977,650,235.75703389794947
low_000,low,197.78248263417902,47,1396,1006,977,672,457.8251419875147
low_000,low,197.78248263417902,47,1396,1006,977,680,487.396083244449
low_000,low,197.78248263417902,47,1396,1006,977,748,860.9177779121795
low_000,low,197.78248263417902,47,1396,1006,977,758,790.0384150282852
low_000,low,197.78248263417902,47,1396,1006,977,759,763.2003950411761
low_000,low,197.78248263417902,47,1396,1006,977,762,819.6621989859271
low_000,low,197.78248263417902,47,1396,1006,977,765,829.4663449474062
low_000,low,197.78248263417902,47,1396,1006,977,780,802.5228303318937
low_000,low,197.78248263417902,47,1396,1006,977,786,769.7018909095199
low_000,low,197.78248263417902,47,1396,1006,977,793,770.6736376992883
low_000,low,197.78248263417902,47,1396,1006,977,794,783.5050666980482
low_000,low,197.78248263417902,47,1396,1006,977,800,812.6251548508493
low_000,low,197.78248263417902,47,1396,1006,977,886,928.6459815977198
low_000,low,197.78248263417902,47,1396,1006,977,888,921.9693637989052
low_000,low,197.78248263417902,47,1396,1006,977,1467,245.03138682670388
low_000,low,197.78248263417902,47,1396,1006,977,1597,245.00930653761316
low_000,low,197.78248263417902,47,1396,1006,977,1604,223.9118979750237
low_000,low,197.78248263417902,47,1396,1006,977,1606,223.4955691117633
low_000,low,197.78248263417902,47,1396,1006,977,1651,269.4966582076849
low_000,low,197.78248263417902,47,1396,1006,977,1660,248.3973592555923
low_000,low,197.78248263417902,47,1396,1006,977,1721,285.3943795971901
low_000,low,197.78248263417902,47,1396,1006,977,1770,237.20574891722143
low_000,low,197.78248263417902,47,1396,1006,977,1905,218.6820176354679
low_000,low,197.78248263417902,47,1396,1006,977,2054,218.55047669868907
low_000,low,197.78248263417902,47,1396,1006,977,2126,748.453103122554
low_000,low,197.78248263417902,47,1396,1006,977,2189,210.16495368036126
low_000,low,197.78248263417902,47,1396,1006,977,2286,283.5978714008063
low_001,low,258.9160854290968,31,1681,721,696,35,329.2242873435476
low_001,low,258.9160854290968,31,1681,721,696,85,397.6482843096709
low_001,low,258.9160854290968,31,1681,721,696,121,335.7107994540595
low_001,low,258.9160854290968,31,1681,721,696,148,361.9050132357586
low_001,low,258.9160854290968,31,1681,721,696,176,430.8604892849919
low_001,low,258.9160854290968,31,1681,721,696,218,421.7164257064525
low_001,low,258.9160854290968,31,1681,721,696,256,571.7112043896567
low_001,low,258.9160854290968,31,1681,721,696,268,591.4224316492852
low_001,low,258.9160854290968,31,1681,721,696,269,593.1023769301319
low_001,low,258.9160854290968,31,1681,721,696,278,560.4663032266227
low_001,low,258.9160854290968,31,1681,721,696,281,549.0737877151436
low_001,low,258.9160854290968,31,1681,721,696,296,615.379202682231
low_001,low,258.9160854290968,31,1681,721,696,297,617.6401681677809
low_001,low,258.9160854290968,31,1681,721,696,359,273.8608626504293
low_001,low,258.9160854290968,31,1681,721,696,551,304.2727944576429
low_001,low,258.9160854290968,31,1681,721,696,558,434.7865134351967
low_001,low,258.9160854290968,31,1681,721,696,718,803.311023885832
low_001,low,258.9160854290968,31,1681,721,696,726,765.038883878233
low_001,low,258.9160854290968,31,1681,721,696,752,815.6694703056248
low_001,low,258.9160854290968,31,1681,721,696,762,819.6621989859271
low_001,low,258.9160854290968,31,1681,721,696,793,770.6736376992883
low_001,low,258.9160854290968,31,1681,721,696,834,784.0581161073326
low_001,low,258.9160854290968,31,1681,721,696,846,788.519608947734
low_001,low,258.9160854290968,31,1681,721,696,871,922.7434644074092
low_001,low,258.9160854290968,31,1681,721,696,873,922.9695939233244
low_001,low,258.9160854290968,31,1681,721,696,1415,318.93767649456964
low_001,low,258.9160854290968,31,1681,721,696,1421,321.6470285378221
low_001,low,258.9160854290968,31,1681,721,696,1657,275.1727168784087
low_001,low,258.9160854290968,31,1681,721,696,2050,276.8611262986742
low_001,low,258.9160854290968,31,1681,721,696,2285,282.19850514026734
low_001,low,258.9160854290968,31,1681,721,696,2296,275.57887469165144
low_002,low,309.9729470752301,30,1795,607,588,65,333.969453193211
low_002,low,309.9729470752301,30,1795,607,588,78,393.595799391543
low_002,low,309.9729470752301,30,1795,607,588,80,394.7764610407978
low_002,low,309.9729470752301,30,1795,607,588,81,395.07744160728896
low_002,low,309.9729470752301,30,1795,607,588,103,348.0182807919503
low_002,low,309.9729470752301,30,1795,607,588,115,338.76112901575186
low_002,low,309.9729470752301,30,1795,607,588,123,358.01483111180534
low_002,low,309.9729470752301,30,1795,607,588,180,412.6727129048643
low_002,low,309.9729470752301,30,1795,607,588,239,546.4513994338096
low_002,low,309.9729470752301,30,1795,607,588,274,601.8168128963589
low_002,low,309.9729470752301,30,1795,607,588,294,608.5963064599537
low_002,low,309.9729470752301,30,1795,607,588,558,434.7865134351967
low_002,low,309.9729470752301,30,1795,607,588,675,490.2425001149576
low_002,low,309.9729470752301,30,1795,607,588,685,488.9295201063763
low_002,low,309.9729470752301,30,1795,607,588,689,656.2108349034703
low_002,low,309.9729470752301,30,1795,607,588,731,815.0990804455847
low_002,low,309.9729470752301,30,1795,607,588,733,817.2819984545738
low_002,low,309.9729470752301,30,1795,607,588,758,790.0384150282852
low_002,low,309.9729470752301,30,1795,607,588,771,833.1682814879791
low_002,low,309.9729470752301,30,1795,607,588,777,809.6879682215581
low_002,low,309.9729470752301,30,1795,607,588,813,763.2003950411761
low_002,low,309.9729470752301,30,1795,607,588,855,764.0400147196514
low_002,low,309.9729470752301,30,1795,607,588,866,776.2175069505034
low_002,low,309.9729470752301,30,1795,607,588,876,924.1698701203222
low_002,low,309.9729470752301,30,1795,607,588,1417,320.00295470029647
low_002,low,309.9729470752301,30,1795,607,588,1423,322.01141422158867
low_002,low,309.9729470752301,30,1795,607,588,1524,466.5435249807858
low_002,low,309.9729470752301,30,1795,607,588,1633,382.9132636865595
low_002,low,309.9729470752301,30,1795,607,588,2127,748.453103122554
low_002,low,309.9729470752301,30,1795,607,588,2128,749.8176325322203
low_003,low,240.10014598407645,41,1603,799,773,46,328.2685353090436
low_003,low,240.10014598407645,41,1603,799,773,107,334.5721577645719
low_003,low,240.10014598407645,41,1603,799,773,134,352.54155130213115
low_003,low,240.10014598407645,41,1603,799,773,140,342.43441336662534
low_003,low,240.10014598407645,41,1603,799,773,143,356.42339315223705
low_003,low,240.10014598407645,41,1603,799,773,144,357.5004847160262
low_003,low,240.10014598407645,41,1603,799,773,159,375.2122395847015
low_003,low,240.10014598407645,41,1603,799,773,162,376.8886789398668
low_003,low,240.10014598407645,41,1603,799,773,175,416.38121519625895
low_003,low,240.10014598407645,41,1603,799,773,176,430.8604892849919
low_003,low,240.10014598407645,41,1603,799,773,177,436.9178265623984
low_003,low,240.10014598407645,41,1603,799,773,185,429.8092806736499
low_003,low,240.10014598407645,41,1603,799,773,188,417.1887030707342
low_003,low,240.10014598407645,41,1603,799,773,208,410.589663572326
low_003,low,240.10014598407645,41,1603,799,773,228,542.8204005617555
low_003,low,240.10014598407645,41,1603,799,773,247,577.5464773647931
low_003,low,240.10014598407645,41,1603,799,773,262,558.1741881243332
low_003,low,240.10014598407645,41,1603,799,773,266,588.0464788905356
low_003,low,240.10014598407645,41,1603,799,773,269,593.1023769301319
low_003,low,240.10014598407645,41,1603,799,773,276,605.4441230385471
low_003,low,240.10014598407645,41,1603,799,773,285,552.5572400785253
low_003,low,240.10014598407645,41,1603,799,773,305,639.6600057872411
low_003,low,240.10014598407645,41,1603,799,773,350,398.6881981708448
low_003,low,240.10014598407645,41,1603,799,773,394,246.7175012315494
low_003,low,240.10014598407645,41,1603,799,773,404,254.07575431714923
low_003,low,240.10014598407645,41,1603,799,773,419,268.4083406616664
low_003,low,240.10014598407645,41,1603,799,773,558,434.7865134351967
low_003,low,240.10014598407645,41,1603,799,773,570,385.90384435177407
low_003,low,240.10014598407645,41,1603,799,773,660,446.2422642888386
low_003,low,240.10014598407645,41,1603,799,773,746,843.0083652204987
low_003,low,240.10014598407645,41,1603,799,773,751,838.5495235365304
low_003,low,240.10014598407645,41,1603,799,773,777,809.6879682215581
low_003,low,240.10014598407645,41,1603,799,773,1403,285.65027529408144
low_003,low,240.10014598407645,41,1603,799,773,1466,247.683819087755
low_003,low,240.10014598407645,41,1603,799,773,1497,249.91248502894817
low_003,low,240.10014598407645,41,1603,799,773,1639,397.0082342737091
low_003,low,240.10014598407645,41,1603,799,773,1656,274.68057153233866
low_003,low,240.10014598407645,41,1603,799,773,1672,265.83800741665783
low_003,low,240.10014598407645,41,1603,799,773,1683,276.2893720172289
low_003,low,240.10014598407645,41,1603,799,773,2322,297.5815605749979
low_003,low,240.10014598407645,41,1603,799,773,2351,322.55545721201065
low_004,low,270.9272970268766,28,1720,682,657,36,333.4075327881937
low_004,low,270.9272970268766,28,1720,682,657,41,346.383069635492
low_004,low,270.9272970268766,28,1720,682,657,71,337.1543490560804
low_004,low,270.9272970268766,28,1720,682,657,93,344.49833445862856
low_004,low,270.9272970268766,28,1720,682,657,168,428.0367501548153
low_004,low,270.9272970268766,28,1720,682,657,176,430.8604892849919
low_004,low,270.9272970268766,28,1720,682,657,237,545.543649715796
low_004,low,270.9272970268766,28,1720,682,657,262,558.1741881243332
low_004,low,270.9272970268766,28,1720,682,657,275,604.2997405077523
low_004,low,270.9272970268766,28,1720,682,657,543,283.26084202813104
low_004,low,270.9272970268766,28,1720,682,657,551,304.2727944576429
low_004,low,270.9272970268766,28,1720,682,657,557,408.7899616011904
low_004,low,270.9272970268766,28,1720,682,657,610,371.7239846922761
low_004,low,270.9272970268766,28,1720,682,657,682,481.55952448978
low_004,low,270.9272970268766,28,1720,682,657,688,606.2837427170224
low_004,low,270.9272970268766,28,1720,682,657,738,767.3013385155242
low_004,low,270.9272970268766,28,1720,682,657,746,843.0083652204987
low_004,low,270.9272970268766,28,1720,682,657,780,802.5228303318937
low_004,low,270.9272970268766,28,1720,682,657,782,764.1006020696877
low_004,low,270.9272970268766,28,1720,682,657,808,766.8387471851236
low_004,low,270.9272970268766,28,1720,682,657,810,772.9518468766948
low_004,low,270.9272970268766,28,1720,682,657,825,767.1676605660384
low_004,low,270.9272970268766,28,1720,682,657,834,784.0581161073326
low_004,low,270.9272970268766,28,1720,682,657,875,923.9046153490032
low_004,low,270.9272970268766,28,1720,682,657,884,927.3880681737847
low_004,low,270.9272970268766,28,1720,682,657,1425,324.0144712693569
low_004,low,270.9272970268766,28,1720,682,657,1632,335.34246877524896
low_004,low,270.9272970268766,28,1720,682,657,1636,366.2804578298423
low_005,low,262.0022677872859,36,1692,710,685,45,347.76332416876807
low_005,low,262.0022677872859,36,1692,710,685,118,330.74580434965367
low_005,low,262.0022677872859,36,1692,710,685,121,335.7107994540595
low_005,low,262.0022677872859,36,1692,710,685,239,546.4513994338096
low_005,low,262.0022677872859,36,1692,710,685,261,564.7585235836011
low_005,low,262.0022677872859,36,1692,710,685,295,607.6132779675953
low_005,low,262.0022677872859,36,1692,710,685,300,609.7759406976581
low_005,low,262.0022677872859,36,1692,710,685,306,641.7418027289635
low_005,low,262.0022677872859,36,1692,710,685,367,437.7403084697482
low_005,low,262.0022677872859,36,1692,710,685,543,283.26084202813104
low_005,low,262.0022677872859,36,1692,710,685,551,304.2727944576429
low_005,low,262.0022677872859,36,1692,710,685,554,364.9556261248474
low_005,low,262.0022677872859,36,1692,710,685,662,447.8697885493594
low_005,low,262.0022677872859,36,1692,710,685,665,450.92065110184063
low_005,low,262.0022677872859,36,1692,710,685,675,490.2425001149576
low_005,low,262.0022677872859,36,1692,710,685,691,485.66433216511865
low_005,low,262.0022677872859,36,1692,710,685,713,761.6600406877261
low_005,low,262.0022677872859,36,1692,710,685,743,826.6796106889966
low_005,low,262.0022677872859,36,1692,710,685,744,831.8055812250016
low_005,low,262.0022677872859,36,1692,710,685,765,829.4663449474062
low_005,low,262.0022677872859,36,1692,710,685,788,786.7539824896367
low_005,low,262.0022677872859,36,1692,710,685,792,806.0679081338086
low_005,low,262.0022677872859,36,1692,710,685,796,827.3624619264799
low_005,low,262.0022677872859,36,1692,710,685,797,770.9021671065177
low_005,low,262.0022677872859,36,1692,710,685,819,778.2038472055573
low_005,low,262.0022677872859,36,1692,710,685,820,778.5941312728988
low_005,low,262.0022677872859,36,1692,710,685,832,764.8796343981267
low_005,low,262.0022677872859,36,1692,710,685,837,779.8299758752139
low_005,low,262.0022677872859,36,1692,710,685,852,816.5633764854817
low_005,low,262.0022677872859,36,1692,710,685,887,928.033284428058
low_005,low,262.0022677872859,36,1692,710,685,1407,314.7786540832536
low_005,low,262.0022677872859,36,1692,710,685,1571,300.4498611055873
low_005,low,262.0022677872859,36,1692,710,685,1736,271.42420294881487
low_005,low,262.0022677872859,36,1692,710,685,2282,279.39977261918943
low_005,low,262.0022677872859,36,1692,710,685,2346,312.5980589709952
low_005,low,262.0022677872859,36,1692,710,685,2349,317.8674332612965
low_006,low,302.3154602049645,35,1788,614,595,83,380.0935428114444
low_006,low,302.3154602049645,35,1788,614,595,108,335.1414786093157
low_006,low,302.3154602049645,35,1788,614,595,126,349.2355956928678
low_006,low,302.3154602049645,35,1788,614,595,166,432.7199623888078
low_006,low,302.3154602049645,35,1788,614,595,170,410.9910284150338
low_006,low,302.3154602049645,35,1788,614,595,201,418.895929948628
low_006,low,302.3154602049645,35,1788,614,595,202,419.1572770532175
low_006,low,302.3154602049645,35,1788,614,595,204,420.207124059236
low_006,low,302.3154602049645,35,1788,614,595,205,420.436851379835
low_006,low,302.3154602049645,35,1788,614,595,208,410.589663572326
low_006,low,302.3154602049645,35,1788,614,595,219,422.5150651583809
low_006,low,302.3154602049645,35,1788,614,595,238,546.3523186188575
low_006,low,302.3154602049645,35,1788,614,595,251,556.040692441907
low_006,low,302.3154602049645,35,1788,614,595,252,585.2978262935035
low_006,low,302.3154602049645,35,1788,614,595,270,594.050735756208
low_006,low,302.3154602049645,35,1788,614,595,281,549.0737877151436
low_006,low,302.3154602049645,35,1788,614,595,314,679.9641716302127
low_006,low,302.3154602049645,35,1788,614,595,367,437.7403084697482
low_006,low,302.3154602049645,35,1788,614,595,557,408.7899616011904
low_006,low,302.3154602049645,35,1788,614,595,658,445.54748666617166
low_006,low,302.3154602049645,35,1788,614,595,672,457.8251419875147
low_006,low,302.3154602049645,35,1788,614,595,674,489.234572139181
low_006,low,302.3154602049645,35,1788,614,595,686,480.9997779633221
low_006,low,302.3154602049645,35,1788,614,595,687,485.7511194297493
low_006,low,302.3154602049645,35,1788,614,595,745,834.5557045512573
low_006,low,302.3154602049645,35,1788,614,595,767,820.0641819209492
low_006,low,302.3154602049645,35,1788,614,595,798,797.8217486994284
low_006,low,302.3154602049645,35,1788,614,595,824,795.0694598235586
low_006,low,302.3154602049645,35,1788,614,595,831,800.122277937898
low_006,low,302.3154602049645,35,1788,614,595,835,774.5029956975112
low_006,low,302.3154602049645,35,1788,614,595,839,780.8044454336581
low_006,low,302.3154602049645,35,1788,614,595,870,921.9693637989052
low_006,low,302.3154602049645,35,1788,614,595,886,928.6459815977198
low_006,low,302.3154602049645,35,1788,614,595,1411,317.390804391775
low_006,low,302.3154602049645,35,1788,614,595,1631,330.5404627809927
low_007,low,216.97306058277087,49,1467,935,907,35,329.2242873435476
low_007,low,216.97306058277087,49,1467,935,907,84,396.7414567741239
low_007,low,216.97306058277087,49,1467,935,907,103,348.0182807919503
low_007,low,216.97306058277087,49,1467,935,907,140,342.43441336662534
low_007,low,216.97306058277087,49,1467,935,907,165,410.81487157133904
low_007,low,216.97306058277087,49,1467,935,907,173,429.1671442291216
low_007,low,216.97306058277087,49,1467,935,907,177,436.9178265623984
low_007,low,216.97306058277087,49,1467,935,907,197,414.67676899405785
low_007,low,216.97306058277087,49,1467,935,907,263,558.7179808397449
low_007,low,216.97306058277087,49,1467,935,907,308,654.1105234999227
low_007,low,216.97306058277087,49,1467,935,907,311,705.032341763731
low_007,low,216.97306058277087,49,1467,935,907,348,244.01087464995828
low_007,low,216.97306058277087,49,1467,935,907,353,477.2287363996114
low_007,low,216.97306058277087,49,1467,935,907,394,246.1320531842209
low_007,low,216.97306058277087,49,1467,935,907,410,259.3421894402525
low_007,low,216.97306058277087,49,1467,935,907,424,272.4447934511284
low_007,low,216.97306058277087,49,1467,935,907,449,241.2800069752924
low_007,low,216.97306058277087,49,1467,935,907,450,244.54894771333235
low_007,low,216.97306058277087,49,1467,935,907,455,247.26526891317715
low_007,low,216.97306058277087,49,1467,935,907,545,285.533166366413
low_007,low,216.97306058277087,49,1467,935,907,594,226.98511106166154
low_007,low,216.97306058277087,49,1467,935,907,614,232.31945947685568
low_007,low,216.97306058277087,49,1467,935,907,626,227.58050733873236
low_007,low,216.97306058277087,49,1467,935,907,676,483.3320550642204
low_007,low,216.97306058277087,49,1467,935,907,682,481.55952448978
low_007,low,216.97306058277087,49,1467,935,907,718,803.311023885832
low_007,low,216.97306058277087,49,1467,935,907,735,819.1805059703928
low_007,low,216.97306058277087,49,1467,935,907,736,765.100832194107
low_007,low,216.97306058277087,49,1467,935,907,754,825.2653786156241
low_007,low,216.97306058277087,49,1467,935,907,768,813.8254310478471
low_007,low,216.97306058277087,49,1467,935,907,769,822.3647111594188
low_007,low,216.97306058277087,49,1467,935,907,779,810.1245795398011
low_007,low,216.97306058277087,49,1467,935,907,792,806.0679081338086
low_007,low,216.97306058277087,49,1467,935,907,793,770.6736376992883
low_007,low,216.97306058277087,49,1467,935,907,808,766.8387471851236
low_007,low,216.97306058277087,49,1467,935,907,811,858.4144486766452
low_007,low,216.97306058277087,49,1467,935,907,815,787.0008028671829
low_007,low,216.97306058277087,49,1467,935,907,843,775.2300560541014
low_007,low,216.97306058277087,49,1467,935,907,883,926.570422514318
low_007,low,216.97306058277087,49,1467,935,907,1367,263.3908404523528
low_007,low,216.97306058277087,49,1467,935,907,1398,245.68798631551408
low_007,low,216.97306058277087,49,1467,935,907,1410,316.5532965829236
low_007,low,216.97306058277087,49,1467,935,907,1589,224.74377569043438
low_007,low,216.97306058277087,49,1467,935,907,1654,245.68798631551408
low_007,low,216.97306058277087,49,1467,935,907,1735,242.3125386777652
low_007,low,216.97306058277087,49,1467,935,907,1736,271.42420294881487
low_007,low,216.97306058277087,49,1467,935,907,1755,250.4500907978588
low_007,low,216.97306058277087,49,1467,935,907,1758,263.0738328016898
low_007,low,216.97306058277087,49,1467,935,907,2306,245.18518101889077
low_008,low,260.244532142711,33,1688,714,689,46,328.2685353090436
low_008,low,260.244532142711,33,1688,714,689,48,384.083074524618
low_008,low,260.244532142711,33,1688,714,689,80,394.7764610407978
low_008,low,260.244532142711,33,1688,714,689,87,407.2031971706643
low_008,low,260.244532142711,33,1688,714,689,103,348.0182807919503
low_008,low,260.244532142711,33,1688,714,689,121,335.7107994540595
low_008,low,260.244532142711,33,1688,714,689,134,352.54155130213115
low_008,low,260.244532142711,33,1688,714,689,158,374.6071194997061
low_008,low,260.244532142711,33,1688,714,689,184,429.47510981180096
low_008,low,260.244532142711,33,1688,714,689,213,415.6927847071325
low_008,low,260.244532142711,33,1688,714,689,267,590.6910331277721
low_008,low,260.244532142711,33,1688,714,689,360,276.6162254819089
low_008,low,260.244532142711,33,1688,714,689,422,274.235389583585
low_008,low,260.244532142711,33,1688,714,689,543,283.26084202813104
low_008,low,260.244532142711,33,1688,714,689,566,366.6873250235211
low_008,low,260.244532142711,33,1688,714,689,666,453.1596372076723
low_008,low,260.244532142711,33,1688,714,689,670,474.468304176394
low_008,low,260.244532142711,33,1688,714,689,690,713.7550704587841
low_008,low,260.244532142711,33,1688,714,689,743,826.6796106889966
low_008,low,260.244532142711,33,1688,714,689,745,834.5557045512573
low_008,low,260.244532142711,33,1688,714,689,757,768.3954285218817
low_008,low,260.244532142711,33,1688,714,689,775,782.6342354280334
low_008,low,260.244532142711,33,1688,714,689,812,893.5155813885597
low_008,low,260.244532142711,33,1688,714,689,813,763.2003950411761
low_008,low,260.244532142711,33,1688,714,689,822,778.8372203963954
low_008,low,260.244532142711,33,1688,714,689,832,764.8796343981267
low_008,low,260.244532142711,33,1688,714,689,839,780.8044454336581
low_008,low,260.244532142711,33,1688,714,689,849,811.2014166475174
low_008,low,260.244532142711,33,1688,714,689,853,763.2003950411761
low_008,low,260.244532142711,33,1688,714,689,889,927.7706987113156
low_008,low,260.244532142711,33,1688,714,689,1363,268.54086983295866
low_008,low,260.244532142711,33,1688,714,689,1536,285.462458090949
low_008,low,260.244532142711,33,1688,714,689,1699,270.50256172966607
low_009,low,314.4520717538562,33,1798,604,585,38,331.18422369580315
low_009,low,314.4520717538562,33,1798,604,585,62,396.1910727126539
low_009,low,314.4520717538562,33,1798,604,585,81,395.07744160728896
low_009,low,314.4520717538562,33,1798,604,585,84,396.7414567741239
low_009,low,314.4520717538562,33,1798,604,585,111,381.5862001782616
low_009,low,314.4520717538562,33,1798,604,585,121,335.7107994540595
low_009,low,314.4520717538562,33,1798,604,585,153,388.9511956251674
low_009,low,314.4520717538562,33,1798,604,585,222,413.2764468437182
low_009,low,314.4520717538562,33,1798,604,585,238,546.3523186188575
low_009,low,314.4520717538562,33,1798,604,585,256,571.7112043896567
low_009,low,314.4520717538562,33,1798,604,585,364,441.182460974
low_009,low,314.4520717538562,33,1798,604,585,367,437.7403084697482
low_009,low,314.4520717538562,33,1798,604,585,557,408.7899616011904
low_009,low,314.4520717538562,33,1798,604,585,647,354.5802705724619
low_009,low,314.4520717538562,33,1798,604,585,661,447.7864727720033
low_009,low,314.4520717538562,33,1798,604,585,692,666.8763007307284
low_009,low,314.4520717538562,33,1798,604,585,728,797.0628926840496
low_009,low,314.4520717538562,33,1798,604,585,734,817.9464760935974
low_009,low,314.4520717538562,33,1798,604,585,758,790.0384150282852
low_009,low,314.4520717538562,33,1798,604,585,770,831.4502559423221
low_009,low,314.4520717538562,33,1798,604,585,783,769.3728286300214
low_009,low,314.4520717538562,33,1798,604,585,815,787.0008028671829
low_009,low,314.4520717538562,33,1798,604,585,819,778.2038472055573
low_009,low,314.4520717538562,33,1798,604,585,833,774.0909514653981
low_009,low,314.4520717538562,33,1798,604,585,853,763.2003950411761
low_009,low,314.4520717538562,33,1798,604,585,856,791.9203912276755
low_009,low,314.4520717538562,33,1798,604,585,878,922.6224013760354
low_009,low,314.4520717538562,33,1798,604,585,1412,323.99165417805955
low_009,low,314.4520717538562,33,1798,604,585,1421,326.05411553519633
low_009,low,314.4520717538562,33,1798,604,585,1631,330.5404627809927
low_009,low,314.4520717538562,33,1798,604,585,1643,331.30865950369827
low_009,low,314.4520717538562,33,1798,604,585,2342,325.06021942067
low_009,low,314.4520717538562,33,1798,604,585,2351,323.60944107647526
low_010,low,304.56320795707927,33,1789,613,594,41,346.383069635492
low_010,low,304.56320795707927,33,1789,613,594,47,373.846599705207
low_010,low,304.56320795707927,33,1789,613,594,62,396.1910727126539
low_010,low,304.56320795707927,33,1789,613,594,65,333.969453193211
low_010,low,304.56320795707927,33,1789,613,594,78,393.595799391543
low_010,low,304.56320795707927,33,1789,613,594,87,407.2031971706643
low_010,low,304.56320795707927,33,1789,613,594,135,352.84908024628527
low_010,low,304.56320795707927,33,1789,613,594,156,391.2734975083552
low_010,low,304.56320795707927,33,1789,613,594,158,374.6071194997061
low_010,low,304.56320795707927,33,1789,613,594,168,428.0367501548153
low_010,low,304.56320795707927,33,1789,613,594,184,429.47510981180096
low_010,low,304.56320795707927,33,1789,613,594,256,571.7112043896567
low_010,low,304.56320795707927,33,1789,613,594,266,588.0464788905356
low_010,low,304.56320795707927,33,1789,613,594,281,549.0737877151436
low_010,low,304.56320795707927,33,1789,613,594,351,398.4922724993583
low_010,low,304.56320795707927,33,1789,613,594,358,605.1566382191575
low_010,low,304.56320795707927,33,1789,613,594,369,437.7403084697482
low_010,low,304.56320795707927,33,1789,613,594,370,408.3904301869331
low_010,low,304.56320795707927,33,1789,613,594,669,455.6933561168533
low_010,low,304.56320795707927,33,1789,613,594,684,482.4457897770002
low_010,low,304.56320795707927,33,1789,613,594,689,656.2108349034703
low_010,low,304.56320795707927,33,1789,613,594,692,666.8763007307284
low_010,low,304.56320795707927,33,1789,613,594,717,767.8649491317611
low_010,low,304.56320795707927,33,1789,613,594,746,843.0083652204987
low_010,low,304.56320795707927,33,1789,613,594,748,860.9177779121795
low_010,low,304.56320795707927,33,1789,613,594,754,825.2653786156241
low_010,low,304.56320795707927,33,1789,613,594,781,791.1427076271506
low_010,low,304.56320795707927,33,1789,613,594,786,769.7018909095199
low_010,low,304.56320795707927,33,1789,613,594,790,766.2010853548156
low_010,low,304.56320795707927,33,1789,613,594,875,923.9046153490032
low_010,low,304.56320795707927,33,1789,613,594,1407,314.7786540832536
low_010,low,304.56320795707927,33,1789,613,594,1425,324.0144712693569
low_010,low,304.56320795707927,33,1789,613,594,2342,325.06021942067
low_011,low,316.10391688696546,20,1801,601,582,41,346.383069635492
low_011,low,316.10391688696546,20,1801,601,582,70,333.02456307350457
low_011,low,316.10391688696546,20,1801,601,582,83,380.0935428114444
low_011,low,316.10391688696546,20,1801,601,582,133,351.6490792735322
low_011,low,316.10391688696546,20,1801,601,582,174,435.9018195750162
low_011,low,316.10391688696546,20,1801,601,582,179,412.166282890309
low_011,low,316.10391688696546,20,1801,601,582,186,431.88566449750186
low_011,low,316.10391688696546,20,1801,601,582,235,571.5787018712324
low_011,low,316.10391688696546,20,1801,601,582,241,548.4176100862369
low_011,low,316.10391688696546,20,1801,601,582,273,600.6817276584302
low_011,low,316.10391688696546,20,1801,601,582,279,562.0970211055068
low_011,low,316.10391688696546,20,1801,601,582,351,398.4922724993583
low_011,low,316.10391688696546,20,1801,601,582,390,493.26755538059314
low_011,low,316.10391688696546,20,1801,601,582,732,815.7631923740227
low_011,low,316.10391688696546,20,1801,601,582,746,843.0083652204987
low_011,low,316.10391688696546,20,1801,601,582,750,835.8833502286973
low_011,low,316.10391688696546,20,1801,601,582,785,836.218532682342
low_011,low,316.10391688696546,20,1801,601,582,800,812.6251548508493
low_011,low,316.10391688696546,20,1801,601,582,838,780.0712502731908
low_011,low,316.10391688696546,20,1801,601,582,880,925.37014631732
low_012,low,322.8559130020706,25,1821,581,562,39,335.81131509689556
low_012,low,322.8559130020706,25,1821,581,562,116,339.7291514735121
low_012,low,322.8559130020706,25,1821,581,562,128,350.0576413139639
low_012,low,322.8559130020706,25,1821,581,562,131,350.88857349749946
low_012,low,322.8559130020706,25,1821,581,562,137,354.19452910676284
low_012,low,322.8559130020706,25,1821,581,562,141,355.84750691139453
low_012,low,322.8559130020706,25,1821,581,562,154,389.3171470478581
low_012,low,322.8559130020706,25,1821,581,562,196,414.4705726926873
low_012,low,322.8559130020706,25,1821,581,562,207,416.0770911443975
low_012,low,322.8559130020706,25,1821,581,562,210,459.87659552516726
low_012,low,322.8559130020706,25,1821,581,562,212,415.3769300692277
low_012,low,322.8559130020706,25,1821,581,562,218,421.7164257064525
low_012,low,322.8559130020706,25,1821,581,562,244,559.9120920990921
low_012,low,322.8559130020706,25,1821,581,562,365,407.6385636268098
low_012,low,322.8559130020706,25,1821,581,562,661,447.7864727720033
low_012,low,322.8559130020706,25,1821,581,562,687,485.7511194297493
low_012,low,322.8559130020706,25,1821,581,562,758,790.0384150282852
low_012,low,322.8559130020706,25,1821,581,562,770,831.4502559423221
low_012,low,322.8559130020706,25,1821,581,562,805,772.7951677902624
low_012,low,322.8559130020706,25,1821,581,562,806,793.7208052846988
low_012,low,322.8559130020706,25,1821,581,562,845,788.100628449154
low_012,low,322.8559130020706,25,1821,581,562,860,800.7442695723145
low_012,low,322.8559130020706,25,1821,581,562,889,927.7706987113156
low_012,low,322.8559130020706,25,1821,581,562,1636,366.2804578298423
low_012,low,322.8559130020706,25,1821,581,562,2401,378.0294586599471
low_013,low,180.01445120047595,50,1331,1071,1042,39,331.6443085402285
low_013,low,180.01445120047595,50,1331,1071,1042,54,384.85687765287554
low_013,low,180.01445120047595,50,1331,1071,1042,62,396.1910727126539
low_013,low,180.01445120047595,50,1331,1071,1042,71,337.1543490560804
low_013,low,180.01445120047595,50,1331,1071,1042,83,380.0935428114444
low_013,low,180.01445120047595,50,1331,1071,1042,91,326.2916321888477
low_013,low,180.01445120047595,50,1331,1071,1042,97,330.1409476497299
low_013,low,180.01445120047595,50,1331,1071,1042,144,357.5004847160262
low_013,low,180.01445120047595,50,1331,1071,1042,145,357.8179961053696
low_013,low,180.01445120047595,50,1331,1071,1042,176,430.8604892849919
low_013,low,180.01445120047595,50,1331,1071,1042,191,411.6857346621845
low_013,low,180.01445120047595,50,1331,1071,1042,205,420.436851379835
low_013,low,180.01445120047595,50,1331,1071,1042,212,415.3769300692277
low_013,low,180.01445120047595,50,1331,1071,1042,236,545.46719377126
low_013,low,180.01445120047595,50,1331,1071,1042,300,609.7759406976581
low_013,low,180.01445120047595,50,1331,1071,1042,315,668.5610412126043
low_013,low,180.01445120047595,50,1331,1071,1042,354,502.5878076214608
low_013,low,180.01445120047595,50,1331,1071,1042,414,254.9611867205702
low_013,low,180.01445120047595,50,1331,1071,1042,552,195.00596890575343
low_013,low,180.01445120047595,50,1331,1071,1042,559,444.0541798535661
low_013,low,180.01445120047595,50,1331,1071,1042,588,218.35618348743864
low_013,low,180.01445120047595,50,1331,1071,1042,643,226.32376866438983
low_013,low,180.01445120047595,50,1331,1071,1042,647,354.5802705724619
low_013,low,180.01445120047595,50,1331,1071,1042,649,235.64625411736816
low_013,low,180.01445120047595,50,1331,1071,1042,674,489.234572139181
low_013,low,180.01445120047595,50,1331,1071,1042,865,793.3608031668234
low_013,low,180.01445120047595,50,1331,1071,1042,873,922.9695939233244
low_013,low,180.01445120047595,50,1331,1071,1042,1303,238.24249827459428
low_013,low,180.01445120047595,50,1331,1071,1042,1333,222.30562881107969
low_013,low,180.01445120047595,50,1331,1071,1042,1401,278.7856123380224
low_013,low,180.01445120047595,50,1331,1071,1042,1406,313.47257892899285
low_013,low,180.01445120047595,50,1331,1071,1042,1418,320.2923525161959
low_013,low,180.01445120047595,50,1331,1071,1042,1424,323.00170455944834
low_013,low,180.01445120047595,50,1331,1071,1042,1501,223.79688008268056
low_013,low,180.01445120047595,50,1331,1071,1042,1509,240.22176383697624
low_013,low,180.01445120047595,50,1331,1071,1042,1522,493.87917590555656
low_013,low,180.01445120047595,50,1331,1071,1042,1556,193.8396898838996
low_013,low,180.01445120047595,50,1331,1071,1042,1613,206.0785381746336
low_013,low,180.01445120047595,50,1331,1071,1042,1624,267.647580758578
low_013,low,180.01445120047595,50,1331,1071,1042,1672,265.83800741665783
low_013,low,180.01445120047595,50,1331,1071,1042,1758,263.0738328016898
low_013,low,180.01445120047595,50,1331,1071,1042,1899,213.938778745477
low_013,low,180.01445120047595,50,1331,1071,1042,1929,204.9400085041177
low_013,low,180.01445120047595,50,1331,1071,1042,1930,208.18546653265955
low_013,low,180.01445120047595,50,1331,1071,1042,2186,196.4683288153031
low_013,low,180.01445120047595,50,1331,1071,1042,2189,208.9179472088524
low_013,low,180.01445120047595,50,1331,1071,1042,2194,218.3624894792624
low_013,low,180.01445120047595,50,1331,1071,1042,2316,251.1639243195712
low_013,low,180.01445120047595,50,1331,1071,1042,2330,309.9424408094096
low_013,low,180.01445120047595,50,1331,1071,1042,2348,315.788347097396
low_014,low,290.7238411581789,25,1774,628,608,34,328.8904213407631
low_014,low,290.7238411581789,25,1774,628,608,57,363.8501042977353
low_014,low,290.7238411581789,25,1774,628,608,71,337.1543490560804
low_014,low,290.7238411581789,25,1774,628,608,101,334.0952515383424
low_014,low,290.7238411581789,25,1774,628,608,121,335.7107994540595
low_014,low,290.7238411581789,25,1774,628,608,125,348.46620335439565
low_014,low,290.7238411581789,25,1774,628,608,154,389.3171470478581
low_014,low,290.7238411581789,25,1774,628,608,162,376.8886789398668
low_014,low,290.7238411581789,25,1774,628,608,165,410.81487157133904
low_014,low,290.7238411581789,25,1774,628,608,167,413.2764468437182
low_014,low,290.7238411581789,25,1774,628,608,170,410.9910284150338
low_014,low,290.7238411581789,25,1774,628,608,204,420.207124059236
low_014,low,290.7238411581789,25,1774,628,608,208,410.589663572326
low_014,low,290.7238411581789,25,1774,628,608,221,424.0387275896403
low_014,low,290.7238411581789,25,1774,628,608,259,562.1594338113119
low_014,low,290.7238411581789,25,1774,628,608,280,566.2768035482662
low_014,low,290.7238411581789,25,1774,628,608,284,551.634430430156
low_014,low,290.7238411581789,25,1774,628,608,351,398.4922724993583
low_014,low,290.7238411581789,25,1774,628,608,390,493.26755538059314
low_014,low,290.7238411581789,25,1774,628,608,558,434.7865134351967
low_014,low,290.7238411581789,25,1774,628,608,738,767.3013385155242
low_014,low,290.7238411581789,25,1774,628,608,799,811.5249016901407
low_014,low,290.7238411581789,25,1774,628,608,817,791.6521465100882
low_014,low,290.7238411581789,25,1774,628,608,829,779.5041463196077
low_014,low,290.7238411581789,25,1774,628,608,836,842.2139273013679
low_015,low,308.99138676994494,23,1791,611,592,35,329.2242873435476
low_015,low,308.99138676994494,23,1791,611,592,40,341.9243474511748
low_015,low,308.99138676994494,23,1791,611,592,77,393.3618493689418
low_015,low,308.99138676994494,23,1791,611,592,86,382.5877525258728
low_015,low,308.99138676994494,23,1791,611,592,95,327.04465547420847
low_015,low,308.99138676994494,23,1791,611,592,114,338.3707129236884
low_015,low,308.99138676994494,23,1791,611,592,124,359.1534625206579
low_015,low,308.99138676994494,23,1791,611,592,162,376.8886789398668
low_015,low,308.99138676994494,23,1791,611,592,179,412.166282890309
low_015,low,308.99138676994494,23,1791,611,592,190,410.1885119042988
low_015,low,308.99138676994494,23,1791,611,592,264,594.7983844080347
low_015,low,308.99138676994494,23,1791,611,592,350,398.6881981708448
low_015,low,308.99138676994494,23,1791,611,592,555,390.5126598051591
low_015,low,308.99138676994494,23,1791,611,592,714,761.6600406877261
low_015,low,308.99138676994494,23,1791,611,592,791,805.0221934092893
low_015,low,308.99138676994494,23,1791,611,592,804,772.1024433035155
low_015,low,308.99138676994494,23,1791,611,592,815,787.0008028671829
low_015,low,308.99138676994494,23,1791,611,592,828,782.1047445477085
low_015,low,308.99138676994494,23,1791,611,592,859,775.703271894509
low_015,low,308.99138676994494,23,1791,611,592,1408,317.6941840063482
low_015,low,308.99138676994494,23,1791,611,592,1420,321.76746489243544
low_015,low,308.99138676994494,23,1791,611,592,1578,322.65838734772893
low_015,low,308.99138676994494,23,1791,611,592,2330,315.0344982321947
low_016,low,283.51864144156434,29,1755,647,625,33,329.76768630668886
low_016,low,283.51864144156434,29,1755,647,625,35,329.2242873435476
low_016,low,283.51864144156434,29,1755,647,625,71,337.1543490560804
low_016,low,283.51864144156434,29,1755,647,625,74,385.5641834888036
low_016,low,283.51864144156434,29,1755,647,625,81,395.07744160728896
low_016,low,283.51864144156434,29,1755,647,625,88,383.1570481535756
low_016,low,283.51864144156434,29,1755,647,625,89,383.26543953521207
low_016,low,283.51864144156434,29,1755,647,625,99,328.0104398734909
low_016,low,283.51864144156434,29,1755,647,625,127,349.5364696735624
low_016,low,283.51864144156434,29,1755,647,625,198,415.004354218006
low_016,low,283.51864144156434,29,1755,647,625,241,548.4176100862369
low_016,low,283.51864144156434,29,1755,647,625,279,562.0970211055068
low_016,low,283.51864144156434,29,1755,647,625,297,617.6401681677809
low_016,low,283.51864144156434,29,1755,647,625,684,482.4457897770002
low_016,low,283.51864144156434,29,1755,647,625,723,814.1494609487996
low_016,low,283.51864144156434,29,1755,647,625,730,813.6731058521475
low_016,low,283.51864144156434,29,1755,647,625,741,804.1822960805455
low_016,low,283.51864144156434,29,1755,647,625,791,805.0221934092893
low_016,low,283.51864144156434,29,1755,647,625,792,806.0679081338086
low_016,low,283.51864144156434,29,1755,647,625,833,774.0909514653981
low_016,low,283.51864144156434,29,1755,647,625,834,784.0581161073326
low_016,low,283.51864144156434,29,1755,647,625,867,796.4663457920027
low_016,low,283.51864144156434,29,1755,647,625,868,794.5650463340863
low_016,low,283.51864144156434,29,1755,647,625,873,922.9695939233244
low_016,low,283.51864144156434,29,1755,647,625,1404,296.86292139989104
low_016,low,283.51864144156434,29,1755,647,625,1642,327.7638225666941
low_016,low,283.51864144156434,29,1755,647,625,1780,314.01917058619586
low_016,low,283.51864144156434,29,1755,647,625,2319,294.04795093170833
low_016,low,283.51864144156434,29,1755,647,625,2347,317.6281981975255
low_017,low,291.2365564494437,21,1774,628,608,77,393.3618493689418
low_017,low,291.2365564494437,21,1774,628,608,85,397.6482843096709
low_017,low,291.2365564494437,21,1774,628,608,117,340.1475301874316
low_017,low,291.2365564494437,21,1774,628,608,150,386.62889374197965
low_017,low,291.2365564494437,21,1774,628,608,160,375.74789921978646
low_017,low,291.2365564494437,21,1774,628,608,172,436.78745377733145
low_017,low,291.2365564494437,21,1774,628,608,185,429.8092806736499
low_017,low,291.2365564494437,21,1774,628,608,247,577.5464773647931
low_017,low,291.2365564494437,21,1774,628,608,262,558.1741881243332
low_017,low,291.2365564494437,21,1774,628,608,288,598.2631783688724
low_017,low,291.2365564494437,21,1774,628,608,310,685.7640398288762
low_017,low,291.2365564494437,21,1774,628,608,693,484.3964434081231
low_017,low,291.2365564494437,21,1774,628,608,822,778.8372203963954
low_017,low,291.2365564494437,21,1774,628,608,834,784.0581161073326
low_017,low,291.2365564494437,21,1774,628,608,857,792.8538769806185
low_017,low,291.2365564494437,21,1774,628,608,889,927.7706987113156
low_017,low,291.2365564494437,21,1774,628,608,1635,384.9752238575458
low_017,low,291.2365564494437,21,1774,628,608,1637,355.1272641501423
low_017,low,291.2365564494437,21,1774,628,608,2120,713.7550704587841
low_017,low,291.2365564494437,21,1774,628,608,2322,298.21003596521564
low_017,low,291.2365564494437,21,1774,628,608,2349,317.8674332612965
low_018,low,148.40240819828145,65,1192,1210,1180,26,188.4177489468805
low_018,low,148.40240819828145,65,1192,1210,1180,46,328.2685353090436
low_018,low,148.40240819828145,65,1192,1210,1180,62,396.1910727126539
low_018,low,148.40240819828145,65,1192,1210,1180,131,350.88857349749946
low_018,low,148.40240819828145,65,1192,1210,1180,139,354.8319551926688
low_018,low,148.40240819828145,65,1192,1210,1180,141,355.84750691139453
low_018,low,148.40240819828145,65,1192,1210,1180,170,410.9910284150338
low_018,low,148.40240819828145,65,1192,1210,1180,177,436.9178265623984
low_018,low,148.40240819828145,65,1192,1210,1180,203,419.3873559672174
low_018,low,148.40240819828145,65,1192,1210,1180,208,410.589663572326
low_018,low,148.40240819828145,65,1192,1210,1180,212,415.3769300692277
low_018,low,148.40240819828145,65,1192,1210,1180,213,415.6927847071325
low_018,low,148.40240819828145,65,1192,1210,1180,237,545.543649715796
low_018,low,148.40240819828145,65,1192,1210,1180,299,622.1620991388805
low_018,low,148.40240819828145,65,1192,1210,1180,305,639.6600057872411
low_018,low,148.40240819828145,65,1192,1210,1180,351,398.4922724993583
low_018,low,148.40240819828145,65,1192,1210,1180,366,441.3411365837948
low_018,low,148.40240819828145,65,1192,1210,1180,370,408.3904301869331
low_018,low,148.40240819828145,65,1192,1210,1180,371,435.0063823712228
low_018,low,148.40240819828145,65,1192,1210,1180,400,253.6141148683625
low_018,low,148.40240819828145,65,1192,1210,1180,451,245.51087409067935
low_018,low,148.40240819828145,65,1192,1210,1180,546,288.58619280431327
low_018,low,148.40240819828145,65,1192,1210,1180,547,288.7020075274067
low_018,low,148.40240819828145,65,1192,1210,1180,565,406.6463520325597
low_018,low,148.40240819828145,65,1192,1210,1180,580,155.8950841993574
low_018,low,148.40240819828145,65,1192,1210,1180,595,227.14299606091652
low_018,low,148.40240819828145,65,1192,1210,1180,606,230.45963087897763
low_018,low,148.40240819828145,65,1192,1210,1180,608,230.63339791362472
low_018,low,148.40240819828145,65,1192,1210,1180,611,232.70652835356023
low_018,low,148.40240819828145,65,1192,1210,1180,614,232.31945947685568
low_018,low,148.40240819828145,65,1192,1210,1180,625,235.8263629307629
low_018,low,148.40240819828145,65,1192,1210,1180,645,226.2564182942161
low_018,low,148.40240819828145,65,1192,1210,1180,681,491.3149675858159
low_018,low,148.40240819828145,65,1192,1210,1180,726,765.038883878233
low_018,low,148.40240819828145,65,1192,1210,1180,745,834.5557045512573
low_018,low,148.40240819828145,65,1192,1210,1180,772,776.9035480915069
low_018,low,148.40240819828145,65,1192,1210,1180,778,809.8705070496412
low_018,low,148.40240819828145,65,1192,1210,1180,788,786.7539824896367
low_018,low,148.40240819828145,65,1192,1210,1180,796,827.3624619264799
low_018,low,148.40240819828145,65,1192,1210,1180,849,811.2014166475174
low_018,low,148.40240819828145,65,1192,1210,1180,867,796.4663457920027
low_018,low,148.40240819828145,65,1192,1210,1180,870,921.9693637989052
low_018,low,148.40240819828145,65,1192,1210,1180,871,922.7434644074092
low_018,low,148.40240819828145,65,1192,1210,1180,1301,236.49722021657968
low_018,low,148.40240819828145,65,1192,1210,1180,1486,189.23506272190463
low_018,low,148.40240819828145,65,1192,1210,1180,1517,264.5758641092808
low_018,low,148.40240819828145,65,1192,1210,1180,1532,169.24025848211926
low_018,low,148.40240819828145,65,1192,1210,1180,1549,224.4004254162949
low_018,low,148.40240819828145,65,1192,1210,1180,1587,158.79729268796558
low_018,low,148.40240819828145,65,1192,1210,1180,1642,327.7638225666941
low_018,low,148.40240819828145,65,1192,1210,1180,1659,173.56624049524845
low_018,low,148.40240819828145,65,1192,1210,1180,1660,248.3973592555923
low_018,low,148.40240819828145,65,1192,1210,1180,1662,251.8679787623512
low_018,low,148.40240819828145,65,1192,1210,1180,1719,254.00876000534356
low_018,low,148.40240819828145,65,1192,1210,1180,1738,162.1030354419085
low_018,low,148.40240819828145,65,1192,1210,1180,1740,246.4213743902453
low_018,low,148.40240819828145,65,1192,1210,1180,1776,165.3545024445704
low_018,low,148.40240819828145,65,1192,1210,1180,1998,200.84469209726757
low_018,low,148.40240819828145,65,1192,1210,1180,2067,158.41374278155538
low_018,low,148.40240819828145,65,1192,1210,1180,2087,179.03438437926758
low_018,low,148.40240819828145,65,1192,1210,1180,2092,179.8005033549499
low_018,low,148.40240819828145,65,1192,1210,1180,2124,207.7640894835227
low_018,low,148.40240819828145,65,1192,1210,1180,2180,198.02756220242068
low_018,low,148.40240819828145,65,1192,1210,1180,2321,291.543448760723
low_018,low,148.40240819828145,65,1192,1210,1180,2400,381.0177697903361
low_019,low,145.44653412122346,47,1175,1227,1197,35,329.2242873435476
low_019,low,145.44653412122346,47,1175,1227,1197,41,346.383069635492
low_019,low,145.44653412122346,47,1175,1227,1197,108,335.1414786093157
low_019,low,145.44653412122346,47,1175,1227,1197,121,335.7107994540595
low_019,low,145.44653412122346,47,1175,1227,1197,141,355.84750691139453
low_019,low,145.44653412122346,47,1175,1227,1197,144,357.5004847160262
low_019,low,145.44653412122346,47,1175,1227,1197,153,388.9511956251674
low_019,low,145.44653412122346,47,1175,1227,1197,172,436.78745377733145
low_019,low,145.44653412122346,47,1175,1227,1197,214,428.87636983329054
low_019,low,145.44653412122346,47,1175,1227,1197,255,596.6205499694184
low_019,low,145.44653412122346,47,1175,1227,1197,275,604.2997405077523
low_019,low,145.44653412122346,47,1175,1227,1197,294,608.5963064599537
low_019,low,145.44653412122346,47,1175,1227,1197,296,615.379202682231
low_019,low,145.44653412122346,47,1175,1227,1197,448,239.120783683936
low_019,low,145.44653412122346,47,1175,1227,1197,602,230.1051047853248
low_019,low,145.44653412122346,47,1175,1227,1197,616,232.3279357222782
low_019,low,145.44653412122346,47,1175,1227,1197,628,227.87362751854468
low_019,low,145.44653412122346,47,1175,1227,1197,649,235.64625411736816
low_019,low,145.44653412122346,47,1175,1227,1197,653,228.92785953236225
low_019,low,145.44653412122346,47,1175,1227,1197,670,474.468304176394
low_019,low,145.44653412122346,47,1175,1227,1197,691,485.66433216511865
low_019,low,145.44653412122346,47,1175,1227,1197,742,818.5638367343203
low_019,low,145.44653412122346,47,1175,1227,1197,756,765.812545238486
low_019,low,145.44653412122346,47,1175,1227,1197,798,797.8217486994284
low_019,low,145.44653412122346,47,1175,1227,1197,817,791.6521465100882
low_019,low,145.44653412122346,47,1175,1227,1197,831,800.122277937898
low_019,low,145.44653412122346,47,1175,1227,1197,889,927.7706987113156
low_019,low,145.44653412122346,47,1175,1227,1197,1359,166.99910442814308
low_019,low,145.44653412122346,47,1175,1227,1197,1367,263.3908404523528
low_019,low,145.44653412122346,47,1175,1227,1197,1406,313.47257892899285
low_019,low,145.44653412122346,47,1175,1227,1197,1416,319.28235540225614
low_019,low,145.44653412122346,47,1175,1227,1197,1488,152.74291820548842
low_019,low,145.44653412122346,47,1175,1227,1197,1598,203.45994557553885
low_019,low,145.44653412122346,47,1175,1227,1197,1610,239.4110484240764
low_019,low,145.44653412122346,47,1175,1227,1197,1631,330.5404627809927
low_019,low,145.44653412122346,47,1175,1227,1197,1647,201.34021008520497
low_019,low,145.44653412122346,47,1175,1227,1197,1648,198.5257611281396
low_019,low,145.44653412122346,47,1175,1227,1197,1659,173.56624049524845
low_019,low,145.44653412122346,47,1175,1227,1197,1670,260.2222990074284
low_019,low,145.44653412122346,47,1175,1227,1197,1713,260.3153569778854
low_019,low,145.44653412122346,47,1175,1227,1197,1727,241.7568201884487
low_019,low,145.44653412122346,47,1175,1227,1197,1744,157.97906227039522
low_019,low,145.44653412122346,47,1175,1227,1197,1752,250.11206200254588
low_019,low,145.44653412122346,47,1175,1227,1197,1756,257.10320333442087
low_019,low,145.44653412122346,47,1175,1227,1197,1790,181.13481270427275
low_019,low,145.44653412122346,47,1175,1227,1197,2087,179.03438437926758
low_019,low,145.44653412122346,47,1175,1227,1197,2195,224.84998698291292
medium_000,medium,509.7156094840419,25,2120,282,272,229,543.728150279769
medium_000,medium,509.7156094840419,25,2120,282,272,238,546.3523186188575
medium_000,medium,509.7156094840419,25,2120,282,272,241,548.4176100862369
medium_000,medium,509.7156094840419,25,2120,282,272,254,603.5997899295553
medium_000,medium,509.7156094840419,25,2120,282,272,256,571.7112043896567
medium_000,medium,509.7156094840419,25,2120,282,272,297,617.6401681677809
medium_000,medium,509.7156094840419,25,2120,282,272,310,685.7640398288762
medium_000,medium,509.7156094840419,25,2120,282,272,312,674.3609094112677
medium_000,medium,509.7156094840419,25,2120,282,272,315,668.5610412126043
medium_000,medium,509.7156094840419,25,2120,282,272,357,531.7056018273532
medium_000,medium,509.7156094840419,25,2120,282,272,728,797.0628926840496
medium_000,medium,509.7156094840419,25,2120,282,272,741,804.1822960805455
medium_000,medium,509.7156094840419,25,2120,282,272,742,818.5638367343203
medium_000,medium,509.7156094840419,25,2120,282,272,750,835.8833502286973
medium_000,medium,509.7156094840419,25,2120,282,272,757,768.3954285218817
medium_000,medium,509.7156094840419,25,2120,282,272,760,781.065820477529
medium_000,medium,509.7156094840419,25,2120,282,272,765,829.4663449474062
medium_000,medium,509.7156094840419,25,2120,282,272,787,807.4938827272458
medium_000,medium,509.7156094840419,25,2120,282,272,805,772.7951677902624
medium_000,medium,509.7156094840419,25,2120,282,272,821,773.3027195005134
medium_000,medium,509.7156094840419,25,2120,282,272,824,795.0694598235586
medium_000,medium,509.7156094840419,25,2120,282,272,840,805.423497788099
medium_000,medium,509.7156094840419,25,2120,282,272,841,775.0767272304231
medium_000,medium,509.7156094840419,25,2120,282,272,842,821.7434911818153
medium_000,medium,509.7156094840419,25,2120,282,272,846,788.519608947734
medium_001,medium,449.43308477099737,37,2075,327,315,234,571.1135468354275
medium_001,medium,449.43308477099737,37,2075,327,315,261,564.7585235836011
medium_001,medium,449.43308477099737,37,2075,327,315,264,594.7983844080347
medium_001,medium,449.43308477099737,37,2075,327,315,270,594.050735756208
medium_001,medium,449.43308477099737,37,2075,327,315,296,615.379202682231
medium_001,medium,449.43308477099737,37,2075,327,315,301,611.5453918198427
medium_001,medium,449.43308477099737,37,2075,327,315,390,493.26755538059314
medium_001,medium,449.43308477099737,37,2075,327,315,453,483.5619997771137
medium_001,medium,449.43308477099737,37,2075,327,315,675,490.2425001149576
medium_001,medium,449.43308477099737,37,2075,327,315,684,482.4457897770002
medium_001,medium,449.43308477099737,37,2075,327,315,685,488.9295201063763
medium_001,medium,449.43308477099737,37,2075,327,315,686,480.9997779633221
medium_001,medium,449.43308477099737,37,2075,327,315,717,767.8649491317611
medium_001,medium,449.43308477099737,37,2075,327,315,720,811.0169234996054
medium_001,medium,449.43308477099737,37,2075,327,315,735,819.1805059703928
medium_001,medium,449.43308477099737,37,2075,327,315,736,765.100832194107
medium_001,medium,449.43308477099737,37,2075,327,315,741,804.1822960805455
medium_001,medium,449.43308477099737,37,2075,327,315,746,843.0083652204987
medium_001,medium,449.43308477099737,37,2075,327,315,752,815.6694703056248
medium_001,medium,449.43308477099737,37,2075,327,315,756,765.812545238486
medium_001,medium,449.43308477099737,37,2075,327,315,757,768.3954285218817
medium_001,medium,449.43308477099737,37,2075,327,315,758,790.0384150282852
medium_001,medium,449.43308477099737,37,2075,327,315,773,768.501614712522
medium_001,medium,449.43308477099737,37,2075,327,315,793,770.6736376992883
medium_001,medium,449.43308477099737,37,2075,327,315,796,827.3624619264799
medium_001,medium,449.43308477099737,37,2075,327,315,799,811.5249016901407
medium_001,medium,449.43308477099737,37,2075,327,315,803,771.8127422879916
medium_001,medium,449.43308477099737,37,2075,327,315,808,766.8387471851236
medium_001,medium,449.43308477099737,37,2075,327,315,812,893.5155813885597
medium_001,medium,449.43308477099737,37,2075,327,315,829,779.5041463196077
medium_001,medium,449.43308477099737,37,2075,327,315,831,800.122277937898
medium_001,medium,449.43308477099737,37,2075,327,315,843,775.2300560541014
medium_001,medium,449.43308477099737,37,2075,327,315,845,788.100628449154
medium_001,medium,449.43308477099737,37,2075,327,315,846,788.519608947734
medium_001,medium,449.43308477099737,37,2075,327,315,860,800.7442695723145
medium_001,medium,449.43308477099737,37,2075,327,315,861,788.519608947734
medium_001,medium,449.43308477099737,37,2075,327,315,874,923.5553122163948
medium_002,medium,293.17403822759286,69,1778,624,604,32,329.41147397467546
medium_002,medium,293.17403822759286,69,1778,624,604,51,384.8177314057399
medium_002,medium,293.17403822759286,69,1778,624,604,54,384.85687765287554
medium_002,medium,293.17403822759286,69,1778,624,604,85,397.6482843096709
medium_002,medium,293.17403822759286,69,1778,624,604,99,328.0104398734909
medium_002,medium,293.17403822759286,69,1778,624,604,113,337.96088691004127
medium_002,medium,293.17403822759286,69,1778,624,604,132,351.19277495992384
medium_002,medium,293.17403822759286,69,1778,624,604,135,352.84908024628527
medium_002,medium,293.17403822759286,69,1778,624,604,138,354.5053855326467
medium_002,medium,293.17403822759286,69,1778,624,604,153,388.9511956251674
medium_002,medium,293.17403822759286,69,1778,624,604,154,389.3171470478581
medium_002,medium,293.17403822759286,69,1778,624,604,166,432.7199623888078
medium_002,medium,293.17403822759286,69,1778,624,604,171,411.2427011494563
medium_002,medium,293.17403822759286,69,1778,624,604,174,435.9018195750162
medium_002,medium,293.17403822759286,69,1778,624,604,195,418.2880295189758
medium_002,medium,293.17403822759286,69,1778,624,604,196,414.4705726926873
medium_002,medium,293.17403822759286,69,1778,624,604,202,419.1572770532175
medium_002,medium,293.17403822759286,69,1778,624,604,209,425.5178908413605
medium_002,medium,293.17403822759286,69,1778,624,604,228,542.8204005617555
medium_002,medium,293.17403822759286,69,1778,624,604,249,547.3591491518231
medium_002,medium,293.17403822759286,69,1778,624,604,259,562.1594338113119
medium_002,medium,293.17403822759286,69,1778,624,604,269,593.1023769301319
medium_002,medium,293.17403822759286,69,1778,624,604,270,594.050735756208
medium_002,medium,293.17403822759286,69,1778,624,604,278,560.4663032266227
medium_002,medium,293.17403822759286,69,1778,624,604,282,549.9206350073458
medium_002,medium,293.17403822759286,69,1778,624,604,284,551.634430430156
medium_002,medium,293.17403822759286,69,1778,624,604,286,553.3482258529663
medium_002,medium,293.17403822759286,69,1778,624,604,296,615.379202682231
medium_002,medium,293.17403822759286,69,1778,624,604,352,472.3915082646604
medium_002,medium,293.17403822759286,69,1778,624,604,369,437.7403084697482
medium_002,medium,293.17403822759286,69,1778,624,604,557,408.7899616011904
medium_002,medium,293.17403822759286,69,1778,624,604,660,446.2422642888386
medium_002,medium,293.17403822759286,69,1778,624,604,671,457.6376094193356
medium_002,medium,293.17403822759286,69,1778,624,604,679,487.1569895319359
medium_002,medium,293.17403822759286,69,1778,624,604,690,713.7550704587841
medium_002,medium,293.17403822759286,69,1778,624,604,722,812.8205056707524
medium_002,medium,293.17403822759286,69,1778,624,604,725,815.7631923740227
medium_002,medium,293.17403822759286,69,1778,624,604,738,767.3013385155242
medium_002,medium,293.17403822759286,69,1778,624,604,747,859.638534165246
medium_002,medium,293.17403822759286,69,1778,624,604,749,862.492231835771
medium_002,medium,293.17403822759286,69,1778,624,604,762,819.6621989859271
medium_002,medium,293.17403822759286,69,1778,624,604,764,801.524385524451
medium_002,medium,293.17403822759286,69,1778,624,604,778,809.8705070496412
medium_002,medium,293.17403822759286,69,1778,624,604,795,824.1302527573611
medium_002,medium,293.17403822759286,69,1778,624,604,804,772.1024433035155
medium_002,medium,293.17403822759286,69,1778,624,604,805,772.7951677902624
medium_002,medium,293.17403822759286,69,1778,624,604,812,893.5155813885597
medium_002,medium,293.17403822759286,69,1778,624,604,823,807.4097590441515
medium_002,medium,293.17403822759286,69,1778,624,604,824,795.0694598235586
medium_002,medium,293.17403822759286,69,1778,624,604,839,780.8044454336581
medium_002,medium,293.17403822759286,69,1778,624,604,840,805.423497788099
medium_002,medium,293.17403822759286,69,1778,624,604,848,808.5488636328548
medium_002,medium,293.17403822759286,69,1778,624,604,851,808.9243033428032
medium_002,medium,293.17403822759286,69,1778,624,604,868,794.5650463340863
medium_002,medium,293.17403822759286,69,1778,624,604,879,925.065766290597
medium_002,medium,293.17403822759286,69,1778,624,604,887,928.033284428058
medium_002,medium,293.17403822759286,69,1778,624,604,1412,317.5830004729434
medium_002,medium,293.17403822759286,69,1778,624,604,1419,320.6468848119224
medium_002,medium,293.17403822759286,69,1778,624,604,1522,493.87917590555656
medium_002,medium,293.17403822759286,69,1778,624,604,1635,384.9752238575458
medium_002,medium,293.17403822759286,69,1778,624,604,1638,359.6855257299064
medium_002,medium,293.17403822759286,69,1778,624,604,1642,327.7638225666941
medium_002,medium,293.17403822759286,69,1778,624,604,2128,749.8176325322203
medium_002,medium,293.17403822759286,69,1778,624,604,2318,322.17047886882045
medium_002,medium,293.17403822759286,69,1778,624,604,2320,319.4318593127011
medium_002,medium,293.17403822759286,69,1778,624,604,2324,324.7587295435927
medium_002,medium,293.17403822759286,69,1778,624,604,2327,322.220819323705
medium_002,medium,293.17403822759286,69,1778,624,604,2336,313.5444389342018
medium_002,medium,293.17403822759286,69,1778,624,604,2398,379.8668547395369
medium_003,medium,404.03829503573496,35,1997,405,390,196,437.5703405645676
medium_003,medium,404.03829503573496,35,1997,405,390,221,427.42277279575296
medium_003,medium,404.03829503573496,35,1997,405,390,229,543.728150279769
medium_003,medium,404.03829503573496,35,1997,405,390,232,567.0813111385238
medium_003,medium,404.03829503573496,35,1997,405,390,234,571.1135468354275
medium_003,medium,404.03829503573496,35,1997,405,390,235,571.5787018712324
medium_003,medium,404.03829503573496,35,1997,405,390,246,547.2374434664549
medium_003,medium,404.03829503573496,35,1997,405,390,252,585.2978262935035
medium_003,medium,404.03829503573496,35,1997,405,390,254,603.5997899295553
medium_003,medium,404.03829503573496,35,1997,405,390,269,593.1023769301319
medium_003,medium,404.03829503573496,35,1997,405,390,270,594.050735756208
medium_003,medium,404.03829503573496,35,1997,405,390,272,566.204113727275
medium_003,medium,404.03829503573496,35,1997,405,390,297,617.6401681677809
medium_003,medium,404.03829503573496,35,1997,405,390,301,611.5453918198427
medium_003,medium,404.03829503573496,35,1997,405,390,310,685.7640398288762
medium_003,medium,404.03829503573496,35,1997,405,390,313,669.5440697049627
medium_003,medium,404.03829503573496,35,1997,405,390,562,486.9663425922485
medium_003,medium,404.03829503573496,35,1997,405,390,661,447.7864727720033
medium_003,medium,404.03829503573496,35,1997,405,390,662,447.8697885493594
medium_003,medium,404.03829503573496,35,1997,405,390,668,455.5028401043269
medium_003,medium,404.03829503573496,35,1997,405,390,717,767.8649491317611
medium_003,medium,404.03829503573496,35,1997,405,390,743,826.6796106889966
medium_003,medium,404.03829503573496,35,1997,405,390,786,769.7018909095199
medium_003,medium,404.03829503573496,35,1997,405,390,788,786.7539824896367
medium_003,medium,404.03829503573496,35,1997,405,390,804,772.1024433035155
medium_003,medium,404.03829503573496,35,1997,405,390,806,793.7208052846988
medium_003,medium,404.03829503573496,35,1997,405,390,807,783.7276396732813
medium_003,medium,404.03829503573496,35,1997,405,390,815,787.0008028671829
medium_003,medium,404.03829503573496,35,1997,405,390,838,780.0712502731908
medium_003,medium,404.03829503573496,35,1997,405,390,858,785.1536142667185
medium_003,medium,404.03829503573496,35,1997,405,390,866,776.2175069505034
medium_003,medium,404.03829503573496,35,1997,405,390,878,922.6224013760354
medium_003,medium,404.03829503573496,35,1997,405,390,879,925.065766290597
medium_003,medium,404.03829503573496,35,1997,405,390,2128,749.8176325322203
medium_003,medium,404.03829503573496,35,1997,405,390,2129,749.8542171026271
medium_004,medium,426.8291707421794,39,2046,356,343,214,444.93723617543327
medium_004,medium,426.8291707421794,39,2046,356,343,235,571.5787018712324
medium_004,medium,426.8291707421794,39,2046,356,343,242,584.3783265968074
medium_004,medium,426.8291707421794,39,2046,356,343,249,547.3591491518231
medium_004,medium,426.8291707421794,39,2046,356,343,256,571.7112043896567
medium_004,medium,426.8291707421794,39,2046,356,343,264,594.7983844080347
medium_004,medium,426.8291707421794,39,2046,356,343,265,587.3313304993362
medium_004,medium,426.8291707421794,39,2046,356,343,268,591.4224316492852
medium_004,medium,426.8291707421794,39,2046,356,343,280,566.2768035482662
medium_004,medium,426.8291707421794,39,2046,356,343,297,617.6401681677809
medium_004,medium,426.8291707421794,39,2046,356,343,313,669.5440697049627
medium_004,medium,426.8291707421794,39,2046,356,343,353,477.2287363996114
medium_004,medium,426.8291707421794,39,2046,356,343,356,518.520057105756
medium_004,medium,426.8291707421794,39,2046,356,343,671,457.6376094193356
medium_004,medium,426.8291707421794,39,2046,356,343,678,484.3582570108579
medium_004,medium,426.8291707421794,39,2046,356,343,721,812.2509533764007
medium_004,medium,426.8291707421794,39,2046,356,343,722,812.8205056707524
medium_004,medium,426.8291707421794,39,2046,356,343,730,813.6731058521475
medium_004,medium,426.8291707421794,39,2046,356,343,731,815.0990804455847
medium_004,medium,426.8291707421794,39,2046,356,343,732,815.7631923740227
medium_004,medium,426.8291707421794,39,2046,356,343,736,765.100832194107
medium_004,medium,426.8291707421794,39,2046,356,343,741,804.1822960805455
medium_004,medium,426.8291707421794,39,2046,356,343,746,843.0083652204987
medium_004,medium,426.8291707421794,39,2046,356,343,751,838.5495235365304
medium_004,medium,426.8291707421794,39,2046,356,343,759,763.2003950411761
medium_004,medium,426.8291707421794,39,2046,356,343,766,834.0674034243456
medium_004,medium,426.8291707421794,39,2046,356,343,767,820.0641819209492
medium_004,medium,426.8291707421794,39,2046,356,343,770,831.4502559423221
medium_004,medium,426.8291707421794,39,2046,356,343,778,809.8705070496412
medium_004,medium,426.8291707421794,39,2046,356,343,781,791.1427076271506
medium_004,medium,426.8291707421794,39,2046,356,343,833,774.0909514653981
medium_004,medium,426.8291707421794,39,2046,356,343,842,821.7434911818153
medium_004,medium,426.8291707421794,39,2046,356,343,849,811.2014166475174
medium_004,medium,426.8291707421794,39,2046,356,343,851,808.9243033428032
medium_004,medium,426.8291707421794,39,2046,356,343,859,775.703271894509
medium_004,medium,426.8291707421794,39,2046,356,343,860,800.7442695723145
medium_004,medium,426.8291707421794,39,2046,356,343,870,921.9693637989052
medium_004,medium,426.8291707421794,39,2046,356,343,873,922.9695939233244
medium_004,medium,426.8291707421794,39,2046,356,343,1524,466.5435249807858
medium_005,medium,502.73341190044647,26,2119,283,273,242,584.3783265968074
medium_005,medium,502.73341190044647,26,2119,283,273,261,564.7585235836011
medium_005,medium,502.73341190044647,26,2119,283,273,278,560.4663032266227
medium_005,medium,502.73341190044647,26,2119,283,273,287,554.2989662602162
medium_005,medium,502.73341190044647,26,2119,283,273,314,679.9641716302127
medium_005,medium,502.73341190044647,26,2119,283,273,714,761.6600406877261
medium_005,medium,502.73341190044647,26,2119,283,273,718,803.311023885832
medium_005,medium,502.73341190044647,26,2119,283,273,725,815.7631923740227
medium_005,medium,502.73341190044647,26,2119,283,273,726,765.038883878233
medium_005,medium,502.73341190044647,26,2119,283,273,728,797.0628926840496
medium_005,medium,502.73341190044647,26,2119,283,273,730,813.6731058521475
medium_005,medium,502.73341190044647,26,2119,283,273,733,817.2819984545738
medium_005,medium,502.73341190044647,26,2119,283,273,745,834.5557045512573
medium_005,medium,502.73341190044647,26,2119,283,273,748,860.9177779121795
medium_005,medium,502.73341190044647,26,2119,283,273,782,764.1006020696877
medium_005,medium,502.73341190044647,26,2119,283,273,789,770.5136083501018
medium_005,medium,502.73341190044647,26,2119,283,273,796,827.3624619264799
medium_005,medium,502.73341190044647,26,2119,283,273,800,812.6251548508493
medium_005,medium,502.73341190044647,26,2119,283,273,834,784.0581161073326
medium_005,medium,502.73341190044647,26,2119,283,273,848,808.5488636328548
medium_005,medium,502.73341190044647,26,2119,283,273,851,808.9243033428032
medium_005,medium,502.73341190044647,26,2119,283,273,861,788.519608947734
medium_005,medium,502.73341190044647,26,2119,283,273,862,789.6216680381523
medium_005,medium,502.73341190044647,26,2119,283,273,868,794.5650463340863
medium_005,medium,502.73341190044647,26,2119,283,273,873,922.9695939233244
medium_005,medium,502.73341190044647,26,2119,283,273,885,926.9137913751422
medium_006,medium,442.48455551033214,35,2067,335,322,210,459.87659552516726
medium_006,medium,442.48455551033214,35,2067,335,322,228,542.8204005617555
medium_006,medium,442.48455551033214,35,2067,335,322,239,546.4513994338096
medium_006,medium,442.48455551033214,35,2067,335,322,250,555.7736723034277
medium_006,medium,442.48455551033214,35,2067,335,322,255,596.6205499694184
medium_006,medium,442.48455551033214,35,2067,335,322,260,555.0620212757765
medium_006,medium,442.48455551033214,35,2067,335,322,287,554.2989662602162
medium_006,medium,442.48455551033214,35,2067,335,322,312,674.3609094112677
medium_006,medium,442.48455551033214,35,2067,335,322,658,459.80984525437015
medium_006,medium,442.48455551033214,35,2067,335,322,668,475.5012976334616
medium_006,medium,442.48455551033214,35,2067,335,322,671,476.3873618979522
medium_006,medium,442.48455551033214,35,2067,335,322,674,489.234572139181
medium_006,medium,442.48455551033214,35,2067,335,322,677,483.3320550642204
medium_006,medium,442.48455551033214,35,2067,335,322,680,487.396083244449
medium_006,medium,442.48455551033214,35,2067,335,322,682,481.55952448978
medium_006,medium,442.48455551033214,35,2067,335,322,733,817.2819984545738
medium_006,medium,442.48455551033214,35,2067,335,322,740,786.5795888601557
medium_006,medium,442.48455551033214,35,2067,335,322,746,843.0083652204987
medium_006,medium,442.48455551033214,35,2067,335,322,751,838.5495235365304
medium_006,medium,442.48455551033214,35,2067,335,322,771,833.1682814879791
medium_006,medium,442.48455551033214,35,2067,335,322,777,809.6879682215581
medium_006,medium,442.48455551033214,35,2067,335,322,784,769.534533110585
medium_006,medium,442.48455551033214,35,2067,335,322,795,824.1302527573611
medium_006,medium,442.48455551033214,35,2067,335,322,796,827.3624619264799
medium_006,medium,442.48455551033214,35,2067,335,322,816,798.5577752410412
medium_006,medium,442.48455551033214,35,2067,335,322,822,778.8372203963954
medium_006,medium,442.48455551033214,35,2067,335,322,827,781.3052801499862
medium_006,medium,442.48455551033214,35,2067,335,322,828,782.1047445477085
medium_006,medium,442.48455551033214,35,2067,335,322,832,764.8796343981267
medium_006,medium,442.48455551033214,35,2067,335,322,834,784.0581161073326
medium_006,medium,442.48455551033214,35,2067,335,322,851,808.9243033428032
medium_006,medium,442.48455551033214,35,2067,335,322,859,775.703271894509
medium_006,medium,442.48455551033214,35,2067,335,322,861,788.519608947734
medium_006,medium,442.48455551033214,35,2067,335,322,862,789.6216680381523
medium_006,medium,442.48455551033214,35,2067,335,322,882,926.2269172321908
medium_007,medium,373.4809258521121,43,1931,471,455,53,407.42959070105167
medium_007,medium,373.4809258521121,43,1931,471,455,72,384.9831062059589
medium_007,medium,373.4809258521121,43,1931,471,455,75,407.71678540657723
medium_007,medium,373.4809258521121,43,1931,471,455,85,404.21405029212826
medium_007,medium,373.4809258521121,43,1931,471,455,87,407.2031971706643
medium_007,medium,373.4809258521121,43,1931,471,455,157,401.7198617482236
medium_007,medium,373.4809258521121,43,1931,471,455,184,429.47510981180096
medium_007,medium,373.4809258521121,43,1931,471,455,193,417.1887030707342
medium_007,medium,373.4809258521121,43,1931,471,455,195,418.2880295189758
medium_007,medium,373.4809258521121,43,1931,471,455,209,425.5178908413605
medium_007,medium,373.4809258521121,43,1931,471,455,210,459.87659552516726
medium_007,medium,373.4809258521121,43,1931,471,455,211,460.1474438707025
medium_007,medium,373.4809258521121,43,1931,471,455,270,594.050735756208
medium_007,medium,373.4809258521121,43,1931,471,455,303,629.9280240878885
medium_007,medium,373.4809258521121,43,1931,471,455,313,669.5440697049627
medium_007,medium,373.4809258521121,43,1931,471,455,315,668.5610412126043
medium_007,medium,373.4809258521121,43,1931,471,455,353,477.2287363996114
medium_007,medium,373.4809258521121,43,1931,471,455,355,510.50072242654943
medium_007,medium,373.4809258521121,43,1931,471,455,366,441.3411365837948
medium_007,medium,373.4809258521121,43,1931,471,455,372,450.1920904325472
medium_007,medium,373.4809258521121,43,1931,471,455,570,403.22510435466467
medium_007,medium,373.4809258521121,43,1931,471,455,661,447.7864727720033
medium_007,medium,373.4809258521121,43,1931,471,455,663,448.5814576953396
medium_007,medium,373.4809258521121,43,1931,471,455,672,457.8251419875147
medium_007,medium,373.4809258521121,43,1931,471,455,712,761.6600406877261
medium_007,medium,373.4809258521121,43,1931,471,455,729,785.4819967866317
medium_007,medium,373.4809258521121,43,1931,471,455,736,765.100832194107
medium_007,medium,373.4809258521121,43,1931,471,455,743,826.6796106889966
medium_007,medium,373.4809258521121,43,1931,471,455,746,843.0083652204987
medium_007,medium,373.4809258521121,43,1931,471,455,747,859.638534165246
medium_007,medium,373.4809258521121,43,1931,471,455,749,862.492231835771
medium_007,medium,373.4809258521121,43,1931,471,455,756,765.812545238486
medium_007,medium,373.4809258521121,43,1931,471,455,759,763.2003950411761
medium_007,medium,373.4809258521121,43,1931,471,455,768,813.8254310478471
medium_007,medium,373.4809258521121,43,1931,471,455,776,766.1032722221357
medium_007,medium,373.4809258521121,43,1931,471,455,780,802.5228303318937
medium_007,medium,373.4809258521121,43,1931,471,455,799,811.5249016901407
medium_007,medium,373.4809258521121,43,1931,471,455,801,771.6543880701821
medium_007,medium,373.4809258521121,43,1931,471,455,805,772.7951677902624
medium_007,medium,373.4809258521121,43,1931,471,455,809,848.6720444943383
medium_007,medium,373.4809258521121,43,1931,471,455,827,781.3052801499862
medium_007,medium,373.4809258521121,43,1931,471,455,884,927.3880681737847
medium_007,medium,373.4809258521121,43,1931,471,455,1634,404.5426447968309
medium_008,medium,360.56654279238955,53,1916,486,470,53,385.03519669963066
medium_008,medium,360.56654279238955,53,1916,486,470,61,389.02134052147784
medium_008,medium,360.56654279238955,53,1916,486,470,79,393.898549109772
medium_008,medium,360.56654279238955,53,1916,486,470,87,407.2031971706643
medium_008,medium,360.56654279238955,53,1916,486,470,154,389.3171470478581
medium_008,medium,360.56654279238955,53,1916,486,470,158,384.839667451819
medium_008,medium,360.56654279238955,53,1916,486,470,161,376.42830659314393
medium_008,medium,360.56654279238955,53,1916,486,470,172,436.78745377733145
medium_008,medium,360.56654279238955,53,1916,486,470,177,436.9178265623984
medium_008,medium,360.56654279238955,53,1916,486,470,180,412.6727129048643
medium_008,medium,360.56654279238955,53,1916,486,470,183,427.5146587894018
medium_008,medium,360.56654279238955,53,1916,486,470,187,437.7670101152241
medium_008,medium,360.56654279238955,53,1916,486,470,207,416.0770911443975
medium_008,medium,360.56654279238955,53,1916,486,470,214,428.87636983329054
medium_008,medium,360.56654279238955,53,1916,486,470,233,567.4777584565027
medium_008,medium,360.56654279238955,53,1916,486,470,242,584.3783265968074
medium_008,medium,360.56654279238955,53,1916,486,470,252,585.2978262935035
medium_008,medium,360.56654279238955,53,1916,486,470,262,558.1741881243332
medium_008,medium,360.56654279238955,53,1916,486,470,268,591.4224316492852
medium_008,medium,360.56654279238955,53,1916,486,470,282,549.9206350073458
medium_008,medium,360.56654279238955,53,1916,486,470,296,615.379202682231
medium_008,medium,360.56654279238955,53,1916,486,470,301,611.5453918198427
medium_008,medium,360.56654279238955,53,1916,486,470,310,685.7640398288762
medium_008,medium,360.56654279238955,53,1916,486,470,453,473.6836752507307
medium_008,medium,360.56654279238955,53,1916,486,470,556,391.4231561460206
medium_008,medium,360.56654279238955,53,1916,486,470,569,378.5999924143401
medium_008,medium,360.56654279238955,53,1916,486,470,659,445.54748666617166
medium_008,medium,360.56654279238955,53,1916,486,470,662,447.8697885493594
medium_008,medium,360.56654279238955,53,1916,486,470,668,455.5028401043269
medium_008,medium,360.56654279238955,53,1916,486,470,678,484.3582570108579
medium_008,medium,360.56654279238955,53,1916,486,470,687,485.7511194297493
medium_008,medium,360.56654279238955,53,1916,486,470,723,814.1494609487996
medium_008,medium,360.56654279238955,53,1916,486,470,726,765.038883878233
medium_008,medium,360.56654279238955,53,1916,486,470,729,785.4819967866317
medium_008,medium,360.56654279238955,53,1916,486,470,731,815.0990804455847
medium_008,medium,360.56654279238955,53,1916,486,470,751,838.5495235365304
medium_008,medium,360.56654279238955,53,1916,486,470,752,815.6694703056248
medium_008,medium,360.56654279238955,53,1916,486,470,758,790.0384150282852
medium_008,medium,360.56654279238955,53,1916,486,470,772,776.9035480915069
medium_008,medium,360.56654279238955,53,1916,486,470,773,768.501614712522
medium_008,medium,360.56654279238955,53,1916,486,470,804,772.1024433035155
medium_008,medium,360.56654279238955,53,1916,486,470,806,793.7208052846988
medium_008,medium,360.56654279238955,53,1916,486,470,833,774.0909514653981
medium_008,medium,360.56654279238955,53,1916,486,470,842,821.7434911818153
medium_008,medium,360.56654279238955,53,1916,486,470,843,775.2300560541014
medium_008,medium,360.56654279238955,53,1916,486,470,850,808.7297273295609
medium_008,medium,360.56654279238955,53,1916,486,470,857,792.8538769806185
medium_008,medium,360.56654279238955,53,1916,486,470,862,789.6216680381523
medium_008,medium,360.56654279238955,53,1916,486,470,863,834.500507136685
medium_008,medium,360.56654279238955,53,1916,486,470,864,836.218532682342
medium_008,medium,360.56654279238955,53,1916,486,470,871,922.7434644074092
medium_008,medium,360.56654279238955,53,1916,486,470,887,928.033284428058
medium_008,medium,360.56654279238955,53,1916,486,470,1636,375.1688221905578
medium_009,medium,504.4592578652571,32,2119,283,273,245,559.9770373717603
medium_009,medium,504.4592578652571,32,2119,283,273,254,603.5997899295553
medium_009,medium,504.4592578652571,32,2119,283,273,259,562.1594338113119
medium_009,medium,504.4592578652571,32,2119,283,273,260,555.0620212757765
medium_009,medium,504.4592578652571,32,2119,283,273,273,600.6817276584302
medium_009,medium,504.4592578652571,32,2119,283,273,276,605.4441230385471
medium_009,medium,504.4592578652571,32,2119,283,273,280,566.2768035482662
medium_009,medium,504.4592578652571,32,2119,283,273,288,598.2631783688724
medium_009,medium,504.4592578652571,32,2119,283,273,292,606.630249475237
medium_009,medium,504.4592578652571,32,2119,283,273,294,608.5963064599537
medium_009,medium,504.4592578652571,32,2119,283,273,295,607.6132779675953
medium_009,medium,504.4592578652571,32,2119,283,273,296,615.379202682231
medium_009,medium,504.4592578652571,32,2119,283,273,300,609.7759406976581
medium_009,medium,504.4592578652571,32,2119,283,273,311,705.032341763731
medium_009,medium,504.4592578652571,32,2119,283,273,358,605.1566382191575
medium_009,medium,504.4592578652571,32,2119,283,273,690,713.7550704587841
medium_009,medium,504.4592578652571,32,2119,283,273,733,817.2819984545738
medium_009,medium,504.4592578652571,32,2119,283,273,739,768.2320489099411
medium_009,medium,504.4592578652571,32,2119,283,273,740,786.5795888601557
medium_009,medium,504.4592578652571,32,2119,283,273,765,829.4663449474062
medium_009,medium,504.4592578652571,32,2119,283,273,768,813.8254310478471
medium_009,medium,504.4592578652571,32,2119,283,273,770,831.4502559423221
medium_009,medium,504.4592578652571,32,2119,283,273,800,812.6251548508493
medium_009,medium,504.4592578652571,32,2119,283,273,803,771.8127422879916
medium_009,medium,504.4592578652571,32,2119,283,273,807,783.7276396732813
medium_009,medium,504.4592578652571,32,2119,283,273,817,791.6521465100882
medium_009,medium,504.4592578652571,32,2119,283,273,828,782.1047445477085
medium_009,medium,504.4592578652571,32,2119,283,273,838,780.0712502731908
medium_009,medium,504.4592578652571,32,2119,283,273,854,782.3967300754051
medium_009,medium,504.4592578652571,32,2119,283,273,870,921.9693637989052
medium_009,medium,504.4592578652571,32,2119,283,273,878,922.6224013760354
medium_009,medium,504.4592578652571,32,2119,283,273,2127,748.453103122554
medium_010,medium,485.30557406867797,30,2103,299,289,230,544.5820689236625
medium_010,medium,485.30557406867797,30,2103,299,289,232,567.0813111385238
medium_010,medium,485.30557406867797,30,2103,299,289,236,545.46719377126
medium_010,medium,485.30557406867797,30,2103,299,289,247,577.5464773647931
medium_010,medium,485.30557406867797,30,2103,299,289,250,555.7736723034277
medium_010,medium,485.30557406867797,30,2103,299,289,266,588.0464788905356
medium_010,medium,485.30557406867797,30,2103,299,289,269,593.1023769301319
medium_010,medium,485.30557406867797,30,2103,299,289,275,604.2997405077523
medium_010,medium,485.30557406867797,30,2103,299,289,286,553.3482258529663
medium_010,medium,485.30557406867797,30,2103,299,289,305,639.6600057872411
medium_010,medium,485.30557406867797,30,2103,299,289,689,656.2108349034703
medium_010,medium,485.30557406867797,30,2103,299,289,712,761.6600406877261
medium_010,medium,485.30557406867797,30,2103,299,289,719,785.1536142667185
medium_010,medium,485.30557406867797,30,2103,299,289,723,814.1494609487996
medium_010,medium,485.30557406867797,30,2103,299,289,735,819.1805059703928
medium_010,medium,485.30557406867797,30,2103,299,289,740,786.5795888601557
medium_010,medium,485.30557406867797,30,2103,299,289,758,790.0384150282852
medium_010,medium,485.30557406867797,30,2103,299,289,759,763.2003950411761
medium_010,medium,485.30557406867797,30,2103,299,289,762,819.6621989859271
medium_010,medium,485.30557406867797,30,2103,299,289,780,802.5228303318937
medium_010,medium,485.30557406867797,30,2103,299,289,795,824.1302527573611
medium_010,medium,485.30557406867797,30,2103,299,289,810,772.9518468766948
medium_010,medium,485.30557406867797,30,2103,299,289,813,763.2003950411761
medium_010,medium,485.30557406867797,30,2103,299,289,818,812.4372612498324
medium_010,medium,485.30557406867797,30,2103,299,289,824,795.0694598235586
medium_010,medium,485.30557406867797,30,2103,299,289,826,773.9359475103428
medium_010,medium,485.30557406867797,30,2103,299,289,839,780.8044454336581
medium_010,medium,485.30557406867797,30,2103,299,289,868,794.5650463340863
medium_010,medium,485.30557406867797,30,2103,299,289,873,922.9695939233244
medium_010,medium,485.30557406867797,30,2103,299,289,886,928.6459815977198
medium_011,medium,401.29214903452953,26,1996,406,391,175,434.45153532900844
medium_011,medium,401.29214903452953,26,1996,406,391,176,430.9846343464344
medium_011,medium,401.29214903452953,26,1996,406,391,200,424.7540512642125
medium_011,medium,401.29214903452953,26,1996,406,391,206,421.518318169844
medium_011,medium,401.29214903452953,26,1996,406,391,222,425.1198827856512
medium_011,medium,401.29214903452953,26,1996,406,391,226,493.26755538059314
medium_011,medium,401.29214903452953,26,1996,406,391,228,542.8204005617555
medium_011,medium,401.29214903452953,26,1996,406,391,252,585.2978262935035
medium_011,medium,401.29214903452953,26,1996,406,391,257,575.1457825323313
medium_011,medium,401.29214903452953,26,1996,406,391,286,553.3482258529663
medium_011,medium,401.29214903452953,26,1996,406,391,297,617.6401681677809
medium_011,medium,401.29214903452953,26,1996,406,391,306,641.7418027289635
medium_011,medium,401.29214903452953,26,1996,406,391,310,685.7640398288762
medium_011,medium,401.29214903452953,26,1996,406,391,668,455.5028401043269
medium_011,medium,401.29214903452953,26,1996,406,391,683,490.8886327821616
medium_011,medium,401.29214903452953,26,1996,406,391,685,488.9295201063763
medium_011,medium,401.29214903452953,26,1996,406,391,686,480.9997779633221
medium_011,medium,401.29214903452953,26,1996,406,391,763,821.9437584260878
medium_011,medium,401.29214903452953,26,1996,406,391,820,778.5941312728988
medium_011,medium,401.29214903452953,26,1996,406,391,821,773.3027195005134
medium_011,medium,401.29214903452953,26,1996,406,391,828,782.1047445477085
medium_011,medium,401.29214903452953,26,1996,406,391,833,774.0909514653981
medium_011,medium,401.29214903452953,26,1996,406,391,839,780.8044454336581
medium_011,medium,401.29214903452953,26,1996,406,391,852,816.5633764854817
medium_011,medium,401.29214903452953,26,1996,406,391,868,794.5650463340863
medium_011,medium,401.29214903452953,26,1996,406,391,2127,748.453103122554
medium_012,medium,439.16662211303736,30,2065,337,324,311,705.032341763731
medium_012,medium,439.16662211303736,30,2065,337,324,313,669.5440697049627
medium_012,medium,439.16662211303736,30,2065,337,324,353,477.2287363996114
medium_012,medium,439.16662211303736,30,2065,337,324,390,493.26755538059314
medium_012,medium,439.16662211303736,30,2065,337,324,659,469.9766848805531
medium_012,medium,439.16662211303736,30,2065,337,324,661,459.4262619653171
medium_012,medium,439.16662211303736,30,2065,337,324,663,473.88549026998896
medium_012,medium,439.16662211303736,30,2065,337,324,671,457.6376094193356
medium_012,medium,439.16662211303736,30,2065,337,324,675,490.2425001149576
medium_012,medium,439.16662211303736,30,2065,337,324,676,483.3320550642204
medium_012,medium,439.16662211303736,30,2065,337,324,679,487.1569895319359
medium_012,medium,439.16662211303736,30,2065,337,324,712,761.6600406877261
medium_012,medium,439.16662211303736,30,2065,337,324,740,786.5795888601557
medium_012,medium,439.16662211303736,30,2065,337,324,748,860.9177779121795
medium_012,medium,439.16662211303736,30,2065,337,324,750,835.8833502286973
medium_012,medium,439.16662211303736,30,2065,337,324,751,838.5495235365304
medium_012,medium,439.16662211303736,30,2065,337,324,761,776.3691606428047
medium_012,medium,439.16662211303736,30,2065,337,324,782,764.1006020696877
medium_012,medium,439.16662211303736,30,2065,337,324,789,770.5136083501018
medium_012,medium,439.16662211303736,30,2065,337,324,792,806.0679081338086
medium_012,medium,439.16662211303736,30,2065,337,324,805,772.7951677902624
medium_012,medium,439.16662211303736,30,2065,337,324,825,767.1676605660384
medium_012,medium,439.16662211303736,30,2065,337,324,830,799.2461763470444
medium_012,medium,439.16662211303736,30,2065,337,324,838,780.0712502731908
medium_012,medium,439.16662211303736,30,2065,337,324,851,808.9243033428032
medium_012,medium,439.16662211303736,30,2065,337,324,853,763.2003950411761
medium_012,medium,439.16662211303736,30,2065,337,324,856,791.9203912276755
medium_012,medium,439.16662211303736,30,2065,337,324,870,921.9693637989052
medium_012,medium,439.16662211303736,30,2065,337,324,1523,499.0903426961386
medium_012,medium,439.16662211303736,30,2065,337,324,2130,751.1821619418865
medium_013,medium,464.3390320185804,19,2089,313,302,233,567.4777584565027
medium_013,medium,464.3390320185804,19,2089,313,302,258,575.6796452859621
medium_013,medium,464.3390320185804,19,2089,313,302,279,562.0970211055068
medium_013,medium,464.3390320185804,19,2089,313,302,285,552.5572400785253
medium_013,medium,464.3390320185804,19,2089,313,302,293,613.3148429420273
medium_013,medium,464.3390320185804,19,2089,313,302,298,619.9011336533307
medium_013,medium,464.3390320185804,19,2089,313,302,301,611.5453918198427
medium_013,medium,464.3390320185804,19,2089,313,302,305,639.6600057872411
medium_013,medium,464.3390320185804,19,2089,313,302,720,811.0169234996054
medium_013,medium,464.3390320185804,19,2089,313,302,725,815.7631923740227
medium_013,medium,464.3390320185804,19,2089,313,302,745,834.5557045512573
medium_013,medium,464.3390320185804,19,2089,313,302,759,763.2003950411761
medium_013,medium,464.3390320185804,19,2089,313,302,798,797.8217486994284
medium_013,medium,464.3390320185804,19,2089,313,302,804,772.1024433035155
medium_013,medium,464.3390320185804,19,2089,313,302,807,783.7276396732813
medium_013,medium,464.3390320185804,19,2089,313,302,811,858.4144486766452
medium_013,medium,464.3390320185804,19,2089,313,302,823,807.4097590441515
medium_013,medium,464.3390320185804,19,2089,313,302,827,781.3052801499862
medium_013,medium,464.3390320185804,19,2089,313,302,839,780.8044454336581
medium_014,medium,459.44432952886814,41,2086,316,305,211,474.42269933237344
medium_014,medium,459.44432952886814,41,2086,316,305,231,544.6358999977825
medium_014,medium,459.44432952886814,41,2086,316,305,237,545.543649715796
medium_014,medium,459.44432952886814,41,2086,316,305,238,546.3523186188575
medium_014,medium,459.44432952886814,41,2086,316,305,241,548.4176100862369
medium_014,medium,459.44432952886814,41,2086,316,305,244,559.9120920990921
medium_014,medium,459.44432952886814,41,2086,316,305,248,581.2067016236946
medium_014,medium,459.44432952886814,41,2086,316,305,250,555.7736723034277
medium_014,medium,459.44432952886814,41,2086,316,305,263,558.7179808397449
medium_014,medium,459.44432952886814,41,2086,316,305,270,594.050735756208
medium_014,medium,459.44432952886814,41,2086,316,305,300,609.7759406976581
medium_014,medium,459.44432952886814,41,2086,316,305,315,668.5610412126043
medium_014,medium,459.44432952886814,41,2086,316,305,357,531.7056018273532
medium_014,medium,459.44432952886814,41,2086,316,305,692,666.8763007307284
medium_014,medium,459.44432952886814,41,2086,316,305,713,761.6600406877261
medium_014,medium,459.44432952886814,41,2086,316,305,723,814.1494609487996
medium_014,medium,459.44432952886814,41,2086,316,305,730,813.6731058521475
medium_014,medium,459.44432952886814,41,2086,316,305,738,767.3013385155242
medium_014,medium,459.44432952886814,41,2086,316,305,740,786.5795888601557
medium_014,medium,459.44432952886814,41,2086,316,305,763,821.9437584260878
medium_014,medium,459.44432952886814,41,2086,316,305,765,829.4663449474062
medium_014,medium,459.44432952886814,41,2086,316,305,802,806.5237509488076
medium_014,medium,459.44432952886814,41,2086,316,305,803,771.8127422879916
medium_014,medium,459.44432952886814,41,2086,316,305,808,766.8387471851236
medium_014,medium,459.44432952886814,41,2086,316,305,814,777.6031905196
medium_014,medium,459.44432952886814,41,2086,316,305,815,787.0008028671829
medium_014,medium,459.44432952886814,41,2086,316,305,816,798.5577752410412
medium_014,medium,459.44432952886814,41,2086,316,305,819,778.2038472055573
medium_014,medium,459.44432952886814,41,2086,316,305,822,778.8372203963954
medium_014,medium,459.44432952886814,41,2086,316,305,828,782.1047445477085
medium_014,medium,459.44432952886814,41,2086,316,305,843,775.2300560541014
medium_014,medium,459.44432952886814,41,2086,316,305,845,788.100628449154
medium_014,medium,459.44432952886814,41,2086,316,305,846,788.519608947734
medium_014,medium,459.44432952886814,41,2086,316,305,848,808.5488636328548
medium_014,medium,459.44432952886814,41,2086,316,305,853,763.2003950411761
medium_014,medium,459.44432952886814,41,2086,316,305,855,764.0400147196514
medium_014,medium,459.44432952886814,41,2086,316,305,858,785.1536142667185
medium_014,medium,459.44432952886814,41,2086,316,305,860,800.7442695723145
medium_014,medium,459.44432952886814,41,2086,316,305,877,924.6748052693106
medium_014,medium,459.44432952886814,41,2086,316,305,2120,713.7550704587841
medium_014,medium,459.44432952886814,41,2086,316,305,2129,749.8542171026271
medium_015,medium,489.13075669266533,28,2109,293,283,236,545.46719377126
medium_015,medium,489.13075669266533,28,2109,293,283,241,548.4176100862369
medium_015,medium,489.13075669266533,28,2109,293,283,246,547.2374434664549
medium_015,medium,489.13075669266533,28,2109,293,283,252,585.2978262935035
medium_015,medium,489.13075669266533,28,2109,293,283,253,597.410438384644
medium_015,medium,489.13075669266533,28,2109,293,283,268,591.4224316492852
medium_015,medium,489.13075669266533,28,2109,293,283,283,550.8155138968344
medium_015,medium,489.13075669266533,28,2109,293,283,296,615.379202682231
medium_015,medium,489.13075669266533,28,2109,293,283,356,518.9427787596874
medium_015,medium,489.13075669266533,28,2109,293,283,674,523.1751051374144
medium_015,medium,489.13075669266533,28,2109,293,283,688,606.2837427170224
medium_015,medium,489.13075669266533,28,2109,293,283,741,804.1822960805455
medium_015,medium,489.13075669266533,28,2109,293,283,760,781.065820477529
medium_015,medium,489.13075669266533,28,2109,293,283,777,809.6879682215581
medium_015,medium,489.13075669266533,28,2109,293,283,778,809.8705070496412
medium_015,medium,489.13075669266533,28,2109,293,283,782,764.1006020696877
medium_015,medium,489.13075669266533,28,2109,293,283,783,769.3728286300214
medium_015,medium,489.13075669266533,28,2109,293,283,785,836.218532682342
medium_015,medium,489.13075669266533,28,2109,293,283,801,771.6543880701821
medium_015,medium,489.13075669266533,28,2109,293,283,804,772.1024433035155
medium_015,medium,489.13075669266533,28,2109,293,283,805,772.7951677902624
medium_015,medium,489.13075669266533,28,2109,293,283,812,893.5155813885597
medium_015,medium,489.13075669266533,28,2109,293,283,818,812.4372612498324
medium_015,medium,489.13075669266533,28,2109,293,283,824,795.0694598235586
medium_015,medium,489.13075669266533,28,2109,293,283,826,773.9359475103428
medium_015,medium,489.13075669266533,28,2109,293,283,838,780.0712502731908
medium_015,medium,489.13075669266533,28,2109,293,283,853,763.2003950411761
medium_015,medium,489.13075669266533,28,2109,293,283,871,922.7434644074092
medium_016,medium,441.47340971251674,40,2067,335,322,228,542.8204005617555
medium_016,medium,441.47340971251674,40,2067,335,322,241,548.4176100862369
medium_016,medium,441.47340971251674,40,2067,335,322,249,547.3591491518231
medium_016,medium,441.47340971251674,40,2067,335,322,255,596.6205499694184
medium_016,medium,441.47340971251674,40,2067,335,322,271,565.3269163160261
medium_016,medium,441.47340971251674,40,2067,335,322,274,601.8168128963589
medium_016,medium,441.47340971251674,40,2067,335,322,281,549.0737877151436
medium_016,medium,441.47340971251674,40,2067,335,322,282,549.9206350073458
medium_016,medium,441.47340971251674,40,2067,335,322,293,613.3148429420273
medium_016,medium,441.47340971251674,40,2067,335,322,299,622.1620991388805
medium_016,medium,441.47340971251674,40,2067,335,322,300,609.7759406976581
medium_016,medium,441.47340971251674,40,2067,335,322,665,460.24050035087726
medium_016,medium,441.47340971251674,40,2067,335,322,668,460.6150490618653
medium_016,medium,441.47340971251674,40,2067,335,322,678,484.3582570108579
medium_016,medium,441.47340971251674,40,2067,335,322,681,491.3149675858159
medium_016,medium,441.47340971251674,40,2067,335,322,683,490.8886327821616
medium_016,medium,441.47340971251674,40,2067,335,322,687,485.7511194297493
medium_016,medium,441.47340971251674,40,2067,335,322,722,812.8205056707524
medium_016,medium,441.47340971251674,40,2067,335,322,738,767.3013385155242
medium_016,medium,441.47340971251674,40,2067,335,322,740,786.5795888601557
medium_016,medium,441.47340971251674,40,2067,335,322,741,804.1822960805455
medium_016,medium,441.47340971251674,40,2067,335,322,752,815.6694703056248
medium_016,medium,441.47340971251674,40,2067,335,322,774,777.3582866705838
medium_016,medium,441.47340971251674,40,2067,335,322,790,766.2010853548156
medium_016,medium,441.47340971251674,40,2067,335,322,811,858.4144486766452
medium_016,medium,441.47340971251674,40,2067,335,322,813,763.2003950411761
medium_016,medium,441.47340971251674,40,2067,335,322,819,778.2038472055573
medium_016,medium,441.47340971251674,40,2067,335,322,820,778.5941312728988
medium_016,medium,441.47340971251674,40,2067,335,322,834,784.0581161073326
medium_016,medium,441.47340971251674,40,2067,335,322,835,774.5029956975112
medium_016,medium,441.47340971251674,40,2067,335,322,839,780.8044454336581
medium_016,medium,441.47340971251674,40,2067,335,322,840,805.423497788099
medium_016,medium,441.47340971251674,40,2067,335,322,845,788.100628449154
medium_016,medium,441.47340971251674,40,2067,335,322,846,788.519608947734
medium_016,medium,441.47340971251674,40,2067,335,322,860,800.7442695723145
medium_016,medium,441.47340971251674,40,2067,335,322,867,796.4663457920027
medium_016,medium,441.47340971251674,40,2067,335,322,873,922.9695939233244
medium_016,medium,441.47340971251674,40,2067,335,322,1522,493.87917590555656
medium_016,medium,441.47340971251674,40,2067,335,322,2120,713.7550704587841
medium_016,medium,441.47340971251674,40,2067,335,322,2129,749.8542171026271
medium_017,medium,410.06924273960146,40,2002,400,385,171,439.9585836949424
medium_017,medium,410.06924273960146,40,2002,400,385,174,435.9018195750162
medium_017,medium,410.06924273960146,40,2002,400,385,197,436.9479396655512
medium_017,medium,410.06924273960146,40,2002,400,385,217,441.66567668559503
medium_017,medium,410.06924273960146,40,2002,400,385,221,440.75461724993465
medium_017,medium,410.06924273960146,40,2002,400,385,228,542.8204005617555
medium_017,medium,410.06924273960146,40,2002,400,385,237,545.543649715796
medium_017,medium,410.06924273960146,40,2002,400,385,257,575.1457825323313
medium_017,medium,410.06924273960146,40,2002,400,385,259,562.1594338113119
medium_017,medium,410.06924273960146,40,2002,400,385,260,555.0620212757765
medium_017,medium,410.06924273960146,40,2002,400,385,263,558.7179808397449
medium_017,medium,410.06924273960146,40,2002,400,385,264,594.7983844080347
medium_017,medium,410.06924273960146,40,2002,400,385,267,590.6910331277721
medium_017,medium,410.06924273960146,40,2002,400,385,276,605.4441230385471
medium_017,medium,410.06924273960146,40,2002,400,385,286,553.3482258529663
medium_017,medium,410.06924273960146,40,2002,400,385,313,669.5440697049627
medium_017,medium,410.06924273960146,40,2002,400,385,353,477.2287363996114
medium_017,medium,410.06924273960146,40,2002,400,385,366,441.3411365837948
medium_017,medium,410.06924273960146,40,2002,400,385,369,443.69050951321367
medium_017,medium,410.06924273960146,40,2002,400,385,667,455.398623313504
medium_017,medium,410.06924273960146,40,2002,400,385,669,455.6933561168533
medium_017,medium,410.06924273960146,40,2002,400,385,726,765.038883878233
medium_017,medium,410.06924273960146,40,2002,400,385,731,815.0990804455847
medium_017,medium,410.06924273960146,40,2002,400,385,735,819.1805059703928
medium_017,medium,410.06924273960146,40,2002,400,385,746,843.0083652204987
medium_017,medium,410.06924273960146,40,2002,400,385,747,859.638534165246
medium_017,medium,410.06924273960146,40,2002,400,385,749,862.492231835771
medium_017,medium,410.06924273960146,40,2002,400,385,759,763.2003950411761
medium_017,medium,410.06924273960146,40,2002,400,385,776,766.1032722221357
medium_017,medium,410.06924273960146,40,2002,400,385,778,809.8705070496412
medium_017,medium,410.06924273960146,40,2002,400,385,792,806.0679081338086
medium_017,medium,410.06924273960146,40,2002,400,385,798,797.8217486994284
medium_017,medium,410.06924273960146,40,2002,400,385,804,772.1024433035155
medium_017,medium,410.06924273960146,40,2002,400,385,820,778.5941312728988
medium_017,medium,410.06924273960146,40,2002,400,385,824,795.0694598235586
medium_017,medium,410.06924273960146,40,2002,400,385,825,767.1676605660384
medium_017,medium,410.06924273960146,40,2002,400,385,872,921.9693637989052
medium_017,medium,410.06924273960146,40,2002,400,385,877,924.6748052693106
medium_017,medium,410.06924273960146,40,2002,400,385,886,928.6459815977198
medium_017,medium,410.06924273960146,40,2002,400,385,1524,466.5435249807858
medium_018,medium,358.7400771703784,41,1911,491,475,51,389.2005873368448
medium_018,medium,358.7400771703784,41,1911,491,475,55,370.58930561384557
medium_018,medium,358.7400771703784,41,1911,491,475,79,393.898549109772
medium_018,medium,358.7400771703784,41,1911,491,475,89,387.1836611727211
medium_018,medium,358.7400771703784,41,1911,491,475,112,383.3839706579993
medium_018,medium,358.7400771703784,41,1911,491,475,130,371.52008664873284
medium_018,medium,358.7400771703784,41,1911,491,475,147,378.8719275378746
medium_018,medium,358.7400771703784,41,1911,491,475,156,391.2734975083552
medium_018,medium,358.7400771703784,41,1911,491,475,161,377.3670588011792
medium_018,medium,358.7400771703784,41,1911,491,475,176,430.8604892849919
medium_018,medium,358.7400771703784,41,1911,491,475,181,410.1955911076057
medium_018,medium,358.7400771703784,41,1911,491,475,185,429.8092806736499
medium_018,medium,358.7400771703784,41,1911,491,475,186,431.88566449750186
medium_018,medium,358.7400771703784,41,1911,491,475,189,420.6865598756889
medium_018,medium,358.7400771703784,41,1911,491,475,198,415.004354218006
medium_018,medium,358.7400771703784,41,1911,491,475,207,416.0770911443975
medium_018,medium,358.7400771703784,41,1911,491,475,219,422.5150651583809
medium_018,medium,358.7400771703784,41,1911,491,475,232,567.0813111385238
medium_018,medium,358.7400771703784,41,1911,491,475,237,545.543649715796
medium_018,medium,358.7400771703784,41,1911,491,475,241,548.4176100862369
medium_018,medium,358.7400771703784,41,1911,491,475,247,577.5464773647931
medium_018,medium,358.7400771703784,41,1911,491,475,286,553.3482258529663
medium_018,medium,358.7400771703784,41,1911,491,475,289,599.9265055786818
medium_018,medium,358.7400771703784,41,1911,491,475,567,382.1429936139415
medium_018,medium,358.7400771703784,41,1911,491,475,691,485.66433216511865
medium_018,medium,358.7400771703784,41,1911,491,475,742,818.5638367343203
medium_018,medium,358.7400771703784,41,1911,491,475,760,781.065820477529
medium_018,medium,358.7400771703784,41,1911,491,475,768,813.8254310478471
medium_018,medium,358.7400771703784,41,1911,491,475,803,771.8127422879916
medium_018,medium,358.7400771703784,41,1911,491,475,807,783.7276396732813
medium_018,medium,358.7400771703784,41,1911,491,475,815,787.0008028671829
medium_018,medium,358.7400771703784,41,1911,491,475,817,791.6521465100882
medium_018,medium,358.7400771703784,41,1911,491,475,825,767.1676605660384
medium_018,medium,358.7400771703784,41,1911,491,475,859,775.703271894509
medium_018,medium,358.7400771703784,41,1911,491,475,864,836.218532682342
medium_018,medium,358.7400771703784,41,1911,491,475,868,794.5650463340863
medium_018,medium,358.7400771703784,41,1911,491,475,881,925.7942983222264
medium_018,medium,358.7400771703784,41,1911,491,475,888,921.9693637989052
medium_018,medium,358.7400771703784,41,1911,491,475,1640,397.7923415360898
medium_018,medium,358.7400771703784,41,1911,491,475,1641,380.0238339665858
medium_018,medium,358.7400771703784,41,1911,491,475,2127,748.453103122554
medium_019,medium,483.47917313531093,27,2101,301,291,226,499.4416964383297
medium_019,medium,483.47917313531093,27,2101,301,291,232,567.0813111385238
medium_019,medium,483.47917313531093,27,2101,301,291,235,571.5787018712324
medium_019,medium,483.47917313531093,27,2101,301,291,245,559.9770373717603
medium_019,medium,483.47917313531093,27,2101,301,291,252,585.2978262935035
medium_019,medium,483.47917313531093,27,2101,301,291,254,603.5997899295553
medium_019,medium,483.47917313531093,27,2101,301,291,268,591.4224316492852
medium_019,medium,483.47917313531093,27,2101,301,291,274,601.8168128963589
medium_019,medium,483.47917313531093,27,2101,301,291,280,566.2768035482662
medium_019,medium,483.47917313531093,27,2101,301,291,289,599.9265055786818
medium_019,medium,483.47917313531093,27,2101,301,291,296,615.379202682231
medium_019,medium,483.47917313531093,27,2101,301,291,305,639.6600057872411
medium_019,medium,483.47917313531093,27,2101,301,291,714,761.6600406877261
medium_019,medium,483.47917313531093,27,2101,301,291,726,765.038883878233
medium_019,medium,483.47917313531093,27,2101,301,291,735,819.1805059703928
medium_019,medium,483.47917313531093,27,2101,301,291,751,838.5495235365304
medium_019,medium,483.47917313531093,27,2101,301,291,757,768.3954285218817
medium_019,medium,483.47917313531093,27,2101,301,291,767,820.0641819209492
medium_019,medium,483.47917313531093,27,2101,301,291,788,786.7539824896367
medium_019,medium,483.47917313531093,27,2101,301,291,797,770.9021671065177
medium_019,medium,483.47917313531093,27,2101,301,291,805,772.7951677902624
medium_019,medium,483.47917313531093,27,2101,301,291,808,766.8387471851236
medium_019,medium,483.47917313531093,27,2101,301,291,811,858.4144486766452
medium_019,medium,483.47917313531093,27,2101,301,291,813,763.2003950411761
medium_019,medium,483.47917313531093,27,2101,301,291,828,782.1047445477085
medium_019,medium,483.47917313531093,27,2101,301,291,840,805.423497788099
medium_019,medium,483.47917313531093,27,2101,301,291,848,808.5488636328548
high_000,high,478.6988764300897,54,2095,307,296,225,516.1228116706901
high_000,high,478.6988764300897,54,2095,307,296,230,544.5820689236625
high_000,high,478.6988764300897,54,2095,307,296,231,544.6358999977825
high_000,high,478.6988764300897,54,2095,307,296,232,567.0813111385238
high_000,high,478.6988764300897,54,2095,307,296,234,571.1135468354275
high_000,high,478.6988764300897,54,2095,307,296,236,545.46719377126
high_000,high,478.6988764300897,54,2095,307,296,244,559.9120920990921
high_000,high,478.6988764300897,54,2095,307,296,245,559.9770373717603
high_000,high,478.6988764300897,54,2095,307,296,252,585.2978262935035
high_000,high,478.6988764300897,54,2095,307,296,259,562.1594338113119
high_000,high,478.6988764300897,54,2095,307,296,267,590.6910331277721
high_000,high,478.6988764300897,54,2095,307,296,270,594.050735756208
high_000,high,478.6988764300897,54,2095,307,296,274,601.8168128963589
high_000,high,478.6988764300897,54,2095,307,296,284,551.634430430156
high_000,high,478.6988764300897,54,2095,307,296,296,615.379202682231
high_000,high,478.6988764300897,54,2095,307,296,298,619.9011336533307
high_000,high,478.6988764300897,54,2095,307,296,299,622.1620991388805
high_000,high,478.6988764300897,54,2095,307,296,308,654.1105234999227
high_000,high,478.6988764300897,54,2095,307,296,313,669.5440697049627
high_000,high,478.6988764300897,54,2095,307,296,562,535.4833452026913
high_000,high,478.6988764300897,54,2095,307,296,681,526.6850019503382
high_000,high,478.6988764300897,54,2095,307,296,682,509.0250510318317
high_000,high,478.6988764300897,54,2095,307,296,689,656.2108349034703
high_000,high,478.6988764300897,54,2095,307,296,712,761.6600406877261
high_000,high,478.6988764300897,54,2095,307,296,713,761.6600406877261
high_000,high,478.6988764300897,54,2095,307,296,738,767.3013385155242
high_000,high,478.6988764300897,54,2095,307,296,744,831.8055812250016
high_000,high,478.6988764300897,54,2095,307,296,748,860.9177779121795
high_000,high,478.6988764300897,54,2095,307,296,752,815.6694703056248
high_000,high,478.6988764300897,54,2095,307,296,756,765.812545238486
high_000,high,478.6988764300897,54,2095,307,296,761,776.3691606428047
high_000,high,478.6988764300897,54,2095,307,296,763,821.9437584260878
high_000,high,478.6988764300897,54,2095,307,296,764,801.524385524451
high_000,high,478.6988764300897,54,2095,307,296,792,806.0679081338086
high_000,high,478.6988764300897,54,2095,307,296,793,770.6736376992883
high_000,high,478.6988764300897,54,2095,307,296,796,827.3624619264799
high_000,high,478.6988764300897,54,2095,307,296,800,812.6251548508493
high_000,high,478.6988764300897,54,2095,307,296,805,772.7951677902624
high_000,high,478.6988764300897,54,2095,307,296,806,793.7208052846988
high_000,high,478.6988764300897,54,2095,307,296,811,858.4144486766452
high_000,high,478.6988764300897,54,2095,307,296,815,787.0008028671829
high_000,high,478.6988764300897,54,2095,307,296,816,798.5577752410412
high_000,high,478.6988764300897,54,2095,307,296,819,778.2038472055573
high_000,high,478.6988764300897,54,2095,307,296,820,778.5941312728988
high_000,high,478.6988764300897,54,2095,307,296,821,773.3027195005134
high_000,high,478.6988764300897,54,2095,307,296,835,774.5029956975112
high_000,high,478.6988764300897,54,2095,307,296,839,780.8044454336581
high_000,high,478.6988764300897,54,2095,307,296,841,775.0767272304231
high_000,high,478.6988764300897,54,2095,307,296,847,807.7240271458054
high_000,high,478.6988764300897,54,2095,307,296,849,811.2014166475174
high_000,high,478.6988764300897,54,2095,307,296,855,764.0400147196514
high_000,high,478.6988764300897,54,2095,307,296,856,791.9203912276755
high_000,high,478.6988764300897,54,2095,307,296,864,836.218532682342
high_000,high,478.6988764300897,54,2095,307,296,2127,748.453103122554
high_001,high,475.57233736980294,51,2094,308,297,225,532.5042198849303
high_001,high,475.57233736980294,51,2094,308,297,229,543.728150279769
high_001,high,475.57233736980294,51,2094,308,297,231,544.6358999977825
high_001,high,475.57233736980294,51,2094,308,297,245,559.9770373717603
high_001,high,475.57233736980294,51,2094,308,297,254,603.5997899295553
high_001,high,475.57233736980294,51,2094,308,297,259,562.1594338113119
high_001,high,475.57233736980294,51,2094,308,297,272,566.204113727275
high_001,high,475.57233736980294,51,2094,308,297,279,562.0970211055068
high_001,high,475.57233736980294,51,2094,308,297,280,566.2768035482662
high_001,high,475.57233736980294,51,2094,308,297,285,552.5572400785253
high_001,high,475.57233736980294,51,2094,308,297,286,553.3482258529663
high_001,high,475.57233736980294,51,2094,308,297,303,629.9280240878885
high_001,high,475.57233736980294,51,2094,308,297,308,654.1105234999227
high_001,high,475.57233736980294,51,2094,308,297,312,674.3609094112677
high_001,high,475.57233736980294,51,2094,308,297,315,668.5610412126043
high_001,high,475.57233736980294,51,2094,308,297,563,501.39497594888337
high_001,high,475.57233736980294,51,2094,308,297,677,528.8964198929048
high_001,high,475.57233736980294,51,2094,308,297,684,510.1685076333362
high_001,high,475.57233736980294,51,2094,308,297,685,526.4074720044514
high_001,high,475.57233736980294,51,2094,308,297,686,524.5083877924578
high_001,high,475.57233736980294,51,2094,308,297,690,713.7550704587841
high_001,high,475.57233736980294,51,2094,308,297,714,761.6600406877261
high_001,high,475.57233736980294,51,2094,308,297,720,811.0169234996054
high_001,high,475.57233736980294,51,2094,308,297,721,812.2509533764007
high_001,high,475.57233736980294,51,2094,308,297,723,814.1494609487996
high_001,high,475.57233736980294,51,2094,308,297,726,765.038883878233
high_001,high,475.57233736980294,51,2094,308,297,733,817.2819984545738
high_001,high,475.57233736980294,51,2094,308,297,736,765.100832194107
high_001,high,475.57233736980294,51,2094,308,297,737,764.0712581320215
high_001,high,475.57233736980294,51,2094,308,297,739,768.2320489099411
high_001,high,475.57233736980294,51,2094,308,297,746,843.0083652204987
high_001,high,475.57233736980294,51,2094,308,297,753,819.9399090106683
high_001,high,475.57233736980294,51,2094,308,297,760,781.065820477529
high_001,high,475.57233736980294,51,2094,308,297,764,801.524385524451
high_001,high,475.57233736980294,51,2094,308,297,783,769.3728286300214
high_001,high,475.57233736980294,51,2094,308,297,805,772.7951677902624
high_001,high,475.57233736980294,51,2094,308,297,807,783.7276396732813
high_001,high,475.57233736980294,51,2094,308,297,811,858.4144486766452
high_001,high,475.57233736980294,51,2094,308,297,812,893.5155813885597
high_001,high,475.57233736980294,51,2094,308,297,814,777.6031905196
high_001,high,475.57233736980294,51,2094,308,297,815,787.0008028671829
high_001,high,475.57233736980294,51,2094,308,297,816,798.5577752410412
high_001,high,475.57233736980294,51,2094,308,297,825,767.1676605660384
high_001,high,475.57233736980294,51,2094,308,297,839,780.8044454336581
high_001,high,475.57233736980294,51,2094,308,297,854,782.3967300754051
high_001,high,475.57233736980294,51,2094,308,297,861,788.519608947734
high_001,high,475.57233736980294,51,2094,308,297,862,789.6216680381523
high_001,high,475.57233736980294,51,2094,308,297,871,922.7434644074092
high_001,high,475.57233736980294,51,2094,308,297,874,923.5553122163948
high_001,high,475.57233736980294,51,2094,308,297,878,922.6224013760354
high_001,high,475.57233736980294,51,2094,308,297,2130,751.1821619418865
high_002,high,541.37628843704,59,2123,279,269,228,568.6502759869451
high_002,high,541.37628843704,59,2123,279,269,231,601.3298500274029
high_002,high,541.37628843704,59,2123,279,269,235,588.5462731708863
high_002,high,541.37628843704,59,2123,279,269,239,587.931416075711
high_002,high,541.37628843704,59,2123,279,269,241,599.7773005618742
high_002,high,541.37628843704,59,2123,279,269,253,597.410438384644
high_002,high,541.37628843704,59,2123,279,269,259,578.2966443786435
high_002,high,541.37628843704,59,2123,279,269,266,588.0464788905356
high_002,high,541.37628843704,59,2123,279,269,269,593.1023769301319
high_002,high,541.37628843704,59,2123,279,269,272,600.1015851627246
high_002,high,541.37628843704,59,2123,279,269,273,600.6817276584302
high_002,high,541.37628843704,59,2123,279,269,277,581.7527651446227
high_002,high,541.37628843704,59,2123,279,269,285,582.7907736665087
high_002,high,541.37628843704,59,2123,279,269,289,599.9265055786818
high_002,high,541.37628843704,59,2123,279,269,295,607.6132779675953
high_002,high,541.37628843704,59,2123,279,269,299,622.1620991388805
high_002,high,541.37628843704,59,2123,279,269,312,674.3609094112677
high_002,high,541.37628843704,59,2123,279,269,688,606.2837427170224
high_002,high,541.37628843704,59,2123,279,269,689,656.2108349034703
high_002,high,541.37628843704,59,2123,279,269,713,761.6600406877261
high_002,high,541.37628843704,59,2123,279,269,717,767.8649491317611
high_002,high,541.37628843704,59,2123,279,269,725,815.7631923740227
high_002,high,541.37628843704,59,2123,279,269,734,817.9464760935974
high_002,high,541.37628843704,59,2123,279,269,739,768.2320489099411
high_002,high,541.37628843704,59,2123,279,269,741,804.1822960805455
high_002,high,541.37628843704,59,2123,279,269,742,818.5638367343203
high_002,high,541.37628843704,59,2123,279,269,745,834.5557045512573
high_002,high,541.37628843704,59,2123,279,269,746,843.0083652204987
high_002,high,541.37628843704,59,2123,279,269,764,801.524385524451
high_002,high,541.37628843704,59,2123,279,269,772,776.9035480915069
high_002,high,541.37628843704,59,2123,279,269,774,777.3582866705838
high_002,high,541.37628843704,59,2123,279,269,777,809.6879682215581
high_002,high,541.37628843704,59,2123,279,269,788,786.7539824896367
high_002,high,541.37628843704,59,2123,279,269,790,766.2010853548156
high_002,high,541.37628843704,59,2123,279,269,792,806.0679081338086
high_002,high,541.37628843704,59,2123,279,269,795,824.1302527573611
high_002,high,541.37628843704,59,2123,279,269,796,827.3624619264799
high_002,high,541.37628843704,59,2123,279,269,797,770.9021671065177
high_002,high,541.37628843704,59,2123,279,269,800,812.6251548508493
high_002,high,541.37628843704,59,2123,279,269,804,772.1024433035155
high_002,high,541.37628843704,59,2123,279,269,808,766.8387471851236
high_002,high,541.37628843704,59,2123,279,269,809,848.6720444943383
high_002,high,541.37628843704,59,2123,279,269,810,772.9518468766948
high_002,high,541.37628843704,59,2123,279,269,814,777.6031905196
high_002,high,541.37628843704,59,2123,279,269,820,778.5941312728988
high_002,high,541.37628843704,59,2123,279,269,822,778.8372203963954
high_002,high,541.37628843704,59,2123,279,269,826,773.9359475103428
high_002,high,541.37628843704,59,2123,279,269,832,764.8796343981267
high_002,high,541.37628843704,59,2123,279,269,837,779.8299758752139
high_002,high,541.37628843704,59,2123,279,269,839,780.8044454336581
high_002,high,541.37628843704,59,2123,279,269,846,788.519608947734
high_002,high,541.37628843704,59,2123,279,269,861,788.519608947734
high_002,high,541.37628843704,59,2123,279,269,880,925.37014631732
high_002,high,541.37628843704,59,2123,279,269,881,925.7942983222264
high_002,high,541.37628843704,59,2123,279,269,883,926.570422514318
high_002,high,541.37628843704,59,2123,279,269,886,928.6459815977198
high_002,high,541.37628843704,59,2123,279,269,887,928.033284428058
high_002,high,541.37628843704,59,2123,279,269,888,921.9693637989052
high_002,high,541.37628843704,59,2123,279,269,2120,713.7550704587841
high_003,high,527.6260834674229,48,2122,280,270,230,551.6775614732646
high_003,high,527.6260834674229,48,2122,280,270,234,571.1135468354275
high_003,high,527.6260834674229,48,2122,280,270,237,583.6242567406707
high_003,high,527.6260834674229,48,2122,280,270,250,586.5607557953324
high_003,high,527.6260834674229,48,2122,280,270,260,585.8588902472436
high_003,high,527.6260834674229,48,2122,280,270,266,588.0464788905356
high_003,high,527.6260834674229,48,2122,280,270,268,591.4224316492852
high_003,high,527.6260834674229,48,2122,280,270,274,601.8168128963589
high_003,high,527.6260834674229,48,2122,280,270,275,604.2997405077523
high_003,high,527.6260834674229,48,2122,280,270,283,578.8211998951224
high_003,high,527.6260834674229,48,2122,280,270,296,615.379202682231
high_003,high,527.6260834674229,48,2122,280,270,303,629.9280240878885
high_003,high,527.6260834674229,48,2122,280,270,305,639.6600057872411
high_003,high,527.6260834674229,48,2122,280,270,306,641.7418027289635
high_003,high,527.6260834674229,48,2122,280,270,690,713.7550704587841
high_003,high,527.6260834674229,48,2122,280,270,713,761.6600406877261
high_003,high,527.6260834674229,48,2122,280,270,721,812.2509533764007
high_003,high,527.6260834674229,48,2122,280,270,728,797.0628926840496
high_003,high,527.6260834674229,48,2122,280,270,734,817.9464760935974
high_003,high,527.6260834674229,48,2122,280,270,739,768.2320489099411
high_003,high,527.6260834674229,48,2122,280,270,748,860.9177779121795
high_003,high,527.6260834674229,48,2122,280,270,751,838.5495235365304
high_003,high,527.6260834674229,48,2122,280,270,752,815.6694703056248
high_003,high,527.6260834674229,48,2122,280,270,760,781.065820477529
high_003,high,527.6260834674229,48,2122,280,270,765,829.4663449474062
high_003,high,527.6260834674229,48,2122,280,270,772,776.9035480915069
high_003,high,527.6260834674229,48,2122,280,270,774,777.3582866705838
high_003,high,527.6260834674229,48,2122,280,270,789,770.5136083501018
high_003,high,527.6260834674229,48,2122,280,270,791,805.0221934092893
high_003,high,527.6260834674229,48,2122,280,270,799,811.5249016901407
high_003,high,527.6260834674229,48,2122,280,270,802,806.5237509488076
high_003,high,527.6260834674229,48,2122,280,270,807,783.7276396732813
high_003,high,527.6260834674229,48,2122,280,270,808,766.8387471851236
high_003,high,527.6260834674229,48,2122,280,270,813,763.2003950411761
high_003,high,527.6260834674229,48,2122,280,270,819,778.2038472055573
high_003,high,527.6260834674229,48,2122,280,270,821,773.3027195005134
high_003,high,527.6260834674229,48,2122,280,270,824,795.0694598235586
high_003,high,527.6260834674229,48,2122,280,270,837,779.8299758752139
high_003,high,527.6260834674229,48,2122,280,270,838,780.0712502731908
high_003,high,527.6260834674229,48,2122,280,270,849,811.2014166475174
high_003,high,527.6260834674229,48,2122,280,270,851,808.9243033428032
high_003,high,527.6260834674229,48,2122,280,270,857,792.8538769806185
high_003,high,527.6260834674229,48,2122,280,270,863,834.500507136685
high_003,high,527.6260834674229,48,2122,280,270,871,922.7434644074092
high_003,high,527.6260834674229,48,2122,280,270,877,924.6748052693106
high_003,high,527.6260834674229,48,2122,280,270,879,925.065766290597
high_003,high,527.6260834674229,48,2122,280,270,881,925.7942983222264
high_003,high,527.6260834674229,48,2122,280,270,2126,748.453103122554
high_004,high,486.17400976656,54,2105,297,287,226,510.47263457941847
high_004,high,486.17400976656,54,2105,297,287,243,563.5948802564693
high_004,high,486.17400976656,54,2105,297,287,247,577.5464773647931
high_004,high,486.17400976656,54,2105,297,287,249,547.3591491518231
high_004,high,486.17400976656,54,2105,297,287,258,575.6796452859621
high_004,high,486.17400976656,54,2105,297,287,259,562.1594338113119
high_004,high,486.17400976656,54,2105,297,287,262,558.1741881243332
high_004,high,486.17400976656,54,2105,297,287,265,587.3313304993362
high_004,high,486.17400976656,54,2105,297,287,283,550.8155138968344
high_004,high,486.17400976656,54,2105,297,287,285,552.5572400785253
high_004,high,486.17400976656,54,2105,297,287,287,554.2989662602162
high_004,high,486.17400976656,54,2105,297,287,301,611.5453918198427
high_004,high,486.17400976656,54,2105,297,287,303,629.9280240878885
high_004,high,486.17400976656,54,2105,297,287,562,521.1622697622286
high_004,high,486.17400976656,54,2105,297,287,689,656.2108349034703
high_004,high,486.17400976656,54,2105,297,287,690,713.7550704587841
high_004,high,486.17400976656,54,2105,297,287,722,812.8205056707524
high_004,high,486.17400976656,54,2105,297,287,723,814.1494609487996
high_004,high,486.17400976656,54,2105,297,287,736,765.100832194107
high_004,high,486.17400976656,54,2105,297,287,738,767.3013385155242
high_004,high,486.17400976656,54,2105,297,287,742,818.5638367343203
high_004,high,486.17400976656,54,2105,297,287,743,826.6796106889966
high_004,high,486.17400976656,54,2105,297,287,751,838.5495235365304
high_004,high,486.17400976656,54,2105,297,287,752,815.6694703056248
high_004,high,486.17400976656,54,2105,297,287,754,825.2653786156241
high_004,high,486.17400976656,54,2105,297,287,756,765.812545238486
high_004,high,486.17400976656,54,2105,297,287,758,790.0384150282852
high_004,high,486.17400976656,54,2105,297,287,759,763.2003950411761
high_004,high,486.17400976656,54,2105,297,287,769,822.3647111594188
high_004,high,486.17400976656,54,2105,297,287,775,782.6342354280334
high_004,high,486.17400976656,54,2105,297,287,779,810.1245795398011
high_004,high,486.17400976656,54,2105,297,287,781,791.1427076271506
high_004,high,486.17400976656,54,2105,297,287,790,766.2010853548156
high_004,high,486.17400976656,54,2105,297,287,792,806.0679081338086
high_004,high,486.17400976656,54,2105,297,287,798,797.8217486994284
high_004,high,486.17400976656,54,2105,297,287,805,772.7951677902624
high_004,high,486.17400976656,54,2105,297,287,806,793.7208052846988
high_004,high,486.17400976656,54,2105,297,287,817,791.6521465100882
high_004,high,486.17400976656,54,2105,297,287,823,807.4097590441515
high_004,high,486.17400976656,54,2105,297,287,829,779.5041463196077
high_004,high,486.17400976656,54,2105,297,287,831,800.122277937898
high_004,high,486.17400976656,54,2105,297,287,832,764.8796343981267
high_004,high,486.17400976656,54,2105,297,287,845,788.100628449154
high_004,high,486.17400976656,54,2105,297,287,853,763.2003950411761
high_004,high,486.17400976656,54,2105,297,287,860,800.7442695723145
high_004,high,486.17400976656,54,2105,297,287,861,788.519608947734
high_004,high,486.17400976656,54,2105,297,287,870,921.9693637989052
high_004,high,486.17400976656,54,2105,297,287,871,922.7434644074092
high_004,high,486.17400976656,54,2105,297,287,874,923.5553122163948
high_004,high,486.17400976656,54,2105,297,287,886,928.6459815977198
high_004,high,486.17400976656,54,2105,297,287,1522,518.4090802398764
high_004,high,486.17400976656,54,2105,297,287,2120,713.7550704587841
high_004,high,486.17400976656,54,2105,297,287,2126,748.453103122554
high_004,high,486.17400976656,54,2105,297,287,2127,748.453103122554
high_005,high,503.4238503690809,55,2119,283,273,228,542.8204005617555
high_005,high,503.4238503690809,55,2119,283,273,229,543.728150279769
high_005,high,503.4238503690809,55,2119,283,273,230,554.7083329148506
high_005,high,503.4238503690809,55,2119,283,273,241,548.4176100862369
high_005,high,503.4238503690809,55,2119,283,273,245,559.9770373717603
high_005,high,503.4238503690809,55,2119,283,273,265,587.3313304993362
high_005,high,503.4238503690809,55,2119,283,273,268,591.4224316492852
high_005,high,503.4238503690809,55,2119,283,273,272,566.204113727275
high_005,high,503.4238503690809,55,2119,283,273,274,601.8168128963589
high_005,high,503.4238503690809,55,2119,283,273,275,604.2997405077523
high_005,high,503.4238503690809,55,2119,283,273,280,566.2768035482662
high_005,high,503.4238503690809,55,2119,283,273,281,549.0737877151436
high_005,high,503.4238503690809,55,2119,283,273,285,552.5572400785253
high_005,high,503.4238503690809,55,2119,283,273,289,599.9265055786818
high_005,high,503.4238503690809,55,2119,283,273,297,617.6401681677809
high_005,high,503.4238503690809,55,2119,283,273,299,622.1620991388805
high_005,high,503.4238503690809,55,2119,283,273,355,560.1076400953827
high_005,high,503.4238503690809,55,2119,283,273,712,761.6600406877261
high_005,high,503.4238503690809,55,2119,283,273,713,761.6600406877261
high_005,high,503.4238503690809,55,2119,283,273,717,767.8649491317611
high_005,high,503.4238503690809,55,2119,283,273,720,811.0169234996054
high_005,high,503.4238503690809,55,2119,283,273,727,804.0715436803312
high_005,high,503.4238503690809,55,2119,283,273,733,817.2819984545738
high_005,high,503.4238503690809,55,2119,283,273,739,768.2320489099411
high_005,high,503.4238503690809,55,2119,283,273,742,818.5638367343203
high_005,high,503.4238503690809,55,2119,283,273,743,826.6796106889966
high_005,high,503.4238503690809,55,2119,283,273,748,860.9177779121795
high_005,high,503.4238503690809,55,2119,283,273,750,835.8833502286973
high_005,high,503.4238503690809,55,2119,283,273,757,768.3954285218817
high_005,high,503.4238503690809,55,2119,283,273,768,813.8254310478471
high_005,high,503.4238503690809,55,2119,283,273,773,768.501614712522
high_005,high,503.4238503690809,55,2119,283,273,782,764.1006020696877
high_005,high,503.4238503690809,55,2119,283,273,783,769.3728286300214
high_005,high,503.4238503690809,55,2119,283,273,786,769.7018909095199
high_005,high,503.4238503690809,55,2119,283,273,793,770.6736376992883
high_005,high,503.4238503690809,55,2119,283,273,795,824.1302527573611
high_005,high,503.4238503690809,55,2119,283,273,797,770.9021671065177
high_005,high,503.4238503690809,55,2119,283,273,798,797.8217486994284
high_005,high,503.4238503690809,55,2119,283,273,803,771.8127422879916
high_005,high,503.4238503690809,55,2119,283,273,804,772.1024433035155
high_005,high,503.4238503690809,55,2119,283,273,806,793.7208052846988
high_005,high,503.4238503690809,55,2119,283,273,813,763.2003950411761
high_005,high,503.4238503690809,55,2119,283,273,821,773.3027195005134
high_005,high,503.4238503690809,55,2119,283,273,824,795.0694598235586
high_005,high,503.4238503690809,55,2119,283,273,828,782.1047445477085
high_005,high,503.4238503690809,55,2119,283,273,842,821.7434911818153
high_005,high,503.4238503690809,55,2119,283,273,847,807.7240271458054
high_005,high,503.4238503690809,55,2119,283,273,851,808.9243033428032
high_005,high,503.4238503690809,55,2119,283,273,853,763.2003950411761
high_005,high,503.4238503690809,55,2119,283,273,868,794.5650463340863
high_005,high,503.4238503690809,55,2119,283,273,878,922.6224013760354
high_005,high,503.4238503690809,55,2119,283,273,880,925.37014631732
high_005,high,503.4238503690809,55,2119,283,273,889,927.7706987113156
high_005,high,503.4238503690809,55,2119,283,273,2127,748.453103122554
high_005,high,503.4238503690809,55,2119,283,273,2128,749.8176325322203
high_006,high,485.726594282136,52,2104,298,288,245,559.9770373717603
high_006,high,485.726594282136,52,2104,298,288,256,571.7112043896567
high_006,high,485.726594282136,52,2104,298,288,262,558.1741881243332
high_006,high,485.726594282136,52,2104,298,288,263,558.7179808397449
high_006,high,485.726594282136,52,2104,298,288,266,588.0464788905356
high_006,high,485.726594282136,52,2104,298,288,276,605.4441230385471
high_006,high,485.726594282136,52,2104,298,288,278,560.4663032266227
high_006,high,485.726594282136,52,2104,298,288,286,553.3482258529663
high_006,high,485.726594282136,52,2104,298,288,288,598.2631783688724
high_006,high,485.726594282136,52,2104,298,288,297,617.6401681677809
high_006,high,485.726594282136,52,2104,298,288,303,629.9280240878885
high_006,high,485.726594282136,52,2104,298,288,304,624.4230646244304
high_006,high,485.726594282136,52,2104,298,288,308,654.1105234999227
high_006,high,485.726594282136,52,2104,298,288,354,526.5925009802545
high_006,high,485.726594282136,52,2104,298,288,357,531.7056018273532
high_006,high,485.726594282136,52,2104,298,288,562,537.3172750106086
high_006,high,485.726594282136,52,2104,298,288,680,525.4573292777745
high_006,high,485.726594282136,52,2104,298,288,681,510.66212727456895
high_006,high,485.726594282136,52,2104,298,288,719,785.1536142667185
high_006,high,485.726594282136,52,2104,298,288,720,811.0169234996054
high_006,high,485.726594282136,52,2104,298,288,734,817.9464760935974
high_006,high,485.726594282136,52,2104,298,288,736,765.100832194107
high_006,high,485.726594282136,52,2104,298,288,737,764.0712581320215
high_006,high,485.726594282136,52,2104,298,288,741,804.1822960805455
high_006,high,485.726594282136,52,2104,298,288,747,859.638534165246
high_006,high,485.726594282136,52,2104,298,288,749,862.492231835771
high_006,high,485.726594282136,52,2104,298,288,750,835.8833502286973
high_006,high,485.726594282136,52,2104,298,288,751,838.5495235365304
high_006,high,485.726594282136,52,2104,298,288,753,819.9399090106683
high_006,high,485.726594282136,52,2104,298,288,756,765.812545238486
high_006,high,485.726594282136,52,2104,298,288,758,790.0384150282852
high_006,high,485.726594282136,52,2104,298,288,764,801.524385524451
high_006,high,485.726594282136,52,2104,298,288,775,782.6342354280334
high_006,high,485.726594282136,52,2104,298,288,778,809.8705070496412
high_006,high,485.726594282136,52,2104,298,288,779,810.1245795398011
high_006,high,485.726594282136,52,2104,298,288,791,805.0221934092893
high_006,high,485.726594282136,52,2104,298,288,804,772.1024433035155
high_006,high,485.726594282136,52,2104,298,288,809,848.6720444943383
high_006,high,485.726594282136,52,2104,298,288,816,798.5577752410412
high_006,high,485.726594282136,52,2104,298,288,819,778.2038472055573
high_006,high,485.726594282136,52,2104,298,288,821,773.3027195005134
high_006,high,485.726594282136,52,2104,298,288,833,774.0909514653981
high_006,high,485.726594282136,52,2104,298,288,834,784.0581161073326
high_006,high,485.726594282136,52,2104,298,288,845,788.100628449154
high_006,high,485.726594282136,52,2104,298,288,850,808.7297273295609
high_006,high,485.726594282136,52,2104,298,288,864,836.218532682342
high_006,high,485.726594282136,52,2104,298,288,868,794.5650463340863
high_006,high,485.726594282136,52,2104,298,288,872,921.9693637989052
high_006,high,485.726594282136,52,2104,298,288,882,926.2269172321908
high_006,high,485.726594282136,52,2104,298,288,889,927.7706987113156
high_006,high,485.726594282136,52,2104,298,288,2120,713.7550704587841
high_006,high,485.726594282136,52,2104,298,288,2130,751.1821619418865
high_007,high,449.0247687397835,67,2075,327,315,236,545.46719377126
high_007,high,449.0247687397835,67,2075,327,315,241,548.4176100862369
high_007,high,449.0247687397835,67,2075,327,315,247,577.5464773647931
high_007,high,449.0247687397835,67,2075,327,315,256,571.7112043896567
high_007,high,449.0247687397835,67,2075,327,315,261,564.7585235836011
high_007,high,449.0247687397835,67,2075,327,315,269,593.1023769301319
high_007,high,449.0247687397835,67,2075,327,315,283,550.8155138968344
high_007,high,449.0247687397835,67,2075,327,315,286,553.3482258529663
high_007,high,449.0247687397835,67,2075,327,315,293,613.3148429420273
high_007,high,449.0247687397835,67,2075,327,315,296,615.379202682231
high_007,high,449.0247687397835,67,2075,327,315,298,619.9011336533307
high_007,high,449.0247687397835,67,2075,327,315,301,611.5453918198427
high_007,high,449.0247687397835,67,2075,327,315,312,674.3609094112677
high_007,high,449.0247687397835,67,2075,327,315,372,497.9949709216687
high_007,high,449.0247687397835,67,2075,327,315,562,501.095265766788
high_007,high,449.0247687397835,67,2075,327,315,563,491.2250818076033
high_007,high,449.0247687397835,67,2075,327,315,665,504.0677314096962
high_007,high,449.0247687397835,67,2075,327,315,668,471.03910609939095
high_007,high,449.0247687397835,67,2075,327,315,671,490.14519126990314
high_007,high,449.0247687397835,67,2075,327,315,674,489.234572139181
high_007,high,449.0247687397835,67,2075,327,315,680,487.396083244449
high_007,high,449.0247687397835,67,2075,327,315,683,490.8886327821616
high_007,high,449.0247687397835,67,2075,327,315,690,713.7550704587841
high_007,high,449.0247687397835,67,2075,327,315,692,666.8763007307284
high_007,high,449.0247687397835,67,2075,327,315,712,761.6600406877261
high_007,high,449.0247687397835,67,2075,327,315,713,761.6600406877261
high_007,high,449.0247687397835,67,2075,327,315,717,767.8649491317611
high_007,high,449.0247687397835,67,2075,327,315,724,814.8139385878233
high_007,high,449.0247687397835,67,2075,327,315,731,815.0990804455847
high_007,high,449.0247687397835,67,2075,327,315,735,819.1805059703928
high_007,high,449.0247687397835,67,2075,327,315,740,786.5795888601557
high_007,high,449.0247687397835,67,2075,327,315,745,834.5557045512573
high_007,high,449.0247687397835,67,2075,327,315,767,820.0641819209492
high_007,high,449.0247687397835,67,2075,327,315,770,831.4502559423221
high_007,high,449.0247687397835,67,2075,327,315,771,833.1682814879791
high_007,high,449.0247687397835,67,2075,327,315,774,777.3582866705838
high_007,high,449.0247687397835,67,2075,327,315,776,766.1032722221357
high_007,high,449.0247687397835,67,2075,327,315,785,836.218532682342
high_007,high,449.0247687397835,67,2075,327,315,790,766.2010853548156
high_007,high,449.0247687397835,67,2075,327,315,794,783.5050666980482
high_007,high,449.0247687397835,67,2075,327,315,799,811.5249016901407
high_007,high,449.0247687397835,67,2075,327,315,800,812.6251548508493
high_007,high,449.0247687397835,67,2075,327,315,804,772.1024433035155
high_007,high,449.0247687397835,67,2075,327,315,810,772.9518468766948
high_007,high,449.0247687397835,67,2075,327,315,812,893.5155813885597
high_007,high,449.0247687397835,67,2075,327,315,813,763.2003950411761
high_007,high,449.0247687397835,67,2075,327,315,814,777.6031905196
high_007,high,449.0247687397835,67,2075,327,315,818,812.4372612498324
high_007,high,449.0247687397835,67,2075,327,315,823,807.4097590441515
high_007,high,449.0247687397835,67,2075,327,315,826,773.9359475103428
high_007,high,449.0247687397835,67,2075,327,315,837,779.8299758752139
high_007,high,449.0247687397835,67,2075,327,315,845,788.100628449154
high_007,high,449.0247687397835,67,2075,327,315,849,811.2014166475174
high_007,high,449.0247687397835,67,2075,327,315,853,763.2003950411761
high_007,high,449.0247687397835,67,2075,327,315,854,782.3967300754051
high_007,high,449.0247687397835,67,2075,327,315,855,764.0400147196514
high_007,high,449.0247687397835,67,2075,327,315,857,792.8538769806185
high_007,high,449.0247687397835,67,2075,327,315,859,775.703271894509
high_007,high,449.0247687397835,67,2075,327,315,862,789.6216680381523
high_007,high,449.0247687397835,67,2075,327,315,864,836.218532682342
high_007,high,449.0247687397835,67,2075,327,315,866,776.2175069505034
high_007,high,449.0247687397835,67,2075,327,315,868,794.5650463340863
high_007,high,449.0247687397835,67,2075,327,315,871,922.7434644074092
high_007,high,449.0247687397835,67,2075,327,315,874,923.5553122163948
high_007,high,449.0247687397835,67,2075,327,315,880,925.37014631732
high_007,high,449.0247687397835,67,2075,327,315,881,925.7942983222264
high_007,high,449.0247687397835,67,2075,327,315,884,927.3880681737847
high_008,high,569.6110921625052,46,2160,242,234,234,598.0409799126583
high_008,high,569.6110921625052,46,2160,242,234,242,610.7344329128174
high_008,high,569.6110921625052,46,2160,242,234,255,601.5934536827758
high_008,high,569.6110921625052,46,2160,242,234,257,599.4204568577137
high_008,high,569.6110921625052,46,2160,242,234,264,622.6353327196489
high_008,high,569.6110921625052,46,2160,242,234,277,603.9631743471783
high_008,high,569.6110921625052,46,2160,242,234,306,641.7418027289635
high_008,high,569.6110921625052,46,2160,242,234,307,653.1625124450782
high_008,high,569.6110921625052,46,2160,242,234,308,654.1105234999227
high_008,high,569.6110921625052,46,2160,242,234,313,669.5440697049627
high_008,high,569.6110921625052,46,2160,242,234,688,606.2837427170224
high_008,high,569.6110921625052,46,2160,242,234,721,812.2509533764007
high_008,high,569.6110921625052,46,2160,242,234,723,814.1494609487996
high_008,high,569.6110921625052,46,2160,242,234,726,765.038883878233
high_008,high,569.6110921625052,46,2160,242,234,730,813.6731058521475
high_008,high,569.6110921625052,46,2160,242,234,732,815.7631923740227
high_008,high,569.6110921625052,46,2160,242,234,739,768.2320489099411
high_008,high,569.6110921625052,46,2160,242,234,742,818.5638367343203
high_008,high,569.6110921625052,46,2160,242,234,754,825.2653786156241
high_008,high,569.6110921625052,46,2160,242,234,761,776.3691606428047
high_008,high,569.6110921625052,46,2160,242,234,777,809.6879682215581
high_008,high,569.6110921625052,46,2160,242,234,779,810.1245795398011
high_008,high,569.6110921625052,46,2160,242,234,788,786.7539824896367
high_008,high,569.6110921625052,46,2160,242,234,795,824.1302527573611
high_008,high,569.6110921625052,46,2160,242,234,798,797.8217486994284
high_008,high,569.6110921625052,46,2160,242,234,805,772.7951677902624
high_008,high,569.6110921625052,46,2160,242,234,809,848.6720444943383
high_008,high,569.6110921625052,46,2160,242,234,811,858.4144486766452
high_008,high,569.6110921625052,46,2160,242,234,815,787.0008028671829
high_008,high,569.6110921625052,46,2160,242,234,821,773.3027195005134
high_008,high,569.6110921625052,46,2160,242,234,822,778.8372203963954
high_008,high,569.6110921625052,46,2160,242,234,825,767.1676605660384
high_008,high,569.6110921625052,46,2160,242,234,828,782.1047445477085
high_008,high,569.6110921625052,46,2160,242,234,836,842.2139273013679
high_008,high,569.6110921625052,46,2160,242,234,837,779.8299758752139
high_008,high,569.6110921625052,46,2160,242,234,840,805.423497788099
high_008,high,569.6110921625052,46,2160,242,234,845,788.100628449154
high_008,high,569.6110921625052,46,2160,242,234,846,788.519608947734
high_008,high,569.6110921625052,46,2160,242,234,852,816.5633764854817
high_008,high,569.6110921625052,46,2160,242,234,866,776.2175069505034
high_008,high,569.6110921625052,46,2160,242,234,871,922.7434644074092
high_008,high,569.6110921625052,46,2160,242,234,875,923.9046153490032
high_008,high,569.6110921625052,46,2160,242,234,877,924.6748052693106
high_008,high,569.6110921625052,46,2160,242,234,2126,748.453103122554
high_008,high,569.6110921625052,46,2160,242,234,2127,748.453103122554
high_008,high,569.6110921625052,46,2160,242,234,2128,749.8176325322203
high_009,high,460.8189501310269,62,2089,313,302,228,542.8204005617555
high_009,high,460.8189501310269,62,2089,313,302,230,544.5820689236625
high_009,high,460.8189501310269,62,2089,313,302,243,563.5948802564693
high_009,high,460.8189501310269,62,2089,313,302,245,559.9770373717603
high_009,high,460.8189501310269,62,2089,313,302,246,547.2374434664549
high_009,high,460.8189501310269,62,2089,313,302,247,577.5464773647931
high_009,high,460.8189501310269,62,2089,313,302,248,581.2067016236946
high_009,high,460.8189501310269,62,2089,313,302,259,562.1594338113119
high_009,high,460.8189501310269,62,2089,313,302,260,555.0620212757765
high_009,high,460.8189501310269,62,2089,313,302,261,564.7585235836011
high_009,high,460.8189501310269,62,2089,313,302,268,591.4224316492852
high_009,high,460.8189501310269,62,2089,313,302,271,565.3269163160261
high_009,high,460.8189501310269,62,2089,313,302,276,605.4441230385471
high_009,high,460.8189501310269,62,2089,313,302,278,560.4663032266227
high_009,high,460.8189501310269,62,2089,313,302,280,566.2768035482662
high_009,high,460.8189501310269,62,2089,313,302,285,552.5572400785253
high_009,high,460.8189501310269,62,2089,313,302,314,679.9641716302127
high_009,high,460.8189501310269,62,2089,313,302,355,513.4631926522387
high_009,high,460.8189501310269,62,2089,313,302,357,531.7056018273532
high_009,high,460.8189501310269,62,2089,313,302,561,514.6617889537968
high_009,high,460.8189501310269,62,2089,313,302,689,656.2108349034703
high_009,high,460.8189501310269,62,2089,313,302,690,713.7550704587841
high_009,high,460.8189501310269,62,2089,313,302,712,761.6600406877261
high_009,high,460.8189501310269,62,2089,313,302,713,761.6600406877261
high_009,high,460.8189501310269,62,2089,313,302,719,785.1536142667185
high_009,high,460.8189501310269,62,2089,313,302,724,814.8139385878233
high_009,high,460.8189501310269,62,2089,313,302,729,785.4819967866317
high_009,high,460.8189501310269,62,2089,313,302,737,764.0712581320215
high_009,high,460.8189501310269,62,2089,313,302,745,834.5557045512573
high_009,high,460.8189501310269,62,2089,313,302,753,819.9399090106683
high_009,high,460.8189501310269,62,2089,313,302,762,819.6621989859271
high_009,high,460.8189501310269,62,2089,313,302,774,777.3582866705838
high_009,high,460.8189501310269,62,2089,313,302,778,809.8705070496412
high_009,high,460.8189501310269,62,2089,313,302,780,802.5228303318937
high_009,high,460.8189501310269,62,2089,313,302,785,836.218532682342
high_009,high,460.8189501310269,62,2089,313,302,786,769.7018909095199
high_009,high,460.8189501310269,62,2089,313,302,793,770.6736376992883
high_009,high,460.8189501310269,62,2089,313,302,795,824.1302527573611
high_009,high,460.8189501310269,62,2089,313,302,799,811.5249016901407
high_009,high,460.8189501310269,62,2089,313,302,808,766.8387471851236
high_009,high,460.8189501310269,62,2089,313,302,814,777.6031905196
high_009,high,460.8189501310269,62,2089,313,302,823,807.4097590441515
high_009,high,460.8189501310269,62,2089,313,302,827,781.3052801499862
high_009,high,460.8189501310269,62,2089,313,302,830,799.2461763470444
high_009,high,460.8189501310269,62,2089,313,302,833,774.0909514653981
high_009,high,460.8189501310269,62,2089,313,302,836,842.2139273013679
high_009,high,460.8189501310269,62,2089,313,302,840,805.423497788099
high_009,high,460.8189501310269,62,2089,313,302,841,775.0767272304231
high_009,high,460.8189501310269,62,2089,313,302,847,807.7240271458054
high_009,high,460.8189501310269,62,2089,313,302,849,811.2014166475174
high_009,high,460.8189501310269,62,2089,313,302,852,816.5633764854817
high_009,high,460.8189501310269,62,2089,313,302,853,763.2003950411761
high_009,high,460.8189501310269,62,2089,313,302,854,782.3967300754051
high_009,high,460.8189501310269,62,2089,313,302,859,775.703271894509
high_009,high,460.8189501310269,62,2089,313,302,860,800.7442695723145
high_009,high,460.8189501310269,62,2089,313,302,862,789.6216680381523
high_009,high,460.8189501310269,62,2089,313,302,863,834.500507136685
high_009,high,460.8189501310269,62,2089,313,302,867,796.4663457920027
high_009,high,460.8189501310269,62,2089,313,302,868,794.5650463340863
high_009,high,460.8189501310269,62,2089,313,302,887,928.033284428058
high_009,high,460.8189501310269,62,2089,313,302,1523,499.0903426961386
high_009,high,460.8189501310269,62,2089,313,302,2126,748.453103122554
high_010,high,589.0071485704339,41,2172,230,222,269,620.6693048165171
high_010,high,589.0071485704339,41,2172,230,222,270,647.9961389495484
high_010,high,589.0071485704339,41,2172,230,222,276,648.0285141655858
high_010,high,589.0071485704339,41,2172,230,222,295,615.9908060840152
high_010,high,589.0071485704339,41,2172,230,222,296,647.9541203990991
high_010,high,589.0071485704339,41,2172,230,222,306,641.7418027289635
high_010,high,589.0071485704339,41,2172,230,222,311,705.032341763731
high_010,high,589.0071485704339,41,2172,230,222,312,674.3609094112677
high_010,high,589.0071485704339,41,2172,230,222,315,668.5610412126043
high_010,high,589.0071485704339,41,2172,230,222,690,713.7550704587841
high_010,high,589.0071485704339,41,2172,230,222,732,815.7631923740227
high_010,high,589.0071485704339,41,2172,230,222,733,817.2819984545738
high_010,high,589.0071485704339,41,2172,230,222,736,765.100832194107
high_010,high,589.0071485704339,41,2172,230,222,757,768.3954285218817
high_010,high,589.0071485704339,41,2172,230,222,761,776.3691606428047
high_010,high,589.0071485704339,41,2172,230,222,762,819.6621989859271
high_010,high,589.0071485704339,41,2172,230,222,763,821.9437584260878
high_010,high,589.0071485704339,41,2172,230,222,768,813.8254310478471
high_010,high,589.0071485704339,41,2172,230,222,774,777.3582866705838
high_010,high,589.0071485704339,41,2172,230,222,776,766.1032722221357
high_010,high,589.0071485704339,41,2172,230,222,785,836.218532682342
high_010,high,589.0071485704339,41,2172,230,222,798,797.8217486994284
high_010,high,589.0071485704339,41,2172,230,222,807,783.7276396732813
high_010,high,589.0071485704339,41,2172,230,222,809,848.6720444943383
high_010,high,589.0071485704339,41,2172,230,222,816,798.5577752410412
high_010,high,589.0071485704339,41,2172,230,222,818,812.4372612498324
high_010,high,589.0071485704339,41,2172,230,222,822,778.8372203963954
high_010,high,589.0071485704339,41,2172,230,222,827,781.3052801499862
high_010,high,589.0071485704339,41,2172,230,222,829,779.5041463196077
high_010,high,589.0071485704339,41,2172,230,222,832,764.8796343981267
high_010,high,589.0071485704339,41,2172,230,222,842,821.7434911818153
high_010,high,589.0071485704339,41,2172,230,222,845,788.100628449154
high_010,high,589.0071485704339,41,2172,230,222,856,791.9203912276755
high_010,high,589.0071485704339,41,2172,230,222,862,789.6216680381523
high_010,high,589.0071485704339,41,2172,230,222,874,923.5553122163948
high_010,high,589.0071485704339,41,2172,230,222,878,922.6224013760354
high_010,high,589.0071485704339,41,2172,230,222,881,925.7942983222264
high_010,high,589.0071485704339,41,2172,230,222,882,926.2269172321908
high_010,high,589.0071485704339,41,2172,230,222,883,926.570422514318
high_010,high,589.0071485704339,41,2172,230,222,886,928.6459815977198
high_010,high,589.0071485704339,41,2172,230,222,2130,751.1821619418865
high_011,high,517.4414921329911,52,2121,281,271,246,568.9179645945653
high_011,high,517.4414921329911,52,2121,281,271,251,574.004707610615
high_011,high,517.4414921329911,52,2121,281,271,259,562.1594338113119
high_011,high,517.4414921329911,52,2121,281,271,266,588.0464788905356
high_011,high,517.4414921329911,52,2121,281,271,267,590.6910331277721
high_011,high,517.4414921329911,52,2121,281,271,270,594.050735756208
high_011,high,517.4414921329911,52,2121,281,271,275,604.2997405077523
high_011,high,517.4414921329911,52,2121,281,271,278,560.4663032266227
high_011,high,517.4414921329911,52,2121,281,271,281,549.0737877151436
high_011,high,517.4414921329911,52,2121,281,271,288,598.2631783688724
high_011,high,517.4414921329911,52,2121,281,271,295,607.6132779675953
high_011,high,517.4414921329911,52,2121,281,271,299,622.1620991388805
high_011,high,517.4414921329911,52,2121,281,271,313,669.5440697049627
high_011,high,517.4414921329911,52,2121,281,271,357,571.7929797036982
high_011,high,517.4414921329911,52,2121,281,271,692,666.8763007307284
high_011,high,517.4414921329911,52,2121,281,271,714,761.6600406877261
high_011,high,517.4414921329911,52,2121,281,271,721,812.2509533764007
high_011,high,517.4414921329911,52,2121,281,271,740,786.5795888601557
high_011,high,517.4414921329911,52,2121,281,271,741,804.1822960805455
high_011,high,517.4414921329911,52,2121,281,271,756,765.812545238486
high_011,high,517.4414921329911,52,2121,281,271,759,763.2003950411761
high_011,high,517.4414921329911,52,2121,281,271,761,776.3691606428047
high_011,high,517.4414921329911,52,2121,281,271,762,819.6621989859271
high_011,high,517.4414921329911,52,2121,281,271,763,821.9437584260878
high_011,high,517.4414921329911,52,2121,281,271,765,829.4663449474062
high_011,high,517.4414921329911,52,2121,281,271,766,834.0674034243456
high_011,high,517.4414921329911,52,2121,281,271,770,831.4502559423221
high_011,high,517.4414921329911,52,2121,281,271,774,777.3582866705838
high_011,high,517.4414921329911,52,2121,281,271,779,810.1245795398011
high_011,high,517.4414921329911,52,2121,281,271,784,769.534533110585
high_011,high,517.4414921329911,52,2121,281,271,789,770.5136083501018
high_011,high,517.4414921329911,52,2121,281,271,792,806.0679081338086
high_011,high,517.4414921329911,52,2121,281,271,806,793.7208052846988
high_011,high,517.4414921329911,52,2121,281,271,807,783.7276396732813
high_011,high,517.4414921329911,52,2121,281,271,819,778.2038472055573
high_011,high,517.4414921329911,52,2121,281,271,821,773.3027195005134
high_011,high,517.4414921329911,52,2121,281,271,824,795.0694598235586
high_011,high,517.4414921329911,52,2121,281,271,829,779.5041463196077
high_011,high,517.4414921329911,52,2121,281,271,831,800.122277937898
high_011,high,517.4414921329911,52,2121,281,271,834,784.0581161073326
high_011,high,517.4414921329911,52,2121,281,271,837,779.8299758752139
high_011,high,517.4414921329911,52,2121,281,271,838,780.0712502731908
high_011,high,517.4414921329911,52,2121,281,271,858,785.1536142667185
high_011,high,517.4414921329911,52,2121,281,271,861,788.519608947734
high_011,high,517.4414921329911,52,2121,281,271,862,789.6216680381523
high_011,high,517.4414921329911,52,2121,281,271,868,794.5650463340863
high_011,high,517.4414921329911,52,2121,281,271,872,921.9693637989052
high_011,high,517.4414921329911,52,2121,281,271,873,922.9695939233244
high_011,high,517.4414921329911,52,2121,281,271,876,924.1698701203222
high_011,high,517.4414921329911,52,2121,281,271,878,922.6224013760354
high_011,high,517.4414921329911,52,2121,281,271,886,928.6459815977198
high_011,high,517.4414921329911,52,2121,281,271,2128,749.8176325322203
high_012,high,511.1427718289095,52,2121,281,271,236,545.46719377126
high_012,high,511.1427718289095,52,2121,281,271,244,559.9120920990921
high_012,high,511.1427718289095,52,2121,281,271,253,597.410438384644
high_012,high,511.1427718289095,52,2121,281,271,254,603.5997899295553
high_012,high,511.1427718289095,52,2121,281,271,258,575.6796452859621
high_012,high,511.1427718289095,52,2121,281,271,267,590.6910331277721
high_012,high,511.1427718289095,52,2121,281,271,272,566.204113727275
high_012,high,511.1427718289095,52,2121,281,271,273,600.6817276584302
high_012,high,511.1427718289095,52,2121,281,271,275,604.2997405077523
high_012,high,511.1427718289095,52,2121,281,271,285,561.9690306225784
high_012,high,511.1427718289095,52,2121,281,271,300,609.7759406976581
high_012,high,511.1427718289095,52,2121,281,271,310,685.7640398288762
high_012,high,511.1427718289095,52,2121,281,271,357,546.0037400906604
high_012,high,511.1427718289095,52,2121,281,271,688,606.2837427170224
high_012,high,511.1427718289095,52,2121,281,271,690,713.7550704587841
high_012,high,511.1427718289095,52,2121,281,271,722,812.8205056707524
high_012,high,511.1427718289095,52,2121,281,271,725,815.7631923740227
high_012,high,511.1427718289095,52,2121,281,271,731,815.0990804455847
high_012,high,511.1427718289095,52,2121,281,271,735,819.1805059703928
high_012,high,511.1427718289095,52,2121,281,271,739,768.2320489099411
high_012,high,511.1427718289095,52,2121,281,271,744,831.8055812250016
high_012,high,511.1427718289095,52,2121,281,271,748,860.9177779121795
high_012,high,511.1427718289095,52,2121,281,271,761,776.3691606428047
high_012,high,511.1427718289095,52,2121,281,271,766,834.0674034243456
high_012,high,511.1427718289095,52,2121,281,271,771,833.1682814879791
high_012,high,511.1427718289095,52,2121,281,271,775,782.6342354280334
high_012,high,511.1427718289095,52,2121,281,271,777,809.6879682215581
high_012,high,511.1427718289095,52,2121,281,271,779,810.1245795398011
high_012,high,511.1427718289095,52,2121,281,271,783,769.3728286300214
high_012,high,511.1427718289095,52,2121,281,271,784,769.534533110585
high_012,high,511.1427718289095,52,2121,281,271,792,806.0679081338086
high_012,high,511.1427718289095,52,2121,281,271,795,824.1302527573611
high_012,high,511.1427718289095,52,2121,281,271,801,771.6543880701821
high_012,high,511.1427718289095,52,2121,281,271,815,787.0008028671829
high_012,high,511.1427718289095,52,2121,281,271,816,798.5577752410412
high_012,high,511.1427718289095,52,2121,281,271,818,812.4372612498324
high_012,high,511.1427718289095,52,2121,281,271,827,781.3052801499862
high_012,high,511.1427718289095,52,2121,281,271,840,805.423497788099
high_012,high,511.1427718289095,52,2121,281,271,843,775.2300560541014
high_012,high,511.1427718289095,52,2121,281,271,846,788.519608947734
high_012,high,511.1427718289095,52,2121,281,271,849,811.2014166475174
high_012,high,511.1427718289095,52,2121,281,271,861,788.519608947734
high_012,high,511.1427718289095,52,2121,281,271,862,789.6216680381523
high_012,high,511.1427718289095,52,2121,281,271,863,834.500507136685
high_012,high,511.1427718289095,52,2121,281,271,865,793.3608031668234
high_012,high,511.1427718289095,52,2121,281,271,866,776.2175069505034
high_012,high,511.1427718289095,52,2121,281,271,872,921.9693637989052
high_012,high,511.1427718289095,52,2121,281,271,874,923.5553122163948
high_012,high,511.1427718289095,52,2121,281,271,877,924.6748052693106
high_012,high,511.1427718289095,52,2121,281,271,879,925.065766290597
high_012,high,511.1427718289095,52,2121,281,271,884,927.3880681737847
high_012,high,511.1427718289095,52,2121,281,271,2130,751.1821619418865
high_013,high,536.1045319058254,42,2123,279,269,238,575.7774614582361
high_013,high,536.1045319058254,42,2123,279,269,239,587.4466120198042
high_013,high,536.1045319058254,42,2123,279,269,243,575.6974553141797
high_013,high,536.1045319058254,42,2123,279,269,252,594.199990866585
high_013,high,536.1045319058254,42,2123,279,269,254,603.5997899295553
high_013,high,536.1045319058254,42,2123,279,269,265,587.3313304993362
high_013,high,536.1045319058254,42,2123,279,269,273,600.6817276584302
high_013,high,536.1045319058254,42,2123,279,269,274,601.8168128963589
high_013,high,536.1045319058254,42,2123,279,269,276,605.4441230385471
high_013,high,536.1045319058254,42,2123,279,269,287,571.5873178096867
high_013,high,536.1045319058254,42,2123,279,269,294,608.5963064599537
high_013,high,536.1045319058254,42,2123,279,269,305,639.6600057872411
high_013,high,536.1045319058254,42,2123,279,269,315,668.5610412126043
high_013,high,536.1045319058254,42,2123,279,269,690,713.7550704587841
high_013,high,536.1045319058254,42,2123,279,269,714,761.6600406877261
high_013,high,536.1045319058254,42,2123,279,269,725,815.7631923740227
high_013,high,536.1045319058254,42,2123,279,269,728,797.0628926840496
high_013,high,536.1045319058254,42,2123,279,269,735,819.1805059703928
high_013,high,536.1045319058254,42,2123,279,269,736,765.100832194107
high_013,high,536.1045319058254,42,2123,279,269,744,831.8055812250016
high_013,high,536.1045319058254,42,2123,279,269,745,834.5557045512573
high_013,high,536.1045319058254,42,2123,279,269,753,819.9399090106683
high_013,high,536.1045319058254,42,2123,279,269,760,781.065820477529
high_013,high,536.1045319058254,42,2123,279,269,764,801.524385524451
high_013,high,536.1045319058254,42,2123,279,269,773,768.501614712522
high_013,high,536.1045319058254,42,2123,279,269,777,809.6879682215581
high_013,high,536.1045319058254,42,2123,279,269,778,809.8705070496412
high_013,high,536.1045319058254,42,2123,279,269,796,827.3624619264799
high_013,high,536.1045319058254,42,2123,279,269,801,771.6543880701821
high_013,high,536.1045319058254,42,2123,279,269,806,793.7208052846988
high_013,high,536.1045319058254,42,2123,279,269,815,787.0008028671829
high_013,high,536.1045319058254,42,2123,279,269,823,807.4097590441515
high_013,high,536.1045319058254,42,2123,279,269,831,800.122277937898
high_013,high,536.1045319058254,42,2123,279,269,837,779.8299758752139
high_013,high,536.1045319058254,42,2123,279,269,843,775.2300560541014
high_013,high,536.1045319058254,42,2123,279,269,859,775.703271894509
high_013,high,536.1045319058254,42,2123,279,269,862,789.6216680381523
high_013,high,536.1045319058254,42,2123,279,269,871,922.7434644074092
high_013,high,536.1045319058254,42,2123,279,269,874,923.5553122163948
high_013,high,536.1045319058254,42,2123,279,269,875,923.9046153490032
high_013,high,536.1045319058254,42,2123,279,269,2127,748.453103122554
high_013,high,536.1045319058254,42,2123,279,269,2128,749.8176325322203
high_014,high,526.8685518390572,47,2122,280,270,233,569.702856550831
high_014,high,526.8685518390572,47,2122,280,270,238,573.6118770095335
high_014,high,526.8685518390572,47,2122,280,270,241,549.4564270497256
high_014,high,526.8685518390572,47,2122,280,270,244,571.2106403096291
high_014,high,526.8685518390572,47,2122,280,270,252,585.2978262935035
high_014,high,526.8685518390572,47,2122,280,270,253,597.410438384644
high_014,high,526.8685518390572,47,2122,280,270,259,580.5986333623397
high_014,high,526.8685518390572,47,2122,280,270,262,558.1741881243332
high_014,high,526.8685518390572,47,2122,280,270,267,590.6910331277721
high_014,high,526.8685518390572,47,2122,280,270,281,549.0737877151436
high_014,high,526.8685518390572,47,2122,280,270,287,554.2989662602162
high_014,high,526.8685518390572,47,2122,280,270,289,599.9265055786818
high_014,high,526.8685518390572,47,2122,280,270,297,617.6401681677809
high_014,high,526.8685518390572,47,2122,280,270,358,605.1566382191575
high_014,high,526.8685518390572,47,2122,280,270,713,761.6600406877261
high_014,high,526.8685518390572,47,2122,280,270,740,786.5795888601557
high_014,high,526.8685518390572,47,2122,280,270,744,831.8055812250016
high_014,high,526.8685518390572,47,2122,280,270,751,838.5495235365304
high_014,high,526.8685518390572,47,2122,280,270,757,768.3954285218817
high_014,high,526.8685518390572,47,2122,280,270,758,790.0384150282852
high_014,high,526.8685518390572,47,2122,280,270,768,813.8254310478471
high_014,high,526.8685518390572,47,2122,280,270,771,833.1682814879791
high_014,high,526.8685518390572,47,2122,280,270,774,777.3582866705838
high_014,high,526.8685518390572,47,2122,280,270,775,782.6342354280334
high_014,high,526.8685518390572,47,2122,280,270,776,766.1032722221357
high_014,high,526.8685518390572,47,2122,280,270,778,809.8705070496412
high_014,high,526.8685518390572,47,2122,280,270,786,769.7018909095199
high_014,high,526.8685518390572,47,2122,280,270,790,766.2010853548156
high_014,high,526.8685518390572,47,2122,280,270,791,805.0221934092893
high_014,high,526.8685518390572,47,2122,280,270,803,771.8127422879916
high_014,high,526.8685518390572,47,2122,280,270,810,772.9518468766948
high_014,high,526.8685518390572,47,2122,280,270,835,774.5029956975112
high_014,high,526.8685518390572,47,2122,280,270,836,842.2139273013679
high_014,high,526.8685518390572,47,2122,280,270,838,780.0712502731908
high_014,high,526.8685518390572,47,2122,280,270,841,775.0767272304231
high_014,high,526.8685518390572,47,2122,280,270,845,788.100628449154
high_014,high,526.8685518390572,47,2122,280,270,851,808.9243033428032
high_014,high,526.8685518390572,47,2122,280,270,852,816.5633764854817
high_014,high,526.8685518390572,47,2122,280,270,855,764.0400147196514
high_014,high,526.8685518390572,47,2122,280,270,857,792.8538769806185
high_014,high,526.8685518390572,47,2122,280,270,863,834.500507136685
high_014,high,526.8685518390572,47,2122,280,270,873,922.9695939233244
high_014,high,526.8685518390572,47,2122,280,270,875,923.9046153490032
high_014,high,526.8685518390572,47,2122,280,270,876,924.1698701203222
high_014,high,526.8685518390572,47,2122,280,270,878,922.6224013760354
high_014,high,526.8685518390572,47,2122,280,270,884,927.3880681737847
high_014,high,526.8685518390572,47,2122,280,270,885,926.9137913751422
high_015,high,465.33134305707404,55,2089,313,302,232,567.0813111385238
high_015,high,465.33134305707404,55,2089,313,302,236,545.46719377126
high_015,high,465.33134305707404,55,2089,313,302,237,545.543649715796
high_015,high,465.33134305707404,55,2089,313,302,249,547.3591491518231
high_015,high,465.33134305707404,55,2089,313,302,251,556.040692441907
high_015,high,465.33134305707404,55,2089,313,302,252,585.2978262935035
high_015,high,465.33134305707404,55,2089,313,302,254,603.5997899295553
high_015,high,465.33134305707404,55,2089,313,302,255,596.6205499694184
high_015,high,465.33134305707404,55,2089,313,302,277,581.7527651446227
high_015,high,465.33134305707404,55,2089,313,302,293,613.3148429420273
high_015,high,465.33134305707404,55,2089,313,302,294,608.5963064599537
high_015,high,465.33134305707404,55,2089,313,302,301,611.5453918198427
high_015,high,465.33134305707404,55,2089,313,302,308,654.1105234999227
high_015,high,465.33134305707404,55,2089,313,302,353,512.383740493898
high_015,high,465.33134305707404,55,2089,313,302,355,510.50072242654943
high_015,high,465.33134305707404,55,2089,313,302,358,605.1566382191575
high_015,high,465.33134305707404,55,2089,313,302,562,512.89829613601
high_015,high,465.33134305707404,55,2089,313,302,681,507.85152149588464
high_015,high,465.33134305707404,55,2089,313,302,683,514.0873536422705
high_015,high,465.33134305707404,55,2089,313,302,687,507.42086648130004
high_015,high,465.33134305707404,55,2089,313,302,692,666.8763007307284
high_015,high,465.33134305707404,55,2089,313,302,713,761.6600406877261
high_015,high,465.33134305707404,55,2089,313,302,718,803.311023885832
high_015,high,465.33134305707404,55,2089,313,302,723,814.1494609487996
high_015,high,465.33134305707404,55,2089,313,302,728,797.0628926840496
high_015,high,465.33134305707404,55,2089,313,302,732,815.7631923740227
high_015,high,465.33134305707404,55,2089,313,302,738,767.3013385155242
high_015,high,465.33134305707404,55,2089,313,302,739,768.2320489099411
high_015,high,465.33134305707404,55,2089,313,302,747,859.638534165246
high_015,high,465.33134305707404,55,2089,313,302,757,768.3954285218817
high_015,high,465.33134305707404,55,2089,313,302,770,831.4502559423221
high_015,high,465.33134305707404,55,2089,313,302,774,777.3582866705838
high_015,high,465.33134305707404,55,2089,313,302,778,809.8705070496412
high_015,high,465.33134305707404,55,2089,313,302,785,836.218532682342
high_015,high,465.33134305707404,55,2089,313,302,786,769.7018909095199
high_015,high,465.33134305707404,55,2089,313,302,796,827.3624619264799
high_015,high,465.33134305707404,55,2089,313,302,801,771.6543880701821
high_015,high,465.33134305707404,55,2089,313,302,803,771.8127422879916
high_015,high,465.33134305707404,55,2089,313,302,804,772.1024433035155
high_015,high,465.33134305707404,55,2089,313,302,817,791.6521465100882
high_015,high,465.33134305707404,55,2089,313,302,823,807.4097590441515
high_015,high,465.33134305707404,55,2089,313,302,825,767.1676605660384
high_015,high,465.33134305707404,55,2089,313,302,830,799.2461763470444
high_015,high,465.33134305707404,55,2089,313,302,833,774.0909514653981
high_015,high,465.33134305707404,55,2089,313,302,836,842.2139273013679
high_015,high,465.33134305707404,55,2089,313,302,840,805.423497788099
high_015,high,465.33134305707404,55,2089,313,302,847,807.7240271458054
high_015,high,465.33134305707404,55,2089,313,302,852,816.5633764854817
high_015,high,465.33134305707404,55,2089,313,302,853,763.2003950411761
high_015,high,465.33134305707404,55,2089,313,302,863,834.500507136685
high_015,high,465.33134305707404,55,2089,313,302,867,796.4663457920027
high_015,high,465.33134305707404,55,2089,313,302,876,924.1698701203222
high_015,high,465.33134305707404,55,2089,313,302,881,925.7942983222264
high_015,high,465.33134305707404,55,2089,313,302,889,927.7706987113156
high_015,high,465.33134305707404,55,2089,313,302,1523,518.9726132825228
high_016,high,613.2931139582441,41,2195,207,201,304,657.3842649864274
high_016,high,613.2931139582441,41,2195,207,201,315,668.5610412126043
high_016,high,613.2931139582441,41,2195,207,201,719,785.1536142667185
high_016,high,613.2931139582441,41,2195,207,201,722,812.8205056707524
high_016,high,613.2931139582441,41,2195,207,201,726,765.038883878233
high_016,high,613.2931139582441,41,2195,207,201,731,815.0990804455847
high_016,high,613.2931139582441,41,2195,207,201,735,819.1805059703928
high_016,high,613.2931139582441,41,2195,207,201,736,765.100832194107
high_016,high,613.2931139582441,41,2195,207,201,745,834.5557045512573
high_016,high,613.2931139582441,41,2195,207,201,747,859.638534165246
high_016,high,613.2931139582441,41,2195,207,201,754,825.2653786156241
high_016,high,613.2931139582441,41,2195,207,201,760,781.065820477529
high_016,high,613.2931139582441,41,2195,207,201,763,821.9437584260878
high_016,high,613.2931139582441,41,2195,207,201,766,834.0674034243456
high_016,high,613.2931139582441,41,2195,207,201,769,822.3647111594188
high_016,high,613.2931139582441,41,2195,207,201,774,777.3582866705838
high_016,high,613.2931139582441,41,2195,207,201,776,766.1032722221357
high_016,high,613.2931139582441,41,2195,207,201,777,809.6879682215581
high_016,high,613.2931139582441,41,2195,207,201,780,802.5228303318937
high_016,high,613.2931139582441,41,2195,207,201,783,769.3728286300214
high_016,high,613.2931139582441,41,2195,207,201,789,770.5136083501018
high_016,high,613.2931139582441,41,2195,207,201,793,770.6736376992883
high_016,high,613.2931139582441,41,2195,207,201,794,783.5050666980482
high_016,high,613.2931139582441,41,2195,207,201,806,793.7208052846988
high_016,high,613.2931139582441,41,2195,207,201,812,893.5155813885597
high_016,high,613.2931139582441,41,2195,207,201,820,778.5941312728988
high_016,high,613.2931139582441,41,2195,207,201,823,807.4097590441515
high_016,high,613.2931139582441,41,2195,207,201,834,784.0581161073326
high_016,high,613.2931139582441,41,2195,207,201,836,842.2139273013679
high_016,high,613.2931139582441,41,2195,207,201,838,780.0712502731908
high_016,high,613.2931139582441,41,2195,207,201,841,775.0767272304231
high_016,high,613.2931139582441,41,2195,207,201,847,807.7240271458054
high_016,high,613.2931139582441,41,2195,207,201,853,763.2003950411761
high_016,high,613.2931139582441,41,2195,207,201,854,782.3967300754051
high_016,high,613.2931139582441,41,2195,207,201,862,789.6216680381523
high_016,high,613.2931139582441,41,2195,207,201,873,922.9695939233244
high_016,high,613.2931139582441,41,2195,207,201,874,923.5553122163948
high_016,high,613.2931139582441,41,2195,207,201,878,922.6224013760354
high_016,high,613.2931139582441,41,2195,207,201,883,926.570422514318
high_016,high,613.2931139582441,41,2195,207,201,887,928.033284428058
high_016,high,613.2931139582441,41,2195,207,201,888,921.9693637989052
high_017,high,423.4939666064488,64,2041,361,348,166,457.342005459141
high_017,high,423.4939666064488,64,2041,361,348,174,448.0575311357645
high_017,high,423.4939666064488,64,2041,361,348,183,479.3796914855953
high_017,high,423.4939666064488,64,2041,361,348,200,445.3694995434365
high_017,high,423.4939666064488,64,2041,361,348,224,460.3071147861411
high_017,high,423.4939666064488,64,2041,361,348,225,507.6813405091241
high_017,high,423.4939666064488,64,2041,361,348,228,542.8204005617555
high_017,high,423.4939666064488,64,2041,361,348,249,547.3591491518231
high_017,high,423.4939666064488,64,2041,361,348,251,556.040692441907
high_017,high,423.4939666064488,64,2041,361,348,252,585.2978262935035
high_017,high,423.4939666064488,64,2041,361,348,263,558.7179808397449
high_017,high,423.4939666064488,64,2041,361,348,264,594.7983844080347
high_017,high,423.4939666064488,64,2041,361,348,269,593.1023769301319
high_017,high,423.4939666064488,64,2041,361,348,272,566.204113727275
high_017,high,423.4939666064488,64,2041,361,348,273,600.6817276584302
high_017,high,423.4939666064488,64,2041,361,348,275,604.2997405077523
high_017,high,423.4939666064488,64,2041,361,348,284,551.634430430156
high_017,high,423.4939666064488,64,2041,361,348,285,552.5572400785253
high_017,high,423.4939666064488,64,2041,361,348,286,553.3482258529663
high_017,high,423.4939666064488,64,2041,361,348,292,606.630249475237
high_017,high,423.4939666064488,64,2041,361,348,295,607.6132779675953
high_017,high,423.4939666064488,64,2041,361,348,301,611.5453918198427
high_017,high,423.4939666064488,64,2041,361,348,304,624.4230646244304
high_017,high,423.4939666064488,64,2041,361,348,315,668.5610412126043
high_017,high,423.4939666064488,64,2041,361,348,353,477.2287363996114
high_017,high,423.4939666064488,64,2041,361,348,356,518.520057105756
high_017,high,423.4939666064488,64,2041,361,348,372,450.1920904325472
high_017,high,423.4939666064488,64,2041,361,348,390,493.26755538059314
high_017,high,423.4939666064488,64,2041,361,348,659,463.172258146339
high_017,high,423.4939666064488,64,2041,361,348,665,470.6277438731941
high_017,high,423.4939666064488,64,2041,361,348,666,473.8465548716908
high_017,high,423.4939666064488,64,2041,361,348,667,475.91093173599825
high_017,high,423.4939666064488,64,2041,361,348,692,666.8763007307284
high_017,high,423.4939666064488,64,2041,361,348,719,785.1536142667185
high_017,high,423.4939666064488,64,2041,361,348,720,811.0169234996054
high_017,high,423.4939666064488,64,2041,361,348,726,765.038883878233
high_017,high,423.4939666064488,64,2041,361,348,731,815.0990804455847
high_017,high,423.4939666064488,64,2041,361,348,732,815.7631923740227
high_017,high,423.4939666064488,64,2041,361,348,741,804.1822960805455
high_017,high,423.4939666064488,64,2041,361,348,744,831.8055812250016
high_017,high,423.4939666064488,64,2041,361,348,749,862.492231835771
high_017,high,423.4939666064488,64,2041,361,348,755,790.1199771706522
high_017,high,423.4939666064488,64,2041,361,348,758,790.0384150282852
high_017,high,423.4939666064488,64,2041,361,348,764,801.524385524451
high_017,high,423.4939666064488,64,2041,361,348,767,820.0641819209492
high_017,high,423.4939666064488,64,2041,361,348,768,813.8254310478471
high_017,high,423.4939666064488,64,2041,361,348,770,831.4502559423221
high_017,high,423.4939666064488,64,2041,361,348,780,802.5228303318937
high_017,high,423.4939666064488,64,2041,361,348,781,791.1427076271506
high_017,high,423.4939666064488,64,2041,361,348,785,836.218532682342
high_017,high,423.4939666064488,64,2041,361,348,790,766.2010853548156
high_017,high,423.4939666064488,64,2041,361,348,800,812.6251548508493
high_017,high,423.4939666064488,64,2041,361,348,824,795.0694598235586
high_017,high,423.4939666064488,64,2041,361,348,835,774.5029956975112
high_017,high,423.4939666064488,64,2041,361,348,840,805.423497788099
high_017,high,423.4939666064488,64,2041,361,348,841,775.0767272304231
high_017,high,423.4939666064488,64,2041,361,348,842,821.7434911818153
high_017,high,423.4939666064488,64,2041,361,348,848,808.5488636328548
high_017,high,423.4939666064488,64,2041,361,348,860,800.7442695723145
high_017,high,423.4939666064488,64,2041,361,348,872,921.9693637989052
high_017,high,423.4939666064488,64,2041,361,348,873,922.9695939233244
high_017,high,423.4939666064488,64,2041,361,348,888,921.9693637989052
high_017,high,423.4939666064488,64,2041,361,348,889,927.7706987113156
high_017,high,423.4939666064488,64,2041,361,348,2129,749.8542171026271
high_018,high,645.2646761742766,32,2205,197,192,310,685.7640398288762
high_018,high,645.2646761742766,32,2205,197,192,315,669.922283498828
high_018,high,645.2646761742766,32,2205,197,192,714,761.6600406877261
high_018,high,645.2646761742766,32,2205,197,192,717,767.8649491317611
high_018,high,645.2646761742766,32,2205,197,192,719,785.1536142667185
high_018,high,645.2646761742766,32,2205,197,192,725,815.7631923740227
high_018,high,645.2646761742766,32,2205,197,192,726,765.038883878233
high_018,high,645.2646761742766,32,2205,197,192,730,813.6731058521475
high_018,high,645.2646761742766,32,2205,197,192,732,815.7631923740227
high_018,high,645.2646761742766,32,2205,197,192,733,817.2819984545738
high_018,high,645.2646761742766,32,2205,197,192,738,767.3013385155242
high_018,high,645.2646761742766,32,2205,197,192,740,786.5795888601557
high_018,high,645.2646761742766,32,2205,197,192,750,835.8833502286973
high_018,high,645.2646761742766,32,2205,197,192,752,815.6694703056248
high_018,high,645.2646761742766,32,2205,197,192,758,790.0384150282852
high_018,high,645.2646761742766,32,2205,197,192,759,763.2003950411761
high_018,high,645.2646761742766,32,2205,197,192,761,776.3691606428047
high_018,high,645.2646761742766,32,2205,197,192,771,833.1682814879791
high_018,high,645.2646761742766,32,2205,197,192,783,769.3728286300214
high_018,high,645.2646761742766,32,2205,197,192,791,805.0221934092893
high_018,high,645.2646761742766,32,2205,197,192,798,797.8217486994284
high_018,high,645.2646761742766,32,2205,197,192,817,791.6521465100882
high_018,high,645.2646761742766,32,2205,197,192,831,800.122277937898
high_018,high,645.2646761742766,32,2205,197,192,836,842.2139273013679
high_018,high,645.2646761742766,32,2205,197,192,839,780.8044454336581
high_018,high,645.2646761742766,32,2205,197,192,844,795.7212655335373
high_018,high,645.2646761742766,32,2205,197,192,866,776.2175069505034
high_018,high,645.2646761742766,32,2205,197,192,882,926.2269172321908
high_018,high,645.2646761742766,32,2205,197,192,883,926.570422514318
high_018,high,645.2646761742766,32,2205,197,192,888,921.9693637989052
high_018,high,645.2646761742766,32,2205,197,192,2120,713.7550704587841
high_018,high,645.2646761742766,32,2205,197,192,2129,749.8542171026271
high_019,high,515.3732139156036,62,2121,281,271,232,567.0813111385238
high_019,high,515.3732139156036,62,2121,281,271,243,563.5948802564693
high_019,high,515.3732139156036,62,2121,281,271,244,559.9120920990921
high_019,high,515.3732139156036,62,2121,281,271,249,547.3591491518231
high_019,high,515.3732139156036,62,2121,281,271,251,572.8923830467016
high_019,high,515.3732139156036,62,2121,281,271,252,585.2978262935035
high_019,high,515.3732139156036,62,2121,281,271,253,597.410438384644
high_019,high,515.3732139156036,62,2121,281,271,262,558.1741881243332
high_019,high,515.3732139156036,62,2121,281,271,278,560.4663032266227
high_019,high,515.3732139156036,62,2121,281,271,281,549.0737877151436
high_019,high,515.3732139156036,62,2121,281,271,284,551.634430430156
high_019,high,515.3732139156036,62,2121,281,271,289,599.9265055786818
high_019,high,515.3732139156036,62,2121,281,271,293,613.3148429420273
high_019,high,515.3732139156036,62,2121,281,271,296,615.379202682231
high_019,high,515.3732139156036,62,2121,281,271,299,622.1620991388805
high_019,high,515.3732139156036,62,2121,281,271,307,653.1625124450782
high_019,high,515.3732139156036,62,2121,281,271,311,705.032341763731
high_019,high,515.3732139156036,62,2121,281,271,312,674.3609094112677
high_019,high,515.3732139156036,62,2121,281,271,314,679.9641716302127
high_019,high,515.3732139156036,62,2121,281,271,689,656.2108349034703
high_019,high,515.3732139156036,62,2121,281,271,713,761.6600406877261
high_019,high,515.3732139156036,62,2121,281,271,718,803.311023885832
high_019,high,515.3732139156036,62,2121,281,271,722,812.8205056707524
high_019,high,515.3732139156036,62,2121,281,271,729,785.4819967866317
high_019,high,515.3732139156036,62,2121,281,271,733,817.2819984545738
high_019,high,515.3732139156036,62,2121,281,271,734,817.9464760935974
high_019,high,515.3732139156036,62,2121,281,271,748,860.9177779121795
high_019,high,515.3732139156036,62,2121,281,271,750,835.8833502286973
high_019,high,515.3732139156036,62,2121,281,271,756,765.812545238486
high_019,high,515.3732139156036,62,2121,281,271,767,820.0641819209492
high_019,high,515.3732139156036,62,2121,281,271,772,776.9035480915069
high_019,high,515.3732139156036,62,2121,281,271,773,768.501614712522
high_019,high,515.3732139156036,62,2121,281,271,779,810.1245795398011
high_019,high,515.3732139156036,62,2121,281,271,780,802.5228303318937
high_019,high,515.3732139156036,62,2121,281,271,789,770.5136083501018
high_019,high,515.3732139156036,62,2121,281,271,793,770.6736376992883
high_019,high,515.3732139156036,62,2121,281,271,796,827.3624619264799
high_019,high,515.3732139156036,62,2121,281,271,798,797.8217486994284
high_019,high,515.3732139156036,62,2121,281,271,802,806.5237509488076
high_019,high,515.3732139156036,62,2121,281,271,803,771.8127422879916
high_019,high,515.3732139156036,62,2121,281,271,812,893.5155813885597
high_019,high,515.3732139156036,62,2121,281,271,814,777.6031905196
high_019,high,515.3732139156036,62,2121,281,271,821,773.3027195005134
high_019,high,515.3732139156036,62,2121,281,271,822,778.8372203963954
high_019,high,515.3732139156036,62,2121,281,271,825,767.1676605660384
high_019,high,515.3732139156036,62,2121,281,271,832,764.8796343981267
high_019,high,515.3732139156036,62,2121,281,271,833,774.0909514653981
high_019,high,515.3732139156036,62,2121,281,271,834,784.0581161073326
high_019,high,515.3732139156036,62,2121,281,271,839,780.8044454336581
high_019,high,515.3732139156036,62,2121,281,271,841,775.0767272304231
high_019,high,515.3732139156036,62,2121,281,271,842,821.7434911818153
high_019,high,515.3732139156036,62,2121,281,271,850,808.7297273295609
high_019,high,515.3732139156036,62,2121,281,271,853,763.2003950411761
high_019,high,515.3732139156036,62,2121,281,271,854,782.3967300754051
high_019,high,515.3732139156036,62,2121,281,271,857,792.8538769806185
high_019,high,515.3732139156036,62,2121,281,271,859,775.703271894509
high_019,high,515.3732139156036,62,2121,281,271,861,788.519608947734
high_019,high,515.3732139156036,62,2121,281,271,866,776.2175069505034
high_019,high,515.3732139156036,62,2121,281,271,872,921.9693637989052
high_019,high,515.3732139156036,62,2121,281,271,878,922.6224013760354
high_019,high,515.3732139156036,62,2121,281,271,886,928.6459815977198
high_019,high,515.3732139156036,62,2121,281,271,2126,748.453103122554
