scenario_id,level,reschedule_start_time,delayed_task_count,frozen_task_count,movable_task_count,eligible_delay_task_count,TaskID,release_time
low_000,low,338.4882020264568,53,2050,1249,1199,46,403.8754175877231
low_000,low,338.4882020264568,53,2050,1249,1199,60,426.97609359523
low_000,low,338.4882020264568,53,2050,1249,1199,61,423.0710657739932
low_000,low,338.4882020264568,53,2050,1249,1199,62,437.9126868075864
low_000,low,338.4882020264568,53,2050,1249,1199,82,437.758816555444
low_000,low,338.4882020264568,53,2050,1249,1199,95,402.66444105326906
low_000,low,338.4882020264568,53,2050,1249,1199,117,411.17030144356977
low_000,low,338.4882020264568,53,2050,1249,1199,127,415.1179465880304
low_000,low,338.4882020264568,53,2050,1249,1199,170,445.6742535051383
low_000,low,338.4882020264568,53,2050,1249,1199,210,477.0983924453073
low_000,low,338.4882020264568,53,2050,1249,1199,270,632.8676162965406
low_000,low,338.4882020264568,53,2050,1249,1199,390,525.5925634180117
low_000,low,338.4882020264568,53,2050,1249,1199,544,358.62832389964507
low_000,low,338.4882020264568,53,2050,1249,1199,554,440.0410012505987
low_000,low,338.4882020264568,53,2050,1249,1199,610,705.5805544036878
low_000,low,338.4882020264568,53,2050,1249,1199,738,925.0623426552564
low_000,low,338.4882020264568,53,2050,1249,1199,750,992.1416294981552
low_000,low,338.4882020264568,53,2050,1249,1199,763,978.3499017414658
low_000,low,338.4882020264568,53,2050,1249,1199,766,990.3591760990912
low_000,low,338.4882020264568,53,2050,1249,1199,783,926.2465708843504
low_000,low,338.4882020264568,53,2050,1249,1199,790,923.3775331458164
low_000,low,338.4882020264568,53,2050,1249,1199,804,929.5219075984146
low_000,low,338.4882020264568,53,2050,1249,1199,812,1049.3794282611411
low_000,low,338.4882020264568,53,2050,1249,1199,842,978.2983972260008
low_000,low,338.4882020264568,53,2050,1249,1199,876,1079.887331092244
low_000,low,338.4882020264568,53,2050,1249,1199,1405,531.5248213923456
low_000,low,338.4882020264568,53,2050,1249,1199,1408,534.1605432138168
low_000,low,338.4882020264568,53,2050,1249,1199,1412,536.796265035288
low_000,low,338.4882020264568,53,2050,1249,1199,1756,475.0693712680109
low_000,low,338.4882020264568,53,2050,1249,1199,1757,476.9191558894825
low_000,low,338.4882020264568,53,2050,1249,1199,2410,1092.323788700356
low_000,low,338.4882020264568,53,2050,1249,1199,2437,385.1276301962368
low_000,low,338.4882020264568,53,2050,1249,1199,2714,386.094467790122
low_000,low,338.4882020264568,53,2050,1249,1199,2859,1196.1098303883698
low_000,low,338.4882020264568,53,2050,1249,1199,2872,1153.219262071798
low_000,low,338.4882020264568,53,2050,1249,1199,2882,1209.0296140120126
low_000,low,338.4882020264568,53,2050,1249,1199,2901,1248.9388199674272
low_000,low,338.4882020264568,53,2050,1249,1199,2912,1249.9612814002455
low_000,low,338.4882020264568,53,2050,1249,1199,2974,1305.032840956443
low_000,low,338.4882020264568,53,2050,1249,1199,2977,1275.8892067436825
low_000,low,338.4882020264568,53,2050,1249,1199,2987,1283.6820193039025
low_000,low,338.4882020264568,53,2050,1249,1199,3020,1380.5225041920835
low_000,low,338.4882020264568,53,2050,1249,1199,3025,1366.644984232917
low_000,low,338.4882020264568,53,2050,1249,1199,3039,1354.6957713692263
low_000,low,338.4882020264568,53,2050,1249,1199,3054,1336.8554006071297
low_000,low,338.4882020264568,53,2050,1249,1199,3055,1346.5405929480091
low_000,low,338.4882020264568,53,2050,1249,1199,3066,1369.761483728261
low_000,low,338.4882020264568,53,2050,1249,1199,3076,1393.728541601571
low_000,low,338.4882020264568,53,2050,1249,1199,3090,1443.4574216547494
low_000,low,338.4882020264568,53,2050,1249,1199,3115,1443.9021958762144
low_000,low,338.4882020264568,53,2050,1249,1199,3161,1505.289510186076
low_000,low,338.4882020264568,53,2050,1249,1199,3266,1561.3767311392178
low_000,low,338.4882020264568,53,2050,1249,1199,3270,1558.143794253193
low_001,low,443.1132578850454,42,2295,1004,959,182,460.7979118724884
low_001,low,443.1132578850454,42,2295,1004,959,200,459.0213906649955
low_001,low,443.1132578850454,42,2295,1004,959,214,463.2202788074384
low_001,low,443.1132578850454,42,2295,1004,959,231,583.7703604628548
low_001,low,443.1132578850454,42,2295,1004,959,279,601.1341524149818
low_001,low,443.1132578850454,42,2295,1004,959,313,707.7920029349281
low_001,low,443.1132578850454,42,2295,1004,959,555,460.6149333872032
low_001,low,443.1132578850454,42,2295,1004,959,741,961.1551976216444
low_001,low,443.1132578850454,42,2295,1004,959,802,963.1587173872612
low_001,low,443.1132578850454,42,2295,1004,959,806,950.7048401923788
low_001,low,443.1132578850454,42,2295,1004,959,810,929.9575331223332
low_001,low,443.1132578850454,42,2295,1004,959,885,1082.6403489290196
low_001,low,443.1132578850454,42,2295,1004,959,1412,536.796265035288
low_001,low,443.1132578850454,42,2295,1004,959,1418,539.5096260664716
low_001,low,443.1132578850454,42,2295,1004,959,1672,505.3172000958621
low_001,low,443.1132578850454,42,2295,1004,959,2120,469.5405522958928
low_001,low,443.1132578850454,42,2295,1004,959,2410,1092.323788700356
low_001,low,443.1132578850454,42,2295,1004,959,2608,1098.1754197400292
low_001,low,443.1132578850454,42,2295,1004,959,2620,1126.529369840989
low_001,low,443.1132578850454,42,2295,1004,959,2631,1128.272813870322
low_001,low,443.1132578850454,42,2295,1004,959,2638,1118.7251315781034
low_001,low,443.1132578850454,42,2295,1004,959,2639,1118.7651012227118
low_001,low,443.1132578850454,42,2295,1004,959,2846,1158.6907010055602
low_001,low,443.1132578850454,42,2295,1004,959,2847,1173.9142234371768
low_001,low,443.1132578850454,42,2295,1004,959,2910,1246.4582716916032
low_001,low,443.1132578850454,42,2295,1004,959,2912,1249.9612814002455
low_001,low,443.1132578850454,42,2295,1004,959,2936,1271.9538496773398
low_001,low,443.1132578850454,42,2295,1004,959,2950,1289.4537162622669
low_001,low,443.1132578850454,42,2295,1004,959,2970,1299.7260609782668
low_001,low,443.1132578850454,42,2295,1004,959,3015,1341.5591208157955
low_001,low,443.1132578850454,42,2295,1004,959,3016,1342.0187566338543
low_001,low,443.1132578850454,42,2295,1004,959,3038,1352.934700423622
low_001,low,443.1132578850454,42,2295,1004,959,3126,1450.8732721457886
low_001,low,443.1132578850454,42,2295,1004,959,3159,1504.2154030067084
low_001,low,443.1132578850454,42,2295,1004,959,3180,1511.1390558173994
low_001,low,443.1132578850454,42,2295,1004,959,3192,1498.7907773086083
low_001,low,443.1132578850454,42,2295,1004,959,3206,1514.4369978922798
low_001,low,443.1132578850454,42,2295,1004,959,3210,1502.6214929100356
low_001,low,443.1132578850454,42,2295,1004,959,3220,1550.3302292018425
low_001,low,443.1132578850454,42,2295,1004,959,3228,1537.845620764101
low_001,low,443.1132578850454,42,2295,1004,959,3234,1532.8619938195989
low_001,low,443.1132578850454,42,2295,1004,959,3288,1577.737662274617
low_002,low,530.4928127856606,42,2415,884,844,248,619.6415938337544
low_002,low,530.4928127856606,42,2415,884,844,275,643.3021896874006
low_002,low,530.4928127856606,42,2415,884,844,278,600.2621524293659
low_002,low,530.4928127856606,42,2415,884,844,610,705.5805544036878
low_002,low,530.4928127856606,42,2415,884,844,713,918.8972032280894
low_002,low,530.4928127856606,42,2415,884,844,747,1015.7382628264284
low_002,low,530.4928127856606,42,2415,884,844,749,1018.5507514501016
low_002,low,530.4928127856606,42,2415,884,844,754,981.6748363798296
low_002,low,530.4928127856606,42,2415,884,844,777,966.220409428972
low_002,low,530.4928127856606,42,2415,884,844,804,929.5219075984146
low_002,low,530.4928127856606,42,2415,884,844,810,929.9575331223332
low_002,low,530.4928127856606,42,2415,884,844,821,930.636798834204
low_002,low,530.4928127856606,42,2415,884,844,834,941.5069878847564
low_002,low,530.4928127856606,42,2415,884,844,887,1083.755240164809
low_002,low,530.4928127856606,42,2415,884,844,1421,540.9051261869196
low_002,low,530.4928127856606,42,2415,884,844,1523,543.4797025352075
low_002,low,530.4928127856606,42,2415,884,844,2640,1123.4399806568622
low_002,low,530.4928127856606,42,2415,884,844,2836,1131.9180107770533
low_002,low,530.4928127856606,42,2415,884,844,2842,1150.4881305062509
low_002,low,530.4928127856606,42,2415,884,844,2852,1151.532128355518
low_002,low,530.4928127856606,42,2415,884,844,2853,1164.6708416282977
low_002,low,530.4928127856606,42,2415,884,844,2865,1139.1648035327985
low_002,low,530.4928127856606,42,2415,884,844,2883,1213.4675543148776
low_002,low,530.4928127856606,42,2415,884,844,2889,1160.7549977774918
low_002,low,530.4928127856606,42,2415,884,844,2917,1255.5218134992729
low_002,low,530.4928127856606,42,2415,884,844,2958,1283.3218146869335
low_002,low,530.4928127856606,42,2415,884,844,2968,1296.6128027771294
low_002,low,530.4928127856606,42,2415,884,844,2973,1303.99608009714
low_002,low,530.4928127856606,42,2415,884,844,3006,1372.3616833000267
low_002,low,530.4928127856606,42,2415,884,844,3007,1334.5986567427542
low_002,low,530.4928127856606,42,2415,884,844,3009,1365.8484498309138
low_002,low,530.4928127856606,42,2415,884,844,3022,1384.3805250771286
low_002,low,530.4928127856606,42,2415,884,844,3032,1348.6092748376982
low_002,low,530.4928127856606,42,2415,884,844,3047,1374.1073658621378
low_002,low,530.4928127856606,42,2415,884,844,3090,1443.4574216547494
low_002,low,530.4928127856606,42,2415,884,844,3103,1460.2729820174657
low_002,low,530.4928127856606,42,2415,884,844,3135,1447.339468483172
low_002,low,530.4928127856606,42,2415,884,844,3152,1501.8371227519258
low_002,low,530.4928127856606,42,2415,884,844,3170,1496.046736128301
low_002,low,530.4928127856606,42,2415,884,844,3247,1541.7237280918248
low_002,low,530.4928127856606,42,2415,884,844,3248,1551.354818849989
low_002,low,530.4928127856606,42,2415,884,844,3279,1568.8896149725474
low_003,low,410.9113488617687,55,2192,1107,1062,48,430.41152063754834
low_003,low,410.9113488617687,55,2192,1107,1062,119,418.4950219654473
low_003,low,410.9113488617687,55,2192,1107,1062,123,421.035025378359
low_003,low,410.9113488617687,55,2192,1107,1062,168,462.692676921396
low_003,low,410.9113488617687,55,2192,1107,1062,199,450.6745621745919
low_003,low,410.9113488617687,55,2192,1107,1062,208,445.004095980132
low_003,low,410.9113488617687,55,2192,1107,1062,252,624.0859260299477
low_003,low,410.9113488617687,55,2192,1107,1062,257,606.4045518455074
low_003,low,410.9113488617687,55,2192,1107,1062,265,625.9960041399492
low_003,low,410.9113488617687,55,2192,1107,1062,286,592.7929543399737
low_003,low,410.9113488617687,55,2192,1107,1062,304,663.0563913313247
low_003,low,410.9113488617687,55,2192,1107,1062,306,679.1712424535699
low_003,low,410.9113488617687,55,2192,1107,1062,355,551.95166567707
low_003,low,410.9113488617687,55,2192,1107,1062,385,507.009757924085
low_003,low,410.9113488617687,55,2192,1107,1062,564,439.6086605291089
low_003,low,410.9113488617687,55,2192,1107,1062,686,814.0331273734008
low_003,low,410.9113488617687,55,2192,1107,1062,726,922.2296710067654
low_003,low,410.9113488617687,55,2192,1107,1062,739,925.0623426552564
low_003,low,410.9113488617687,55,2192,1107,1062,746,999.3482431512678
low_003,low,410.9113488617687,55,2192,1107,1062,754,981.6748363798296
low_003,low,410.9113488617687,55,2192,1107,1062,758,946.9397481539488
low_003,low,410.9113488617687,55,2192,1107,1062,761,933.392138532304
low_003,low,410.9113488617687,55,2192,1107,1062,798,954.5140516746916
low_003,low,410.9113488617687,55,2192,1107,1062,812,1049.3794282611411
low_003,low,410.9113488617687,55,2192,1107,1062,815,944.3871234849172
low_003,low,410.9113488617687,55,2192,1107,1062,845,944.5662440452136
low_003,low,410.9113488617687,55,2192,1107,1062,853,920.4169626907244
low_003,low,410.9113488617687,55,2192,1107,1062,856,949.0325034494492
low_003,low,410.9113488617687,55,2192,1107,1062,859,932.8665813057833
low_003,low,410.9113488617687,55,2192,1107,1062,887,1083.755240164809
low_003,low,410.9113488617687,55,2192,1107,1062,1410,535.4784041245524
low_003,low,410.9113488617687,55,2192,1107,1062,1633,451.2395935828981
low_003,low,410.9113488617687,55,2192,1107,1062,1637,423.5893955936731
low_003,low,410.9113488617687,55,2192,1107,1062,1778,472.19114641850126
low_003,low,410.9113488617687,55,2192,1107,1062,2408,1090.1189873670398
low_003,low,410.9113488617687,55,2192,1107,1062,2413,1091.1684501122422
low_003,low,410.9113488617687,55,2192,1107,1062,2422,1096.695134512483
low_003,low,410.9113488617687,55,2192,1107,1062,2639,1118.7651012227118
low_003,low,410.9113488617687,55,2192,1107,1062,2917,1255.5218134992729
low_003,low,410.9113488617687,55,2192,1107,1062,2948,1292.0257341115546
low_003,low,410.9113488617687,55,2192,1107,1062,2966,1292.9716965691964
low_003,low,410.9113488617687,55,2192,1107,1062,3013,1367.5095041063432
low_003,low,410.9113488617687,55,2192,1107,1062,3051,1337.7357673470976
low_003,low,410.9113488617687,55,2192,1107,1062,3068,1371.2043342733637
low_003,low,410.9113488617687,55,2192,1107,1062,3092,1442.6665247657772
low_003,low,410.9113488617687,55,2192,1107,1062,3145,1493.9504369048925
low_003,low,410.9113488617687,55,2192,1107,1062,3146,1494.1314946470466
low_003,low,410.9113488617687,55,2192,1107,1062,3169,1506.8140914704434
low_003,low,410.9113488617687,55,2192,1107,1062,3171,1496.319512492787
low_003,low,410.9113488617687,55,2192,1107,1062,3201,1522.9719014271943
low_003,low,410.9113488617687,55,2192,1107,1062,3225,1545.7686204523336
low_003,low,410.9113488617687,55,2192,1107,1062,3248,1551.354818849989
low_003,low,410.9113488617687,55,2192,1107,1062,3262,1565.7504275141898
low_003,low,410.9113488617687,55,2192,1107,1062,3268,1557.26468037068
low_003,low,410.9113488617687,55,2192,1107,1062,3272,1556.00691951381
low_004,low,463.66944346701973,40,2354,945,902,246,586.7378953456856
low_004,low,463.66944346701973,40,2354,945,902,257,606.4045518455074
low_004,low,463.66944346701973,40,2354,945,902,267,629.4318102182449
low_004,low,463.66944346701973,40,2354,945,902,277,620.4650455789665
low_004,low,463.66944346701973,40,2354,945,902,295,646.1811400666986
low_004,low,463.66944346701973,40,2354,945,902,300,648.3522251141565
low_004,low,463.66944346701973,40,2354,945,902,677,814.9650736679164
low_004,low,463.66944346701973,40,2354,945,902,679,816.9512480335966
low_004,low,463.66944346701973,40,2354,945,902,722,969.2863601612614
low_004,low,463.66944346701973,40,2354,945,902,747,1015.7382628264284
low_004,low,463.66944346701973,40,2354,945,902,778,966.6887284082874
low_004,low,463.66944346701973,40,2354,945,902,858,941.5069878847564
low_004,low,463.66944346701973,40,2354,945,902,1408,534.1605432138168
low_004,low,463.66944346701973,40,2354,945,902,1777,491.7767369096105
low_004,low,463.66944346701973,40,2354,945,902,2413,1091.1684501122422
low_004,low,463.66944346701973,40,2354,945,902,2611,1115.7188505046674
low_004,low,463.66944346701973,40,2354,945,902,2840,1191.7710971128013
low_004,low,463.66944346701973,40,2354,945,902,2847,1173.9142234371768
low_004,low,463.66944346701973,40,2354,945,902,2850,1191.6368948537342
low_004,low,463.66944346701973,40,2354,945,902,2858,1195.650931575308
low_004,low,463.66944346701973,40,2354,945,902,2869,1133.59034757536
low_004,low,463.66944346701973,40,2354,945,902,2887,1135.4484995611729
low_004,low,463.66944346701973,40,2354,945,902,2892,1221.1157889882672
low_004,low,463.66944346701973,40,2354,945,902,2917,1255.5218134992729
low_004,low,463.66944346701973,40,2354,945,902,2991,1281.4636627011207
low_004,low,463.66944346701973,40,2354,945,902,3002,1385.7155951015902
low_004,low,463.66944346701973,40,2354,945,902,3043,1356.9505695357525
low_004,low,463.66944346701973,40,2354,945,902,3048,1364.5005122871762
low_004,low,463.66944346701973,40,2354,945,902,3052,1346.2887757527278
low_004,low,463.66944346701973,40,2354,945,902,3070,1372.087230750595
low_004,low,463.66944346701973,40,2354,945,902,3078,1391.5195447343383
low_004,low,463.66944346701973,40,2354,945,902,3095,1464.5880670339052
low_004,low,463.66944346701973,40,2354,945,902,3102,1454.537091425231
low_004,low,463.66944346701973,40,2354,945,902,3106,1454.7489628182093
low_004,low,463.66944346701973,40,2354,945,902,3117,1462.529725937888
low_004,low,463.66944346701973,40,2354,945,902,3130,1452.1162010679918
low_004,low,463.66944346701973,40,2354,945,902,3134,1447.339468483172
low_004,low,463.66944346701973,40,2354,945,902,3143,1493.7598642443463
low_004,low,463.66944346701973,40,2354,945,902,3189,1498.0004874798062
low_004,low,463.66944346701973,40,2354,945,902,3213,1500.124760957142
low_005,low,448.39500126108226,50,2312,987,944,174,470.44937164549697
low_005,low,448.39500126108226,50,2312,987,944,221,458.2312336665751
low_005,low,448.39500126108226,50,2312,987,944,271,604.1352896108815
low_005,low,448.39500126108226,50,2312,987,944,282,589.3682308638113
low_005,low,448.39500126108226,50,2312,987,944,289,638.751617114854
low_005,low,448.39500126108226,50,2312,987,944,385,507.009757924085
low_005,low,448.39500126108226,50,2312,987,944,390,525.5925634180117
low_005,low,448.39500126108226,50,2312,987,944,559,505.5727870107905
low_005,low,448.39500126108226,50,2312,987,944,660,797.9180499818629
low_005,low,448.39500126108226,50,2312,987,944,732,972.4452185149922
low_005,low,448.39500126108226,50,2312,987,944,750,992.1416294981552
low_005,low,448.39500126108226,50,2312,987,944,768,970.6220399670952
low_005,low,448.39500126108226,50,2312,987,944,779,966.878967356384
low_005,low,448.39500126108226,50,2312,987,944,811,1014.528582549858
low_005,low,448.39500126108226,50,2312,987,944,885,1082.6403489290196
low_005,low,448.39500126108226,50,2312,987,944,1404,531.5248213923456
low_005,low,448.39500126108226,50,2312,987,944,1413,537.0183995248705
low_005,low,448.39500126108226,50,2312,987,944,1756,475.0693712680109
low_005,low,448.39500126108226,50,2312,987,944,2419,1096.446218777193
low_005,low,448.39500126108226,50,2312,987,944,2630,1125.5282072768532
low_005,low,448.39500126108226,50,2312,987,944,2631,1128.272813870322
low_005,low,448.39500126108226,50,2312,987,944,2832,1217.5877377973272
low_005,low,448.39500126108226,50,2312,987,944,2837,1184.2216418876324
low_005,low,448.39500126108226,50,2312,987,944,2845,1234.1281026138215
low_005,low,448.39500126108226,50,2312,987,944,2853,1164.6708416282977
low_005,low,448.39500126108226,50,2312,987,944,2872,1153.219262071798
low_005,low,448.39500126108226,50,2312,987,944,2887,1135.4484995611729
low_005,low,448.39500126108226,50,2312,987,944,2892,1221.1157889882672
low_005,low,448.39500126108226,50,2312,987,944,2913,1250.5607169476248
low_005,low,448.39500126108226,50,2312,987,944,2944,1317.1657269042753
low_005,low,448.39500126108226,50,2312,987,944,2945,1317.662898225413
low_005,low,448.39500126108226,50,2312,987,944,2954,1317.1657269042753
low_005,low,448.39500126108226,50,2312,987,944,2961,1322.7340576559936
low_005,low,448.39500126108226,50,2312,987,944,2969,1297.113865192115
low_005,low,448.39500126108226,50,2312,987,944,2982,1276.0495631405868
low_005,low,448.39500126108226,50,2312,987,944,3039,1354.6957713692263
low_005,low,448.39500126108226,50,2312,987,944,3058,1357.2601260095455
low_005,low,448.39500126108226,50,2312,987,944,3059,1357.3294685704325
low_005,low,448.39500126108226,50,2312,987,944,3078,1391.5195447343383
low_005,low,448.39500126108226,50,2312,987,944,3085,1409.219789021147
low_005,low,448.39500126108226,50,2312,987,944,3088,1409.219789021147
low_005,low,448.39500126108226,50,2312,987,944,3097,1467.6497909356865
low_005,low,448.39500126108226,50,2312,987,944,3119,1449.9142548084246
low_005,low,448.39500126108226,50,2312,987,944,3135,1447.339468483172
low_005,low,448.39500126108226,50,2312,987,944,3188,1497.841611878529
low_005,low,448.39500126108226,50,2312,987,944,3194,1512.9124166079123
low_005,low,448.39500126108226,50,2312,987,944,3250,1543.6999385626443
low_005,low,448.39500126108226,50,2312,987,944,3252,1543.8448866280776
low_005,low,448.39500126108226,50,2312,987,944,3260,1555.3565663298511
low_005,low,448.39500126108226,50,2312,987,944,3296,1576.8790109789904
low_006,low,517.3876634911624,46,2408,891,850,272,604.981568524993
low_006,low,517.3876634911624,46,2408,891,850,285,592.4403599749154
low_006,low,517.3876634911624,46,2408,891,850,292,645.1942832483346
low_006,low,517.3876634911624,46,2408,891,850,688,823.2581540851955
low_006,low,517.3876634911624,46,2408,891,850,721,968.7289145433668
low_006,low,517.3876634911624,46,2408,891,850,728,953.9997699685364
low_006,low,517.3876634911624,46,2408,891,850,746,999.3482431512678
low_006,low,517.3876634911624,46,2408,891,850,749,1018.5507514501016
low_006,low,517.3876634911624,46,2408,891,850,763,978.3499017414658
low_006,low,517.3876634911624,46,2408,891,850,766,990.3591760990912
low_006,low,517.3876634911624,46,2408,891,850,768,970.6220399670952
low_006,low,517.3876634911624,46,2408,891,850,777,966.220409428972
low_006,low,517.3876634911624,46,2408,891,850,824,951.9962503166522
low_006,low,517.3876634911624,46,2408,891,850,827,938.523793799569
low_006,low,517.3876634911624,46,2408,891,850,831,956.6509264140744
low_006,low,517.3876634911624,46,2408,891,850,838,937.2408799827527
low_006,low,517.3876634911624,46,2408,891,850,854,939.5935090512652
low_006,low,517.3876634911624,46,2408,891,850,867,953.25058399976
low_006,low,517.3876634911624,46,2408,891,850,868,951.276870363032
low_006,low,517.3876634911624,46,2408,891,850,887,1083.755240164809
low_006,low,517.3876634911624,46,2408,891,850,1414,538.1141259460236
low_006,low,517.3876634911624,46,2408,891,850,2407,1090.0940063395317
low_006,low,517.3876634911624,46,2408,891,850,2417,1094.0306211734855
low_006,low,517.3876634911624,46,2408,891,850,2622,1121.2456494416697
low_006,low,517.3876634911624,46,2408,891,850,2626,1119.5283468504165
low_006,low,517.3876634911624,46,2408,891,850,2825,1144.3839022981847
low_006,low,517.3876634911624,46,2408,891,850,2882,1209.0296140120126
low_006,low,517.3876634911624,46,2408,891,850,2910,1246.4582716916032
low_006,low,517.3876634911624,46,2408,891,850,2930,1265.1981278832689
low_006,low,517.3876634911624,46,2408,891,850,2937,1271.9538496773398
low_006,low,517.3876634911624,46,2408,891,850,2946,1273.4736091399748
low_006,low,517.3876634911624,46,2408,891,850,2981,1313.4528791357563
low_006,low,517.3876634911624,46,2408,891,850,2995,1361.5855515954695
low_006,low,517.3876634911624,46,2408,891,850,2998,1373.5840861635106
low_006,low,517.3876634911624,46,2408,891,850,3027,1344.1537661932912
low_006,low,517.3876634911624,46,2408,891,850,3029,1336.0691773166277
low_006,low,517.3876634911624,46,2408,891,850,3059,1357.3294685704325
low_006,low,517.3876634911624,46,2408,891,850,3060,1359.2053677022786
low_006,low,517.3876634911624,46,2408,891,850,3095,1464.5880670339052
low_006,low,517.3876634911624,46,2408,891,850,3122,1471.2229686228654
low_006,low,517.3876634911624,46,2408,891,850,3156,1503.43373003074
low_006,low,517.3876634911624,46,2408,891,850,3190,1498.333608054852
low_006,low,517.3876634911624,46,2408,891,850,3206,1514.4369978922798
low_006,low,517.3876634911624,46,2408,891,850,3235,1533.2057519414043
low_006,low,517.3876634911624,46,2408,891,850,3252,1543.8448866280776
low_006,low,517.3876634911624,46,2408,891,850,3271,1564.4158068983966
low_007,low,371.33127356218085,61,2109,1190,1141,69,407.8374349014399
low_007,low,371.33127356218085,61,2109,1190,1141,73,432.7515094290097
low_007,low,371.33127356218085,61,2109,1190,1141,76,435.95220432667946
low_007,low,371.33127356218085,61,2109,1190,1141,77,436.1058386005921
low_007,low,371.33127356218085,61,2109,1190,1141,78,436.46603157701503
low_007,low,371.33127356218085,61,2109,1190,1141,89,432.0261153587162
low_007,low,371.33127356218085,61,2109,1190,1141,110,438.02586362960886
low_007,low,371.33127356218085,61,2109,1190,1141,111,430.3426109378204
low_007,low,371.33127356218085,61,2109,1190,1141,131,415.5199324872636
low_007,low,371.33127356218085,61,2109,1190,1141,153,433.90771343456674
low_007,low,371.33127356218085,61,2109,1190,1141,156,435.4996262945085
low_007,low,371.33127356218085,61,2109,1190,1141,177,471.4855712577222
low_007,low,371.33127356218085,61,2109,1190,1141,219,456.6115960324248
low_007,low,371.33127356218085,61,2109,1190,1141,221,458.2312336665751
low_007,low,371.33127356218085,61,2109,1190,1141,226,511.9603604313671
low_007,low,371.33127356218085,61,2109,1190,1141,280,605.2281353396619
low_007,low,371.33127356218085,61,2109,1190,1141,298,658.5168500609641
low_007,low,371.33127356218085,61,2109,1190,1141,315,706.850530538859
low_007,low,371.33127356218085,61,2109,1190,1141,357,572.2347606146358
low_007,low,371.33127356218085,61,2109,1190,1141,752,972.0531254977168
low_007,low,371.33127356218085,61,2109,1190,1141,834,941.5069878847564
low_007,low,371.33127356218085,61,2109,1190,1141,842,978.2983972260008
low_007,low,371.33127356218085,61,2109,1190,1141,857,949.5005281370336
low_007,low,371.33127356218085,61,2109,1190,1141,860,957.6914396823984
low_007,low,371.33127356218085,61,2109,1190,1141,873,1078.7031028631502
low_007,low,371.33127356218085,61,2109,1190,1141,875,1079.6243601424812
low_007,low,371.33127356218085,61,2109,1190,1141,877,1080.4105664574408
low_007,low,371.33127356218085,61,2109,1190,1141,1634,452.7715293696173
low_007,low,371.33127356218085,61,2109,1190,1141,1641,443.6043668048532
low_007,low,371.33127356218085,61,2109,1190,1141,1755,472.3243995768601
low_007,low,371.33127356218085,61,2109,1190,1141,2351,406.28819398540026
low_007,low,371.33127356218085,61,2109,1190,1141,2618,1119.468392383504
low_007,low,371.33127356218085,61,2109,1190,1141,2714,386.094467790122
low_007,low,371.33127356218085,61,2109,1190,1141,2853,1164.6708416282977
low_007,low,371.33127356218085,61,2109,1190,1141,2862,1201.455885565479
low_007,low,371.33127356218085,61,2109,1190,1141,2876,1171.827618389292
low_007,low,371.33127356218085,61,2109,1190,1141,2882,1209.0296140120126
low_007,low,371.33127356218085,61,2109,1190,1141,2906,1245.4088089464008
low_007,low,371.33127356218085,61,2109,1190,1141,2912,1249.9612814002455
low_007,low,371.33127356218085,61,2109,1190,1141,2946,1273.4736091399748
low_007,low,371.33127356218085,61,2109,1190,1141,2955,1290.0533506469906
low_007,low,371.33127356218085,61,2109,1190,1141,2963,1322.7340576559936
low_007,low,371.33127356218085,61,2109,1190,1141,2968,1296.6128027771294
low_007,low,371.33127356218085,61,2109,1190,1141,2979,1309.540371060872
low_007,low,371.33127356218085,61,2109,1190,1141,3016,1342.0187566338543
low_007,low,371.33127356218085,61,2109,1190,1141,3026,1343.7158843708903
low_007,low,371.33127356218085,61,2109,1190,1141,3042,1355.0974132165838
low_007,low,371.33127356218085,61,2109,1190,1141,3063,1338.0398752452795
low_007,low,371.33127356218085,61,2109,1190,1141,3066,1369.761483728261
low_007,low,371.33127356218085,61,2109,1190,1141,3079,1390.0646934730294
low_007,low,371.33127356218085,61,2109,1190,1141,3139,1449.0229826302657
low_007,low,371.33127356218085,61,2109,1190,1141,3158,1503.7649289017088
low_007,low,371.33127356218085,61,2109,1190,1141,3196,1499.363711264271
low_007,low,371.33127356218085,61,2109,1190,1141,3197,1513.3479993211588
low_007,low,371.33127356218085,61,2109,1190,1141,3210,1502.6214929100356
low_007,low,371.33127356218085,61,2109,1190,1141,3215,1516.0568655282184
low_007,low,371.33127356218085,61,2109,1190,1141,3216,1519.7620219652044
low_007,low,371.33127356218085,61,2109,1190,1141,3220,1550.3302292018425
low_007,low,371.33127356218085,61,2109,1190,1141,3231,1532.8619938195989
low_007,low,371.33127356218085,61,2109,1190,1141,3247,1541.7237280918248
low_007,low,371.33127356218085,61,2109,1190,1141,3277,1563.355949492931
low_008,low,445.3867834955562,43,2302,997,954,174,470.44937164549697
low_008,low,445.3867834955562,43,2302,997,954,182,460.7979118724884
low_008,low,445.3867834955562,43,2302,997,954,202,459.37764093643017
low_008,low,445.3867834955562,43,2302,997,954,207,453.6831211858038
low_008,low,445.3867834955562,43,2302,997,954,245,599.2151036396245
low_008,low,445.3867834955562,43,2302,997,954,254,642.281845156259
low_008,low,445.3867834955562,43,2302,997,954,270,632.8676162965406
low_008,low,445.3867834955562,43,2302,997,954,357,572.2347606146358
low_008,low,445.3867834955562,43,2302,997,954,569,453.8064155150436
low_008,low,445.3867834955562,43,2302,997,954,612,747.992874965366
low_008,low,445.3867834955562,43,2302,997,954,667,802.7026220950013
low_008,low,445.3867834955562,43,2302,997,954,689,822.70516385316
low_008,low,445.3867834955562,43,2302,997,954,753,976.5331528616296
low_008,low,445.3867834955562,43,2302,997,954,764,958.4838380099771
low_008,low,445.3867834955562,43,2302,997,954,768,970.6220399670952
low_008,low,445.3867834955562,43,2302,997,954,784,926.5229277123624
low_008,low,445.3867834955562,43,2302,997,954,841,932.1677120298197
low_008,low,445.3867834955562,43,2302,997,954,858,941.5069878847564
low_008,low,445.3867834955562,43,2302,997,954,1756,475.0693712680109
low_008,low,445.3867834955562,43,2302,997,954,2632,1117.981870772703
low_008,low,445.3867834955562,43,2302,997,954,2832,1217.5877377973272
low_008,low,445.3867834955562,43,2302,997,954,2839,1155.4247576360103
low_008,low,445.3867834955562,43,2302,997,954,2842,1150.4881305062509
low_008,low,445.3867834955562,43,2302,997,954,2856,1148.318444595122
low_008,low,445.3867834955562,43,2302,997,954,2861,1209.1421287289538
low_008,low,445.3867834955562,43,2302,997,954,2864,1240.9736594677693
low_008,low,445.3867834955562,43,2302,997,954,2875,1169.850827023189
low_008,low,445.3867834955562,43,2302,997,954,2896,1138.9307269284757
low_008,low,445.3867834955562,43,2302,997,954,2945,1317.662898225413
low_008,low,445.3867834955562,43,2302,997,954,2976,1308.2660992160131
low_008,low,445.3867834955562,43,2302,997,954,2989,1279.8657912222443
low_008,low,445.3867834955562,43,2302,997,954,2999,1375.8958913918657
low_008,low,445.3867834955562,43,2302,997,954,3025,1366.644984232917
low_008,low,445.3867834955562,43,2302,997,954,3032,1348.6092748376982
low_008,low,445.3867834955562,43,2302,997,954,3054,1336.8554006071297
low_008,low,445.3867834955562,43,2302,997,954,3060,1359.2053677022786
low_008,low,445.3867834955562,43,2302,997,954,3135,1447.339468483172
low_008,low,445.3867834955562,43,2302,997,954,3162,1505.73750239245
low_008,low,445.3867834955562,43,2302,997,954,3169,1506.8140914704434
low_008,low,445.3867834955562,43,2302,997,954,3198,1499.5810671374104
low_008,low,445.3867834955562,43,2302,997,954,3206,1514.4369978922798
low_008,low,445.3867834955562,43,2302,997,954,3270,1558.143794253193
low_008,low,445.3867834955562,43,2302,997,954,3277,1563.355949492931
low_009,low,538.1584606171965,50,2427,872,832,229,581.9908425363255
low_009,low,538.1584606171965,50,2427,872,832,244,599.1039714697316
low_009,low,538.1584606171965,50,2427,872,832,246,586.7378953456856
low_009,low,538.1584606171965,50,2427,872,832,277,620.4650455789665
low_009,low,538.1584606171965,50,2427,872,832,278,600.2621524293659
low_009,low,538.1584606171965,50,2427,872,832,279,601.1341524149818
low_009,low,538.1584606171965,50,2427,872,832,315,706.850530538859
low_009,low,538.1584606171965,50,2427,872,832,357,572.2347606146358
low_009,low,538.1584606171965,50,2427,872,832,731,971.8877728970976
low_009,low,538.1584606171965,50,2427,872,832,732,972.4452185149922
low_009,low,538.1584606171965,50,2427,872,832,737,921.275613986351
low_009,low,538.1584606171965,50,2427,872,832,758,946.9397481539488
low_009,low,538.1584606171965,50,2427,872,832,762,976.0601648014851
low_009,low,538.1584606171965,50,2427,872,832,772,933.9814725415728
low_009,low,538.1584606171965,50,2427,872,832,804,929.5219075984146
low_009,low,538.1584606171965,50,2427,872,832,807,940.9291888570988
low_009,low,538.1584606171965,50,2427,872,832,814,934.6750523491202
low_009,low,538.1584606171965,50,2427,872,832,820,935.77728108334
low_009,low,538.1584606171965,50,2427,872,832,1422,547.6980430413998
low_009,low,538.1584606171965,50,2427,872,832,2411,1091.1159899538795
low_009,low,538.1584606171965,50,2427,872,832,2633,1119.607066366669
low_009,low,538.1584606171965,50,2427,872,832,2843,1199.3346981076645
low_009,low,538.1584606171965,50,2427,872,832,2844,1222.998592866967
low_009,low,538.1584606171965,50,2427,872,832,2856,1148.318444595122
low_009,low,538.1584606171965,50,2427,872,832,2876,1171.827618389292
low_009,low,538.1584606171965,50,2427,872,832,2903,1257.9418907043237
low_009,low,538.1584606171965,50,2427,872,832,2920,1247.4527761750965
low_009,low,538.1584606171965,50,2427,872,832,2931,1264.4457685984123
low_009,low,538.1584606171965,50,2427,872,832,2936,1271.9538496773398
low_009,low,538.1584606171965,50,2427,872,832,2954,1317.1657269042753
low_009,low,538.1584606171965,50,2427,872,832,2977,1275.8892067436825
low_009,low,538.1584606171965,50,2427,872,832,3028,1370.2930014103376
low_009,low,538.1584606171965,50,2427,872,832,3036,1352.4409732027002
low_009,low,538.1584606171965,50,2427,872,832,3051,1337.7357673470976
low_009,low,538.1584606171965,50,2427,872,832,3070,1372.087230750595
low_009,low,538.1584606171965,50,2427,872,832,3074,1389.2887727887692
low_009,low,538.1584606171965,50,2427,872,832,3096,1464.9339936008407
low_009,low,538.1584606171965,50,2427,872,832,3119,1449.9142548084246
low_009,low,538.1584606171965,50,2427,872,832,3124,1456.484456082462
low_009,low,538.1584606171965,50,2427,872,832,3145,1493.9504369048925
low_009,low,538.1584606171965,50,2427,872,832,3185,1497.080562185658
low_009,low,538.1584606171965,50,2427,872,832,3205,1514.3002151326075
low_009,low,538.1584606171965,50,2427,872,832,3240,1534.673691994691
low_009,low,538.1584606171965,50,2427,872,832,3247,1541.7237280918248
low_009,low,538.1584606171965,50,2427,872,832,3248,1551.354818849989
low_009,low,538.1584606171965,50,2427,872,832,3250,1543.6999385626443
low_009,low,538.1584606171965,50,2427,872,832,3258,1560.7202276714595
low_009,low,538.1584606171965,50,2427,872,832,3265,1560.9512433172054
low_009,low,538.1584606171965,50,2427,872,832,3269,1557.5278701324796
low_009,low,538.1584606171965,50,2427,872,832,3270,1558.143794253193
low_010,low,521.2344960573689,45,2409,890,849,228,581.1010835730609
low_010,low,521.2344960573689,45,2409,890,849,273,639.7290120002218
low_010,low,521.2344960573689,45,2409,890,849,279,601.1341524149818
low_010,low,521.2344960573689,45,2409,890,849,296,653.9773087906035
low_010,low,521.2344960573689,45,2409,890,849,563,561.2088293718348
low_010,low,521.2344960573689,45,2409,890,849,677,814.9650736679164
low_010,low,521.2344960573689,45,2409,890,849,686,814.0331273734008
low_010,low,521.2344960573689,45,2409,890,849,722,969.2863601612614
low_010,low,521.2344960573689,45,2409,890,849,767,976.5431808772796
low_010,low,521.2344960573689,45,2409,890,849,774,934.537007002294
low_010,low,521.2344960573689,45,2409,890,849,787,964.3035858572514
low_010,low,521.2344960573689,45,2409,890,849,793,927.6677961823528
low_010,low,521.2344960573689,45,2409,890,849,805,929.799255571632
low_010,low,521.2344960573689,45,2409,890,849,822,935.9579661659365
low_010,low,521.2344960573689,45,2409,890,849,835,931.7516900699936
low_010,low,521.2344960573689,45,2409,890,849,837,937.0175551643856
low_010,low,521.2344960573689,45,2409,890,849,840,962.1092546420588
low_010,low,521.2344960573689,45,2409,890,849,863,990.9413058528278
low_010,low,521.2344960573689,45,2409,890,849,1408,534.1605432138168
low_010,low,521.2344960573689,45,2409,890,849,2407,1090.0940063395317
low_010,low,521.2344960573689,45,2409,890,849,2630,1125.5282072768532
low_010,low,521.2344960573689,45,2409,890,849,2632,1117.981870772703
low_010,low,521.2344960573689,45,2409,890,849,2635,1120.3045607549689
low_010,low,521.2344960573689,45,2409,890,849,2847,1173.9142234371768
low_010,low,521.2344960573689,45,2409,890,849,2854,1140.7325320231807
low_010,low,521.2344960573689,45,2409,890,849,2857,1189.1631793738577
low_010,low,521.2344960573689,45,2409,890,849,2866,1141.6463872099162
low_010,low,521.2344960573689,45,2409,890,849,2880,1172.5806817909013
low_010,low,521.2344960573689,45,2409,890,849,2902,1257.3345218153138
low_010,low,521.2344960573689,45,2409,890,849,2951,1320.931334661675
low_010,low,521.2344960573689,45,2409,890,849,3008,1364.6246273546485
low_010,low,521.2344960573689,45,2409,890,849,3016,1342.0187566338543
low_010,low,521.2344960573689,45,2409,890,849,3032,1348.6092748376982
low_010,low,521.2344960573689,45,2409,890,849,3056,1339.5984267172976
low_010,low,521.2344960573689,45,2409,890,849,3087,1409.219789021147
low_010,low,521.2344960573689,45,2409,890,849,3128,1451.4006929915497
low_010,low,521.2344960573689,45,2409,890,849,3153,1517.96259210528
low_010,low,521.2344960573689,45,2409,890,849,3156,1503.43373003074
low_010,low,521.2344960573689,45,2409,890,849,3158,1503.7649289017088
low_010,low,521.2344960573689,45,2409,890,849,3165,1495.2844454861174
low_010,low,521.2344960573689,45,2409,890,849,3170,1496.046736128301
low_010,low,521.2344960573689,45,2409,890,849,3188,1497.841611878529
low_010,low,521.2344960573689,45,2409,890,849,3225,1545.7686204523336
low_010,low,521.2344960573689,45,2409,890,849,3287,1578.2606105011716
low_010,low,521.2344960573689,45,2409,890,849,3293,1584.7639876401672
low_011,low,540.9854556153657,27,2433,866,826,257,606.4045518455074
low_011,low,540.9854556153657,27,2433,866,826,301,650.1285673401547
low_011,low,540.9854556153657,27,2433,866,826,308,693.0108864962144
low_011,low,540.9854556153657,27,2433,866,826,730,970.494158907738
low_011,low,540.9854556153657,27,2433,866,826,731,971.8877728970976
low_011,low,540.9854556153657,27,2433,866,826,758,946.9397481539488
low_011,low,540.9854556153657,27,2433,866,826,782,921.3051338037236
low_011,low,540.9854556153657,27,2433,866,826,828,938.8126675274788
low_011,low,540.9854556153657,27,2433,866,826,885,1082.6403489290196
low_011,low,540.9854556153657,27,2433,866,826,2418,1094.0306211734855
low_011,low,540.9854556153657,27,2433,866,826,2632,1117.981870772703
low_011,low,540.9854556153657,27,2433,866,826,2636,1120.386998146043
low_011,low,540.9854556153657,27,2433,866,826,2831,1132.9674735222557
low_011,low,540.9854556153657,27,2433,866,826,2914,1250.8365215650456
low_011,low,540.9854556153657,27,2433,866,826,2954,1317.1657269042753
low_011,low,540.9854556153657,27,2433,866,826,2974,1305.032840956443
low_011,low,540.9854556153657,27,2433,866,826,3024,1384.491681031593
low_011,low,540.9854556153657,27,2433,866,826,3026,1343.7158843708903
low_011,low,540.9854556153657,27,2433,866,826,3027,1344.1537661932912
low_011,low,540.9854556153657,27,2433,866,826,3041,1359.561523924281
low_011,low,540.9854556153657,27,2433,866,826,3055,1346.5405929480091
low_011,low,540.9854556153657,27,2433,866,826,3097,1467.6497909356865
low_011,low,540.9854556153657,27,2433,866,826,3138,1448.9565767520114
low_011,low,540.9854556153657,27,2433,866,826,3140,1472.038704514705
low_011,low,540.9854556153657,27,2433,866,826,3240,1534.673691994691
low_011,low,540.9854556153657,27,2433,866,826,3293,1584.7639876401672
low_011,low,540.9854556153657,27,2433,866,826,3294,1587.5767001711947
low_012,low,552.540933100795,39,2443,856,816,251,595.8706677227543
low_012,low,552.540933100795,39,2443,856,816,252,624.0859260299477
low_012,low,552.540933100795,39,2443,856,816,294,647.1679968850626
low_012,low,552.540933100795,39,2443,856,816,299,660.7866206961444
low_012,low,552.540933100795,39,2443,856,816,300,648.3522251141565
low_012,low,552.540933100795,39,2443,856,816,307,691.7430147848565
low_012,low,552.540933100795,39,2443,856,816,668,804.9618123559368
low_012,low,552.540933100795,39,2443,856,816,674,818.7397735633245
low_012,low,552.540933100795,39,2443,856,816,725,972.2996965465496
low_012,low,552.540933100795,39,2443,856,816,758,946.9397481539488
low_012,low,552.540933100795,39,2443,856,816,786,927.2921251268356
low_012,low,552.540933100795,39,2443,856,816,795,980.544232842926
low_012,low,552.540933100795,39,2443,856,816,809,1004.473995262756
low_012,low,552.540933100795,39,2443,856,816,817,948.5616451341464
low_012,low,552.540933100795,39,2443,856,816,831,956.6509264140744
low_012,low,552.540933100795,39,2443,856,816,837,937.0175551643856
low_012,low,552.540933100795,39,2443,856,816,845,944.5662440452136
low_012,low,552.540933100795,39,2443,856,816,2424,1095.3135349903018
low_012,low,552.540933100795,39,2443,856,816,2862,1201.455885565479
low_012,low,552.540933100795,39,2443,856,816,2915,1254.1918348415977
low_012,low,552.540933100795,39,2443,856,816,2927,1256.464813461345
low_012,low,552.540933100795,39,2443,856,816,2931,1264.4457685984123
low_012,low,552.540933100795,39,2443,856,816,2942,1274.4276661603892
low_012,low,552.540933100795,39,2443,856,816,3007,1334.5986567427542
low_012,low,552.540933100795,39,2443,856,816,3044,1362.2788087129386
low_012,low,552.540933100795,39,2443,856,816,3058,1357.2601260095455
low_012,low,552.540933100795,39,2443,856,816,3093,1442.6665247657772
low_012,low,552.540933100795,39,2443,856,816,3095,1464.5880670339052
low_012,low,552.540933100795,39,2443,856,816,3101,1459.3709472251255
low_012,low,552.540933100795,39,2443,856,816,3181,1511.3878353235452
low_012,low,552.540933100795,39,2443,856,816,3196,1499.363711264271
low_012,low,552.540933100795,39,2443,856,816,3200,1522.9719014271943
low_012,low,552.540933100795,39,2443,856,816,3206,1514.4369978922798
low_012,low,552.540933100795,39,2443,856,816,3219,1548.7818097752966
low_012,low,552.540933100795,39,2443,856,816,3224,1540.0364429291035
low_012,low,552.540933100795,39,2443,856,816,3225,1545.7686204523336
low_012,low,552.540933100795,39,2443,856,816,3235,1533.2057519414043
low_012,low,552.540933100795,39,2443,856,816,3276,1562.8318631761613
low_012,low,552.540933100795,39,2443,856,816,3290,1583.6528552746286
low_013,low,308.07970005276184,69,1959,1340,1286,45,420.2864442443143
low_013,low,308.07970005276184,69,1959,1340,1286,57,423.77302013452345
low_013,low,308.07970005276184,69,1959,1340,1286,135,416.7684564733481
low_013,low,308.07970005276184,69,1959,1340,1286,193,452.887009420936
low_013,low,308.07970005276184,69,1959,1340,1286,206,458.8711298727765
low_013,low,308.07970005276184,69,1959,1340,1286,218,455.9720434056396
low_013,low,308.07970005276184,69,1959,1340,1286,239,586.4396373526487
low_013,low,308.07970005276184,69,1959,1340,1286,268,629.6142536696989
low_013,low,308.07970005276184,69,1959,1340,1286,271,604.1352896108815
low_013,low,308.07970005276184,69,1959,1340,1286,278,600.2621524293659
low_013,low,308.07970005276184,69,1959,1340,1286,282,589.3682308638113
low_013,low,308.07970005276184,69,1959,1340,1286,314,717.7716102434749
low_013,low,308.07970005276184,69,1959,1340,1286,357,572.2347606146358
low_013,low,308.07970005276184,69,1959,1340,1286,362,342.64444847047207
low_013,low,308.07970005276184,69,1959,1340,1286,368,438.6885352437045
low_013,low,308.07970005276184,69,1959,1340,1286,403,321.9049387361855
low_013,low,308.07970005276184,69,1959,1340,1286,434,347.3433176238572
low_013,low,308.07970005276184,69,1959,1340,1286,436,355.80331711024616
low_013,low,308.07970005276184,69,1959,1340,1286,567,445.8561269684617
low_013,low,308.07970005276184,69,1959,1340,1286,660,797.9180499818629
low_013,low,308.07970005276184,69,1959,1340,1286,661,800.1772402427983
low_013,low,308.07970005276184,69,1959,1340,1286,735,975.789892056229
low_013,low,308.07970005276184,69,1959,1340,1286,773,926.177233891046
low_013,low,308.07970005276184,69,1959,1340,1286,782,921.3051338037236
low_013,low,308.07970005276184,69,1959,1340,1286,791,961.5750293536856
low_013,low,308.07970005276184,69,1959,1340,1286,818,969.2863601612614
low_013,low,308.07970005276184,69,1959,1340,1286,822,935.9579661659365
low_013,low,308.07970005276184,69,1959,1340,1286,844,952.5629921781916
low_013,low,308.07970005276184,69,1959,1340,1286,861,945.8736450957184
low_013,low,308.07970005276184,69,1959,1340,1286,877,1080.4105664574408
low_013,low,308.07970005276184,69,1959,1340,1286,884,1083.0589655524525
low_013,low,308.07970005276184,69,1959,1340,1286,887,1083.755240164809
low_013,low,308.07970005276184,69,1959,1340,1286,1415,538.1141259460236
low_013,low,308.07970005276184,69,1959,1340,1286,1417,539.4319868567592
low_013,low,308.07970005276184,69,1959,1340,1286,1420,540.7498477674948
low_013,low,308.07970005276184,69,1959,1340,1286,1632,402.81049416876266
low_013,low,308.07970005276184,69,1959,1340,1286,1657,327.54041218284965
low_013,low,308.07970005276184,69,1959,1340,1286,1733,326.20927327429735
low_013,low,308.07970005276184,69,1959,1340,1286,1747,348.9383721422802
low_013,low,308.07970005276184,69,1959,1340,1286,2326,368.8120263572655
low_013,low,308.07970005276184,69,1959,1340,1286,2328,369.13378535765753
low_013,low,308.07970005276184,69,1959,1340,1286,2336,384.8118596826327
low_013,low,308.07970005276184,69,1959,1340,1286,2401,485.92253741087467
low_013,low,308.07970005276184,69,1959,1340,1286,2413,1091.1684501122422
low_013,low,308.07970005276184,69,1959,1340,1286,2426,340.41072828726374
low_013,low,308.07970005276184,69,1959,1340,1286,2445,380.3024392599919
low_013,low,308.07970005276184,69,1959,1340,1286,2822,1154.8188426393156
low_013,low,308.07970005276184,69,1959,1340,1286,2896,1138.9307269284757
low_013,low,308.07970005276184,69,1959,1340,1286,2947,1274.402685132881
low_013,low,308.07970005276184,69,1959,1340,1286,3014,1368.1967021301336
low_013,low,308.07970005276184,69,1959,1340,1286,3023,1382.7991232033703
low_013,low,308.07970005276184,69,1959,1340,1286,3042,1355.0974132165838
low_013,low,308.07970005276184,69,1959,1340,1286,3080,1390.079669677741
low_013,low,308.07970005276184,69,1959,1340,1286,3082,1394.5320309851477
low_013,low,308.07970005276184,69,1959,1340,1286,3087,1409.219789021147
low_013,low,308.07970005276184,69,1959,1340,1286,3128,1451.4006929915497
low_013,low,308.07970005276184,69,1959,1340,1286,3143,1493.7598642443463
low_013,low,308.07970005276184,69,1959,1340,1286,3149,1516.0568655282184
low_013,low,308.07970005276184,69,1959,1340,1286,3177,1509.5584761597952
low_013,low,308.07970005276184,69,1959,1340,1286,3192,1498.7907773086083
low_013,low,308.07970005276184,69,1959,1340,1286,3193,1512.7196354750035
low_013,low,308.07970005276184,69,1959,1340,1286,3211,1500.3713569662125
low_013,low,308.07970005276184,69,1959,1340,1286,3225,1545.7686204523336
low_013,low,308.07970005276184,69,1959,1340,1286,3248,1551.354818849989
low_013,low,308.07970005276184,69,1959,1340,1286,3249,1542.198711368335
low_013,low,308.07970005276184,69,1959,1340,1286,3258,1560.7202276714595
low_013,low,308.07970005276184,69,1959,1340,1286,3268,1557.26468037068
low_013,low,308.07970005276184,69,1959,1340,1286,3275,1558.430490731479
low_013,low,308.07970005276184,69,1959,1340,1286,3280,1569.4745895398314
low_014,low,497.5495755196444,42,2390,909,867,238,585.8905702116699
low_014,low,497.5495755196444,42,2390,909,867,245,599.2151036396245
low_014,low,497.5495755196444,42,2390,909,867,256,605.8278474391045
low_014,low,497.5495755196444,42,2390,909,867,271,604.1352896108815
low_014,low,497.5495755196444,42,2390,909,867,274,640.2177677644506
low_014,low,497.5495755196444,42,2390,909,867,658,797.9180499818629
low_014,low,497.5495755196444,42,2390,909,867,677,814.9650736679164
low_014,low,497.5495755196444,42,2390,909,867,739,925.0623426552564
low_014,low,497.5495755196444,42,2390,909,867,794,940.113373895397
low_014,low,497.5495755196444,42,2390,909,867,806,950.7048401923788
low_014,low,497.5495755196444,42,2390,909,867,816,955.421669047218
low_014,low,497.5495755196444,42,2390,909,867,837,937.0175551643856
low_014,low,497.5495755196444,42,2390,909,867,838,937.2408799827527
low_014,low,497.5495755196444,42,2390,909,867,839,937.6048687810024
low_014,low,497.5495755196444,42,2390,909,867,848,965.1055181931824
low_014,low,497.5495755196444,42,2390,909,867,859,932.8665813057833
low_014,low,497.5495755196444,42,2390,909,867,870,1077.7162460447862
low_014,low,497.5495755196444,42,2390,909,867,2406,1089.1649303466254
low_014,low,497.5495755196444,42,2390,909,867,2423,1095.2708952545313
low_014,low,497.5495755196444,42,2390,909,867,2607,1098.1754197400292
low_014,low,497.5495755196444,42,2390,909,867,2876,1171.827618389292
low_014,low,497.5495755196444,42,2390,909,867,2898,1223.4708846976366
low_014,low,497.5495755196444,42,2390,909,867,2917,1255.5218134992729
low_014,low,497.5495755196444,42,2390,909,867,2959,1284.3437983012814
low_014,low,497.5495755196444,42,2390,909,867,2995,1361.5855515954695
low_014,low,497.5495755196444,42,2390,909,867,2997,1372.9701272278262
low_014,low,497.5495755196444,42,2390,909,867,3049,1336.2930493262406
low_014,low,497.5495755196444,42,2390,909,867,3093,1442.6665247657772
low_014,low,497.5495755196444,42,2390,909,867,3103,1460.2729820174657
low_014,low,497.5495755196444,42,2390,909,867,3117,1462.529725937888
low_014,low,497.5495755196444,42,2390,909,867,3119,1449.9142548084246
low_014,low,497.5495755196444,42,2390,909,867,3137,1448.1317104521063
low_014,low,497.5495755196444,42,2390,909,867,3153,1517.96259210528
low_014,low,497.5495755196444,42,2390,909,867,3174,1507.977896502191
low_014,low,497.5495755196444,42,2390,909,867,3200,1522.9719014271943
low_014,low,497.5495755196444,42,2390,909,867,3212,1499.8581893392193
low_014,low,497.5495755196444,42,2390,909,867,3216,1519.7620219652044
low_014,low,497.5495755196444,42,2390,909,867,3218,1548.2955628071743
low_014,low,497.5495755196444,42,2390,909,867,3222,1547.95194894706
low_014,low,497.5495755196444,42,2390,909,867,3236,1533.4146336402357
low_014,low,497.5495755196444,42,2390,909,867,3252,1543.8448866280776
low_014,low,497.5495755196444,42,2390,909,867,3272,1556.00691951381
low_015,low,528.8129542941931,39,2412,887,846,236,584.6601194261194
low_015,low,528.8129542941931,39,2412,887,846,268,629.6142536696989
low_015,low,528.8129542941931,39,2412,887,846,277,620.4650455789665
low_015,low,528.8129542941931,39,2412,887,846,282,589.3682308638113
low_015,low,528.8129542941931,39,2412,887,846,314,717.7716102434749
low_015,low,528.8129542941931,39,2412,887,846,355,551.95166567707
low_015,low,528.8129542941931,39,2412,887,846,679,816.9512480335966
low_015,low,528.8129542941931,39,2412,887,846,714,918.8972032280894
low_015,low,528.8129542941931,39,2412,887,846,760,938.2578292454314
low_015,low,528.8129542941931,39,2412,887,846,793,927.6677961823528
low_015,low,528.8129542941931,39,2412,887,846,805,929.799255571632
low_015,low,528.8129542941931,39,2412,887,846,819,935.1892712880492
low_015,low,528.8129542941931,39,2412,887,846,858,941.5069878847564
low_015,low,528.8129542941931,39,2412,887,846,1405,534.856065756443
low_015,low,528.8129542941931,39,2412,887,846,1411,537.5157515305964
low_015,low,528.8129542941931,39,2412,887,846,1523,543.4797025352075
low_015,low,528.8129542941931,39,2412,887,846,2625,1122.1627127407817
low_015,low,528.8129542941931,39,2412,887,846,2860,1200.3039391294697
low_015,low,528.8129542941931,39,2412,887,846,2889,1160.7549977774918
low_015,low,528.8129542941931,39,2412,887,846,2897,1216.5615113965555
low_015,low,528.8129542941931,39,2412,887,846,2900,1253.80451090802
low_015,low,528.8129542941931,39,2412,887,846,2921,1247.5798939938586
low_015,low,528.8129542941931,39,2412,887,846,2985,1277.9576771814156
low_015,low,528.8129542941931,39,2412,887,846,3028,1370.2930014103376
low_015,low,528.8129542941931,39,2412,887,846,3068,1371.2043342733637
low_015,low,528.8129542941931,39,2412,887,846,3070,1372.087230750595
low_015,low,528.8129542941931,39,2412,887,846,3077,1389.2887727887692
low_015,low,528.8129542941931,39,2412,887,846,3092,1442.6665247657772
low_015,low,528.8129542941931,39,2412,887,846,3093,1442.6665247657772
low_015,low,528.8129542941931,39,2412,887,846,3129,1452.030267731915
low_015,low,528.8129542941931,39,2412,887,846,3134,1447.339468483172
low_015,low,528.8129542941931,39,2412,887,846,3147,1494.1478245864764
low_015,low,528.8129542941931,39,2412,887,846,3157,1500.885810650013
low_015,low,528.8129542941931,39,2412,887,846,3169,1506.8140914704434
low_015,low,528.8129542941931,39,2412,887,846,3183,1496.419907822202
low_015,low,528.8129542941931,39,2412,887,846,3215,1516.0568655282184
low_015,low,528.8129542941931,39,2412,887,846,3271,1564.4158068983966
low_015,low,528.8129542941931,39,2412,887,846,3280,1569.4745895398314
low_015,low,528.8129542941931,39,2412,887,846,3293,1584.7639876401672
low_016,low,485.21847791769255,49,2379,920,878,235,616.4185250377157
low_016,low,485.21847791769255,49,2379,920,878,241,587.8676622658614
low_016,low,485.21847791769255,49,2379,920,878,246,586.7378953456856
low_016,low,485.21847791769255,49,2379,920,878,283,590.7252061009959
low_016,low,485.21847791769255,49,2379,920,878,285,592.4403599749154
low_016,low,485.21847791769255,49,2379,920,878,294,647.1679968850626
low_016,low,485.21847791769255,49,2379,920,878,558,505.5727870107905
low_016,low,485.21847791769255,49,2379,920,878,717,924.4630756695454
low_016,low,485.21847791769255,49,2379,920,878,785,992.1416294981552
low_016,low,485.21847791769255,49,2379,920,878,835,931.7516900699936
low_016,low,485.21847791769255,49,2379,920,878,853,920.4169626907244
low_016,low,485.21847791769255,49,2379,920,878,855,921.2531310621894
low_016,low,485.21847791769255,49,2379,920,878,862,946.1452149781244
low_016,low,485.21847791769255,49,2379,920,878,1409,534.271610458608
low_016,low,485.21847791769255,49,2379,920,878,1418,539.5096260664716
low_016,low,485.21847791769255,49,2379,920,878,1524,498.56275787601925
low_016,low,485.21847791769255,49,2379,920,878,2408,1090.1189873670398
low_016,low,485.21847791769255,49,2379,920,878,2607,1098.1754197400292
low_016,low,485.21847791769255,49,2379,920,878,2861,1209.1421287289538
low_016,low,485.21847791769255,49,2379,920,878,2887,1135.4484995611729
low_016,low,485.21847791769255,49,2379,920,878,2914,1250.8365215650456
low_016,low,485.21847791769255,49,2379,920,878,2929,1266.8750920194575
low_016,low,485.21847791769255,49,2379,920,878,2937,1271.9538496773398
low_016,low,485.21847791769255,49,2379,920,878,2967,1295.4560418593935
low_016,low,485.21847791769255,49,2379,920,878,2969,1297.113865192115
low_016,low,485.21847791769255,49,2379,920,878,2985,1277.9576771814156
low_016,low,485.21847791769255,49,2379,920,878,2986,1278.7039503478898
low_016,low,485.21847791769255,49,2379,920,878,2989,1279.8657912222443
low_016,low,485.21847791769255,49,2379,920,878,3032,1348.6092748376982
low_016,low,485.21847791769255,49,2379,920,878,3045,1372.3616833000267
low_016,low,485.21847791769255,49,2379,920,878,3073,1390.7195497824036
low_016,low,485.21847791769255,49,2379,920,878,3074,1389.2887727887692
low_016,low,485.21847791769255,49,2379,920,878,3083,1393.728541601571
low_016,low,485.21847791769255,49,2379,920,878,3093,1442.6665247657772
low_016,low,485.21847791769255,49,2379,920,878,3112,1445.7603478620272
low_016,low,485.21847791769255,49,2379,920,878,3144,1493.7598642443463
low_016,low,485.21847791769255,49,2379,920,878,3156,1503.43373003074
low_016,low,485.21847791769255,49,2379,920,878,3164,1494.839328164598
low_016,low,485.21847791769255,49,2379,920,878,3165,1495.2844454861174
low_016,low,485.21847791769255,49,2379,920,878,3166,1495.558462799916
low_016,low,485.21847791769255,49,2379,920,878,3180,1511.1390558173994
low_016,low,485.21847791769255,49,2379,920,878,3212,1499.8581893392193
low_016,low,485.21847791769255,49,2379,920,878,3252,1543.8448866280776
low_016,low,485.21847791769255,49,2379,920,878,3261,1556.3435225823814
low_016,low,485.21847791769255,49,2379,920,878,3267,1555.3565663298511
low_016,low,485.21847791769255,49,2379,920,878,3275,1558.430490731479
low_016,low,485.21847791769255,49,2379,920,878,3276,1562.8318631761613
low_016,low,485.21847791769255,49,2379,920,878,3289,1580.0378693327214
low_016,low,485.21847791769255,49,2379,920,878,3290,1583.6528552746286
low_017,low,498.42704492330574,33,2390,909,867,247,617.4793207633054
low_017,low,498.42704492330574,33,2390,909,867,298,658.5168500609641
low_017,low,498.42704492330574,33,2390,909,867,686,814.0331273734008
low_017,low,498.42704492330574,33,2390,909,867,777,966.220409428972
low_017,low,498.42704492330574,33,2390,909,867,782,921.3051338037236
low_017,low,498.42704492330574,33,2390,909,867,792,962.5970129680336
low_017,low,498.42704492330574,33,2390,909,867,793,927.6677961823528
low_017,low,498.42704492330574,33,2390,909,867,808,924.0403590409086
low_017,low,498.42704492330574,33,2390,909,867,835,931.7516900699936
low_017,low,498.42704492330574,33,2390,909,867,863,990.9413058528278
low_017,low,498.42704492330574,33,2390,909,867,1413,537.0183995248705
low_017,low,498.42704492330574,33,2390,909,867,1672,505.4005244390777
low_017,low,498.42704492330574,33,2390,909,867,2410,1092.323788700356
low_017,low,498.42704492330574,33,2390,909,867,2622,1121.2456494416697
low_017,low,498.42704492330574,33,2390,909,867,2629,1117.2386099673024
low_017,low,498.42704492330574,33,2390,909,867,2825,1144.3839022981847
low_017,low,498.42704492330574,33,2390,909,867,2844,1222.998592866967
low_017,low,498.42704492330574,33,2390,909,867,2867,1142.3995087726184
low_017,low,498.42704492330574,33,2390,909,867,2921,1247.5798939938586
low_017,low,498.42704492330574,33,2390,909,867,2927,1256.464813461345
low_017,low,498.42704492330574,33,2390,909,867,3038,1352.934700423622
low_017,low,498.42704492330574,33,2390,909,867,3061,1359.4228388025076
low_017,low,498.42704492330574,33,2390,909,867,3066,1369.761483728261
low_017,low,498.42704492330574,33,2390,909,867,3082,1394.5320309851477
low_017,low,498.42704492330574,33,2390,909,867,3101,1459.3709472251255
low_017,low,498.42704492330574,33,2390,909,867,3132,1453.2650426046466
low_017,low,498.42704492330574,33,2390,909,867,3145,1493.9504369048925
low_017,low,498.42704492330574,33,2390,909,867,3148,1494.6174411955049
low_017,low,498.42704492330574,33,2390,909,867,3194,1512.9124166079123
low_017,low,498.42704492330574,33,2390,909,867,3205,1514.3002151326075
low_017,low,498.42704492330574,33,2390,909,867,3210,1502.6214929100356
low_017,low,498.42704492330574,33,2390,909,867,3242,1533.2149949217014
low_017,low,498.42704492330574,33,2390,909,867,3265,1560.9512433172054
low_018,low,253.97832840607634,78,1701,1598,1540,69,407.8374349014399
low_018,low,253.97832840607634,78,1701,1598,1540,79,437.2762354053795
low_018,low,253.97832840607634,78,1701,1598,1540,81,437.5436816286223
low_018,low,253.97832840607634,78,1701,1598,1540,92,402.2928649306521
low_018,low,253.97832840607634,78,1701,1598,1540,99,403.77789114461
low_018,low,253.97832840607634,78,1701,1598,1540,101,405.70056016205695
low_018,low,253.97832840607634,78,1701,1598,1540,107,408.7066356316072
low_018,low,253.97832840607634,78,1701,1598,1540,122,408.808247633868
low_018,low,253.97832840607634,78,1701,1598,1540,143,418.6976069919641
low_018,low,253.97832840607634,78,1701,1598,1540,200,459.0213906649955
low_018,low,253.97832840607634,78,1701,1598,1540,226,511.9603604313671
low_018,low,253.97832840607634,78,1701,1598,1540,253,636.3034223748364
low_018,low,253.97832840607634,78,1701,1598,1540,276,643.8815869289559
low_018,low,253.97832840607634,78,1701,1598,1540,285,592.4403599749154
low_018,low,253.97832840607634,78,1701,1598,1540,297,656.2470794257838
low_018,low,253.97832840607634,78,1701,1598,1540,299,660.7866206961444
low_018,low,253.97832840607634,78,1701,1598,1540,300,648.3522251141565
low_018,low,253.97832840607634,78,1701,1598,1540,311,742.874993998942
low_018,low,253.97832840607634,78,1701,1598,1540,351,346.1481300932254
low_018,low,253.97832840607634,78,1701,1598,1540,368,438.6885352437045
low_018,low,253.97832840607634,78,1701,1598,1540,418,325.9046909748933
low_018,low,253.97832840607634,78,1701,1598,1540,439,358.62832389964507
low_018,low,253.97832840607634,78,1701,1598,1540,446,292.6856761047069
low_018,low,253.97832840607634,78,1701,1598,1540,555,460.6149333872032
low_018,low,253.97832840607634,78,1701,1598,1540,584,281.1026415051546
low_018,low,253.97832840607634,78,1701,1598,1540,601,296.35294513396394
low_018,low,253.97832840607634,78,1701,1598,1540,612,747.992874965366
low_018,low,253.97832840607634,78,1701,1598,1540,634,291.4191851174817
low_018,low,253.97832840607634,78,1701,1598,1540,647,645.1942832483346
low_018,low,253.97832840607634,78,1701,1598,1540,668,804.9618123559368
low_018,low,253.97832840607634,78,1701,1598,1540,712,918.8972032280894
low_018,low,253.97832840607634,78,1701,1598,1540,743,983.1295922119068
low_018,low,253.97832840607634,78,1701,1598,1540,759,920.4169626907244
low_018,low,253.97832840607634,78,1701,1598,1540,760,938.2578292454314
low_018,low,253.97832840607634,78,1701,1598,1540,770,987.8904721730746
low_018,low,253.97832840607634,78,1701,1598,1540,782,921.3051338037236
low_018,low,253.97832840607634,78,1701,1598,1540,846,945.4132568985392
low_018,low,253.97832840607634,78,1701,1598,1540,880,1081.071559321338
low_018,low,253.97832840607634,78,1701,1598,1540,1305,285.38404955544564
low_018,low,253.97832840607634,78,1701,1598,1540,1404,531.5248213923456
low_018,low,253.97832840607634,78,1701,1598,1540,1406,532.8426823030812
low_018,low,253.97832840607634,78,1701,1598,1540,1497,284.99183707513066
low_018,low,253.97832840607634,78,1701,1598,1540,1571,359.54017530947164
low_018,low,253.97832840607634,78,1701,1598,1540,1605,273.6376271170382
low_018,low,253.97832840607634,78,1701,1598,1540,1622,261.4710044071523
low_018,low,253.97832840607634,78,1701,1598,1540,1724,329.2759054471022
low_018,low,253.97832840607634,78,1701,1598,1540,1729,277.9817905375561
low_018,low,253.97832840607634,78,1701,1598,1540,1904,267.6789556497034
low_018,low,253.97832840607634,78,1701,1598,1540,2044,266.39189332545976
low_018,low,253.97832840607634,78,1701,1598,1540,2192,264.3732128957605
low_018,low,253.97832840607634,78,1701,1598,1540,2323,352.376830882118
low_018,low,253.97832840607634,78,1701,1598,1540,2329,350.3998868992622
low_018,low,253.97832840607634,78,1701,1598,1540,2566,298.44535673399963
low_018,low,253.97832840607634,78,1701,1598,1540,2602,304.9692564306213
low_018,low,253.97832840607634,78,1701,1598,1540,2611,1115.7188505046674
low_018,low,253.97832840607634,78,1701,1598,1540,2623,1122.2951121868718
low_018,low,253.97832840607634,78,1701,1598,1540,2658,332.5673378711176
low_018,low,253.97832840607634,78,1701,1598,1540,2808,345.0537154641109
low_018,low,253.97832840607634,78,1701,1598,1540,2839,1155.4247576360103
low_018,low,253.97832840607634,78,1701,1598,1540,2843,1199.3346981076645
low_018,low,253.97832840607634,78,1701,1598,1540,2846,1158.6907010055602
low_018,low,253.97832840607634,78,1701,1598,1540,2861,1209.1421287289538
low_018,low,253.97832840607634,78,1701,1598,1540,2870,1134.908738147487
low_018,low,253.97832840607634,78,1701,1598,1540,2909,1246.4307925607486
low_018,low,253.97832840607634,78,1701,1598,1540,2928,1247.5077344368055
low_018,low,253.97832840607634,78,1701,1598,1540,2945,1317.662898225413
low_018,low,253.97832840607634,78,1701,1598,1540,2959,1284.3437983012814
low_018,low,253.97832840607634,78,1701,1598,1540,2969,1297.113865192115
low_018,low,253.97832840607634,78,1701,1598,1540,2996,1361.5855515954695
low_018,low,253.97832840607634,78,1701,1598,1540,3044,1362.2788087129386
low_018,low,253.97832840607634,78,1701,1598,1540,3086,1411.542479003413
low_018,low,253.97832840607634,78,1701,1598,1540,3099,1458.0162380970437
low_018,low,253.97832840607634,78,1701,1598,1540,3104,1460.5102835660855
low_018,low,253.97832840607634,78,1701,1598,1540,3106,1454.7489628182093
low_018,low,253.97832840607634,78,1701,1598,1540,3165,1495.2844454861174
low_018,low,253.97832840607634,78,1701,1598,1540,3169,1506.8140914704434
low_018,low,253.97832840607634,78,1701,1598,1540,3175,1508.338672754811
low_018,low,253.97832840607634,78,1701,1598,1540,3226,1535.4278215120526
low_019,low,248.91959677102773,66,1683,1616,1558,115,410.7887281919731
low_019,low,248.91959677102773,66,1683,1616,1558,126,415.1043128156586
low_019,low,248.91959677102773,66,1683,1616,1558,127,415.1179465880304
low_019,low,248.91959677102773,66,1683,1616,1558,138,418.13715872791073
low_019,low,248.91959677102773,66,1683,1616,1558,179,446.991030599518
low_019,low,248.91959677102773,66,1683,1616,1558,182,460.7979118724884
low_019,low,248.91959677102773,66,1683,1616,1558,214,463.2202788074384
low_019,low,248.91959677102773,66,1683,1616,1558,234,615.7818459721988
low_019,low,248.91959677102773,66,1683,1616,1558,362,342.64444847047207
low_019,low,248.91959677102773,66,1683,1616,1558,369,383.6313757623213
low_019,low,248.91959677102773,66,1683,1616,1558,418,325.9046909748933
low_019,low,248.91959677102773,66,1683,1616,1558,543,356.17069787409145
low_019,low,248.91959677102773,66,1683,1616,1558,680,817.6137632165538
low_019,low,248.91959677102773,66,1683,1616,1558,713,918.8972032280894
low_019,low,248.91959677102773,66,1683,1616,1558,730,970.494158907738
low_019,low,248.91959677102773,66,1683,1616,1558,732,972.4452185149922
low_019,low,248.91959677102773,66,1683,1616,1558,762,976.0601648014851
low_019,low,248.91959677102773,66,1683,1616,1558,763,978.3499017414658
low_019,low,248.91959677102773,66,1683,1616,1558,805,929.799255571632
low_019,low,248.91959677102773,66,1683,1616,1558,866,933.392138532304
low_019,low,248.91959677102773,66,1683,1616,1558,881,1081.5254576932302
low_019,low,248.91959677102773,66,1683,1616,1558,1405,531.5248213923456
low_019,low,248.91959677102773,66,1683,1616,1558,1408,534.1605432138168
low_019,low,248.91959677102773,66,1683,1616,1558,1498,298.936325453852
low_019,low,248.91959677102773,66,1683,1616,1558,1614,300.79666757047715
low_019,low,248.91959677102773,66,1683,1616,1558,1633,451.2395935828981
low_019,low,248.91959677102773,66,1683,1616,1558,1737,296.4949826013785
low_019,low,248.91959677102773,66,1683,1616,1558,1754,284.96306252197894
low_019,low,248.91959677102773,66,1683,1616,1558,1756,475.0693712680109
low_019,low,248.91959677102773,66,1683,1616,1558,1778,472.19114641850126
low_019,low,248.91959677102773,66,1683,1616,1558,1900,261.07834384654547
low_019,low,248.91959677102773,66,1683,1616,1558,2126,502.73604513762734
low_019,low,248.91959677102773,66,1683,1616,1558,2329,350.3998868992622
low_019,low,248.91959677102773,66,1683,1616,1558,2351,406.28819398540026
low_019,low,248.91959677102773,66,1683,1616,1558,2495,265.9396930650028
low_019,low,248.91959677102773,66,1683,1616,1558,2565,276.12361450051816
low_019,low,248.91959677102773,66,1683,1616,1558,2591,281.0894779828166
low_019,low,248.91959677102773,66,1683,1616,1558,2620,1126.529369840989
low_019,low,248.91959677102773,66,1683,1616,1558,2661,373.4659550952363
low_019,low,248.91959677102773,66,1683,1616,1558,2671,338.6872023431852
low_019,low,248.91959677102773,66,1683,1616,1558,2706,336.65977676032384
low_019,low,248.91959677102773,66,1683,1616,1558,2711,376.0144403441
low_019,low,248.91959677102773,66,1683,1616,1558,2732,285.7114959881613
low_019,low,248.91959677102773,66,1683,1616,1558,2847,1173.9142234371768
low_019,low,248.91959677102773,66,1683,1616,1558,2871,1134.9792778433466
low_019,low,248.91959677102773,66,1683,1616,1558,2893,1136.955002385911
low_019,low,248.91959677102773,66,1683,1616,1558,2900,1253.80451090802
low_019,low,248.91959677102773,66,1683,1616,1558,2960,1284.6250912580738
low_019,low,248.91959677102773,66,1683,1616,1558,2976,1308.2660992160131
low_019,low,248.91959677102773,66,1683,1616,1558,2979,1309.540371060872
low_019,low,248.91959677102773,66,1683,1616,1558,2993,1282.6513776213458
low_019,low,248.91959677102773,66,1683,1616,1558,2995,1361.5855515954695
low_019,low,248.91959677102773,66,1683,1616,1558,2999,1375.8958913918657
low_019,low,248.91959677102773,66,1683,1616,1558,3096,1464.9339936008407
low_019,low,248.91959677102773,66,1683,1616,1558,3161,1505.289510186076
low_019,low,248.91959677102773,66,1683,1616,1558,3165,1495.2844454861174
low_019,low,248.91959677102773,66,1683,1616,1558,3177,1509.5584761597952
low_019,low,248.91959677102773,66,1683,1616,1558,3186,1497.210197651004
low_019,low,248.91959677102773,66,1683,1616,1558,3203,1524.0502832047416
low_019,low,248.91959677102773,66,1683,1616,1558,3212,1499.8581893392193
low_019,low,248.91959677102773,66,1683,1616,1558,3216,1519.7620219652044
low_019,low,248.91959677102773,66,1683,1616,1558,3218,1548.2955628071743
low_019,low,248.91959677102773,66,1683,1616,1558,3234,1532.8619938195989
low_019,low,248.91959677102773,66,1683,1616,1558,3265,1560.9512433172054
low_019,low,248.91959677102773,66,1683,1616,1558,3279,1568.8896149725474
low_019,low,248.91959677102773,66,1683,1616,1558,3298,1577.7151793504554
medium_000,medium,872.3356987999371,68,2577,722,691,714,918.8972032280894
medium_000,medium,872.3356987999371,68,2577,722,691,719,942.3602743877204
medium_000,medium,872.3356987999371,68,2577,722,691,731,971.8877728970976
medium_000,medium,872.3356987999371,68,2577,722,691,743,983.1295922119068
medium_000,medium,872.3356987999371,68,2577,722,691,761,933.392138532304
medium_000,medium,872.3356987999371,68,2577,722,691,763,978.3499017414658
medium_000,medium,872.3356987999371,68,2577,722,691,764,958.4838380099771
medium_000,medium,872.3356987999371,68,2577,722,691,767,976.5431808772796
medium_000,medium,872.3356987999371,68,2577,722,691,776,923.2791337519676
medium_000,medium,872.3356987999371,68,2577,722,691,809,1004.473995262756
medium_000,medium,872.3356987999371,68,2577,722,691,813,920.4169626907244
medium_000,medium,872.3356987999371,68,2577,722,691,816,955.421669047218
medium_000,medium,872.3356987999371,68,2577,722,691,817,948.5616451341464
medium_000,medium,872.3356987999371,68,2577,722,691,831,956.6509264140744
medium_000,medium,872.3356987999371,68,2577,722,691,832,922.0892994336542
medium_000,medium,872.3356987999371,68,2577,722,691,877,1080.4105664574408
medium_000,medium,872.3356987999371,68,2577,722,691,2405,1089.1649303466254
medium_000,medium,872.3356987999371,68,2577,722,691,2408,1090.1189873670398
medium_000,medium,872.3356987999371,68,2577,722,691,2421,1095.145512409275
medium_000,medium,872.3356987999371,68,2577,722,691,2424,1095.3135349903018
medium_000,medium,872.3356987999371,68,2577,722,691,2607,1098.1754197400292
medium_000,medium,872.3356987999371,68,2577,722,691,2619,1124.9664719122718
medium_000,medium,872.3356987999371,68,2577,722,691,2641,1122.567636821761
medium_000,medium,872.3356987999371,68,2577,722,691,2834,1176.5851521353798
medium_000,medium,872.3356987999371,68,2577,722,691,2837,1184.2216418876324
medium_000,medium,872.3356987999371,68,2577,722,691,2845,1234.1281026138215
medium_000,medium,872.3356987999371,68,2577,722,691,2868,1132.5683639610122
medium_000,medium,872.3356987999371,68,2577,722,691,2878,1171.1686879339245
medium_000,medium,872.3356987999371,68,2577,722,691,2888,1136.8500027727182
medium_000,medium,872.3356987999371,68,2577,722,691,2897,1216.5615113965555
medium_000,medium,872.3356987999371,68,2577,722,691,2916,1254.6995690969738
medium_000,medium,872.3356987999371,68,2577,722,691,2925,1252.5141782033215
medium_000,medium,872.3356987999371,68,2577,722,691,2931,1264.4457685984123
medium_000,medium,872.3356987999371,68,2577,722,691,2943,1275.0525800728858
medium_000,medium,872.3356987999371,68,2577,722,691,2946,1273.4736091399748
medium_000,medium,872.3356987999371,68,2577,722,691,2960,1284.6250912580738
medium_000,medium,872.3356987999371,68,2577,722,691,2974,1305.032840956443
medium_000,medium,872.3356987999371,68,2577,722,691,2980,1312.5361183348866
medium_000,medium,872.3356987999371,68,2577,722,691,2981,1313.4528791357563
medium_000,medium,872.3356987999371,68,2577,722,691,2986,1278.7039503478898
medium_000,medium,872.3356987999371,68,2577,722,691,2998,1373.5840861635106
medium_000,medium,872.3356987999371,68,2577,722,691,3007,1334.5986567427542
medium_000,medium,872.3356987999371,68,2577,722,691,3018,1365.287231116207
medium_000,medium,872.3356987999371,68,2577,722,691,3031,1344.47191105832
medium_000,medium,872.3356987999371,68,2577,722,691,3035,1350.77198763066
medium_000,medium,872.3356987999371,68,2577,722,691,3048,1364.5005122871762
medium_000,medium,872.3356987999371,68,2577,722,691,3049,1336.2930493262406
medium_000,medium,872.3356987999371,68,2577,722,691,3060,1359.2053677022786
medium_000,medium,872.3356987999371,68,2577,722,691,3064,1338.5479584353525
medium_000,medium,872.3356987999371,68,2577,722,691,3066,1369.761483728261
medium_000,medium,872.3356987999371,68,2577,722,691,3069,1371.472669177307
medium_000,medium,872.3356987999371,68,2577,722,691,3073,1390.7195497824036
medium_000,medium,872.3356987999371,68,2577,722,691,3098,1468.313385774305
medium_000,medium,872.3356987999371,68,2577,722,691,3101,1459.3709472251255
medium_000,medium,872.3356987999371,68,2577,722,691,3108,1455.3379970173962
medium_000,medium,872.3356987999371,68,2577,722,691,3113,1442.6665247657772
medium_000,medium,872.3356987999371,68,2577,722,691,3133,1453.7929790481192
medium_000,medium,872.3356987999371,68,2577,722,691,3159,1504.2154030067084
medium_000,medium,872.3356987999371,68,2577,722,691,3163,1494.797413107045
medium_000,medium,872.3356987999371,68,2577,722,691,3174,1507.977896502191
medium_000,medium,872.3356987999371,68,2577,722,691,3179,1510.303800549675
medium_000,medium,872.3356987999371,68,2577,722,691,3183,1496.419907822202
medium_000,medium,872.3356987999371,68,2577,722,691,3198,1499.5810671374104
medium_000,medium,872.3356987999371,68,2577,722,691,3225,1545.7686204523336
medium_000,medium,872.3356987999371,68,2577,722,691,3230,1536.483758359465
medium_000,medium,872.3356987999371,68,2577,722,691,3231,1532.8619938195989
medium_000,medium,872.3356987999371,68,2577,722,691,3258,1560.7202276714595
medium_000,medium,872.3356987999371,68,2577,722,691,3269,1557.5278701324796
medium_001,medium,769.1671920041401,75,2540,759,725,678,814.9800738879486
medium_001,medium,769.1671920041401,75,2540,759,725,684,814.0331273734008
medium_001,medium,769.1671920041401,75,2540,759,725,688,823.2581540851955
medium_001,medium,769.1671920041401,75,2540,759,725,690,870.5599482939281
medium_001,medium,769.1671920041401,75,2540,759,725,691,816.0441694142851
medium_001,medium,769.1671920041401,75,2540,759,725,729,942.900601874116
medium_001,medium,769.1671920041401,75,2540,759,725,731,971.8877728970976
medium_001,medium,769.1671920041401,75,2540,759,725,740,942.9872731123028
medium_001,medium,769.1671920041401,75,2540,759,725,742,975.0628956497334
medium_001,medium,769.1671920041401,75,2540,759,725,752,972.0531254977168
medium_001,medium,769.1671920041401,75,2540,759,725,753,976.5331528616296
medium_001,medium,769.1671920041401,75,2540,759,725,762,976.0601648014851
medium_001,medium,769.1671920041401,75,2540,759,725,785,992.1416294981552
medium_001,medium,769.1671920041401,75,2540,759,725,795,980.544232842926
medium_001,medium,769.1671920041401,75,2540,759,725,796,983.7880268033208
medium_001,medium,769.1671920041401,75,2540,759,725,812,1049.3794282611411
medium_001,medium,769.1671920041401,75,2540,759,725,813,920.4169626907244
medium_001,medium,769.1671920041401,75,2540,759,725,822,935.9579661659365
medium_001,medium,769.1671920041401,75,2540,759,725,824,951.9962503166522
medium_001,medium,769.1671920041401,75,2540,759,725,852,973.0891820130053
medium_001,medium,769.1671920041401,75,2540,759,725,866,933.392138532304
medium_001,medium,769.1671920041401,75,2540,759,725,867,953.25058399976
medium_001,medium,769.1671920041401,75,2540,759,725,886,1084.299239633498
medium_001,medium,769.1671920041401,75,2540,759,725,887,1083.755240164809
medium_001,medium,769.1671920041401,75,2540,759,725,889,1083.4400157795255
medium_001,medium,769.1671920041401,75,2540,759,725,2405,1089.1649303466254
medium_001,medium,769.1671920041401,75,2540,759,725,2419,1096.446218777193
medium_001,medium,769.1671920041401,75,2540,759,725,2420,1096.606575060365
medium_001,medium,769.1671920041401,75,2540,759,725,2611,1115.7188505046674
medium_001,medium,769.1671920041401,75,2540,759,725,2633,1119.607066366669
medium_001,medium,769.1671920041401,75,2540,759,725,2636,1120.386998146043
medium_001,medium,769.1671920041401,75,2540,759,725,2644,1123.9492363439422
medium_001,medium,769.1671920041401,75,2540,759,725,2836,1131.9180107770533
medium_001,medium,769.1671920041401,75,2540,759,725,2839,1155.4247576360103
medium_001,medium,769.1671920041401,75,2540,759,725,2863,1147.0225320224656
medium_001,medium,769.1671920041401,75,2540,759,725,2882,1209.0296140120126
medium_001,medium,769.1671920041401,75,2540,759,725,2890,1167.3443024433848
medium_001,medium,769.1671920041401,75,2540,759,725,2893,1136.955002385911
medium_001,medium,769.1671920041401,75,2540,759,725,2903,1257.9418907043237
medium_001,medium,769.1671920041401,75,2540,759,725,2916,1254.6995690969738
medium_001,medium,769.1671920041401,75,2540,759,725,2919,1246.4943514701297
medium_001,medium,769.1671920041401,75,2540,759,725,2928,1247.5077344368055
medium_001,medium,769.1671920041401,75,2540,759,725,2944,1317.1657269042753
medium_001,medium,769.1671920041401,75,2540,759,725,2972,1301.2560338150342
medium_001,medium,769.1671920041401,75,2540,759,725,2978,1309.2428600460996
medium_001,medium,769.1671920041401,75,2540,759,725,2986,1278.7039503478898
medium_001,medium,769.1671920041401,75,2540,759,725,2987,1283.6820193039025
medium_001,medium,769.1671920041401,75,2540,759,725,3016,1342.0187566338543
medium_001,medium,769.1671920041401,75,2540,759,725,3018,1365.287231116207
medium_001,medium,769.1671920041401,75,2540,759,725,3025,1366.644984232917
medium_001,medium,769.1671920041401,75,2540,759,725,3027,1344.1537661932912
medium_001,medium,769.1671920041401,75,2540,759,725,3037,1352.7908502254495
medium_001,medium,769.1671920041401,75,2540,759,725,3040,1355.0974132165838
medium_001,medium,769.1671920041401,75,2540,759,725,3095,1464.5880670339052
medium_001,medium,769.1671920041401,75,2540,759,725,3097,1467.6497909356865
medium_001,medium,769.1671920041401,75,2540,759,725,3109,1461.7237802368163
medium_001,medium,769.1671920041401,75,2540,759,725,3115,1443.9021958762144
medium_001,medium,769.1671920041401,75,2540,759,725,3127,1450.967359531337
medium_001,medium,769.1671920041401,75,2540,759,725,3130,1452.1162010679918
medium_001,medium,769.1671920041401,75,2540,759,725,3144,1493.7598642443463
medium_001,medium,769.1671920041401,75,2540,759,725,3148,1494.6174411955049
medium_001,medium,769.1671920041401,75,2540,759,725,3166,1495.558462799916
medium_001,medium,769.1671920041401,75,2540,759,725,3171,1496.319512492787
medium_001,medium,769.1671920041401,75,2540,759,725,3174,1507.977896502191
medium_001,medium,769.1671920041401,75,2540,759,725,3177,1509.5584761597952
medium_001,medium,769.1671920041401,75,2540,759,725,3178,1509.863254039178
medium_001,medium,769.1671920041401,75,2540,759,725,3214,1515.576248626063
medium_001,medium,769.1671920041401,75,2540,759,725,3223,1538.6222648537885
medium_001,medium,769.1671920041401,75,2540,759,725,3259,1558.7122176825778
medium_001,medium,769.1671920041401,75,2540,759,725,3261,1556.3435225823814
medium_001,medium,769.1671920041401,75,2540,759,725,3273,1555.3565663298511
medium_001,medium,769.1671920041401,75,2540,759,725,3275,1558.430490731479
medium_001,medium,769.1671920041401,75,2540,759,725,3277,1563.355949492931
medium_001,medium,769.1671920041401,75,2540,759,725,3289,1580.0378693327214
medium_001,medium,769.1671920041401,75,2540,759,725,3291,1586.3471757426607
medium_002,medium,501.74288318567477,99,2394,905,864,229,581.9908425363255
medium_002,medium,501.74288318567477,99,2394,905,864,231,583.7703604628548
medium_002,medium,501.74288318567477,99,2394,905,864,239,586.4396373526487
medium_002,medium,501.74288318567477,99,2394,905,864,258,611.653584101205
medium_002,medium,501.74288318567477,99,2394,905,864,295,646.1811400666986
medium_002,medium,501.74288318567477,99,2394,905,864,301,650.1285673401547
medium_002,medium,501.74288318567477,99,2394,905,864,353,522.1132838922837
medium_002,medium,501.74288318567477,99,2394,905,864,358,644.1484686015121
medium_002,medium,501.74288318567477,99,2394,905,864,559,530.7393238269024
medium_002,medium,501.74288318567477,99,2394,905,864,561,544.0375578990212
medium_002,medium,501.74288318567477,99,2394,905,864,610,705.5805544036878
medium_002,medium,501.74288318567477,99,2394,905,864,685,818.0701099453288
medium_002,medium,501.74288318567477,99,2394,905,864,717,924.4630756695454
medium_002,medium,501.74288318567477,99,2394,905,864,737,921.275613986351
medium_002,medium,501.74288318567477,99,2394,905,864,738,925.0623426552564
medium_002,medium,501.74288318567477,99,2394,905,864,742,975.0628956497334
medium_002,medium,501.74288318567477,99,2394,905,864,763,978.3499017414658
medium_002,medium,501.74288318567477,99,2394,905,864,779,966.878967356384
medium_002,medium,501.74288318567477,99,2394,905,864,781,947.7241859110354
medium_002,medium,501.74288318567477,99,2394,905,864,787,964.3035858572514
medium_002,medium,501.74288318567477,99,2394,905,864,800,969.346109402294
medium_002,medium,501.74288318567477,99,2394,905,864,813,920.4169626907244
medium_002,medium,501.74288318567477,99,2394,905,864,819,935.1892712880492
medium_002,medium,501.74288318567477,99,2394,905,864,830,956.1941010699966
medium_002,medium,501.74288318567477,99,2394,905,864,833,931.1024015923234
medium_002,medium,501.74288318567477,99,2394,905,864,839,937.6048687810024
medium_002,medium,501.74288318567477,99,2394,905,864,850,965.5438599382971
medium_002,medium,501.74288318567477,99,2394,905,864,853,920.4169626907244
medium_002,medium,501.74288318567477,99,2394,905,864,856,949.0325034494492
medium_002,medium,501.74288318567477,99,2394,905,864,858,941.5069878847564
medium_002,medium,501.74288318567477,99,2394,905,864,864,992.6564597267472
medium_002,medium,501.74288318567477,99,2394,905,864,870,1077.7162460447862
medium_002,medium,501.74288318567477,99,2394,905,864,875,1079.6243601424812
medium_002,medium,501.74288318567477,99,2394,905,864,884,1083.0589655524525
medium_002,medium,501.74288318567477,99,2394,905,864,886,1084.299239633498
medium_002,medium,501.74288318567477,99,2394,905,864,1410,535.4784041245524
medium_002,medium,501.74288318567477,99,2394,905,864,1419,539.7651885911329
medium_002,medium,501.74288318567477,99,2394,905,864,1672,528.000704270783
medium_002,medium,501.74288318567477,99,2394,905,864,2126,530.7896642817868
medium_002,medium,501.74288318567477,99,2394,905,864,2405,1089.1649303466254
medium_002,medium,501.74288318567477,99,2394,905,864,2407,1090.0940063395317
medium_002,medium,501.74288318567477,99,2394,905,864,2417,1094.0306211734855
medium_002,medium,501.74288318567477,99,2394,905,864,2421,1095.145512409275
medium_002,medium,501.74288318567477,99,2394,905,864,2626,1119.5283468504165
medium_002,medium,501.74288318567477,99,2394,905,864,2633,1119.607066366669
medium_002,medium,501.74288318567477,99,2394,905,864,2829,1142.5895270089609
medium_002,medium,501.74288318567477,99,2394,905,864,2836,1131.9180107770533
medium_002,medium,501.74288318567477,99,2394,905,864,2840,1191.7710971128013
medium_002,medium,501.74288318567477,99,2394,905,864,2850,1191.6368948537342
medium_002,medium,501.74288318567477,99,2394,905,864,2855,1146.3037514994237
medium_002,medium,501.74288318567477,99,2394,905,864,2864,1240.9736594677693
medium_002,medium,501.74288318567477,99,2394,905,864,2878,1171.1686879339245
medium_002,medium,501.74288318567477,99,2394,905,864,2903,1257.9418907043237
medium_002,medium,501.74288318567477,99,2394,905,864,2904,1260.552747918737
medium_002,medium,501.74288318567477,99,2394,905,864,2937,1271.9538496773398
medium_002,medium,501.74288318567477,99,2394,905,864,2943,1275.0525800728858
medium_002,medium,501.74288318567477,99,2394,905,864,2956,1286.8523035264304
medium_002,medium,501.74288318567477,99,2394,905,864,2966,1292.9716965691964
medium_002,medium,501.74288318567477,99,2394,905,864,2973,1303.99608009714
medium_002,medium,501.74288318567477,99,2394,905,864,2980,1312.5361183348866
medium_002,medium,501.74288318567477,99,2394,905,864,2983,1276.7302367111618
medium_002,medium,501.74288318567477,99,2394,905,864,2986,1278.7039503478898
medium_002,medium,501.74288318567477,99,2394,905,864,2989,1279.8657912222443
medium_002,medium,501.74288318567477,99,2394,905,864,2991,1281.4636627011207
medium_002,medium,501.74288318567477,99,2394,905,864,3000,1376.2169539212116
medium_002,medium,501.74288318567477,99,2394,905,864,3002,1385.7155951015902
medium_002,medium,501.74288318567477,99,2394,905,864,3006,1372.3616833000267
medium_002,medium,501.74288318567477,99,2394,905,864,3008,1364.6246273546485
medium_002,medium,501.74288318567477,99,2394,905,864,3009,1365.8484498309138
medium_002,medium,501.74288318567477,99,2394,905,864,3010,1339.883747074418
medium_002,medium,501.74288318567477,99,2394,905,864,3024,1384.491681031593
medium_002,medium,501.74288318567477,99,2394,905,864,3028,1370.2930014103376
medium_002,medium,501.74288318567477,99,2394,905,864,3038,1352.934700423622
medium_002,medium,501.74288318567477,99,2394,905,864,3056,1339.5984267172976
medium_002,medium,501.74288318567477,99,2394,905,864,3057,1348.0294114810797
medium_002,medium,501.74288318567477,99,2394,905,864,3063,1338.0398752452795
medium_002,medium,501.74288318567477,99,2394,905,864,3074,1389.2887727887692
medium_002,medium,501.74288318567477,99,2394,905,864,3076,1393.728541601571
medium_002,medium,501.74288318567477,99,2394,905,864,3085,1409.219789021147
medium_002,medium,501.74288318567477,99,2394,905,864,3092,1442.6665247657772
medium_002,medium,501.74288318567477,99,2394,905,864,3102,1454.537091425231
medium_002,medium,501.74288318567477,99,2394,905,864,3103,1460.2729820174657
medium_002,medium,501.74288318567477,99,2394,905,864,3110,1456.229649253454
medium_002,medium,501.74288318567477,99,2394,905,864,3113,1442.6665247657772
medium_002,medium,501.74288318567477,99,2394,905,864,3115,1443.9021958762144
medium_002,medium,501.74288318567477,99,2394,905,864,3121,1453.1872633180417
medium_002,medium,501.74288318567477,99,2394,905,864,3125,1446.5784763399836
medium_002,medium,501.74288318567477,99,2394,905,864,3149,1516.0568655282184
medium_002,medium,501.74288318567477,99,2394,905,864,3180,1511.1390558173994
medium_002,medium,501.74288318567477,99,2394,905,864,3190,1498.333608054852
medium_002,medium,501.74288318567477,99,2394,905,864,3197,1513.3479993211588
medium_002,medium,501.74288318567477,99,2394,905,864,3206,1514.4369978922798
medium_002,medium,501.74288318567477,99,2394,905,864,3218,1548.2955628071743
medium_002,medium,501.74288318567477,99,2394,905,864,3221,1544.3697964157925
medium_002,medium,501.74288318567477,99,2394,905,864,3222,1547.95194894706
medium_002,medium,501.74288318567477,99,2394,905,864,3277,1563.355949492931
medium_002,medium,501.74288318567477,99,2394,905,864,3282,1574.6397823418151
medium_002,medium,501.74288318567477,99,2394,905,864,3290,1583.6528552746286
medium_002,medium,501.74288318567477,99,2394,905,864,3296,1576.8790109789904
medium_003,medium,691.4778003340069,66,2528,771,736,667,802.7026220950013
medium_003,medium,691.4778003340069,66,2528,771,736,688,823.2581540851955
medium_003,medium,691.4778003340069,66,2528,771,736,721,968.7289145433668
medium_003,medium,691.4778003340069,66,2528,771,736,732,972.4452185149922
medium_003,medium,691.4778003340069,66,2528,771,736,735,975.789892056229
medium_003,medium,691.4778003340069,66,2528,771,736,743,983.1295922119068
medium_003,medium,691.4778003340069,66,2528,771,736,750,992.1416294981552
medium_003,medium,691.4778003340069,66,2528,771,736,751,994.8053033381497
medium_003,medium,691.4778003340069,66,2528,771,736,762,976.0601648014851
medium_003,medium,691.4778003340069,66,2528,771,736,797,928.4070163626252
medium_003,medium,691.4778003340069,66,2528,771,736,800,969.346109402294
medium_003,medium,691.4778003340069,66,2528,771,736,801,928.615027342538
medium_003,medium,691.4778003340069,66,2528,771,736,806,950.7048401923788
medium_003,medium,691.4778003340069,66,2528,771,736,807,940.9291888570988
medium_003,medium,691.4778003340069,66,2528,771,736,816,955.421669047218
medium_003,medium,691.4778003340069,66,2528,771,736,818,969.2863601612614
medium_003,medium,691.4778003340069,66,2528,771,736,835,931.7516900699936
medium_003,medium,691.4778003340069,66,2528,771,736,849,968.0244082141212
medium_003,medium,691.4778003340069,66,2528,771,736,874,1079.2956752216514
medium_003,medium,691.4778003340069,66,2528,771,736,878,1078.3665992287451
medium_003,medium,691.4778003340069,66,2528,771,736,881,1081.5254576932302
medium_003,medium,691.4778003340069,66,2528,771,736,882,1081.914097082462
medium_003,medium,691.4778003340069,66,2528,771,736,2418,1094.0306211734855
medium_003,medium,691.4778003340069,66,2528,771,736,2422,1096.695134512483
medium_003,medium,691.4778003340069,66,2528,771,736,2613,1115.7188505046674
medium_003,medium,691.4778003340069,66,2528,771,736,2618,1119.468392383504
medium_003,medium,691.4778003340069,66,2528,771,736,2620,1126.529369840989
medium_003,medium,691.4778003340069,66,2528,771,736,2623,1122.2951121868718
medium_003,medium,691.4778003340069,66,2528,771,736,2831,1132.9674735222557
medium_003,medium,691.4778003340069,66,2528,771,736,2836,1131.9180107770533
medium_003,medium,691.4778003340069,66,2528,771,736,2844,1222.998592866967
medium_003,medium,691.4778003340069,66,2528,771,736,2849,1133.0035533007822
medium_003,medium,691.4778003340069,66,2528,771,736,2866,1141.6463872099162
medium_003,medium,691.4778003340069,66,2528,771,736,2904,1260.552747918737
medium_003,medium,691.4778003340069,66,2528,771,736,2915,1254.1918348415977
medium_003,medium,691.4778003340069,66,2528,771,736,2940,1273.4736091399748
medium_003,medium,691.4778003340069,66,2528,771,736,2954,1317.1657269042753
medium_003,medium,691.4778003340069,66,2528,771,736,2959,1284.3437983012814
medium_003,medium,691.4778003340069,66,2528,771,736,2966,1292.9716965691964
medium_003,medium,691.4778003340069,66,2528,771,736,2973,1303.99608009714
medium_003,medium,691.4778003340069,66,2528,771,736,3010,1339.883747074418
medium_003,medium,691.4778003340069,66,2528,771,736,3061,1359.4228388025076
medium_003,medium,691.4778003340069,66,2528,771,736,3062,1348.4237853121645
medium_003,medium,691.4778003340069,66,2528,771,736,3076,1393.728541601571
medium_003,medium,691.4778003340069,66,2528,771,736,3091,1444.8867165875456
medium_003,medium,691.4778003340069,66,2528,771,736,3108,1455.3379970173962
medium_003,medium,691.4778003340069,66,2528,771,736,3110,1456.229649253454
medium_003,medium,691.4778003340069,66,2528,771,736,3115,1443.9021958762144
medium_003,medium,691.4778003340069,66,2528,771,736,3130,1452.1162010679918
medium_003,medium,691.4778003340069,66,2528,771,736,3135,1447.339468483172
medium_003,medium,691.4778003340069,66,2528,771,736,3144,1493.7598642443463
medium_003,medium,691.4778003340069,66,2528,771,736,3157,1500.885810650013
medium_003,medium,691.4778003340069,66,2528,771,736,3160,1504.816737186983
medium_003,medium,691.4778003340069,66,2528,771,736,3175,1508.338672754811
medium_003,medium,691.4778003340069,66,2528,771,736,3179,1510.303800549675
medium_003,medium,691.4778003340069,66,2528,771,736,3183,1496.419907822202
medium_003,medium,691.4778003340069,66,2528,771,736,3189,1498.0004874798062
medium_003,medium,691.4778003340069,66,2528,771,736,3198,1499.5810671374104
medium_003,medium,691.4778003340069,66,2528,771,736,3212,1499.8581893392193
medium_003,medium,691.4778003340069,66,2528,771,736,3238,1534.092727339539
medium_003,medium,691.4778003340069,66,2528,771,736,3248,1551.354818849989
medium_003,medium,691.4778003340069,66,2528,771,736,3252,1543.8448866280776
medium_003,medium,691.4778003340069,66,2528,771,736,3254,1540.0327297480055
medium_003,medium,691.4778003340069,66,2528,771,736,3276,1562.8318631761613
medium_003,medium,691.4778003340069,66,2528,771,736,3287,1578.2606105011716
medium_003,medium,691.4778003340069,66,2528,771,736,3290,1583.6528552746286
medium_004,medium,730.4824808180292,77,2538,761,727,659,797.9180499818629
medium_004,medium,730.4824808180292,77,2538,761,727,712,918.8972032280894
medium_004,medium,730.4824808180292,77,2538,761,727,726,922.2296710067654
medium_004,medium,730.4824808180292,77,2538,761,727,732,972.4452185149922
medium_004,medium,730.4824808180292,77,2538,761,727,750,992.1416294981552
medium_004,medium,730.4824808180292,77,2538,761,727,758,946.9397481539488
medium_004,medium,730.4824808180292,77,2538,761,727,780,958.8807088856532
medium_004,medium,730.4824808180292,77,2538,761,727,796,983.7880268033208
medium_004,medium,730.4824808180292,77,2538,761,727,798,954.5140516746916
medium_004,medium,730.4824808180292,77,2538,761,727,799,968.2605668785652
medium_004,medium,730.4824808180292,77,2538,761,727,822,935.9579661659365
medium_004,medium,730.4824808180292,77,2538,761,727,825,924.32859649717
medium_004,medium,730.4824808180292,77,2538,761,727,831,956.6509264140744
medium_004,medium,730.4824808180292,77,2538,761,727,835,931.7516900699936
medium_004,medium,730.4824808180292,77,2538,761,727,853,920.4169626907244
medium_004,medium,730.4824808180292,77,2538,761,727,856,949.0325034494492
medium_004,medium,730.4824808180292,77,2538,761,727,857,949.5005281370336
medium_004,medium,730.4824808180292,77,2538,761,727,867,953.25058399976
medium_004,medium,730.4824808180292,77,2538,761,727,881,1081.5254576932302
medium_004,medium,730.4824808180292,77,2538,761,727,884,1083.0589655524525
medium_004,medium,730.4824808180292,77,2538,761,727,2625,1122.1627127407817
medium_004,medium,730.4824808180292,77,2538,761,727,2632,1117.981870772703
medium_004,medium,730.4824808180292,77,2538,761,727,2644,1123.9492363439422
medium_004,medium,730.4824808180292,77,2538,761,727,2821,1169.257801896934
medium_004,medium,730.4824808180292,77,2538,761,727,2826,1145.7355374652211
medium_004,medium,730.4824808180292,77,2538,761,727,2827,1158.0204118727036
medium_004,medium,730.4824808180292,77,2538,761,727,2829,1142.5895270089609
medium_004,medium,730.4824808180292,77,2538,761,727,2831,1132.9674735222557
medium_004,medium,730.4824808180292,77,2538,761,727,2833,1173.771293735364
medium_004,medium,730.4824808180292,77,2538,761,727,2834,1176.5851521353798
medium_004,medium,730.4824808180292,77,2538,761,727,2839,1155.4247576360103
medium_004,medium,730.4824808180292,77,2538,761,727,2840,1191.7710971128013
medium_004,medium,730.4824808180292,77,2538,761,727,2860,1200.3039391294697
medium_004,medium,730.4824808180292,77,2538,761,727,2865,1139.1648035327985
medium_004,medium,730.4824808180292,77,2538,761,727,2869,1133.59034757536
medium_004,medium,730.4824808180292,77,2538,761,727,2877,1170.5097574785566
medium_004,medium,730.4824808180292,77,2538,761,727,2887,1135.4484995611729
medium_004,medium,730.4824808180292,77,2538,761,727,2893,1136.955002385911
medium_004,medium,730.4824808180292,77,2538,761,727,2896,1138.9307269284757
medium_004,medium,730.4824808180292,77,2538,761,727,2905,1262.1048069173858
medium_004,medium,730.4824808180292,77,2538,761,727,2908,1245.4088089464008
medium_004,medium,730.4824808180292,77,2538,761,727,2916,1254.6995690969738
medium_004,medium,730.4824808180292,77,2538,761,727,2935,1271.9538496773398
medium_004,medium,730.4824808180292,77,2538,761,727,2937,1271.9538496773398
medium_004,medium,730.4824808180292,77,2538,761,727,2948,1292.0257341115546
medium_004,medium,730.4824808180292,77,2538,761,727,2962,1313.682539683791
medium_004,medium,730.4824808180292,77,2538,761,727,2964,1286.44878475409
medium_004,medium,730.4824808180292,77,2538,761,727,2978,1309.2428600460996
medium_004,medium,730.4824808180292,77,2538,761,727,2986,1278.7039503478898
medium_004,medium,730.4824808180292,77,2538,761,727,3000,1376.2169539212116
medium_004,medium,730.4824808180292,77,2538,761,727,3031,1344.47191105832
medium_004,medium,730.4824808180292,77,2538,761,727,3036,1352.4409732027002
medium_004,medium,730.4824808180292,77,2538,761,727,3040,1355.0974132165838
medium_004,medium,730.4824808180292,77,2538,761,727,3046,1375.7196982062626
medium_004,medium,730.4824808180292,77,2538,761,727,3047,1374.1073658621378
medium_004,medium,730.4824808180292,77,2538,761,727,3056,1339.5984267172976
medium_004,medium,730.4824808180292,77,2538,761,727,3080,1390.079669677741
medium_004,medium,730.4824808180292,77,2538,761,727,3086,1411.542479003413
medium_004,medium,730.4824808180292,77,2538,761,727,3093,1442.6665247657772
medium_004,medium,730.4824808180292,77,2538,761,727,3098,1468.313385774305
medium_004,medium,730.4824808180292,77,2538,761,727,3107,1449.812692877662
medium_004,medium,730.4824808180292,77,2538,761,727,3124,1456.484456082462
medium_004,medium,730.4824808180292,77,2538,761,727,3125,1446.5784763399836
medium_004,medium,730.4824808180292,77,2538,761,727,3147,1494.1478245864764
medium_004,medium,730.4824808180292,77,2538,761,727,3172,1514.8700987069003
medium_004,medium,730.4824808180292,77,2538,761,727,3180,1511.1390558173994
medium_004,medium,730.4824808180292,77,2538,761,727,3208,1493.7598642443463
medium_004,medium,730.4824808180292,77,2538,761,727,3209,1502.2482952580965
medium_004,medium,730.4824808180292,77,2538,761,727,3214,1515.576248626063
medium_004,medium,730.4824808180292,77,2538,761,727,3240,1534.673691994691
medium_004,medium,730.4824808180292,77,2538,761,727,3249,1542.198711368335
medium_004,medium,730.4824808180292,77,2538,761,727,3252,1543.8448866280776
medium_004,medium,730.4824808180292,77,2538,761,727,3254,1540.0327297480055
medium_004,medium,730.4824808180292,77,2538,761,727,3260,1555.3565663298511
medium_004,medium,730.4824808180292,77,2538,761,727,3271,1564.4158068983966
medium_004,medium,730.4824808180292,77,2538,761,727,3280,1569.4745895398314
medium_004,medium,730.4824808180292,77,2538,761,727,3298,1577.7151793504554
medium_005,medium,860.3862507255287,70,2576,723,692,733,973.9317401257932
medium_005,medium,860.3862507255287,70,2576,723,692,757,925.3780592423724
medium_005,medium,860.3862507255287,70,2576,723,692,779,966.878967356384
medium_005,medium,860.3862507255287,70,2576,723,692,801,928.615027342538
medium_005,medium,860.3862507255287,70,2576,723,692,810,929.9575331223332
medium_005,medium,860.3862507255287,70,2576,723,692,820,935.77728108334
medium_005,medium,860.3862507255287,70,2576,723,692,847,964.5105108981962
medium_005,medium,860.3862507255287,70,2576,723,692,849,968.0244082141212
medium_005,medium,860.3862507255287,70,2576,723,692,860,957.6914396823984
medium_005,medium,860.3862507255287,70,2576,723,692,872,1077.7162460447862
medium_005,medium,860.3862507255287,70,2576,723,692,879,1080.7692286124716
medium_005,medium,860.3862507255287,70,2576,723,692,880,1081.071559321338
medium_005,medium,860.3862507255287,70,2576,723,692,2404,1089.1649303466254
medium_005,medium,860.3862507255287,70,2576,723,692,2408,1090.1189873670398
medium_005,medium,860.3862507255287,70,2576,723,692,2417,1094.0306211734855
medium_005,medium,860.3862507255287,70,2576,723,692,2609,1098.1754197400292
medium_005,medium,860.3862507255287,70,2576,723,692,2612,1115.7188505046674
medium_005,medium,860.3862507255287,70,2576,723,692,2616,1121.1407291264338
medium_005,medium,860.3862507255287,70,2576,723,692,2618,1119.468392383504
medium_005,medium,860.3862507255287,70,2576,723,692,2625,1122.1627127407817
medium_005,medium,860.3862507255287,70,2576,723,692,2639,1118.7651012227118
medium_005,medium,860.3862507255287,70,2576,723,692,2829,1142.5895270089609
medium_005,medium,860.3862507255287,70,2576,723,692,2847,1173.9142234371768
medium_005,medium,860.3862507255287,70,2576,723,692,2850,1191.6368948537342
medium_005,medium,860.3862507255287,70,2576,723,692,2852,1151.532128355518
medium_005,medium,860.3862507255287,70,2576,723,692,2858,1195.650931575308
medium_005,medium,860.3862507255287,70,2576,723,692,2873,1131.9180107770533
medium_005,medium,860.3862507255287,70,2576,723,692,2887,1135.4484995611729
medium_005,medium,860.3862507255287,70,2576,723,692,2890,1167.3443024433848
medium_005,medium,860.3862507255287,70,2576,723,692,2910,1246.4582716916032
medium_005,medium,860.3862507255287,70,2576,723,692,2919,1246.4943514701297
medium_005,medium,860.3862507255287,70,2576,723,692,2924,1252.1826139278223
medium_005,medium,860.3862507255287,70,2576,723,692,2926,1253.120139864731
medium_005,medium,860.3862507255287,70,2576,723,692,2950,1289.4537162622669
medium_005,medium,860.3862507255287,70,2576,723,692,2961,1322.7340576559936
medium_005,medium,860.3862507255287,70,2576,723,692,2962,1313.682539683791
medium_005,medium,860.3862507255287,70,2576,723,692,2975,1305.3982024379532
medium_005,medium,860.3862507255287,70,2576,723,692,2979,1309.540371060872
medium_005,medium,860.3862507255287,70,2576,723,692,2982,1276.0495631405868
medium_005,medium,860.3862507255287,70,2576,723,692,2990,1280.6776639846178
medium_005,medium,860.3862507255287,70,2576,723,692,3013,1367.5095041063432
medium_005,medium,860.3862507255287,70,2576,723,692,3014,1368.1967021301336
medium_005,medium,860.3862507255287,70,2576,723,692,3018,1365.287231116207
medium_005,medium,860.3862507255287,70,2576,723,692,3031,1344.47191105832
medium_005,medium,860.3862507255287,70,2576,723,692,3040,1355.0974132165838
medium_005,medium,860.3862507255287,70,2576,723,692,3041,1359.561523924281
medium_005,medium,860.3862507255287,70,2576,723,692,3045,1372.3616833000267
medium_005,medium,860.3862507255287,70,2576,723,692,3057,1348.0294114810797
medium_005,medium,860.3862507255287,70,2576,723,692,3068,1371.2043342733637
medium_005,medium,860.3862507255287,70,2576,723,692,3100,1458.1788486659484
medium_005,medium,860.3862507255287,70,2576,723,692,3104,1460.5102835660855
medium_005,medium,860.3862507255287,70,2576,723,692,3109,1461.7237802368163
medium_005,medium,860.3862507255287,70,2576,723,692,3111,1457.1161490585994
medium_005,medium,860.3862507255287,70,2576,723,692,3132,1453.2650426046466
medium_005,medium,860.3862507255287,70,2576,723,692,3135,1447.339468483172
medium_005,medium,860.3862507255287,70,2576,723,692,3136,1448.1004606263607
medium_005,medium,860.3862507255287,70,2576,723,692,3151,1501.5733432699335
medium_005,medium,860.3862507255287,70,2576,723,692,3158,1503.7649289017088
medium_005,medium,860.3862507255287,70,2576,723,692,3162,1505.73750239245
medium_005,medium,860.3862507255287,70,2576,723,692,3173,1507.2596017781918
medium_005,medium,860.3862507255287,70,2576,723,692,3174,1507.977896502191
medium_005,medium,860.3862507255287,70,2576,723,692,3187,1497.5713174126683
medium_005,medium,860.3862507255287,70,2576,723,692,3213,1500.124760957142
medium_005,medium,860.3862507255287,70,2576,723,692,3238,1534.092727339539
medium_005,medium,860.3862507255287,70,2576,723,692,3242,1533.2149949217014
medium_005,medium,860.3862507255287,70,2576,723,692,3243,1536.6712053572887
medium_005,medium,860.3862507255287,70,2576,723,692,3253,1541.1681323669684
medium_005,medium,860.3862507255287,70,2576,723,692,3258,1560.7202276714595
medium_005,medium,860.3862507255287,70,2576,723,692,3261,1556.3435225823814
medium_005,medium,860.3862507255287,70,2576,723,692,3295,1576.8790109789904
medium_006,medium,757.2753644527533,69,2540,759,725,659,797.9180499818629
medium_006,medium,757.2753644527533,69,2540,759,725,670,807.4114036187511
medium_006,medium,757.2753644527533,69,2540,759,725,675,819.477655805585
medium_006,medium,757.2753644527533,69,2540,759,725,676,814.5979249386347
medium_006,medium,757.2753644527533,69,2540,759,725,684,814.0331273734008
medium_006,medium,757.2753644527533,69,2540,759,725,689,822.70516385316
medium_006,medium,757.2753644527533,69,2540,759,725,733,973.9317401257932
medium_006,medium,757.2753644527533,69,2540,759,725,739,925.0623426552564
medium_006,medium,757.2753644527533,69,2540,759,725,748,1016.9990335528852
medium_006,medium,757.2753644527533,69,2540,759,725,755,947.3601667065194
medium_006,medium,757.2753644527533,69,2540,759,725,759,920.4169626907244
medium_006,medium,757.2753644527533,69,2540,759,725,765,985.8196348287304
medium_006,medium,757.2753644527533,69,2540,759,725,793,927.6677961823528
medium_006,medium,757.2753644527533,69,2540,759,725,835,931.7516900699936
medium_006,medium,757.2753644527533,69,2540,759,725,841,932.1677120298197
medium_006,medium,757.2753644527533,69,2540,759,725,843,932.2472700623136
medium_006,medium,757.2753644527533,69,2540,759,725,851,965.69473912729
medium_006,medium,757.2753644527533,69,2540,759,725,853,920.4169626907244
medium_006,medium,757.2753644527533,69,2540,759,725,873,1078.7031028631502
medium_006,medium,757.2753644527533,69,2540,759,725,880,1081.071559321338
medium_006,medium,757.2753644527533,69,2540,759,725,881,1081.5254576932302
medium_006,medium,757.2753644527533,69,2540,759,725,889,1083.4400157795255
medium_006,medium,757.2753644527533,69,2540,759,725,2405,1089.1649303466254
medium_006,medium,757.2753644527533,69,2540,759,725,2411,1091.1159899538795
medium_006,medium,757.2753644527533,69,2540,759,725,2413,1091.1684501122422
medium_006,medium,757.2753644527533,69,2540,759,725,2609,1098.1754197400292
medium_006,medium,757.2753644527533,69,2540,759,725,2616,1121.1407291264338
medium_006,medium,757.2753644527533,69,2540,759,725,2642,1120.495237479668
medium_006,medium,757.2753644527533,69,2540,759,725,2822,1154.8188426393156
medium_006,medium,757.2753644527533,69,2540,759,725,2826,1145.7355374652211
medium_006,medium,757.2753644527533,69,2540,759,725,2827,1158.0204118727036
medium_006,medium,757.2753644527533,69,2540,759,725,2848,1178.796684853828
medium_006,medium,757.2753644527533,69,2540,759,725,2849,1133.0035533007822
medium_006,medium,757.2753644527533,69,2540,759,725,2865,1139.1648035327985
medium_006,medium,757.2753644527533,69,2540,759,725,2867,1142.3995087726184
medium_006,medium,757.2753644527533,69,2540,759,725,2883,1213.4675543148776
medium_006,medium,757.2753644527533,69,2540,759,725,2906,1245.4088089464008
medium_006,medium,757.2753644527533,69,2540,759,725,2908,1245.4088089464008
medium_006,medium,757.2753644527533,69,2540,759,725,2929,1266.8750920194575
medium_006,medium,757.2753644527533,69,2540,759,725,2940,1273.4736091399748
medium_006,medium,757.2753644527533,69,2540,759,725,2941,1273.4736091399748
medium_006,medium,757.2753644527533,69,2540,759,725,2944,1317.1657269042753
medium_006,medium,757.2753644527533,69,2540,759,725,2978,1309.2428600460996
medium_006,medium,757.2753644527533,69,2540,759,725,2987,1283.6820193039025
medium_006,medium,757.2753644527533,69,2540,759,725,3021,1382.645031812876
medium_006,medium,757.2753644527533,69,2540,759,725,3056,1339.5984267172976
medium_006,medium,757.2753644527533,69,2540,759,725,3057,1348.0294114810797
medium_006,medium,757.2753644527533,69,2540,759,725,3075,1389.2887727887692
medium_006,medium,757.2753644527533,69,2540,759,725,3081,1392.8940004921865
medium_006,medium,757.2753644527533,69,2540,759,725,3087,1409.219789021147
medium_006,medium,757.2753644527533,69,2540,759,725,3099,1458.0162380970437
medium_006,medium,757.2753644527533,69,2540,759,725,3112,1445.7603478620272
medium_006,medium,757.2753644527533,69,2540,759,725,3123,1468.6254319997183
medium_006,medium,757.2753644527533,69,2540,759,725,3135,1447.339468483172
medium_006,medium,757.2753644527533,69,2540,759,725,3138,1448.9565767520114
medium_006,medium,757.2753644527533,69,2540,759,725,3172,1514.8700987069003
medium_006,medium,757.2753644527533,69,2540,759,725,3174,1507.977896502191
medium_006,medium,757.2753644527533,69,2540,759,725,3196,1499.363711264271
medium_006,medium,757.2753644527533,69,2540,759,725,3209,1502.2482952580965
medium_006,medium,757.2753644527533,69,2540,759,725,3221,1544.3697964157925
medium_006,medium,757.2753644527533,69,2540,759,725,3224,1540.0364429291035
medium_006,medium,757.2753644527533,69,2540,759,725,3236,1533.4146336402357
medium_006,medium,757.2753644527533,69,2540,759,725,3242,1533.2149949217014
medium_006,medium,757.2753644527533,69,2540,759,725,3276,1562.8318631761613
medium_006,medium,757.2753644527533,69,2540,759,725,3278,1566.142825964757
medium_006,medium,757.2753644527533,69,2540,759,725,3280,1569.4745895398314
medium_006,medium,757.2753644527533,69,2540,759,725,3290,1583.6528552746286
medium_006,medium,757.2753644527533,69,2540,759,725,3292,1581.0830524885766
medium_006,medium,757.2753644527533,69,2540,759,725,3294,1587.5767001711947
medium_007,medium,639.1814148509999,69,2504,795,757,305,679.1712424535699
medium_007,medium,639.1814148509999,69,2504,795,757,311,742.874993998942
medium_007,medium,639.1814148509999,69,2504,795,757,658,797.9180499818629
medium_007,medium,639.1814148509999,69,2504,795,757,661,800.1772402427983
medium_007,medium,639.1814148509999,69,2504,795,757,662,800.2724407437378
medium_007,medium,639.1814148509999,69,2504,795,757,675,819.477655805585
medium_007,medium,639.1814148509999,69,2504,795,757,684,814.0331273734008
medium_007,medium,639.1814148509999,69,2504,795,757,712,918.8972032280894
medium_007,medium,639.1814148509999,69,2504,795,757,731,971.8877728970976
medium_007,medium,639.1814148509999,69,2504,795,757,741,961.1551976216444
medium_007,medium,639.1814148509999,69,2504,795,757,755,947.3601667065194
medium_007,medium,639.1814148509999,69,2504,795,757,774,934.537007002294
medium_007,medium,639.1814148509999,69,2504,795,757,798,954.5140516746916
medium_007,medium,639.1814148509999,69,2504,795,757,801,928.615027342538
medium_007,medium,639.1814148509999,69,2504,795,757,804,929.5219075984146
medium_007,medium,639.1814148509999,69,2504,795,757,816,955.421669047218
medium_007,medium,639.1814148509999,69,2504,795,757,817,948.5616451341464
medium_007,medium,639.1814148509999,69,2504,795,757,830,956.1941010699966
medium_007,medium,639.1814148509999,69,2504,795,757,839,937.6048687810024
medium_007,medium,639.1814148509999,69,2504,795,757,845,944.5662440452136
medium_007,medium,639.1814148509999,69,2504,795,757,865,950.2789477253992
medium_007,medium,639.1814148509999,69,2504,795,757,885,1082.6403489290196
medium_007,medium,639.1814148509999,69,2504,795,757,2422,1096.695134512483
medium_007,medium,639.1814148509999,69,2504,795,757,2619,1124.9664719122718
medium_007,medium,639.1814148509999,69,2504,795,757,2621,1124.5783103444892
medium_007,medium,639.1814148509999,69,2504,795,757,2622,1121.2456494416697
medium_007,medium,639.1814148509999,69,2504,795,757,2627,1117.2386099673024
medium_007,medium,639.1814148509999,69,2504,795,757,2628,1117.2386099673024
medium_007,medium,639.1814148509999,69,2504,795,757,2630,1125.5282072768532
medium_007,medium,639.1814148509999,69,2504,795,757,2636,1120.386998146043
medium_007,medium,639.1814148509999,69,2504,795,757,2865,1139.1648035327985
medium_007,medium,639.1814148509999,69,2504,795,757,2881,1172.9239686013482
medium_007,medium,639.1814148509999,69,2504,795,757,2890,1167.3443024433848
medium_007,medium,639.1814148509999,69,2504,795,757,2892,1221.1157889882672
medium_007,medium,639.1814148509999,69,2504,795,757,2894,1137.3066515469857
medium_007,medium,639.1814148509999,69,2504,795,757,2914,1250.8365215650456
medium_007,medium,639.1814148509999,69,2504,795,757,2915,1254.1918348415977
medium_007,medium,639.1814148509999,69,2504,795,757,2947,1274.402685132881
medium_007,medium,639.1814148509999,69,2504,795,757,2958,1283.3218146869335
medium_007,medium,639.1814148509999,69,2504,795,757,2959,1284.3437983012814
medium_007,medium,639.1814148509999,69,2504,795,757,2964,1286.44878475409
medium_007,medium,639.1814148509999,69,2504,795,757,2976,1308.2660992160131
medium_007,medium,639.1814148509999,69,2504,795,757,2981,1313.4528791357563
medium_007,medium,639.1814148509999,69,2504,795,757,2993,1282.6513776213458
medium_007,medium,639.1814148509999,69,2504,795,757,2998,1373.5840861635106
medium_007,medium,639.1814148509999,69,2504,795,757,3015,1341.5591208157955
medium_007,medium,639.1814148509999,69,2504,795,757,3016,1342.0187566338543
medium_007,medium,639.1814148509999,69,2504,795,757,3017,1342.403229168631
medium_007,medium,639.1814148509999,69,2504,795,757,3043,1356.9505695357525
medium_007,medium,639.1814148509999,69,2504,795,757,3051,1337.7357673470976
medium_007,medium,639.1814148509999,69,2504,795,757,3054,1336.8554006071297
medium_007,medium,639.1814148509999,69,2504,795,757,3069,1371.472669177307
medium_007,medium,639.1814148509999,69,2504,795,757,3080,1390.079669677741
medium_007,medium,639.1814148509999,69,2504,795,757,3087,1409.219789021147
medium_007,medium,639.1814148509999,69,2504,795,757,3099,1458.0162380970437
medium_007,medium,639.1814148509999,69,2504,795,757,3104,1460.5102835660855
medium_007,medium,639.1814148509999,69,2504,795,757,3106,1454.7489628182093
medium_007,medium,639.1814148509999,69,2504,795,757,3107,1449.812692877662
medium_007,medium,639.1814148509999,69,2504,795,757,3144,1493.7598642443463
medium_007,medium,639.1814148509999,69,2504,795,757,3148,1494.6174411955049
medium_007,medium,639.1814148509999,69,2504,795,757,3156,1503.43373003074
medium_007,medium,639.1814148509999,69,2504,795,757,3163,1494.797413107045
medium_007,medium,639.1814148509999,69,2504,795,757,3179,1510.303800549675
medium_007,medium,639.1814148509999,69,2504,795,757,3206,1514.4369978922798
medium_007,medium,639.1814148509999,69,2504,795,757,3233,1535.6213494897347
medium_007,medium,639.1814148509999,69,2504,795,757,3251,1546.5902242571117
medium_007,medium,639.1814148509999,69,2504,795,757,3255,1551.73568587887
medium_007,medium,639.1814148509999,69,2504,795,757,3275,1558.430490731479
medium_007,medium,639.1814148509999,69,2504,795,757,3292,1581.0830524885766
medium_008,medium,617.0795267366125,87,2488,811,773,254,642.281845156259
medium_008,medium,617.0795267366125,87,2488,811,773,265,645.5343244657008
medium_008,medium,617.0795267366125,87,2488,811,773,268,631.6818061347807
medium_008,medium,617.0795267366125,87,2488,811,773,293,651.904909566153
medium_008,medium,617.0795267366125,87,2488,811,773,303,668.5827894200493
medium_008,medium,617.0795267366125,87,2488,811,773,358,644.1484686015121
medium_008,medium,617.0795267366125,87,2488,811,773,668,804.9618123559368
medium_008,medium,617.0795267366125,87,2488,811,773,670,807.4114036187511
medium_008,medium,617.0795267366125,87,2488,811,773,677,814.9650736679164
medium_008,medium,617.0795267366125,87,2488,811,773,690,870.5599482939281
medium_008,medium,617.0795267366125,87,2488,811,773,740,942.9872731123028
medium_008,medium,617.0795267366125,87,2488,811,773,749,1018.5507514501016
medium_008,medium,617.0795267366125,87,2488,811,773,755,947.3601667065194
medium_008,medium,617.0795267366125,87,2488,811,773,756,923.0183754265606
medium_008,medium,617.0795267366125,87,2488,811,773,764,958.4838380099771
medium_008,medium,617.0795267366125,87,2488,811,773,766,990.3591760990912
medium_008,medium,617.0795267366125,87,2488,811,773,769,978.8129515124598
medium_008,medium,617.0795267366125,87,2488,811,773,786,927.2921251268356
medium_008,medium,617.0795267366125,87,2488,811,773,819,935.1892712880492
medium_008,medium,617.0795267366125,87,2488,811,773,823,963.990626957393
medium_008,medium,617.0795267366125,87,2488,811,773,824,951.9962503166522
medium_008,medium,617.0795267366125,87,2488,811,773,829,936.3970700345258
medium_008,medium,617.0795267366125,87,2488,811,773,834,941.5069878847564
medium_008,medium,617.0795267366125,87,2488,811,773,848,965.1055181931824
medium_008,medium,617.0795267366125,87,2488,811,773,858,941.5069878847564
medium_008,medium,617.0795267366125,87,2488,811,773,861,945.8736450957184
medium_008,medium,617.0795267366125,87,2488,811,773,875,1079.6243601424812
medium_008,medium,617.0795267366125,87,2488,811,773,876,1079.887331092244
medium_008,medium,617.0795267366125,87,2488,811,773,881,1081.5254576932302
medium_008,medium,617.0795267366125,87,2488,811,773,2416,1094.0306211734855
medium_008,medium,617.0795267366125,87,2488,811,773,2418,1094.0306211734855
medium_008,medium,617.0795267366125,87,2488,811,773,2632,1117.981870772703
medium_008,medium,617.0795267366125,87,2488,811,773,2640,1123.4399806568622
medium_008,medium,617.0795267366125,87,2488,811,773,2825,1144.3839022981847
medium_008,medium,617.0795267366125,87,2488,811,773,2830,1184.2216418876324
medium_008,medium,617.0795267366125,87,2488,811,773,2831,1132.9674735222557
medium_008,medium,617.0795267366125,87,2488,811,773,2838,1180.8788619766694
medium_008,medium,617.0795267366125,87,2488,811,773,2841,1197.287891763947
medium_008,medium,617.0795267366125,87,2488,811,773,2856,1148.318444595122
medium_008,medium,617.0795267366125,87,2488,811,773,2858,1195.650931575308
medium_008,medium,617.0795267366125,87,2488,811,773,2867,1142.3995087726184
medium_008,medium,617.0795267366125,87,2488,811,773,2880,1172.5806817909013
medium_008,medium,617.0795267366125,87,2488,811,773,2895,1138.7912673979497
medium_008,medium,617.0795267366125,87,2488,811,773,2915,1254.1918348415977
medium_008,medium,617.0795267366125,87,2488,811,773,2917,1255.5218134992729
medium_008,medium,617.0795267366125,87,2488,811,773,2918,1256.0668627729606
medium_008,medium,617.0795267366125,87,2488,811,773,2920,1247.4527761750965
medium_008,medium,617.0795267366125,87,2488,811,773,2935,1271.9538496773398
medium_008,medium,617.0795267366125,87,2488,811,773,2954,1317.1657269042753
medium_008,medium,617.0795267366125,87,2488,811,773,2955,1290.0533506469906
medium_008,medium,617.0795267366125,87,2488,811,773,2978,1309.2428600460996
medium_008,medium,617.0795267366125,87,2488,811,773,2984,1277.747358729495
medium_008,medium,617.0795267366125,87,2488,811,773,2989,1279.8657912222443
medium_008,medium,617.0795267366125,87,2488,811,773,2990,1280.6776639846178
medium_008,medium,617.0795267366125,87,2488,811,773,3019,1377.756489879598
medium_008,medium,617.0795267366125,87,2488,811,773,3033,1350.186175036174
medium_008,medium,617.0795267366125,87,2488,811,773,3035,1350.77198763066
medium_008,medium,617.0795267366125,87,2488,811,773,3036,1352.4409732027002
medium_008,medium,617.0795267366125,87,2488,811,773,3039,1354.6957713692263
medium_008,medium,617.0795267366125,87,2488,811,773,3048,1364.5005122871762
medium_008,medium,617.0795267366125,87,2488,811,773,3051,1337.7357673470976
medium_008,medium,617.0795267366125,87,2488,811,773,3053,1335.350904697546
medium_008,medium,617.0795267366125,87,2488,811,773,3062,1348.4237853121645
medium_008,medium,617.0795267366125,87,2488,811,773,3067,1370.6254728855636
medium_008,medium,617.0795267366125,87,2488,811,773,3085,1409.219789021147
medium_008,medium,617.0795267366125,87,2488,811,773,3091,1444.8867165875456
medium_008,medium,617.0795267366125,87,2488,811,773,3102,1454.537091425231
medium_008,medium,617.0795267366125,87,2488,811,773,3103,1460.2729820174657
medium_008,medium,617.0795267366125,87,2488,811,773,3105,1449.269887623915
medium_008,medium,617.0795267366125,87,2488,811,773,3114,1444.41234629091
medium_008,medium,617.0795267366125,87,2488,811,773,3116,1443.4424454500374
medium_008,medium,617.0795267366125,87,2488,811,773,3122,1471.2229686228654
medium_008,medium,617.0795267366125,87,2488,811,773,3130,1452.1162010679918
medium_008,medium,617.0795267366125,87,2488,811,773,3148,1494.6174411955049
medium_008,medium,617.0795267366125,87,2488,811,773,3149,1516.0568655282184
medium_008,medium,617.0795267366125,87,2488,811,773,3161,1505.289510186076
medium_008,medium,617.0795267366125,87,2488,811,773,3184,1496.8090267704847
medium_008,medium,617.0795267366125,87,2488,811,773,3192,1498.7907773086083
medium_008,medium,617.0795267366125,87,2488,811,773,3195,1499.0958986970356
medium_008,medium,617.0795267366125,87,2488,811,773,3196,1499.363711264271
medium_008,medium,617.0795267366125,87,2488,811,773,3201,1522.9719014271943
medium_008,medium,617.0795267366125,87,2488,811,773,3206,1514.4369978922798
medium_008,medium,617.0795267366125,87,2488,811,773,3208,1493.7598642443463
medium_008,medium,617.0795267366125,87,2488,811,773,3216,1519.7620219652044
medium_008,medium,617.0795267366125,87,2488,811,773,3226,1535.4278215120526
medium_008,medium,617.0795267366125,87,2488,811,773,3229,1536.0390036247898
medium_008,medium,617.0795267366125,87,2488,811,773,3246,1541.6312566729555
medium_009,medium,863.3398919672754,68,2576,723,692,718,960.3559531390384
medium_009,medium,863.3398919672754,68,2576,723,692,719,942.3602743877204
medium_009,medium,863.3398919672754,68,2576,723,692,724,971.3128397281856
medium_009,medium,863.3398919672754,68,2576,723,692,740,942.9872731123028
medium_009,medium,863.3398919672754,68,2576,723,692,747,1015.7382628264284
medium_009,medium,863.3398919672754,68,2576,723,692,748,1016.9990335528852
medium_009,medium,863.3398919672754,68,2576,723,692,762,976.0601648014851
medium_009,medium,863.3398919672754,68,2576,723,692,773,926.177233891046
medium_009,medium,863.3398919672754,68,2576,723,692,780,958.8807088856532
medium_009,medium,863.3398919672754,68,2576,723,692,781,947.7241859110354
medium_009,medium,863.3398919672754,68,2576,723,692,788,943.8867656431298
medium_009,medium,863.3398919672754,68,2576,723,692,791,961.5750293536856
medium_009,medium,863.3398919672754,68,2576,723,692,794,940.113373895397
medium_009,medium,863.3398919672754,68,2576,723,692,797,928.4070163626252
medium_009,medium,863.3398919672754,68,2576,723,692,804,929.5219075984146
medium_009,medium,863.3398919672754,68,2576,723,692,833,931.1024015923234
medium_009,medium,863.3398919672754,68,2576,723,692,834,941.5069878847564
medium_009,medium,863.3398919672754,68,2576,723,692,836,998.443578241707
medium_009,medium,863.3398919672754,68,2576,723,692,845,944.5662440452136
medium_009,medium,863.3398919672754,68,2576,723,692,846,945.4132568985392
medium_009,medium,863.3398919672754,68,2576,723,692,861,945.8736450957184
medium_009,medium,863.3398919672754,68,2576,723,692,862,946.1452149781244
medium_009,medium,863.3398919672754,68,2576,723,692,870,1077.7162460447862
medium_009,medium,863.3398919672754,68,2576,723,692,873,1078.7031028631502
medium_009,medium,863.3398919672754,68,2576,723,692,885,1082.6403489290196
medium_009,medium,863.3398919672754,68,2576,723,692,2625,1122.1627127407817
medium_009,medium,863.3398919672754,68,2576,723,692,2626,1119.5283468504165
medium_009,medium,863.3398919672754,68,2576,723,692,2639,1118.7651012227118
medium_009,medium,863.3398919672754,68,2576,723,692,2826,1145.7355374652211
medium_009,medium,863.3398919672754,68,2576,723,692,2831,1132.9674735222557
medium_009,medium,863.3398919672754,68,2576,723,692,2856,1148.318444595122
medium_009,medium,863.3398919672754,68,2576,723,692,2868,1132.5683639610122
medium_009,medium,863.3398919672754,68,2576,723,692,2903,1257.9418907043237
medium_009,medium,863.3398919672754,68,2576,723,692,2910,1246.4582716916032
medium_009,medium,863.3398919672754,68,2576,723,692,2912,1249.9612814002455
medium_009,medium,863.3398919672754,68,2576,723,692,2917,1255.5218134992729
medium_009,medium,863.3398919672754,68,2576,723,692,2919,1246.4943514701297
medium_009,medium,863.3398919672754,68,2576,723,692,2926,1253.120139864731
medium_009,medium,863.3398919672754,68,2576,723,692,2936,1271.9538496773398
medium_009,medium,863.3398919672754,68,2576,723,692,2963,1322.7340576559936
medium_009,medium,863.3398919672754,68,2576,723,692,2964,1286.44878475409
medium_009,medium,863.3398919672754,68,2576,723,692,2966,1292.9716965691964
medium_009,medium,863.3398919672754,68,2576,723,692,2980,1312.5361183348866
medium_009,medium,863.3398919672754,68,2576,723,692,3005,1368.9960257171444
medium_009,medium,863.3398919672754,68,2576,723,692,3009,1365.8484498309138
medium_009,medium,863.3398919672754,68,2576,723,692,3016,1342.0187566338543
medium_009,medium,863.3398919672754,68,2576,723,692,3025,1366.644984232917
medium_009,medium,863.3398919672754,68,2576,723,692,3029,1336.0691773166277
medium_009,medium,863.3398919672754,68,2576,723,692,3045,1372.3616833000267
medium_009,medium,863.3398919672754,68,2576,723,692,3088,1409.219789021147
medium_009,medium,863.3398919672754,68,2576,723,692,3094,1464.0766132485076
medium_009,medium,863.3398919672754,68,2576,723,692,3096,1464.9339936008407
medium_009,medium,863.3398919672754,68,2576,723,692,3112,1445.7603478620272
medium_009,medium,863.3398919672754,68,2576,723,692,3127,1450.967359531337
medium_009,medium,863.3398919672754,68,2576,723,692,3136,1448.1004606263607
medium_009,medium,863.3398919672754,68,2576,723,692,3148,1494.6174411955049
medium_009,medium,863.3398919672754,68,2576,723,692,3163,1494.797413107045
medium_009,medium,863.3398919672754,68,2576,723,692,3164,1494.839328164598
medium_009,medium,863.3398919672754,68,2576,723,692,3182,1511.825899935417
medium_009,medium,863.3398919672754,68,2576,723,692,3214,1515.576248626063
medium_009,medium,863.3398919672754,68,2576,723,692,3218,1548.2955628071743
medium_009,medium,863.3398919672754,68,2576,723,692,3226,1535.4278215120526
medium_009,medium,863.3398919672754,68,2576,723,692,3227,1537.3556023084122
medium_009,medium,863.3398919672754,68,2576,723,692,3232,1532.8619938195989
medium_009,medium,863.3398919672754,68,2576,723,692,3260,1555.3565663298511
medium_009,medium,863.3398919672754,68,2576,723,692,3271,1564.4158068983966
medium_009,medium,863.3398919672754,68,2576,723,692,3291,1586.3471757426607
medium_009,medium,863.3398919672754,68,2576,723,692,3297,1576.8790109789904
medium_010,medium,830.5599616916558,65,2576,723,692,724,971.3128397281856
medium_010,medium,830.5599616916558,65,2576,723,692,730,970.494158907738
medium_010,medium,830.5599616916558,65,2576,723,692,731,971.8877728970976
medium_010,medium,830.5599616916558,65,2576,723,692,760,938.2578292454314
medium_010,medium,830.5599616916558,65,2576,723,692,773,926.177233891046
medium_010,medium,830.5599616916558,65,2576,723,692,784,926.5229277123624
medium_010,medium,830.5599616916558,65,2576,723,692,787,964.3035858572514
medium_010,medium,830.5599616916558,65,2576,723,692,815,944.3871234849172
medium_010,medium,830.5599616916558,65,2576,723,692,833,931.1024015923234
medium_010,medium,830.5599616916558,65,2576,723,692,834,941.5069878847564
medium_010,medium,830.5599616916558,65,2576,723,692,836,998.443578241707
medium_010,medium,830.5599616916558,65,2576,723,692,840,962.1092546420588
medium_010,medium,830.5599616916558,65,2576,723,692,843,932.2472700623136
medium_010,medium,830.5599616916558,65,2576,723,692,861,945.8736450957184
medium_010,medium,830.5599616916558,65,2576,723,692,864,992.6564597267472
medium_010,medium,830.5599616916558,65,2576,723,692,868,951.276870363032
medium_010,medium,830.5599616916558,65,2576,723,692,877,1080.4105664574408
medium_010,medium,830.5599616916558,65,2576,723,692,887,1083.755240164809
medium_010,medium,830.5599616916558,65,2576,723,692,2405,1089.1649303466254
medium_010,medium,830.5599616916558,65,2576,723,692,2414,1091.4347009818057
medium_010,medium,830.5599616916558,65,2576,723,692,2419,1096.446218777193
medium_010,medium,830.5599616916558,65,2576,723,692,2424,1095.3135349903018
medium_010,medium,830.5599616916558,65,2576,723,692,2620,1126.529369840989
medium_010,medium,830.5599616916558,65,2576,723,692,2628,1117.2386099673024
medium_010,medium,830.5599616916558,65,2576,723,692,2640,1123.4399806568622
medium_010,medium,830.5599616916558,65,2576,723,692,2840,1191.7710971128013
medium_010,medium,830.5599616916558,65,2576,723,692,2864,1240.9736594677693
medium_010,medium,830.5599616916558,65,2576,723,692,2865,1139.1648035327985
medium_010,medium,830.5599616916558,65,2576,723,692,2871,1134.9792778433466
medium_010,medium,830.5599616916558,65,2576,723,692,2878,1171.1686879339245
medium_010,medium,830.5599616916558,65,2576,723,692,2887,1135.4484995611729
medium_010,medium,830.5599616916558,65,2576,723,692,2891,1206.994759898018
medium_010,medium,830.5599616916558,65,2576,723,692,2900,1253.80451090802
medium_010,medium,830.5599616916558,65,2576,723,692,2915,1254.1918348415977
medium_010,medium,830.5599616916558,65,2576,723,692,2940,1273.4736091399748
medium_010,medium,830.5599616916558,65,2576,723,692,2942,1274.4276661603892
medium_010,medium,830.5599616916558,65,2576,723,692,2946,1273.4736091399748
medium_010,medium,830.5599616916558,65,2576,723,692,2971,1300.8228218667862
medium_010,medium,830.5599616916558,65,2576,723,692,2996,1361.5855515954695
medium_010,medium,830.5599616916558,65,2576,723,692,3005,1368.9960257171444
medium_010,medium,830.5599616916558,65,2576,723,692,3008,1364.6246273546485
medium_010,medium,830.5599616916558,65,2576,723,692,3012,1334.5986567427542
medium_010,medium,830.5599616916558,65,2576,723,692,3020,1380.5225041920835
medium_010,medium,830.5599616916558,65,2576,723,692,3025,1366.644984232917
medium_010,medium,830.5599616916558,65,2576,723,692,3052,1346.2887757527278
medium_010,medium,830.5599616916558,65,2576,723,692,3065,1334.5986567427542
medium_010,medium,830.5599616916558,65,2576,723,692,3081,1392.8940004921865
medium_010,medium,830.5599616916558,65,2576,723,692,3083,1393.728541601571
medium_010,medium,830.5599616916558,65,2576,723,692,3091,1444.8867165875456
medium_010,medium,830.5599616916558,65,2576,723,692,3094,1464.0766132485076
medium_010,medium,830.5599616916558,65,2576,723,692,3102,1454.537091425231
medium_010,medium,830.5599616916558,65,2576,723,692,3114,1444.41234629091
medium_010,medium,830.5599616916558,65,2576,723,692,3122,1471.2229686228654
medium_010,medium,830.5599616916558,65,2576,723,692,3126,1450.8732721457886
medium_010,medium,830.5599616916558,65,2576,723,692,3173,1507.2596017781918
medium_010,medium,830.5599616916558,65,2576,723,692,3174,1507.977896502191
medium_010,medium,830.5599616916558,65,2576,723,692,3189,1498.0004874798062
medium_010,medium,830.5599616916558,65,2576,723,692,3210,1502.6214929100356
medium_010,medium,830.5599616916558,65,2576,723,692,3227,1537.3556023084122
medium_010,medium,830.5599616916558,65,2576,723,692,3248,1551.354818849989
medium_010,medium,830.5599616916558,65,2576,723,692,3251,1546.5902242571117
medium_010,medium,830.5599616916558,65,2576,723,692,3264,1566.8295232313226
medium_010,medium,830.5599616916558,65,2576,723,692,3274,1559.2586854889823
medium_010,medium,830.5599616916558,65,2576,723,692,3278,1566.142825964757
medium_010,medium,830.5599616916558,65,2576,723,692,3288,1577.737662274617
medium_011,medium,686.7780007861902,61,2528,771,736,665,802.7026220950013
medium_011,medium,686.7780007861902,61,2528,771,736,676,814.5979249386347
medium_011,medium,686.7780007861902,61,2528,771,736,683,820.1633600665878
medium_011,medium,686.7780007861902,61,2528,771,736,690,870.5599482939281
medium_011,medium,686.7780007861902,61,2528,771,736,726,922.2296710067654
medium_011,medium,686.7780007861902,61,2528,771,736,729,942.900601874116
medium_011,medium,686.7780007861902,61,2528,771,736,749,1018.5507514501016
medium_011,medium,686.7780007861902,61,2528,771,736,768,970.6220399670952
medium_011,medium,686.7780007861902,61,2528,771,736,791,961.5750293536856
medium_011,medium,686.7780007861902,61,2528,771,736,806,950.7048401923788
medium_011,medium,686.7780007861902,61,2528,771,736,815,944.3871234849172
medium_011,medium,686.7780007861902,61,2528,771,736,836,998.443578241707
medium_011,medium,686.7780007861902,61,2528,771,736,838,937.2408799827527
medium_011,medium,686.7780007861902,61,2528,771,736,841,932.1677120298197
medium_011,medium,686.7780007861902,61,2528,771,736,852,973.0891820130053
medium_011,medium,686.7780007861902,61,2528,771,736,861,945.8736450957184
medium_011,medium,686.7780007861902,61,2528,771,736,875,1079.6243601424812
medium_011,medium,686.7780007861902,61,2528,771,736,881,1081.5254576932302
medium_011,medium,686.7780007861902,61,2528,771,736,2617,1123.1846963551295
medium_011,medium,686.7780007861902,61,2528,771,736,2621,1124.5783103444892
medium_011,medium,686.7780007861902,61,2528,771,736,2622,1121.2456494416697
medium_011,medium,686.7780007861902,61,2528,771,736,2632,1117.981870772703
medium_011,medium,686.7780007861902,61,2528,771,736,2637,1118.028095433758
medium_011,medium,686.7780007861902,61,2528,771,736,2829,1142.5895270089609
medium_011,medium,686.7780007861902,61,2528,771,736,2860,1200.3039391294697
medium_011,medium,686.7780007861902,61,2528,771,736,2897,1216.5615113965555
medium_011,medium,686.7780007861902,61,2528,771,736,2941,1273.4736091399748
medium_011,medium,686.7780007861902,61,2528,771,736,2955,1290.0533506469906
medium_011,medium,686.7780007861902,61,2528,771,736,2969,1297.113865192115
medium_011,medium,686.7780007861902,61,2528,771,736,2980,1312.5361183348866
medium_011,medium,686.7780007861902,61,2528,771,736,2981,1313.4528791357563
medium_011,medium,686.7780007861902,61,2528,771,736,2988,1279.605510715308
medium_011,medium,686.7780007861902,61,2528,771,736,2991,1281.4636627011207
medium_011,medium,686.7780007861902,61,2528,771,736,3003,1378.5955476062447
medium_011,medium,686.7780007861902,61,2528,771,736,3015,1341.5591208157955
medium_011,medium,686.7780007861902,61,2528,771,736,3023,1382.7991232033703
medium_011,medium,686.7780007861902,61,2528,771,736,3046,1375.7196982062626
medium_011,medium,686.7780007861902,61,2528,771,736,3060,1359.2053677022786
medium_011,medium,686.7780007861902,61,2528,771,736,3079,1390.0646934730294
medium_011,medium,686.7780007861902,61,2528,771,736,3082,1394.5320309851477
medium_011,medium,686.7780007861902,61,2528,771,736,3097,1467.6497909356865
medium_011,medium,686.7780007861902,61,2528,771,736,3108,1455.3379970173962
medium_011,medium,686.7780007861902,61,2528,771,736,3114,1444.41234629091
medium_011,medium,686.7780007861902,61,2528,771,736,3130,1452.1162010679918
medium_011,medium,686.7780007861902,61,2528,771,736,3134,1447.339468483172
medium_011,medium,686.7780007861902,61,2528,771,736,3149,1516.0568655282184
medium_011,medium,686.7780007861902,61,2528,771,736,3152,1501.8371227519258
medium_011,medium,686.7780007861902,61,2528,771,736,3155,1502.8835660867112
medium_011,medium,686.7780007861902,61,2528,771,736,3175,1508.338672754811
medium_011,medium,686.7780007861902,61,2528,771,736,3180,1511.1390558173994
medium_011,medium,686.7780007861902,61,2528,771,736,3187,1497.5713174126683
medium_011,medium,686.7780007861902,61,2528,771,736,3189,1498.0004874798062
medium_011,medium,686.7780007861902,61,2528,771,736,3199,1518.4277350735058
medium_011,medium,686.7780007861902,61,2528,771,736,3204,1525.068200707398
medium_011,medium,686.7780007861902,61,2528,771,736,3252,1543.8448866280776
medium_011,medium,686.7780007861902,61,2528,771,736,3265,1560.9512433172054
medium_011,medium,686.7780007861902,61,2528,771,736,3266,1561.3767311392178
medium_011,medium,686.7780007861902,61,2528,771,736,3274,1559.2586854889823
medium_011,medium,686.7780007861902,61,2528,771,736,3278,1566.142825964757
medium_011,medium,686.7780007861902,61,2528,771,736,3282,1574.6397823418151
medium_011,medium,686.7780007861902,61,2528,771,736,3296,1576.8790109789904
medium_012,medium,751.5969985270352,72,2540,759,725,662,800.2724407437378
medium_012,medium,751.5969985270352,72,2540,759,725,665,802.7026220950013
medium_012,medium,751.5969985270352,72,2540,759,725,667,802.7026220950013
medium_012,medium,751.5969985270352,72,2540,759,725,675,819.477655805585
medium_012,medium,751.5969985270352,72,2540,759,725,676,814.5979249386347
medium_012,medium,751.5969985270352,72,2540,759,725,688,823.2581540851955
medium_012,medium,751.5969985270352,72,2540,759,725,723,970.6220399670952
medium_012,medium,751.5969985270352,72,2540,759,725,732,972.4452185149922
medium_012,medium,751.5969985270352,72,2540,759,725,734,974.5820933097524
medium_012,medium,751.5969985270352,72,2540,759,725,751,994.8053033381497
medium_012,medium,751.5969985270352,72,2540,759,725,766,990.3591760990912
medium_012,medium,751.5969985270352,72,2540,759,725,768,970.6220399670952
medium_012,medium,751.5969985270352,72,2540,759,725,769,978.8129515124598
medium_012,medium,751.5969985270352,72,2540,759,725,776,923.2791337519676
medium_012,medium,751.5969985270352,72,2540,759,725,777,966.220409428972
medium_012,medium,751.5969985270352,72,2540,759,725,782,921.3051338037236
medium_012,medium,751.5969985270352,72,2540,759,725,808,924.0403590409086
medium_012,medium,751.5969985270352,72,2540,759,725,813,920.4169626907244
medium_012,medium,751.5969985270352,72,2540,759,725,849,968.0244082141212
medium_012,medium,751.5969985270352,72,2540,759,725,872,1077.7162460447862
medium_012,medium,751.5969985270352,72,2540,759,725,879,1080.7692286124716
medium_012,medium,751.5969985270352,72,2540,759,725,2407,1090.0940063395317
medium_012,medium,751.5969985270352,72,2540,759,725,2421,1095.145512409275
medium_012,medium,751.5969985270352,72,2540,759,725,2613,1115.7188505046674
medium_012,medium,751.5969985270352,72,2540,759,725,2618,1119.468392383504
medium_012,medium,751.5969985270352,72,2540,759,725,2622,1121.2456494416697
medium_012,medium,751.5969985270352,72,2540,759,725,2827,1158.0204118727036
medium_012,medium,751.5969985270352,72,2540,759,725,2860,1200.3039391294697
medium_012,medium,751.5969985270352,72,2540,759,725,2872,1153.219262071798
medium_012,medium,751.5969985270352,72,2540,759,725,2874,1169.286029457955
medium_012,medium,751.5969985270352,72,2540,759,725,2884,1204.2183928701231
medium_012,medium,751.5969985270352,72,2540,759,725,2890,1167.3443024433848
medium_012,medium,751.5969985270352,72,2540,759,725,2905,1262.1048069173858
medium_012,medium,751.5969985270352,72,2540,759,725,2916,1254.6995690969738
medium_012,medium,751.5969985270352,72,2540,759,725,2924,1252.1826139278223
medium_012,medium,751.5969985270352,72,2540,759,725,2925,1252.5141782033215
medium_012,medium,751.5969985270352,72,2540,759,725,2930,1265.1981278832689
medium_012,medium,751.5969985270352,72,2540,759,725,2953,1327.9965814040024
medium_012,medium,751.5969985270352,72,2540,759,725,2960,1284.6250912580738
medium_012,medium,751.5969985270352,72,2540,759,725,2965,1292.4027836874727
medium_012,medium,751.5969985270352,72,2540,759,725,2970,1299.7260609782668
medium_012,medium,751.5969985270352,72,2540,759,725,2973,1303.99608009714
medium_012,medium,751.5969985270352,72,2540,759,725,2974,1305.032840956443
medium_012,medium,751.5969985270352,72,2540,759,725,2981,1313.4528791357563
medium_012,medium,751.5969985270352,72,2540,759,725,2989,1279.8657912222443
medium_012,medium,751.5969985270352,72,2540,759,725,3012,1334.5986567427542
medium_012,medium,751.5969985270352,72,2540,759,725,3025,1366.644984232917
medium_012,medium,751.5969985270352,72,2540,759,725,3036,1352.4409732027002
medium_012,medium,751.5969985270352,72,2540,759,725,3045,1372.3616833000267
medium_012,medium,751.5969985270352,72,2540,759,725,3046,1375.7196982062626
medium_012,medium,751.5969985270352,72,2540,759,725,3077,1389.2887727887692
medium_012,medium,751.5969985270352,72,2540,759,725,3086,1411.542479003413
medium_012,medium,751.5969985270352,72,2540,759,725,3093,1442.6665247657772
medium_012,medium,751.5969985270352,72,2540,759,725,3102,1454.537091425231
medium_012,medium,751.5969985270352,72,2540,759,725,3103,1460.2729820174657
medium_012,medium,751.5969985270352,72,2540,759,725,3115,1443.9021958762144
medium_012,medium,751.5969985270352,72,2540,759,725,3121,1453.1872633180417
medium_012,medium,751.5969985270352,72,2540,759,725,3150,1517.478872829889
medium_012,medium,751.5969985270352,72,2540,759,725,3156,1503.43373003074
medium_012,medium,751.5969985270352,72,2540,759,725,3166,1495.558462799916
medium_012,medium,751.5969985270352,72,2540,759,725,3167,1495.6296179934
medium_012,medium,751.5969985270352,72,2540,759,725,3169,1506.8140914704434
medium_012,medium,751.5969985270352,72,2540,759,725,3175,1508.338672754811
medium_012,medium,751.5969985270352,72,2540,759,725,3186,1497.210197651004
medium_012,medium,751.5969985270352,72,2540,759,725,3237,1533.726034499647
medium_012,medium,751.5969985270352,72,2540,759,725,3239,1534.421227576144
medium_012,medium,751.5969985270352,72,2540,759,725,3253,1541.1681323669684
medium_012,medium,751.5969985270352,72,2540,759,725,3255,1551.73568587887
medium_012,medium,751.5969985270352,72,2540,759,725,3259,1558.7122176825778
medium_012,medium,751.5969985270352,72,2540,759,725,3264,1566.8295232313226
medium_012,medium,751.5969985270352,72,2540,759,725,3265,1560.9512433172054
medium_012,medium,751.5969985270352,72,2540,759,725,3266,1561.3767311392178
medium_013,medium,794.6774759086443,67,2540,759,725,734,974.5820933097524
medium_013,medium,794.6774759086443,67,2540,759,725,747,1015.7382628264284
medium_013,medium,794.6774759086443,67,2540,759,725,751,994.8053033381497
medium_013,medium,794.6774759086443,67,2540,759,725,758,946.9397481539488
medium_013,medium,794.6774759086443,67,2540,759,725,785,992.1416294981552
medium_013,medium,794.6774759086443,67,2540,759,725,789,927.4307991134442
medium_013,medium,794.6774759086443,67,2540,759,725,790,923.3775331458164
medium_013,medium,794.6774759086443,67,2540,759,725,802,963.1587173872612
medium_013,medium,794.6774759086443,67,2540,759,725,821,930.636798834204
medium_013,medium,794.6774759086443,67,2540,759,725,843,932.2472700623136
medium_013,medium,794.6774759086443,67,2540,759,725,845,944.5662440452136
medium_013,medium,794.6774759086443,67,2540,759,725,846,945.4132568985392
medium_013,medium,794.6774759086443,67,2540,759,725,856,949.0325034494492
medium_013,medium,794.6774759086443,67,2540,759,725,2405,1089.1649303466254
medium_013,medium,794.6774759086443,67,2540,759,725,2423,1095.2708952545313
medium_013,medium,794.6774759086443,67,2540,759,725,2612,1115.7188505046674
medium_013,medium,794.6774759086443,67,2540,759,725,2633,1119.607066366669
medium_013,medium,794.6774759086443,67,2540,759,725,2838,1180.8788619766694
medium_013,medium,794.6774759086443,67,2540,759,725,2847,1173.9142234371768
medium_013,medium,794.6774759086443,67,2540,759,725,2849,1133.0035533007822
medium_013,medium,794.6774759086443,67,2540,759,725,2858,1195.650931575308
medium_013,medium,794.6774759086443,67,2540,759,725,2878,1171.1686879339245
medium_013,medium,794.6774759086443,67,2540,759,725,2879,1173.4278780826446
medium_013,medium,794.6774759086443,67,2540,759,725,2880,1172.5806817909013
medium_013,medium,794.6774759086443,67,2540,759,725,2881,1172.9239686013482
medium_013,medium,794.6774759086443,67,2540,759,725,2895,1138.7912673979497
medium_013,medium,794.6774759086443,67,2540,759,725,2904,1260.552747918737
medium_013,medium,794.6774759086443,67,2540,759,725,2912,1249.9612814002455
medium_013,medium,794.6774759086443,67,2540,759,725,2931,1264.4457685984123
medium_013,medium,794.6774759086443,67,2540,759,725,2947,1274.402685132881
medium_013,medium,794.6774759086443,67,2540,759,725,2951,1320.931334661675
medium_013,medium,794.6774759086443,67,2540,759,725,2958,1283.3218146869335
medium_013,medium,794.6774759086443,67,2540,759,725,2965,1292.4027836874727
medium_013,medium,794.6774759086443,67,2540,759,725,2966,1292.9716965691964
medium_013,medium,794.6774759086443,67,2540,759,725,2979,1309.540371060872
medium_013,medium,794.6774759086443,67,2540,759,725,2982,1276.0495631405868
medium_013,medium,794.6774759086443,67,2540,759,725,3001,1382.7991232033703
medium_013,medium,794.6774759086443,67,2540,759,725,3002,1385.7155951015902
medium_013,medium,794.6774759086443,67,2540,759,725,3009,1365.8484498309138
medium_013,medium,794.6774759086443,67,2540,759,725,3011,1340.334547278942
medium_013,medium,794.6774759086443,67,2540,759,725,3033,1350.186175036174
medium_013,medium,794.6774759086443,67,2540,759,725,3034,1350.558794871601
medium_013,medium,794.6774759086443,67,2540,759,725,3039,1354.6957713692263
medium_013,medium,794.6774759086443,67,2540,759,725,3040,1355.0974132165838
medium_013,medium,794.6774759086443,67,2540,759,725,3051,1337.7357673470976
medium_013,medium,794.6774759086443,67,2540,759,725,3056,1339.5984267172976
medium_013,medium,794.6774759086443,67,2540,759,725,3057,1348.0294114810797
medium_013,medium,794.6774759086443,67,2540,759,725,3066,1369.761483728261
medium_013,medium,794.6774759086443,67,2540,759,725,3087,1409.219789021147
medium_013,medium,794.6774759086443,67,2540,759,725,3098,1468.313385774305
medium_013,medium,794.6774759086443,67,2540,759,725,3117,1462.529725937888
medium_013,medium,794.6774759086443,67,2540,759,725,3132,1453.2650426046466
medium_013,medium,794.6774759086443,67,2540,759,725,3135,1447.339468483172
medium_013,medium,794.6774759086443,67,2540,759,725,3146,1494.1314946470466
medium_013,medium,794.6774759086443,67,2540,759,725,3151,1501.5733432699335
medium_013,medium,794.6774759086443,67,2540,759,725,3156,1503.43373003074
medium_013,medium,794.6774759086443,67,2540,759,725,3159,1504.2154030067084
medium_013,medium,794.6774759086443,67,2540,759,725,3163,1494.797413107045
medium_013,medium,794.6774759086443,67,2540,759,725,3187,1497.5713174126683
medium_013,medium,794.6774759086443,67,2540,759,725,3203,1524.0502832047416
medium_013,medium,794.6774759086443,67,2540,759,725,3207,1501.260432986814
medium_013,medium,794.6774759086443,67,2540,759,725,3214,1515.576248626063
medium_013,medium,794.6774759086443,67,2540,759,725,3215,1516.0568655282184
medium_013,medium,794.6774759086443,67,2540,759,725,3241,1535.0658654821643
medium_013,medium,794.6774759086443,67,2540,759,725,3242,1533.2149949217014
medium_013,medium,794.6774759086443,67,2540,759,725,3251,1546.5902242571117
medium_013,medium,794.6774759086443,67,2540,759,725,3273,1555.3565663298511
medium_014,medium,786.30060135873,81,2540,759,725,659,801.2789711622353
medium_014,medium,786.30060135873,81,2540,759,725,713,918.8972032280894
medium_014,medium,786.30060135873,81,2540,759,725,718,960.3559531390384
medium_014,medium,786.30060135873,81,2540,759,725,728,953.9997699685364
medium_014,medium,786.30060135873,81,2540,759,725,730,970.494158907738
medium_014,medium,786.30060135873,81,2540,759,725,735,975.789892056229
medium_014,medium,786.30060135873,81,2540,759,725,737,921.275613986351
medium_014,medium,786.30060135873,81,2540,759,725,743,983.1295922119068
medium_014,medium,786.30060135873,81,2540,759,725,745,990.8409231302372
medium_014,medium,786.30060135873,81,2540,759,725,750,992.1416294981552
medium_014,medium,786.30060135873,81,2540,759,725,756,923.0183754265606
medium_014,medium,786.30060135873,81,2540,759,725,760,938.2578292454314
medium_014,medium,786.30060135873,81,2540,759,725,766,990.3591760990912
medium_014,medium,786.30060135873,81,2540,759,725,773,926.177233891046
medium_014,medium,786.30060135873,81,2540,759,725,774,934.537007002294
medium_014,medium,786.30060135873,81,2540,759,725,782,921.3051338037236
medium_014,medium,786.30060135873,81,2540,759,725,786,927.2921251268356
medium_014,medium,786.30060135873,81,2540,759,725,789,927.4307991134442
medium_014,medium,786.30060135873,81,2540,759,725,798,954.5140516746916
medium_014,medium,786.30060135873,81,2540,759,725,811,1014.528582549858
medium_014,medium,786.30060135873,81,2540,759,725,818,969.2863601612614
medium_014,medium,786.30060135873,81,2540,759,725,823,963.990626957393
medium_014,medium,786.30060135873,81,2540,759,725,840,962.1092546420588
medium_014,medium,786.30060135873,81,2540,759,725,850,965.5438599382971
medium_014,medium,786.30060135873,81,2540,759,725,851,965.69473912729
medium_014,medium,786.30060135873,81,2540,759,725,853,920.4169626907244
medium_014,medium,786.30060135873,81,2540,759,725,861,945.8736450957184
medium_014,medium,786.30060135873,81,2540,759,725,871,1078.479491672491
medium_014,medium,786.30060135873,81,2540,759,725,874,1079.2956752216514
medium_014,medium,786.30060135873,81,2540,759,725,875,1079.6243601424812
medium_014,medium,786.30060135873,81,2540,759,725,876,1079.887331092244
medium_014,medium,786.30060135873,81,2540,759,725,888,1077.7162460447862
medium_014,medium,786.30060135873,81,2540,759,725,2409,1090.1517871649894
medium_014,medium,786.30060135873,81,2540,759,725,2414,1091.4347009818057
medium_014,medium,786.30060135873,81,2540,759,725,2419,1096.446218777193
medium_014,medium,786.30060135873,81,2540,759,725,2608,1098.1754197400292
medium_014,medium,786.30060135873,81,2540,759,725,2619,1124.9664719122718
medium_014,medium,786.30060135873,81,2540,759,725,2626,1119.5283468504165
medium_014,medium,786.30060135873,81,2540,759,725,2643,1118.8175809002134
medium_014,medium,786.30060135873,81,2540,759,725,2830,1184.2216418876324
medium_014,medium,786.30060135873,81,2540,759,725,2839,1155.4247576360103
medium_014,medium,786.30060135873,81,2540,759,725,2845,1234.1281026138215
medium_014,medium,786.30060135873,81,2540,759,725,2862,1201.455885565479
medium_014,medium,786.30060135873,81,2540,759,725,2873,1131.9180107770533
medium_014,medium,786.30060135873,81,2540,759,725,2882,1209.0296140120126
medium_014,medium,786.30060135873,81,2540,759,725,2883,1213.4675543148776
medium_014,medium,786.30060135873,81,2540,759,725,2926,1253.120139864731
medium_014,medium,786.30060135873,81,2540,759,725,2927,1256.464813461345
medium_014,medium,786.30060135873,81,2540,759,725,2957,1287.2898731869675
medium_014,medium,786.30060135873,81,2540,759,725,2964,1286.44878475409
medium_014,medium,786.30060135873,81,2540,759,725,2979,1309.540371060872
medium_014,medium,786.30060135873,81,2540,759,725,2982,1276.0495631405868
medium_014,medium,786.30060135873,81,2540,759,725,3000,1376.2169539212116
medium_014,medium,786.30060135873,81,2540,759,725,3018,1365.287231116207
medium_014,medium,786.30060135873,81,2540,759,725,3019,1377.756489879598
medium_014,medium,786.30060135873,81,2540,759,725,3035,1350.77198763066
medium_014,medium,786.30060135873,81,2540,759,725,3045,1372.3616833000267
medium_014,medium,786.30060135873,81,2540,759,725,3048,1364.5005122871762
medium_014,medium,786.30060135873,81,2540,759,725,3054,1336.8554006071297
medium_014,medium,786.30060135873,81,2540,759,725,3075,1389.2887727887692
medium_014,medium,786.30060135873,81,2540,759,725,3086,1411.542479003413
medium_014,medium,786.30060135873,81,2540,759,725,3096,1464.9339936008407
medium_014,medium,786.30060135873,81,2540,759,725,3099,1458.0162380970437
medium_014,medium,786.30060135873,81,2540,759,725,3137,1448.1317104521063
medium_014,medium,786.30060135873,81,2540,759,725,3145,1493.9504369048925
medium_014,medium,786.30060135873,81,2540,759,725,3148,1494.6174411955049
medium_014,medium,786.30060135873,81,2540,759,725,3157,1500.885810650013
medium_014,medium,786.30060135873,81,2540,759,725,3177,1509.5584761597952
medium_014,medium,786.30060135873,81,2540,759,725,3181,1511.3878353235452
medium_014,medium,786.30060135873,81,2540,759,725,3203,1524.0502832047416
medium_014,medium,786.30060135873,81,2540,759,725,3204,1525.068200707398
medium_014,medium,786.30060135873,81,2540,759,725,3209,1502.2482952580965
medium_014,medium,786.30060135873,81,2540,759,725,3227,1537.3556023084122
medium_014,medium,786.30060135873,81,2540,759,725,3241,1535.0658654821643
medium_014,medium,786.30060135873,81,2540,759,725,3247,1541.7237280918248
medium_014,medium,786.30060135873,81,2540,759,725,3259,1558.7122176825778
medium_014,medium,786.30060135873,81,2540,759,725,3266,1561.3767311392178
medium_014,medium,786.30060135873,81,2540,759,725,3269,1557.5278701324796
medium_014,medium,786.30060135873,81,2540,759,725,3270,1558.143794253193
medium_014,medium,786.30060135873,81,2540,759,725,3272,1556.00691951381
medium_014,medium,786.30060135873,81,2540,759,725,3292,1581.0830524885766
medium_015,medium,837.1064423079961,60,2576,723,692,690,871.1507907527453
medium_015,medium,837.1064423079961,60,2576,723,692,717,924.4630756695454
medium_015,medium,837.1064423079961,60,2576,723,692,719,942.3602743877204
medium_015,medium,837.1064423079961,60,2576,723,692,728,953.9997699685364
medium_015,medium,837.1064423079961,60,2576,723,692,736,922.2919906220876
medium_015,medium,837.1064423079961,60,2576,723,692,744,988.146602662205
medium_015,medium,837.1064423079961,60,2576,723,692,745,990.8409231302372
medium_015,medium,837.1064423079961,60,2576,723,692,768,970.6220399670952
medium_015,medium,837.1064423079961,60,2576,723,692,770,987.8904721730746
medium_015,medium,837.1064423079961,60,2576,723,692,773,926.177233891046
medium_015,medium,837.1064423079961,60,2576,723,692,784,926.5229277123624
medium_015,medium,837.1064423079961,60,2576,723,692,793,927.6677961823528
medium_015,medium,837.1064423079961,60,2576,723,692,794,940.113373895397
medium_015,medium,837.1064423079961,60,2576,723,692,796,983.7880268033208
medium_015,medium,837.1064423079961,60,2576,723,692,800,969.346109402294
medium_015,medium,837.1064423079961,60,2576,723,692,842,978.2983972260008
medium_015,medium,837.1064423079961,60,2576,723,692,845,944.5662440452136
medium_015,medium,837.1064423079961,60,2576,723,692,857,949.5005281370336
medium_015,medium,837.1064423079961,60,2576,723,692,871,1078.479491672491
medium_015,medium,837.1064423079961,60,2576,723,692,888,1077.7162460447862
medium_015,medium,837.1064423079961,60,2576,723,692,2416,1094.0306211734855
medium_015,medium,837.1064423079961,60,2576,723,692,2612,1115.7188505046674
medium_015,medium,837.1064423079961,60,2576,723,692,2618,1119.468392383504
medium_015,medium,837.1064423079961,60,2576,723,692,2622,1121.2456494416697
medium_015,medium,837.1064423079961,60,2576,723,692,2626,1119.5283468504165
medium_015,medium,837.1064423079961,60,2576,723,692,2825,1144.3839022981847
medium_015,medium,837.1064423079961,60,2576,723,692,2827,1158.0204118727036
medium_015,medium,837.1064423079961,60,2576,723,692,2840,1191.7710971128013
medium_015,medium,837.1064423079961,60,2576,723,692,2841,1197.287891763947
medium_015,medium,837.1064423079961,60,2576,723,692,2850,1191.6368948537342
medium_015,medium,837.1064423079961,60,2576,723,692,2853,1164.6708416282977
medium_015,medium,837.1064423079961,60,2576,723,692,2862,1201.455885565479
medium_015,medium,837.1064423079961,60,2576,723,692,2864,1240.9736594677693
medium_015,medium,837.1064423079961,60,2576,723,692,2904,1260.552747918737
medium_015,medium,837.1064423079961,60,2576,723,692,2909,1246.4307925607486
medium_015,medium,837.1064423079961,60,2576,723,692,2925,1252.5141782033215
medium_015,medium,837.1064423079961,60,2576,723,692,2937,1271.9538496773398
medium_015,medium,837.1064423079961,60,2576,723,692,2940,1273.4736091399748
medium_015,medium,837.1064423079961,60,2576,723,692,2996,1361.5855515954695
medium_015,medium,837.1064423079961,60,2576,723,692,3058,1357.2601260095455
medium_015,medium,837.1064423079961,60,2576,723,692,3074,1389.2887727887692
medium_015,medium,837.1064423079961,60,2576,723,692,3077,1389.2887727887692
medium_015,medium,837.1064423079961,60,2576,723,692,3080,1390.079669677741
medium_015,medium,837.1064423079961,60,2576,723,692,3082,1394.5320309851477
medium_015,medium,837.1064423079961,60,2576,723,692,3129,1452.030267731915
medium_015,medium,837.1064423079961,60,2576,723,692,3161,1505.289510186076
medium_015,medium,837.1064423079961,60,2576,723,692,3163,1494.797413107045
medium_015,medium,837.1064423079961,60,2576,723,692,3169,1506.8140914704434
medium_015,medium,837.1064423079961,60,2576,723,692,3174,1507.977896502191
medium_015,medium,837.1064423079961,60,2576,723,692,3178,1509.863254039178
medium_015,medium,837.1064423079961,60,2576,723,692,3179,1510.303800549675
medium_015,medium,837.1064423079961,60,2576,723,692,3205,1514.3002151326075
medium_015,medium,837.1064423079961,60,2576,723,692,3230,1536.483758359465
medium_015,medium,837.1064423079961,60,2576,723,692,3233,1535.6213494897347
medium_015,medium,837.1064423079961,60,2576,723,692,3235,1533.2057519414043
medium_015,medium,837.1064423079961,60,2576,723,692,3248,1551.354818849989
medium_015,medium,837.1064423079961,60,2576,723,692,3261,1556.3435225823814
medium_015,medium,837.1064423079961,60,2576,723,692,3270,1558.143794253193
medium_015,medium,837.1064423079961,60,2576,723,692,3295,1576.8790109789904
medium_015,medium,837.1064423079961,60,2576,723,692,3297,1576.8790109789904
medium_016,medium,755.5448728615329,86,2540,759,725,669,805.0570128568762
medium_016,medium,755.5448728615329,86,2540,759,725,670,807.4114036187511
medium_016,medium,755.5448728615329,86,2540,759,725,688,823.2581540851955
medium_016,medium,755.5448728615329,86,2540,759,725,712,918.8972032280894
medium_016,medium,755.5448728615329,86,2540,759,725,727,961.1551976216444
medium_016,medium,755.5448728615329,86,2540,759,725,731,971.8877728970976
medium_016,medium,755.5448728615329,86,2540,759,725,737,921.275613986351
medium_016,medium,755.5448728615329,86,2540,759,725,739,925.0623426552564
medium_016,medium,755.5448728615329,86,2540,759,725,753,976.5331528616296
medium_016,medium,755.5448728615329,86,2540,759,725,755,947.3601667065194
medium_016,medium,755.5448728615329,86,2540,759,725,756,923.0183754265606
medium_016,medium,755.5448728615329,86,2540,759,725,763,978.3499017414658
medium_016,medium,755.5448728615329,86,2540,759,725,801,928.615027342538
medium_016,medium,755.5448728615329,86,2540,759,725,803,928.812664652343
medium_016,medium,755.5448728615329,86,2540,759,725,804,929.5219075984146
medium_016,medium,755.5448728615329,86,2540,759,725,805,929.799255571632
medium_016,medium,755.5448728615329,86,2540,759,725,809,1004.473995262756
medium_016,medium,755.5448728615329,86,2540,759,725,818,969.2863601612614
medium_016,medium,755.5448728615329,86,2540,759,725,830,956.1941010699966
medium_016,medium,755.5448728615329,86,2540,759,725,832,922.0892994336542
medium_016,medium,755.5448728615329,86,2540,759,725,837,937.0175551643856
medium_016,medium,755.5448728615329,86,2540,759,725,849,968.0244082141212
medium_016,medium,755.5448728615329,86,2540,759,725,860,957.6914396823984
medium_016,medium,755.5448728615329,86,2540,759,725,865,950.2789477253992
medium_016,medium,755.5448728615329,86,2540,759,725,871,1078.479491672491
medium_016,medium,755.5448728615329,86,2540,759,725,872,1077.7162460447862
medium_016,medium,755.5448728615329,86,2540,759,725,877,1080.4105664574408
medium_016,medium,755.5448728615329,86,2540,759,725,878,1078.3665992287451
medium_016,medium,755.5448728615329,86,2540,759,725,889,1083.4400157795255
medium_016,medium,755.5448728615329,86,2540,759,725,2405,1089.1649303466254
medium_016,medium,755.5448728615329,86,2540,759,725,2408,1090.1189873670398
medium_016,medium,755.5448728615329,86,2540,759,725,2409,1090.1517871649894
medium_016,medium,755.5448728615329,86,2540,759,725,2422,1096.695134512483
medium_016,medium,755.5448728615329,86,2540,759,725,2613,1115.7188505046674
medium_016,medium,755.5448728615329,86,2540,759,725,2621,1124.5783103444892
medium_016,medium,755.5448728615329,86,2540,759,725,2634,1118.001855595007
medium_016,medium,755.5448728615329,86,2540,759,725,2638,1118.7251315781034
medium_016,medium,755.5448728615329,86,2540,759,725,2832,1217.5877377973272
medium_016,medium,755.5448728615329,86,2540,759,725,2836,1131.9180107770533
medium_016,medium,755.5448728615329,86,2540,759,725,2846,1158.6907010055602
medium_016,medium,755.5448728615329,86,2540,759,725,2858,1195.650931575308
medium_016,medium,755.5448728615329,86,2540,759,725,2864,1240.9736594677693
medium_016,medium,755.5448728615329,86,2540,759,725,2878,1171.1686879339245
medium_016,medium,755.5448728615329,86,2540,759,725,2882,1209.0296140120126
medium_016,medium,755.5448728615329,86,2540,759,725,2897,1216.5615113965555
medium_016,medium,755.5448728615329,86,2540,759,725,2903,1257.9418907043237
medium_016,medium,755.5448728615329,86,2540,759,725,2907,1245.4088089464008
medium_016,medium,755.5448728615329,86,2540,759,725,2912,1249.9612814002455
medium_016,medium,755.5448728615329,86,2540,759,725,2917,1255.5218134992729
medium_016,medium,755.5448728615329,86,2540,759,725,2942,1274.4276661603892
medium_016,medium,755.5448728615329,86,2540,759,725,2953,1327.9965814040024
medium_016,medium,755.5448728615329,86,2540,759,725,2954,1317.1657269042753
medium_016,medium,755.5448728615329,86,2540,759,725,2964,1286.44878475409
medium_016,medium,755.5448728615329,86,2540,759,725,2974,1305.032840956443
medium_016,medium,755.5448728615329,86,2540,759,725,2975,1305.3982024379532
medium_016,medium,755.5448728615329,86,2540,759,725,2978,1309.2428600460996
medium_016,medium,755.5448728615329,86,2540,759,725,2985,1277.9576771814156
medium_016,medium,755.5448728615329,86,2540,759,725,2990,1280.6776639846178
medium_016,medium,755.5448728615329,86,2540,759,725,2992,1281.7739052630734
medium_016,medium,755.5448728615329,86,2540,759,725,3015,1341.5591208157955
medium_016,medium,755.5448728615329,86,2540,759,725,3017,1342.403229168631
medium_016,medium,755.5448728615329,86,2540,759,725,3027,1344.1537661932912
medium_016,medium,755.5448728615329,86,2540,759,725,3061,1359.4228388025076
medium_016,medium,755.5448728615329,86,2540,759,725,3075,1389.2887727887692
medium_016,medium,755.5448728615329,86,2540,759,725,3083,1393.728541601571
medium_016,medium,755.5448728615329,86,2540,759,725,3129,1452.030267731915
medium_016,medium,755.5448728615329,86,2540,759,725,3132,1453.2650426046466
medium_016,medium,755.5448728615329,86,2540,759,725,3135,1447.339468483172
medium_016,medium,755.5448728615329,86,2540,759,725,3137,1448.1317104521063
medium_016,medium,755.5448728615329,86,2540,759,725,3139,1449.0229826302657
medium_016,medium,755.5448728615329,86,2540,759,725,3146,1494.1314946470466
medium_016,medium,755.5448728615329,86,2540,759,725,3158,1503.7649289017088
medium_016,medium,755.5448728615329,86,2540,759,725,3175,1508.338672754811
medium_016,medium,755.5448728615329,86,2540,759,725,3188,1497.841611878529
medium_016,medium,755.5448728615329,86,2540,759,725,3189,1498.0004874798062
medium_016,medium,755.5448728615329,86,2540,759,725,3202,1524.0200510672962
medium_016,medium,755.5448728615329,86,2540,759,725,3213,1500.124760957142
medium_016,medium,755.5448728615329,86,2540,759,725,3214,1515.576248626063
medium_016,medium,755.5448728615329,86,2540,759,725,3215,1516.0568655282184
medium_016,medium,755.5448728615329,86,2540,759,725,3219,1548.7818097752966
medium_016,medium,755.5448728615329,86,2540,759,725,3241,1535.0658654821643
medium_016,medium,755.5448728615329,86,2540,759,725,3251,1546.5902242571117
medium_016,medium,755.5448728615329,86,2540,759,725,3282,1574.6397823418151
medium_016,medium,755.5448728615329,86,2540,759,725,3288,1577.737662274617
medium_016,medium,755.5448728615329,86,2540,759,725,3292,1581.0830524885766
medium_016,medium,755.5448728615329,86,2540,759,725,3298,1577.7151793504554
medium_017,medium,701.7992636790352,65,2531,768,733,310,731.6886046343761
medium_017,medium,701.7992636790352,65,2531,768,733,666,802.7026220950013
medium_017,medium,701.7992636790352,65,2531,768,733,681,820.7636315147639
medium_017,medium,701.7992636790352,65,2531,768,733,714,918.8972032280894
medium_017,medium,701.7992636790352,65,2531,768,733,717,924.4630756695454
medium_017,medium,701.7992636790352,65,2531,768,733,718,960.3559531390384
medium_017,medium,701.7992636790352,65,2531,768,733,735,975.789892056229
medium_017,medium,701.7992636790352,65,2531,768,733,741,961.1551976216444
medium_017,medium,701.7992636790352,65,2531,768,733,757,925.3780592423724
medium_017,medium,701.7992636790352,65,2531,768,733,776,923.2791337519676
medium_017,medium,701.7992636790352,65,2531,768,733,796,983.7880268033208
medium_017,medium,701.7992636790352,65,2531,768,733,800,969.346109402294
medium_017,medium,701.7992636790352,65,2531,768,733,802,963.1587173872612
medium_017,medium,701.7992636790352,65,2531,768,733,820,935.77728108334
medium_017,medium,701.7992636790352,65,2531,768,733,821,930.636798834204
medium_017,medium,701.7992636790352,65,2531,768,733,824,951.9962503166522
medium_017,medium,701.7992636790352,65,2531,768,733,833,931.1024015923234
medium_017,medium,701.7992636790352,65,2531,768,733,850,965.5438599382971
medium_017,medium,701.7992636790352,65,2531,768,733,852,973.0891820130053
medium_017,medium,701.7992636790352,65,2531,768,733,856,949.0325034494492
medium_017,medium,701.7992636790352,65,2531,768,733,866,933.392138532304
medium_017,medium,701.7992636790352,65,2531,768,733,872,1077.7162460447862
medium_017,medium,701.7992636790352,65,2531,768,733,884,1083.0589655524525
medium_017,medium,701.7992636790352,65,2531,768,733,2407,1090.0940063395317
medium_017,medium,701.7992636790352,65,2531,768,733,2410,1092.323788700356
medium_017,medium,701.7992636790352,65,2531,768,733,2411,1091.1159899538795
medium_017,medium,701.7992636790352,65,2531,768,733,2611,1115.7188505046674
medium_017,medium,701.7992636790352,65,2531,768,733,2636,1120.386998146043
medium_017,medium,701.7992636790352,65,2531,768,733,2825,1144.3839022981847
medium_017,medium,701.7992636790352,65,2531,768,733,2846,1158.6907010055602
medium_017,medium,701.7992636790352,65,2531,768,733,2857,1189.1631793738577
medium_017,medium,701.7992636790352,65,2531,768,733,2862,1201.455885565479
medium_017,medium,701.7992636790352,65,2531,768,733,2866,1141.6463872099162
medium_017,medium,701.7992636790352,65,2531,768,733,2877,1170.5097574785566
medium_017,medium,701.7992636790352,65,2531,768,733,2911,1249.1588649267696
medium_017,medium,701.7992636790352,65,2531,768,733,2913,1250.5607169476248
medium_017,medium,701.7992636790352,65,2531,768,733,2921,1247.5798939938586
medium_017,medium,701.7992636790352,65,2531,768,733,2924,1252.1826139278223
medium_017,medium,701.7992636790352,65,2531,768,733,2927,1256.464813461345
medium_017,medium,701.7992636790352,65,2531,768,733,2935,1271.9538496773398
medium_017,medium,701.7992636790352,65,2531,768,733,2942,1274.4276661603892
medium_017,medium,701.7992636790352,65,2531,768,733,2950,1289.4537162622669
medium_017,medium,701.7992636790352,65,2531,768,733,2952,1325.7324844625807
medium_017,medium,701.7992636790352,65,2531,768,733,2998,1373.5840861635106
medium_017,medium,701.7992636790352,65,2531,768,733,3008,1364.6246273546485
medium_017,medium,701.7992636790352,65,2531,768,733,3029,1336.0691773166277
medium_017,medium,701.7992636790352,65,2531,768,733,3036,1352.4409732027002
medium_017,medium,701.7992636790352,65,2531,768,733,3075,1389.2887727887692
medium_017,medium,701.7992636790352,65,2531,768,733,3093,1442.6665247657772
medium_017,medium,701.7992636790352,65,2531,768,733,3107,1449.812692877662
medium_017,medium,701.7992636790352,65,2531,768,733,3152,1501.8371227519258
medium_017,medium,701.7992636790352,65,2531,768,733,3154,1500.620479981403
medium_017,medium,701.7992636790352,65,2531,768,733,3168,1506.3973168445868
medium_017,medium,701.7992636790352,65,2531,768,733,3176,1508.7817011639336
medium_017,medium,701.7992636790352,65,2531,768,733,3192,1498.7907773086083
medium_017,medium,701.7992636790352,65,2531,768,733,3202,1524.0200510672962
medium_017,medium,701.7992636790352,65,2531,768,733,3208,1493.7598642443463
medium_017,medium,701.7992636790352,65,2531,768,733,3227,1537.3556023084122
medium_017,medium,701.7992636790352,65,2531,768,733,3237,1533.726034499647
medium_017,medium,701.7992636790352,65,2531,768,733,3244,1545.9660451643304
medium_017,medium,701.7992636790352,65,2531,768,733,3250,1543.6999385626443
medium_017,medium,701.7992636790352,65,2531,768,733,3255,1551.73568587887
medium_017,medium,701.7992636790352,65,2531,768,733,3278,1566.142825964757
medium_017,medium,701.7992636790352,65,2531,768,733,3280,1569.4745895398314
medium_017,medium,701.7992636790352,65,2531,768,733,3298,1577.7151793504554
medium_018,medium,613.9536833544097,69,2486,813,775,248,626.7336928327642
medium_018,medium,613.9536833544097,69,2486,813,775,252,634.0855337219059
medium_018,medium,613.9536833544097,69,2486,813,775,254,642.281845156259
medium_018,medium,613.9536833544097,69,2486,813,775,270,632.8676162965406
medium_018,medium,613.9536833544097,69,2486,813,775,276,643.8815869289559
medium_018,medium,613.9536833544097,69,2486,813,775,295,646.1811400666986
medium_018,medium,613.9536833544097,69,2486,813,775,311,742.874993998942
medium_018,medium,613.9536833544097,69,2486,813,775,313,707.7920029349281
medium_018,medium,613.9536833544097,69,2486,813,775,315,706.850530538859
medium_018,medium,613.9536833544097,69,2486,813,775,684,814.0331273734008
medium_018,medium,613.9536833544097,69,2486,813,775,689,822.70516385316
medium_018,medium,613.9536833544097,69,2486,813,775,691,816.0441694142851
medium_018,medium,613.9536833544097,69,2486,813,775,737,921.275613986351
medium_018,medium,613.9536833544097,69,2486,813,775,744,988.146602662205
medium_018,medium,613.9536833544097,69,2486,813,775,753,976.5331528616296
medium_018,medium,613.9536833544097,69,2486,813,775,783,926.2465708843504
medium_018,medium,613.9536833544097,69,2486,813,775,794,940.113373895397
medium_018,medium,613.9536833544097,69,2486,813,775,795,980.544232842926
medium_018,medium,613.9536833544097,69,2486,813,775,797,928.4070163626252
medium_018,medium,613.9536833544097,69,2486,813,775,828,938.8126675274788
medium_018,medium,613.9536833544097,69,2486,813,775,843,932.2472700623136
medium_018,medium,613.9536833544097,69,2486,813,775,851,965.69473912729
medium_018,medium,613.9536833544097,69,2486,813,775,854,939.5935090512652
medium_018,medium,613.9536833544097,69,2486,813,775,866,933.392138532304
medium_018,medium,613.9536833544097,69,2486,813,775,870,1077.7162460447862
medium_018,medium,613.9536833544097,69,2486,813,775,875,1079.6243601424812
medium_018,medium,613.9536833544097,69,2486,813,775,2406,1089.1649303466254
medium_018,medium,613.9536833544097,69,2486,813,775,2633,1119.607066366669
medium_018,medium,613.9536833544097,69,2486,813,775,2828,1168.7753380564473
medium_018,medium,613.9536833544097,69,2486,813,775,2848,1178.796684853828
medium_018,medium,613.9536833544097,69,2486,813,775,2856,1148.318444595122
medium_018,medium,613.9536833544097,69,2486,813,775,2859,1196.1098303883698
medium_018,medium,613.9536833544097,69,2486,813,775,2865,1139.1648035327985
medium_018,medium,613.9536833544097,69,2486,813,775,2873,1131.9180107770533
medium_018,medium,613.9536833544097,69,2486,813,775,2876,1171.827618389292
medium_018,medium,613.9536833544097,69,2486,813,775,2884,1204.2183928701231
medium_018,medium,613.9536833544097,69,2486,813,775,2917,1255.5218134992729
medium_018,medium,613.9536833544097,69,2486,813,775,2930,1265.1981278832689
medium_018,medium,613.9536833544097,69,2486,813,775,2948,1292.0257341115546
medium_018,medium,613.9536833544097,69,2486,813,775,2954,1317.1657269042753
medium_018,medium,613.9536833544097,69,2486,813,775,2974,1305.032840956443
medium_018,medium,613.9536833544097,69,2486,813,775,2992,1281.7739052630734
medium_018,medium,613.9536833544097,69,2486,813,775,3001,1382.7991232033703
medium_018,medium,613.9536833544097,69,2486,813,775,3011,1340.334547278942
medium_018,medium,613.9536833544097,69,2486,813,775,3016,1342.0187566338543
medium_018,medium,613.9536833544097,69,2486,813,775,3029,1336.0691773166277
medium_018,medium,613.9536833544097,69,2486,813,775,3056,1339.5984267172976
medium_018,medium,613.9536833544097,69,2486,813,775,3060,1359.2053677022786
medium_018,medium,613.9536833544097,69,2486,813,775,3069,1371.472669177307
medium_018,medium,613.9536833544097,69,2486,813,775,3078,1391.5195447343383
medium_018,medium,613.9536833544097,69,2486,813,775,3097,1467.6497909356865
medium_018,medium,613.9536833544097,69,2486,813,775,3103,1460.2729820174657
medium_018,medium,613.9536833544097,69,2486,813,775,3111,1457.1161490585994
medium_018,medium,613.9536833544097,69,2486,813,775,3119,1449.9142548084246
medium_018,medium,613.9536833544097,69,2486,813,775,3121,1453.1872633180417
medium_018,medium,613.9536833544097,69,2486,813,775,3129,1452.030267731915
medium_018,medium,613.9536833544097,69,2486,813,775,3137,1448.1317104521063
medium_018,medium,613.9536833544097,69,2486,813,775,3139,1449.0229826302657
medium_018,medium,613.9536833544097,69,2486,813,775,3149,1516.0568655282184
medium_018,medium,613.9536833544097,69,2486,813,775,3166,1495.558462799916
medium_018,medium,613.9536833544097,69,2486,813,775,3174,1507.977896502191
medium_018,medium,613.9536833544097,69,2486,813,775,3209,1502.2482952580965
medium_018,medium,613.9536833544097,69,2486,813,775,3216,1519.7620219652044
medium_018,medium,613.9536833544097,69,2486,813,775,3230,1536.483758359465
medium_018,medium,613.9536833544097,69,2486,813,775,3255,1551.73568587887
medium_018,medium,613.9536833544097,69,2486,813,775,3261,1556.3435225823814
medium_018,medium,613.9536833544097,69,2486,813,775,3263,1570.1401533513194
medium_018,medium,613.9536833544097,69,2486,813,775,3272,1556.00691951381
medium_018,medium,613.9536833544097,69,2486,813,775,3283,1574.6397823418151
medium_019,medium,827.4342290186652,69,2576,723,692,718,960.3559531390384
medium_019,medium,827.4342290186652,69,2576,723,692,725,972.2996965465496
medium_019,medium,827.4342290186652,69,2576,723,692,731,971.8877728970976
medium_019,medium,827.4342290186652,69,2576,723,692,735,975.789892056229
medium_019,medium,827.4342290186652,69,2576,723,692,751,994.8053033381497
medium_019,medium,827.4342290186652,69,2576,723,692,756,923.0183754265606
medium_019,medium,827.4342290186652,69,2576,723,692,763,978.3499017414658
medium_019,medium,827.4342290186652,69,2576,723,692,794,940.113373895397
medium_019,medium,827.4342290186652,69,2576,723,692,796,983.7880268033208
medium_019,medium,827.4342290186652,69,2576,723,692,802,963.1587173872612
medium_019,medium,827.4342290186652,69,2576,723,692,815,944.3871234849172
medium_019,medium,827.4342290186652,69,2576,723,692,819,935.1892712880492
medium_019,medium,827.4342290186652,69,2576,723,692,824,951.9962503166522
medium_019,medium,827.4342290186652,69,2576,723,692,827,938.523793799569
medium_019,medium,827.4342290186652,69,2576,723,692,828,938.8126675274788
medium_019,medium,827.4342290186652,69,2576,723,692,862,946.1452149781244
medium_019,medium,827.4342290186652,69,2576,723,692,863,990.9413058528278
medium_019,medium,827.4342290186652,69,2576,723,692,865,950.2789477253992
medium_019,medium,827.4342290186652,69,2576,723,692,868,951.276870363032
medium_019,medium,827.4342290186652,69,2576,723,692,883,1082.2557875504317
medium_019,medium,827.4342290186652,69,2576,723,692,2408,1090.1189873670398
medium_019,medium,827.4342290186652,69,2576,723,692,2642,1120.495237479668
medium_019,medium,827.4342290186652,69,2576,723,692,2643,1118.8175809002134
medium_019,medium,827.4342290186652,69,2576,723,692,2827,1158.0204118727036
medium_019,medium,827.4342290186652,69,2576,723,692,2832,1217.5877377973272
medium_019,medium,827.4342290186652,69,2576,723,692,2851,1212.2113517014548
medium_019,medium,827.4342290186652,69,2576,723,692,2864,1240.9736594677693
medium_019,medium,827.4342290186652,69,2576,723,692,2883,1213.4675543148776
medium_019,medium,827.4342290186652,69,2576,723,692,2886,1163.3651724435665
medium_019,medium,827.4342290186652,69,2576,723,692,2888,1136.8500027727182
medium_019,medium,827.4342290186652,69,2576,723,692,2895,1138.7912673979497
medium_019,medium,827.4342290186652,69,2576,723,692,2898,1223.4708846976366
medium_019,medium,827.4342290186652,69,2576,723,692,2906,1245.4088089464008
medium_019,medium,827.4342290186652,69,2576,723,692,2917,1255.5218134992729
medium_019,medium,827.4342290186652,69,2576,723,692,2940,1273.4736091399748
medium_019,medium,827.4342290186652,69,2576,723,692,2942,1274.4276661603892
medium_019,medium,827.4342290186652,69,2576,723,692,2956,1286.8523035264304
medium_019,medium,827.4342290186652,69,2576,723,692,2977,1275.8892067436825
medium_019,medium,827.4342290186652,69,2576,723,692,2996,1361.5855515954695
medium_019,medium,827.4342290186652,69,2576,723,692,2998,1373.5840861635106
medium_019,medium,827.4342290186652,69,2576,723,692,2999,1375.8958913918657
medium_019,medium,827.4342290186652,69,2576,723,692,3003,1378.5955476062447
medium_019,medium,827.4342290186652,69,2576,723,692,3017,1342.403229168631
medium_019,medium,827.4342290186652,69,2576,723,692,3025,1366.644984232917
medium_019,medium,827.4342290186652,69,2576,723,692,3032,1348.6092748376982
medium_019,medium,827.4342290186652,69,2576,723,692,3062,1348.4237853121645
medium_019,medium,827.4342290186652,69,2576,723,692,3064,1338.5479584353525
medium_019,medium,827.4342290186652,69,2576,723,692,3069,1371.472669177307
medium_019,medium,827.4342290186652,69,2576,723,692,3078,1391.5195447343383
medium_019,medium,827.4342290186652,69,2576,723,692,3087,1409.219789021147
medium_019,medium,827.4342290186652,69,2576,723,692,3096,1464.9339936008407
medium_019,medium,827.4342290186652,69,2576,723,692,3108,1455.3379970173962
medium_019,medium,827.4342290186652,69,2576,723,692,3112,1445.7603478620272
medium_019,medium,827.4342290186652,69,2576,723,692,3116,1443.4424454500374
medium_019,medium,827.4342290186652,69,2576,723,692,3125,1446.5784763399836
medium_019,medium,827.4342290186652,69,2576,723,692,3130,1452.1162010679918
medium_019,medium,827.4342290186652,69,2576,723,692,3133,1453.7929790481192
medium_019,medium,827.4342290186652,69,2576,723,692,3134,1447.339468483172
medium_019,medium,827.4342290186652,69,2576,723,692,3166,1495.558462799916
medium_019,medium,827.4342290186652,69,2576,723,692,3172,1514.8700987069003
medium_019,medium,827.4342290186652,69,2576,723,692,3191,1498.6026615714
medium_019,medium,827.4342290186652,69,2576,723,692,3195,1499.0958986970356
medium_019,medium,827.4342290186652,69,2576,723,692,3236,1533.4146336402357
medium_019,medium,827.4342290186652,69,2576,723,692,3252,1543.8448866280776
medium_019,medium,827.4342290186652,69,2576,723,692,3265,1560.9512433172054
medium_019,medium,827.4342290186652,69,2576,723,692,3268,1557.26468037068
medium_019,medium,827.4342290186652,69,2576,723,692,3270,1558.143794253193
medium_019,medium,827.4342290186652,69,2576,723,692,3280,1569.4745895398314
medium_019,medium,827.4342290186652,69,2576,723,692,3291,1586.3471757426607
high_000,high,819.2531504147719,123,2570,729,698,683,849.579325016514
high_000,high,819.2531504147719,123,2570,729,698,714,918.8972032280894
high_000,high,819.2531504147719,123,2570,729,698,722,969.2863601612614
high_000,high,819.2531504147719,123,2570,729,698,723,970.6220399670952
high_000,high,819.2531504147719,123,2570,729,698,726,922.2296710067654
high_000,high,819.2531504147719,123,2570,729,698,727,961.1551976216444
high_000,high,819.2531504147719,123,2570,729,698,732,972.4452185149922
high_000,high,819.2531504147719,123,2570,729,698,741,961.1551976216444
high_000,high,819.2531504147719,123,2570,729,698,747,1015.7382628264284
high_000,high,819.2531504147719,123,2570,729,698,758,946.9397481539488
high_000,high,819.2531504147719,123,2570,729,698,762,976.0601648014851
high_000,high,819.2531504147719,123,2570,729,698,766,990.3591760990912
high_000,high,819.2531504147719,123,2570,729,698,768,970.6220399670952
high_000,high,819.2531504147719,123,2570,729,698,769,978.8129515124598
high_000,high,819.2531504147719,123,2570,729,698,774,934.537007002294
high_000,high,819.2531504147719,123,2570,729,698,780,958.8807088856532
high_000,high,819.2531504147719,123,2570,729,698,783,926.2465708843504
high_000,high,819.2531504147719,123,2570,729,698,784,926.5229277123624
high_000,high,819.2531504147719,123,2570,729,698,786,927.2921251268356
high_000,high,819.2531504147719,123,2570,729,698,787,964.3035858572514
high_000,high,819.2531504147719,123,2570,729,698,788,943.8867656431298
high_000,high,819.2531504147719,123,2570,729,698,806,950.7048401923788
high_000,high,819.2531504147719,123,2570,729,698,811,1014.528582549858
high_000,high,819.2531504147719,123,2570,729,698,814,934.6750523491202
high_000,high,819.2531504147719,123,2570,729,698,822,935.9579661659365
high_000,high,819.2531504147719,123,2570,729,698,825,924.32859649717
high_000,high,819.2531504147719,123,2570,729,698,826,930.9834838007256
high_000,high,819.2531504147719,123,2570,729,698,827,938.523793799569
high_000,high,819.2531504147719,123,2570,729,698,836,998.443578241707
high_000,high,819.2531504147719,123,2570,729,698,846,945.4132568985392
high_000,high,819.2531504147719,123,2570,729,698,847,964.5105108981962
high_000,high,819.2531504147719,123,2570,729,698,851,965.69473912729
high_000,high,819.2531504147719,123,2570,729,698,854,939.5935090512652
high_000,high,819.2531504147719,123,2570,729,698,864,992.6564597267472
high_000,high,819.2531504147719,123,2570,729,698,870,1077.7162460447862
high_000,high,819.2531504147719,123,2570,729,698,871,1078.479491672491
high_000,high,819.2531504147719,123,2570,729,698,873,1078.7031028631502
high_000,high,819.2531504147719,123,2570,729,698,879,1080.7692286124716
high_000,high,819.2531504147719,123,2570,729,698,2408,1090.1189873670398
high_000,high,819.2531504147719,123,2570,729,698,2418,1094.0306211734855
high_000,high,819.2531504147719,123,2570,729,698,2424,1095.3135349903018
high_000,high,819.2531504147719,123,2570,729,698,2611,1115.7188505046674
high_000,high,819.2531504147719,123,2570,729,698,2621,1124.5783103444892
high_000,high,819.2531504147719,123,2570,729,698,2628,1117.2386099673024
high_000,high,819.2531504147719,123,2570,729,698,2635,1120.3045607549689
high_000,high,819.2531504147719,123,2570,729,698,2641,1122.567636821761
high_000,high,819.2531504147719,123,2570,729,698,2643,1118.8175809002134
high_000,high,819.2531504147719,123,2570,729,698,2822,1154.8188426393156
high_000,high,819.2531504147719,123,2570,729,698,2826,1145.7355374652211
high_000,high,819.2531504147719,123,2570,729,698,2829,1142.5895270089609
high_000,high,819.2531504147719,123,2570,729,698,2853,1164.6708416282977
high_000,high,819.2531504147719,123,2570,729,698,2873,1131.9180107770533
high_000,high,819.2531504147719,123,2570,729,698,2885,1206.2335413646963
high_000,high,819.2531504147719,123,2570,729,698,2889,1160.7549977774918
high_000,high,819.2531504147719,123,2570,729,698,2892,1221.1157889882672
high_000,high,819.2531504147719,123,2570,729,698,2896,1138.9307269284757
high_000,high,819.2531504147719,123,2570,729,698,2901,1248.9388199674272
high_000,high,819.2531504147719,123,2570,729,698,2905,1262.1048069173858
high_000,high,819.2531504147719,123,2570,729,698,2911,1249.1588649267696
high_000,high,819.2531504147719,123,2570,729,698,2918,1256.0668627729606
high_000,high,819.2531504147719,123,2570,729,698,2920,1247.4527761750965
high_000,high,819.2531504147719,123,2570,729,698,2944,1317.1657269042753
high_000,high,819.2531504147719,123,2570,729,698,2956,1286.8523035264304
high_000,high,819.2531504147719,123,2570,729,698,2958,1283.3218146869335
high_000,high,819.2531504147719,123,2570,729,698,2960,1284.6250912580738
high_000,high,819.2531504147719,123,2570,729,698,2973,1303.99608009714
high_000,high,819.2531504147719,123,2570,729,698,2974,1305.032840956443
high_000,high,819.2531504147719,123,2570,729,698,2976,1308.2660992160131
high_000,high,819.2531504147719,123,2570,729,698,2982,1276.0495631405868
high_000,high,819.2531504147719,123,2570,729,698,2992,1281.7739052630734
high_000,high,819.2531504147719,123,2570,729,698,2993,1282.6513776213458
high_000,high,819.2531504147719,123,2570,729,698,2997,1372.9701272278262
high_000,high,819.2531504147719,123,2570,729,698,3006,1372.3616833000267
high_000,high,819.2531504147719,123,2570,729,698,3008,1364.6246273546485
high_000,high,819.2531504147719,123,2570,729,698,3010,1339.883747074418
high_000,high,819.2531504147719,123,2570,729,698,3018,1365.287231116207
high_000,high,819.2531504147719,123,2570,729,698,3023,1382.7991232033703
high_000,high,819.2531504147719,123,2570,729,698,3024,1384.491681031593
high_000,high,819.2531504147719,123,2570,729,698,3027,1344.1537661932912
high_000,high,819.2531504147719,123,2570,729,698,3033,1350.186175036174
high_000,high,819.2531504147719,123,2570,729,698,3043,1356.9505695357525
high_000,high,819.2531504147719,123,2570,729,698,3045,1372.3616833000267
high_000,high,819.2531504147719,123,2570,729,698,3054,1336.8554006071297
high_000,high,819.2531504147719,123,2570,729,698,3061,1359.4228388025076
high_000,high,819.2531504147719,123,2570,729,698,3065,1334.5986567427542
high_000,high,819.2531504147719,123,2570,729,698,3068,1371.2043342733637
high_000,high,819.2531504147719,123,2570,729,698,3080,1390.079669677741
high_000,high,819.2531504147719,123,2570,729,698,3085,1409.219789021147
high_000,high,819.2531504147719,123,2570,729,698,3090,1443.4574216547494
high_000,high,819.2531504147719,123,2570,729,698,3097,1467.6497909356865
high_000,high,819.2531504147719,123,2570,729,698,3118,1462.8417184662226
high_000,high,819.2531504147719,123,2570,729,698,3120,1450.3042285687598
high_000,high,819.2531504147719,123,2570,729,698,3123,1468.6254319997183
high_000,high,819.2531504147719,123,2570,729,698,3125,1446.5784763399836
high_000,high,819.2531504147719,123,2570,729,698,3126,1450.8732721457886
high_000,high,819.2531504147719,123,2570,729,698,3134,1447.339468483172
high_000,high,819.2531504147719,123,2570,729,698,3145,1493.9504369048925
high_000,high,819.2531504147719,123,2570,729,698,3148,1494.6174411955049
high_000,high,819.2531504147719,123,2570,729,698,3151,1501.5733432699335
high_000,high,819.2531504147719,123,2570,729,698,3155,1502.8835660867112
high_000,high,819.2531504147719,123,2570,729,698,3169,1506.8140914704434
high_000,high,819.2531504147719,123,2570,729,698,3171,1496.319512492787
high_000,high,819.2531504147719,123,2570,729,698,3172,1514.8700987069003
high_000,high,819.2531504147719,123,2570,729,698,3182,1511.825899935417
high_000,high,819.2531504147719,123,2570,729,698,3194,1512.9124166079123
high_000,high,819.2531504147719,123,2570,729,698,3195,1499.0958986970356
high_000,high,819.2531504147719,123,2570,729,698,3197,1513.3479993211588
high_000,high,819.2531504147719,123,2570,729,698,3199,1518.4277350735058
high_000,high,819.2531504147719,123,2570,729,698,3209,1502.2482952580965
high_000,high,819.2531504147719,123,2570,729,698,3211,1500.3713569662125
high_000,high,819.2531504147719,123,2570,729,698,3222,1547.95194894706
high_000,high,819.2531504147719,123,2570,729,698,3223,1538.6222648537885
high_000,high,819.2531504147719,123,2570,729,698,3233,1535.6213494897347
high_000,high,819.2531504147719,123,2570,729,698,3241,1535.0658654821643
high_000,high,819.2531504147719,123,2570,729,698,3245,1539.473608921028
high_000,high,819.2531504147719,123,2570,729,698,3246,1541.6312566729555
high_000,high,819.2531504147719,123,2570,729,698,3248,1551.354818849989
high_000,high,819.2531504147719,123,2570,729,698,3251,1546.5902242571117
high_000,high,819.2531504147719,123,2570,729,698,3261,1556.3435225823814
high_000,high,819.2531504147719,123,2570,729,698,3262,1565.7504275141898
high_000,high,819.2531504147719,123,2570,729,698,3264,1566.8295232313226
high_000,high,819.2531504147719,123,2570,729,698,3279,1568.8896149725474
high_000,high,819.2531504147719,123,2570,729,698,3286,1582.4295132902223
high_001,high,813.9023399133213,119,2556,743,711,675,864.7374745479697
high_001,high,813.9023399133213,119,2556,743,711,676,848.4985101768546
high_001,high,813.9023399133213,119,2556,743,711,678,867.2264224364231
high_001,high,813.9023399133213,119,2556,743,711,684,862.8383903359762
high_001,high,813.9023399133213,119,2556,743,711,688,839.7249784924016
high_001,high,813.9023399133213,119,2556,743,711,721,968.7289145433668
high_001,high,813.9023399133213,119,2556,743,711,727,961.1551976216444
high_001,high,813.9023399133213,119,2556,743,711,728,953.9997699685364
high_001,high,813.9023399133213,119,2556,743,711,730,970.494158907738
high_001,high,813.9023399133213,119,2556,743,711,736,922.2919906220876
high_001,high,813.9023399133213,119,2556,743,711,742,975.0628956497334
high_001,high,813.9023399133213,119,2556,743,711,749,1018.5507514501016
high_001,high,813.9023399133213,119,2556,743,711,751,994.8053033381497
high_001,high,813.9023399133213,119,2556,743,711,752,972.0531254977168
high_001,high,813.9023399133213,119,2556,743,711,754,981.6748363798296
high_001,high,813.9023399133213,119,2556,743,711,761,933.392138532304
high_001,high,813.9023399133213,119,2556,743,711,778,966.6887284082874
high_001,high,813.9023399133213,119,2556,743,711,780,958.8807088856532
high_001,high,813.9023399133213,119,2556,743,711,784,926.5229277123624
high_001,high,813.9023399133213,119,2556,743,711,786,927.2921251268356
high_001,high,813.9023399133213,119,2556,743,711,792,962.5970129680336
high_001,high,813.9023399133213,119,2556,743,711,800,969.346109402294
high_001,high,813.9023399133213,119,2556,743,711,810,929.9575331223332
high_001,high,813.9023399133213,119,2556,743,711,812,1049.3794282611411
high_001,high,813.9023399133213,119,2556,743,711,813,920.4169626907244
high_001,high,813.9023399133213,119,2556,743,711,826,930.9834838007256
high_001,high,813.9023399133213,119,2556,743,711,831,956.6509264140744
high_001,high,813.9023399133213,119,2556,743,711,832,922.0892994336542
high_001,high,813.9023399133213,119,2556,743,711,833,931.1024015923234
high_001,high,813.9023399133213,119,2556,743,711,845,944.5662440452136
high_001,high,813.9023399133213,119,2556,743,711,850,965.5438599382971
high_001,high,813.9023399133213,119,2556,743,711,852,973.0891820130053
high_001,high,813.9023399133213,119,2556,743,711,859,932.8665813057833
high_001,high,813.9023399133213,119,2556,743,711,873,1078.7031028631502
high_001,high,813.9023399133213,119,2556,743,711,881,1081.5254576932302
high_001,high,813.9023399133213,119,2556,743,711,884,1083.0589655524525
high_001,high,813.9023399133213,119,2556,743,711,885,1082.6403489290196
high_001,high,813.9023399133213,119,2556,743,711,888,1077.7162460447862
high_001,high,813.9023399133213,119,2556,743,711,2416,1094.0306211734855
high_001,high,813.9023399133213,119,2556,743,711,2423,1095.2708952545313
high_001,high,813.9023399133213,119,2556,743,711,2622,1121.2456494416697
high_001,high,813.9023399133213,119,2556,743,711,2626,1119.5283468504165
high_001,high,813.9023399133213,119,2556,743,711,2631,1128.272813870322
high_001,high,813.9023399133213,119,2556,743,711,2639,1118.7651012227118
high_001,high,813.9023399133213,119,2556,743,711,2644,1123.9492363439422
high_001,high,813.9023399133213,119,2556,743,711,2824,1143.1526303353207
high_001,high,813.9023399133213,119,2556,743,711,2826,1145.7355374652211
high_001,high,813.9023399133213,119,2556,743,711,2827,1158.0204118727036
high_001,high,813.9023399133213,119,2556,743,711,2830,1184.2216418876324
high_001,high,813.9023399133213,119,2556,743,711,2833,1173.771293735364
high_001,high,813.9023399133213,119,2556,743,711,2839,1155.4247576360103
high_001,high,813.9023399133213,119,2556,743,711,2842,1150.4881305062509
high_001,high,813.9023399133213,119,2556,743,711,2846,1158.6907010055602
high_001,high,813.9023399133213,119,2556,743,711,2861,1209.1421287289538
high_001,high,813.9023399133213,119,2556,743,711,2882,1209.0296140120126
high_001,high,813.9023399133213,119,2556,743,711,2897,1216.5615113965555
high_001,high,813.9023399133213,119,2556,743,711,2912,1249.9612814002455
high_001,high,813.9023399133213,119,2556,743,711,2916,1254.6995690969738
high_001,high,813.9023399133213,119,2556,743,711,2926,1253.120139864731
high_001,high,813.9023399133213,119,2556,743,711,2927,1256.464813461345
high_001,high,813.9023399133213,119,2556,743,711,2929,1266.8750920194575
high_001,high,813.9023399133213,119,2556,743,711,2940,1273.4736091399748
high_001,high,813.9023399133213,119,2556,743,711,2946,1273.4736091399748
high_001,high,813.9023399133213,119,2556,743,711,2958,1283.3218146869335
high_001,high,813.9023399133213,119,2556,743,711,2962,1313.682539683791
high_001,high,813.9023399133213,119,2556,743,711,2966,1292.9716965691964
high_001,high,813.9023399133213,119,2556,743,711,2969,1297.113865192115
high_001,high,813.9023399133213,119,2556,743,711,2970,1299.7260609782668
high_001,high,813.9023399133213,119,2556,743,711,2978,1309.2428600460996
high_001,high,813.9023399133213,119,2556,743,711,2988,1279.605510715308
high_001,high,813.9023399133213,119,2556,743,711,2990,1280.6776639846178
high_001,high,813.9023399133213,119,2556,743,711,2993,1282.6513776213458
high_001,high,813.9023399133213,119,2556,743,711,3010,1339.883747074418
high_001,high,813.9023399133213,119,2556,743,711,3021,1382.645031812876
high_001,high,813.9023399133213,119,2556,743,711,3024,1384.491681031593
high_001,high,813.9023399133213,119,2556,743,711,3030,1366.7898517702638
high_001,high,813.9023399133213,119,2556,743,711,3035,1350.77198763066
high_001,high,813.9023399133213,119,2556,743,711,3036,1352.4409732027002
high_001,high,813.9023399133213,119,2556,743,711,3039,1354.6957713692263
high_001,high,813.9023399133213,119,2556,743,711,3041,1359.561523924281
high_001,high,813.9023399133213,119,2556,743,711,3042,1355.0974132165838
high_001,high,813.9023399133213,119,2556,743,711,3044,1362.2788087129386
high_001,high,813.9023399133213,119,2556,743,711,3048,1364.5005122871762
high_001,high,813.9023399133213,119,2556,743,711,3049,1336.2930493262406
high_001,high,813.9023399133213,119,2556,743,711,3050,1345.872647925985
high_001,high,813.9023399133213,119,2556,743,711,3054,1336.8554006071297
high_001,high,813.9023399133213,119,2556,743,711,3056,1339.5984267172976
high_001,high,813.9023399133213,119,2556,743,711,3058,1357.2601260095455
high_001,high,813.9023399133213,119,2556,743,711,3059,1357.3294685704325
high_001,high,813.9023399133213,119,2556,743,711,3062,1348.4237853121645
high_001,high,813.9023399133213,119,2556,743,711,3081,1392.8940004921865
high_001,high,813.9023399133213,119,2556,743,711,3091,1444.8867165875456
high_001,high,813.9023399133213,119,2556,743,711,3096,1464.9339936008407
high_001,high,813.9023399133213,119,2556,743,711,3114,1444.41234629091
high_001,high,813.9023399133213,119,2556,743,711,3121,1453.1872633180417
high_001,high,813.9023399133213,119,2556,743,711,3123,1468.6254319997183
high_001,high,813.9023399133213,119,2556,743,711,3126,1450.8732721457886
high_001,high,813.9023399133213,119,2556,743,711,3131,1452.5968360198344
high_001,high,813.9023399133213,119,2556,743,711,3143,1493.7598642443463
high_001,high,813.9023399133213,119,2556,743,711,3163,1494.797413107045
high_001,high,813.9023399133213,119,2556,743,711,3176,1508.7817011639336
high_001,high,813.9023399133213,119,2556,743,711,3177,1509.5584761597952
high_001,high,813.9023399133213,119,2556,743,711,3194,1512.9124166079123
high_001,high,813.9023399133213,119,2556,743,711,3198,1499.5810671374104
high_001,high,813.9023399133213,119,2556,743,711,3200,1522.9719014271943
high_001,high,813.9023399133213,119,2556,743,711,3223,1538.6222648537885
high_001,high,813.9023399133213,119,2556,743,711,3226,1535.4278215120526
high_001,high,813.9023399133213,119,2556,743,711,3227,1537.3556023084122
high_001,high,813.9023399133213,119,2556,743,711,3228,1537.845620764101
high_001,high,813.9023399133213,119,2556,743,711,3240,1534.673691994691
high_001,high,813.9023399133213,119,2556,743,711,3245,1539.473608921028
high_001,high,813.9023399133213,119,2556,743,711,3246,1541.6312566729555
high_001,high,813.9023399133213,119,2556,743,711,3259,1558.7122176825778
high_001,high,813.9023399133213,119,2556,743,711,3260,1555.3565663298511
high_001,high,813.9023399133213,119,2556,743,711,3266,1561.3767311392178
high_001,high,813.9023399133213,119,2556,743,711,3268,1557.26468037068
high_001,high,813.9023399133213,119,2556,743,711,3276,1562.8318631761613
high_001,high,813.9023399133213,119,2556,743,711,3282,1574.6397823418151
high_001,high,813.9023399133213,119,2556,743,711,3286,1582.4295132902223
high_002,high,926.5203068147887,125,2603,696,668,720,984.3763374191452
high_002,high,926.5203068147887,125,2603,696,668,747,1015.7382628264284
high_002,high,926.5203068147887,125,2603,696,668,752,979.8487195948768
high_002,high,926.5203068147887,125,2603,696,668,762,976.0601648014851
high_002,high,926.5203068147887,125,2603,696,668,765,985.8196348287304
high_002,high,926.5203068147887,125,2603,696,668,769,983.1123838863521
high_002,high,926.5203068147887,125,2603,696,668,781,962.4011946322106
high_002,high,926.5203068147887,125,2603,696,668,784,953.7942943646938
high_002,high,926.5203068147887,125,2603,696,668,785,992.1416294981552
high_002,high,926.5203068147887,125,2603,696,668,792,962.5970129680336
high_002,high,926.5203068147887,125,2603,696,668,793,986.4738684051516
high_002,high,926.5203068147887,125,2603,696,668,795,981.5654113757901
high_002,high,926.5203068147887,125,2603,696,668,796,983.7880268033208
high_002,high,926.5203068147887,125,2603,696,668,804,973.0754344534598
high_002,high,926.5203068147887,125,2603,696,668,809,1004.473995262756
high_002,high,926.5203068147887,125,2603,696,668,815,950.3311718091055
high_002,high,926.5203068147887,125,2603,696,668,818,969.2863601612614
high_002,high,926.5203068147887,125,2603,696,668,821,984.9213189396229
high_002,high,926.5203068147887,125,2603,696,668,824,962.237683021772
high_002,high,926.5203068147887,125,2603,696,668,828,985.2456035404733
high_002,high,926.5203068147887,125,2603,696,668,830,960.7340436078742
high_002,high,926.5203068147887,125,2603,696,668,834,973.690291548635
high_002,high,926.5203068147887,125,2603,696,668,836,998.443578241707
high_002,high,926.5203068147887,125,2603,696,668,838,963.4406627563922
high_002,high,926.5203068147887,125,2603,696,668,843,967.9347920442574
high_002,high,926.5203068147887,125,2603,696,668,851,965.69473912729
high_002,high,926.5203068147887,125,2603,696,668,860,971.4466111808567
high_002,high,926.5203068147887,125,2603,696,668,862,955.5669866501552
high_002,high,926.5203068147887,125,2603,696,668,865,960.963995505872
high_002,high,926.5203068147887,125,2603,696,668,868,953.1844962542394
high_002,high,926.5203068147887,125,2603,696,668,871,1078.479491672491
high_002,high,926.5203068147887,125,2603,696,668,873,1078.7031028631502
high_002,high,926.5203068147887,125,2603,696,668,874,1079.2956752216514
high_002,high,926.5203068147887,125,2603,696,668,876,1079.887331092244
high_002,high,926.5203068147887,125,2603,696,668,877,1080.4105664574408
high_002,high,926.5203068147887,125,2603,696,668,880,1081.071559321338
high_002,high,926.5203068147887,125,2603,696,668,882,1081.914097082462
high_002,high,926.5203068147887,125,2603,696,668,2410,1092.323788700356
high_002,high,926.5203068147887,125,2603,696,668,2411,1091.1159899538795
high_002,high,926.5203068147887,125,2603,696,668,2412,1092.504129918076
high_002,high,926.5203068147887,125,2603,696,668,2620,1126.529369840989
high_002,high,926.5203068147887,125,2603,696,668,2623,1122.2951121868718
high_002,high,926.5203068147887,125,2603,696,668,2633,1119.607066366669
high_002,high,926.5203068147887,125,2603,696,668,2634,1118.001855595007
high_002,high,926.5203068147887,125,2603,696,668,2643,1118.8175809002134
high_002,high,926.5203068147887,125,2603,696,668,2822,1154.8188426393156
high_002,high,926.5203068147887,125,2603,696,668,2826,1145.7355374652211
high_002,high,926.5203068147887,125,2603,696,668,2829,1142.5895270089609
high_002,high,926.5203068147887,125,2603,696,668,2830,1184.2216418876324
high_002,high,926.5203068147887,125,2603,696,668,2837,1184.2216418876324
high_002,high,926.5203068147887,125,2603,696,668,2841,1197.287891763947
high_002,high,926.5203068147887,125,2603,696,668,2843,1199.3346981076645
high_002,high,926.5203068147887,125,2603,696,668,2850,1191.6368948537342
high_002,high,926.5203068147887,125,2603,696,668,2851,1212.2113517014548
high_002,high,926.5203068147887,125,2603,696,668,2853,1164.6708416282977
high_002,high,926.5203068147887,125,2603,696,668,2860,1200.3039391294697
high_002,high,926.5203068147887,125,2603,696,668,2869,1133.59034757536
high_002,high,926.5203068147887,125,2603,696,668,2876,1171.827618389292
high_002,high,926.5203068147887,125,2603,696,668,2882,1209.0296140120126
high_002,high,926.5203068147887,125,2603,696,668,2886,1163.3651724435665
high_002,high,926.5203068147887,125,2603,696,668,2888,1136.8500027727182
high_002,high,926.5203068147887,125,2603,696,668,2891,1206.994759898018
high_002,high,926.5203068147887,125,2603,696,668,2893,1136.955002385911
high_002,high,926.5203068147887,125,2603,696,668,2897,1216.5615113965555
high_002,high,926.5203068147887,125,2603,696,668,2919,1246.4943514701297
high_002,high,926.5203068147887,125,2603,696,668,2927,1256.464813461345
high_002,high,926.5203068147887,125,2603,696,668,2937,1271.9538496773398
high_002,high,926.5203068147887,125,2603,696,668,2946,1273.4736091399748
high_002,high,926.5203068147887,125,2603,696,668,2950,1289.4537162622669
high_002,high,926.5203068147887,125,2603,696,668,2952,1325.7324844625807
high_002,high,926.5203068147887,125,2603,696,668,2954,1317.1657269042753
high_002,high,926.5203068147887,125,2603,696,668,2957,1287.2898731869675
high_002,high,926.5203068147887,125,2603,696,668,2959,1284.3437983012814
high_002,high,926.5203068147887,125,2603,696,668,2969,1297.113865192115
high_002,high,926.5203068147887,125,2603,696,668,2981,1313.4528791357563
high_002,high,926.5203068147887,125,2603,696,668,2985,1277.9576771814156
high_002,high,926.5203068147887,125,2603,696,668,2991,1281.4636627011207
high_002,high,926.5203068147887,125,2603,696,668,2992,1281.7739052630734
high_002,high,926.5203068147887,125,2603,696,668,2996,1361.5855515954695
high_002,high,926.5203068147887,125,2603,696,668,3000,1376.2169539212116
high_002,high,926.5203068147887,125,2603,696,668,3001,1382.7991232033703
high_002,high,926.5203068147887,125,2603,696,668,3010,1339.883747074418
high_002,high,926.5203068147887,125,2603,696,668,3013,1367.5095041063432
high_002,high,926.5203068147887,125,2603,696,668,3014,1368.1967021301336
high_002,high,926.5203068147887,125,2603,696,668,3019,1377.756489879598
high_002,high,926.5203068147887,125,2603,696,668,3031,1344.47191105832
high_002,high,926.5203068147887,125,2603,696,668,3040,1355.0974132165838
high_002,high,926.5203068147887,125,2603,696,668,3041,1359.561523924281
high_002,high,926.5203068147887,125,2603,696,668,3054,1336.8554006071297
high_002,high,926.5203068147887,125,2603,696,668,3057,1348.0294114810797
high_002,high,926.5203068147887,125,2603,696,668,3062,1348.4237853121645
high_002,high,926.5203068147887,125,2603,696,668,3065,1334.5986567427542
high_002,high,926.5203068147887,125,2603,696,668,3076,1393.728541601571
high_002,high,926.5203068147887,125,2603,696,668,3088,1409.219789021147
high_002,high,926.5203068147887,125,2603,696,668,3096,1464.9339936008407
high_002,high,926.5203068147887,125,2603,696,668,3101,1459.3709472251255
high_002,high,926.5203068147887,125,2603,696,668,3102,1454.537091425231
high_002,high,926.5203068147887,125,2603,696,668,3119,1449.9142548084246
high_002,high,926.5203068147887,125,2603,696,668,3121,1453.1872633180417
high_002,high,926.5203068147887,125,2603,696,668,3129,1452.030267731915
high_002,high,926.5203068147887,125,2603,696,668,3140,1472.038704514705
high_002,high,926.5203068147887,125,2603,696,668,3145,1493.9504369048925
high_002,high,926.5203068147887,125,2603,696,668,3148,1494.6174411955049
high_002,high,926.5203068147887,125,2603,696,668,3158,1503.7649289017088
high_002,high,926.5203068147887,125,2603,696,668,3159,1504.2154030067084
high_002,high,926.5203068147887,125,2603,696,668,3162,1505.73750239245
high_002,high,926.5203068147887,125,2603,696,668,3163,1494.797413107045
high_002,high,926.5203068147887,125,2603,696,668,3172,1514.8700987069003
high_002,high,926.5203068147887,125,2603,696,668,3192,1498.7907773086083
high_002,high,926.5203068147887,125,2603,696,668,3201,1522.9719014271943
high_002,high,926.5203068147887,125,2603,696,668,3202,1524.0200510672962
high_002,high,926.5203068147887,125,2603,696,668,3206,1514.4369978922798
high_002,high,926.5203068147887,125,2603,696,668,3209,1502.2482952580965
high_002,high,926.5203068147887,125,2603,696,668,3211,1500.3713569662125
high_002,high,926.5203068147887,125,2603,696,668,3226,1535.4278215120526
high_002,high,926.5203068147887,125,2603,696,668,3228,1537.845620764101
high_002,high,926.5203068147887,125,2603,696,668,3232,1532.8619938195989
high_002,high,926.5203068147887,125,2603,696,668,3237,1533.726034499647
high_002,high,926.5203068147887,125,2603,696,668,3247,1541.7237280918248
high_002,high,926.5203068147887,125,2603,696,668,3248,1551.354818849989
high_002,high,926.5203068147887,125,2603,696,668,3251,1546.5902242571117
high_002,high,926.5203068147887,125,2603,696,668,3277,1563.355949492931
high_002,high,926.5203068147887,125,2603,696,668,3292,1581.0830524885766
high_002,high,926.5203068147887,125,2603,696,668,3296,1576.8790109789904
high_002,high,926.5203068147887,125,2603,696,668,3298,1577.7151793504554
high_003,high,902.9879793018938,122,2577,722,691,718,960.3559531390384
high_003,high,902.9879793018938,122,2577,722,691,722,969.2863601612614
high_003,high,902.9879793018938,122,2577,722,691,723,970.6220399670952
high_003,high,902.9879793018938,122,2577,722,691,732,972.4452185149922
high_003,high,902.9879793018938,122,2577,722,691,739,961.2207860817146
high_003,high,902.9879793018938,122,2577,722,691,744,988.146602662205
high_003,high,902.9879793018938,122,2577,722,691,749,1018.5507514501016
high_003,high,902.9879793018938,122,2577,722,691,757,961.9226516298033
high_003,high,902.9879793018938,122,2577,722,691,758,946.9397481539488
high_003,high,902.9879793018938,122,2577,722,691,759,927.0394573077356
high_003,high,902.9879793018938,122,2577,722,691,764,958.4838380099771
high_003,high,902.9879793018938,122,2577,722,691,766,990.3591760990912
high_003,high,902.9879793018938,122,2577,722,691,767,976.5431808772796
high_003,high,902.9879793018938,122,2577,722,691,770,987.8904721730746
high_003,high,902.9879793018938,122,2577,722,691,785,992.1416294981552
high_003,high,902.9879793018938,122,2577,722,691,790,954.1830957295933
high_003,high,902.9879793018938,122,2577,722,691,802,963.1587173872612
high_003,high,902.9879793018938,122,2577,722,691,806,950.7048401923788
high_003,high,902.9879793018938,122,2577,722,691,807,950.2358825489589
high_003,high,902.9879793018938,122,2577,722,691,822,943.7574373016715
high_003,high,902.9879793018938,122,2577,722,691,835,933.1329769794274
high_003,high,902.9879793018938,122,2577,722,691,836,998.443578241707
high_003,high,902.9879793018938,122,2577,722,691,837,946.0653600773259
high_003,high,902.9879793018938,122,2577,722,691,847,964.5105108981962
high_003,high,902.9879793018938,122,2577,722,691,855,958.9861525751417
high_003,high,902.9879793018938,122,2577,722,691,857,962.431151857023
high_003,high,902.9879793018938,122,2577,722,691,858,941.5069878847564
high_003,high,902.9879793018938,122,2577,722,691,864,992.6564597267472
high_003,high,902.9879793018938,122,2577,722,691,865,960.7770349138442
high_003,high,902.9879793018938,122,2577,722,691,885,1082.6403489290196
high_003,high,902.9879793018938,122,2577,722,691,886,1084.299239633498
high_003,high,902.9879793018938,122,2577,722,691,2406,1089.1649303466254
high_003,high,902.9879793018938,122,2577,722,691,2418,1094.0306211734855
high_003,high,902.9879793018938,122,2577,722,691,2424,1095.3135349903018
high_003,high,902.9879793018938,122,2577,722,691,2609,1098.1754197400292
high_003,high,902.9879793018938,122,2577,722,691,2624,1121.482094298032
high_003,high,902.9879793018938,122,2577,722,691,2628,1117.2386099673024
high_003,high,902.9879793018938,122,2577,722,691,2629,1117.2386099673024
high_003,high,902.9879793018938,122,2577,722,691,2632,1117.981870772703
high_003,high,902.9879793018938,122,2577,722,691,2635,1120.3045607549689
high_003,high,902.9879793018938,122,2577,722,691,2822,1154.8188426393156
high_003,high,902.9879793018938,122,2577,722,691,2823,1158.1720906475912
high_003,high,902.9879793018938,122,2577,722,691,2836,1131.9180107770533
high_003,high,902.9879793018938,122,2577,722,691,2839,1155.4247576360103
high_003,high,902.9879793018938,122,2577,722,691,2863,1147.0225320224656
high_003,high,902.9879793018938,122,2577,722,691,2866,1141.6463872099162
high_003,high,902.9879793018938,122,2577,722,691,2869,1133.59034757536
high_003,high,902.9879793018938,122,2577,722,691,2874,1169.286029457955
high_003,high,902.9879793018938,122,2577,722,691,2880,1172.5806817909013
high_003,high,902.9879793018938,122,2577,722,691,2893,1136.955002385911
high_003,high,902.9879793018938,122,2577,722,691,2897,1216.5615113965555
high_003,high,902.9879793018938,122,2577,722,691,2902,1257.3345218153138
high_003,high,902.9879793018938,122,2577,722,691,2907,1245.4088089464008
high_003,high,902.9879793018938,122,2577,722,691,2910,1246.4582716916032
high_003,high,902.9879793018938,122,2577,722,691,2912,1249.9612814002455
high_003,high,902.9879793018938,122,2577,722,691,2916,1254.6995690969738
high_003,high,902.9879793018938,122,2577,722,691,2926,1253.120139864731
high_003,high,902.9879793018938,122,2577,722,691,2927,1256.464813461345
high_003,high,902.9879793018938,122,2577,722,691,2936,1271.9538496773398
high_003,high,902.9879793018938,122,2577,722,691,2942,1274.4276661603892
high_003,high,902.9879793018938,122,2577,722,691,2945,1317.662898225413
high_003,high,902.9879793018938,122,2577,722,691,2946,1273.4736091399748
high_003,high,902.9879793018938,122,2577,722,691,2951,1320.931334661675
high_003,high,902.9879793018938,122,2577,722,691,2954,1317.1657269042753
high_003,high,902.9879793018938,122,2577,722,691,2957,1287.2898731869675
high_003,high,902.9879793018938,122,2577,722,691,2959,1284.3437983012814
high_003,high,902.9879793018938,122,2577,722,691,2962,1313.682539683791
high_003,high,902.9879793018938,122,2577,722,691,2974,1305.032840956443
high_003,high,902.9879793018938,122,2577,722,691,2978,1309.2428600460996
high_003,high,902.9879793018938,122,2577,722,691,2982,1276.0495631405868
high_003,high,902.9879793018938,122,2577,722,691,2987,1283.6820193039025
high_003,high,902.9879793018938,122,2577,722,691,2991,1281.4636627011207
high_003,high,902.9879793018938,122,2577,722,691,2992,1281.7739052630734
high_003,high,902.9879793018938,122,2577,722,691,2993,1282.6513776213458
high_003,high,902.9879793018938,122,2577,722,691,3003,1378.5955476062447
high_003,high,902.9879793018938,122,2577,722,691,3004,1378.8498216789126
high_003,high,902.9879793018938,122,2577,722,691,3009,1365.8484498309138
high_003,high,902.9879793018938,122,2577,722,691,3011,1340.334547278942
high_003,high,902.9879793018938,122,2577,722,691,3015,1341.5591208157955
high_003,high,902.9879793018938,122,2577,722,691,3017,1342.403229168631
high_003,high,902.9879793018938,122,2577,722,691,3027,1344.1537661932912
high_003,high,902.9879793018938,122,2577,722,691,3040,1355.0974132165838
high_003,high,902.9879793018938,122,2577,722,691,3050,1345.872647925985
high_003,high,902.9879793018938,122,2577,722,691,3053,1335.350904697546
high_003,high,902.9879793018938,122,2577,722,691,3055,1346.5405929480091
high_003,high,902.9879793018938,122,2577,722,691,3057,1348.0294114810797
high_003,high,902.9879793018938,122,2577,722,691,3062,1348.4237853121645
high_003,high,902.9879793018938,122,2577,722,691,3066,1369.761483728261
high_003,high,902.9879793018938,122,2577,722,691,3070,1372.087230750595
high_003,high,902.9879793018938,122,2577,722,691,3087,1409.219789021147
high_003,high,902.9879793018938,122,2577,722,691,3103,1460.2729820174657
high_003,high,902.9879793018938,122,2577,722,691,3112,1445.7603478620272
high_003,high,902.9879793018938,122,2577,722,691,3120,1450.3042285687598
high_003,high,902.9879793018938,122,2577,722,691,3121,1453.1872633180417
high_003,high,902.9879793018938,122,2577,722,691,3128,1451.4006929915497
high_003,high,902.9879793018938,122,2577,722,691,3134,1447.339468483172
high_003,high,902.9879793018938,122,2577,722,691,3136,1448.1004606263607
high_003,high,902.9879793018938,122,2577,722,691,3138,1448.9565767520114
high_003,high,902.9879793018938,122,2577,722,691,3149,1516.0568655282184
high_003,high,902.9879793018938,122,2577,722,691,3158,1503.7649289017088
high_003,high,902.9879793018938,122,2577,722,691,3159,1504.2154030067084
high_003,high,902.9879793018938,122,2577,722,691,3165,1495.2844454861174
high_003,high,902.9879793018938,122,2577,722,691,3172,1514.8700987069003
high_003,high,902.9879793018938,122,2577,722,691,3173,1507.2596017781918
high_003,high,902.9879793018938,122,2577,722,691,3182,1511.825899935417
high_003,high,902.9879793018938,122,2577,722,691,3188,1497.841611878529
high_003,high,902.9879793018938,122,2577,722,691,3192,1498.7907773086083
high_003,high,902.9879793018938,122,2577,722,691,3197,1513.3479993211588
high_003,high,902.9879793018938,122,2577,722,691,3211,1500.3713569662125
high_003,high,902.9879793018938,122,2577,722,691,3213,1500.124760957142
high_003,high,902.9879793018938,122,2577,722,691,3219,1548.7818097752966
high_003,high,902.9879793018938,122,2577,722,691,3221,1544.3697964157925
high_003,high,902.9879793018938,122,2577,722,691,3235,1533.2057519414043
high_003,high,902.9879793018938,122,2577,722,691,3238,1534.092727339539
high_003,high,902.9879793018938,122,2577,722,691,3244,1545.9660451643304
high_003,high,902.9879793018938,122,2577,722,691,3248,1551.354818849989
high_003,high,902.9879793018938,122,2577,722,691,3260,1555.3565663298511
high_003,high,902.9879793018938,122,2577,722,691,3266,1561.3767311392178
high_003,high,902.9879793018938,122,2577,722,691,3278,1566.142825964757
high_003,high,902.9879793018938,122,2577,722,691,3289,1580.0378693327214
high_003,high,902.9879793018938,122,2577,722,691,3295,1576.8790109789904
high_003,high,902.9879793018938,122,2577,722,691,3298,1577.7151793504554
high_004,high,832.0462168646953,141,2576,723,692,690,870.5599482939281
high_004,high,832.0462168646953,141,2576,723,692,720,967.5211157968902
high_004,high,832.0462168646953,141,2576,723,692,723,970.6220399670952
high_004,high,832.0462168646953,141,2576,723,692,724,971.3128397281856
high_004,high,832.0462168646953,141,2576,723,692,726,922.2296710067654
high_004,high,832.0462168646953,141,2576,723,692,727,961.1551976216444
high_004,high,832.0462168646953,141,2576,723,692,729,942.900601874116
high_004,high,832.0462168646953,141,2576,723,692,732,972.4452185149922
high_004,high,832.0462168646953,141,2576,723,692,733,973.9317401257932
high_004,high,832.0462168646953,141,2576,723,692,734,974.5820933097524
high_004,high,832.0462168646953,141,2576,723,692,735,975.789892056229
high_004,high,832.0462168646953,141,2576,723,692,767,976.5431808772796
high_004,high,832.0462168646953,141,2576,723,692,775,939.9053933217502
high_004,high,832.0462168646953,141,2576,723,692,778,966.6887284082874
high_004,high,832.0462168646953,141,2576,723,692,779,966.878967356384
high_004,high,832.0462168646953,141,2576,723,692,782,921.3051338037236
high_004,high,832.0462168646953,141,2576,723,692,793,927.6677961823528
high_004,high,832.0462168646953,141,2576,723,692,794,940.113373895397
high_004,high,832.0462168646953,141,2576,723,692,802,963.1587173872612
high_004,high,832.0462168646953,141,2576,723,692,804,929.5219075984146
high_004,high,832.0462168646953,141,2576,723,692,810,929.9575331223332
high_004,high,832.0462168646953,141,2576,723,692,814,934.6750523491202
high_004,high,832.0462168646953,141,2576,723,692,816,955.421669047218
high_004,high,832.0462168646953,141,2576,723,692,819,935.1892712880492
high_004,high,832.0462168646953,141,2576,723,692,826,930.9834838007256
high_004,high,832.0462168646953,141,2576,723,692,843,932.2472700623136
high_004,high,832.0462168646953,141,2576,723,692,849,968.0244082141212
high_004,high,832.0462168646953,141,2576,723,692,863,990.9413058528278
high_004,high,832.0462168646953,141,2576,723,692,871,1078.479491672491
high_004,high,832.0462168646953,141,2576,723,692,881,1081.5254576932302
high_004,high,832.0462168646953,141,2576,723,692,2406,1089.1649303466254
high_004,high,832.0462168646953,141,2576,723,692,2408,1090.1189873670398
high_004,high,832.0462168646953,141,2576,723,692,2410,1092.323788700356
high_004,high,832.0462168646953,141,2576,723,692,2411,1091.1159899538795
high_004,high,832.0462168646953,141,2576,723,692,2414,1091.4347009818057
high_004,high,832.0462168646953,141,2576,723,692,2418,1094.0306211734855
high_004,high,832.0462168646953,141,2576,723,692,2422,1096.695134512483
high_004,high,832.0462168646953,141,2576,723,692,2609,1098.1754197400292
high_004,high,832.0462168646953,141,2576,723,692,2611,1115.7188505046674
high_004,high,832.0462168646953,141,2576,723,692,2616,1121.1407291264338
high_004,high,832.0462168646953,141,2576,723,692,2619,1124.9664719122718
high_004,high,832.0462168646953,141,2576,723,692,2631,1128.272813870322
high_004,high,832.0462168646953,141,2576,723,692,2637,1118.028095433758
high_004,high,832.0462168646953,141,2576,723,692,2639,1118.7651012227118
high_004,high,832.0462168646953,141,2576,723,692,2640,1123.4399806568622
high_004,high,832.0462168646953,141,2576,723,692,2832,1217.5877377973272
high_004,high,832.0462168646953,141,2576,723,692,2849,1133.0035533007822
high_004,high,832.0462168646953,141,2576,723,692,2850,1191.6368948537342
high_004,high,832.0462168646953,141,2576,723,692,2852,1151.532128355518
high_004,high,832.0462168646953,141,2576,723,692,2853,1164.6708416282977
high_004,high,832.0462168646953,141,2576,723,692,2857,1189.1631793738577
high_004,high,832.0462168646953,141,2576,723,692,2865,1139.1648035327985
high_004,high,832.0462168646953,141,2576,723,692,2874,1169.286029457955
high_004,high,832.0462168646953,141,2576,723,692,2877,1170.5097574785566
high_004,high,832.0462168646953,141,2576,723,692,2894,1137.3066515469857
high_004,high,832.0462168646953,141,2576,723,692,2896,1138.9307269284757
high_004,high,832.0462168646953,141,2576,723,692,2901,1248.9388199674272
high_004,high,832.0462168646953,141,2576,723,692,2909,1246.4307925607486
high_004,high,832.0462168646953,141,2576,723,692,2915,1254.1918348415977
high_004,high,832.0462168646953,141,2576,723,692,2916,1254.6995690969738
high_004,high,832.0462168646953,141,2576,723,692,2917,1255.5218134992729
high_004,high,832.0462168646953,141,2576,723,692,2921,1247.5798939938586
high_004,high,832.0462168646953,141,2576,723,692,2924,1252.1826139278223
high_004,high,832.0462168646953,141,2576,723,692,2926,1253.120139864731
high_004,high,832.0462168646953,141,2576,723,692,2928,1247.5077344368055
high_004,high,832.0462168646953,141,2576,723,692,2930,1265.1981278832689
high_004,high,832.0462168646953,141,2576,723,692,2935,1271.9538496773398
high_004,high,832.0462168646953,141,2576,723,692,2951,1320.931334661675
high_004,high,832.0462168646953,141,2576,723,692,2958,1283.3218146869335
high_004,high,832.0462168646953,141,2576,723,692,2961,1322.7340576559936
high_004,high,832.0462168646953,141,2576,723,692,2972,1301.2560338150342
high_004,high,832.0462168646953,141,2576,723,692,2977,1275.8892067436825
high_004,high,832.0462168646953,141,2576,723,692,2980,1312.5361183348866
high_004,high,832.0462168646953,141,2576,723,692,2986,1278.7039503478898
high_004,high,832.0462168646953,141,2576,723,692,2987,1283.6820193039025
high_004,high,832.0462168646953,141,2576,723,692,2988,1279.605510715308
high_004,high,832.0462168646953,141,2576,723,692,2992,1281.7739052630734
high_004,high,832.0462168646953,141,2576,723,692,2995,1361.5855515954695
high_004,high,832.0462168646953,141,2576,723,692,2996,1361.5855515954695
high_004,high,832.0462168646953,141,2576,723,692,2997,1372.9701272278262
high_004,high,832.0462168646953,141,2576,723,692,3010,1339.883747074418
high_004,high,832.0462168646953,141,2576,723,692,3015,1341.5591208157955
high_004,high,832.0462168646953,141,2576,723,692,3027,1344.1537661932912
high_004,high,832.0462168646953,141,2576,723,692,3036,1352.4409732027002
high_004,high,832.0462168646953,141,2576,723,692,3037,1352.7908502254495
high_004,high,832.0462168646953,141,2576,723,692,3039,1354.6957713692263
high_004,high,832.0462168646953,141,2576,723,692,3044,1362.2788087129386
high_004,high,832.0462168646953,141,2576,723,692,3049,1336.2930493262406
high_004,high,832.0462168646953,141,2576,723,692,3050,1345.872647925985
high_004,high,832.0462168646953,141,2576,723,692,3056,1339.5984267172976
high_004,high,832.0462168646953,141,2576,723,692,3063,1338.0398752452795
high_004,high,832.0462168646953,141,2576,723,692,3070,1372.087230750595
high_004,high,832.0462168646953,141,2576,723,692,3075,1389.2887727887692
high_004,high,832.0462168646953,141,2576,723,692,3083,1393.728541601571
high_004,high,832.0462168646953,141,2576,723,692,3088,1409.219789021147
high_004,high,832.0462168646953,141,2576,723,692,3092,1442.6665247657772
high_004,high,832.0462168646953,141,2576,723,692,3095,1464.5880670339052
high_004,high,832.0462168646953,141,2576,723,692,3100,1458.1788486659484
high_004,high,832.0462168646953,141,2576,723,692,3102,1454.537091425231
high_004,high,832.0462168646953,141,2576,723,692,3103,1460.2729820174657
high_004,high,832.0462168646953,141,2576,723,692,3104,1460.5102835660855
high_004,high,832.0462168646953,141,2576,723,692,3127,1450.967359531337
high_004,high,832.0462168646953,141,2576,723,692,3136,1448.1004606263607
high_004,high,832.0462168646953,141,2576,723,692,3137,1448.1317104521063
high_004,high,832.0462168646953,141,2576,723,692,3143,1493.7598642443463
high_004,high,832.0462168646953,141,2576,723,692,3144,1493.7598642443463
high_004,high,832.0462168646953,141,2576,723,692,3146,1494.1314946470466
high_004,high,832.0462168646953,141,2576,723,692,3155,1502.8835660867112
high_004,high,832.0462168646953,141,2576,723,692,3160,1504.816737186983
high_004,high,832.0462168646953,141,2576,723,692,3161,1505.289510186076
high_004,high,832.0462168646953,141,2576,723,692,3164,1494.839328164598
high_004,high,832.0462168646953,141,2576,723,692,3165,1495.2844454861174
high_004,high,832.0462168646953,141,2576,723,692,3169,1506.8140914704434
high_004,high,832.0462168646953,141,2576,723,692,3189,1498.0004874798062
high_004,high,832.0462168646953,141,2576,723,692,3191,1498.6026615714
high_004,high,832.0462168646953,141,2576,723,692,3192,1498.7907773086083
high_004,high,832.0462168646953,141,2576,723,692,3193,1512.7196354750035
high_004,high,832.0462168646953,141,2576,723,692,3195,1499.0958986970356
high_004,high,832.0462168646953,141,2576,723,692,3201,1522.9719014271943
high_004,high,832.0462168646953,141,2576,723,692,3202,1524.0200510672962
high_004,high,832.0462168646953,141,2576,723,692,3210,1502.6214929100356
high_004,high,832.0462168646953,141,2576,723,692,3212,1499.8581893392193
high_004,high,832.0462168646953,141,2576,723,692,3216,1519.7620219652044
high_004,high,832.0462168646953,141,2576,723,692,3219,1548.7818097752966
high_004,high,832.0462168646953,141,2576,723,692,3221,1544.3697964157925
high_004,high,832.0462168646953,141,2576,723,692,3222,1547.95194894706
high_004,high,832.0462168646953,141,2576,723,692,3224,1540.0364429291035
high_004,high,832.0462168646953,141,2576,723,692,3225,1545.7686204523336
high_004,high,832.0462168646953,141,2576,723,692,3231,1532.8619938195989
high_004,high,832.0462168646953,141,2576,723,692,3232,1532.8619938195989
high_004,high,832.0462168646953,141,2576,723,692,3242,1533.2149949217014
high_004,high,832.0462168646953,141,2576,723,692,3247,1541.7237280918248
high_004,high,832.0462168646953,141,2576,723,692,3248,1551.354818849989
high_004,high,832.0462168646953,141,2576,723,692,3250,1543.6999385626443
high_004,high,832.0462168646953,141,2576,723,692,3262,1565.7504275141898
high_004,high,832.0462168646953,141,2576,723,692,3278,1566.142825964757
high_004,high,832.0462168646953,141,2576,723,692,3282,1574.6397823418151
high_004,high,832.0462168646953,141,2576,723,692,3283,1574.6397823418151
high_004,high,832.0462168646953,141,2576,723,692,3286,1582.4295132902223
high_004,high,832.0462168646953,141,2576,723,692,3295,1576.8790109789904
high_004,high,832.0462168646953,141,2576,723,692,3297,1576.8790109789904
high_005,high,861.5678785054279,147,2576,723,692,712,918.8972032280894
high_005,high,861.5678785054279,147,2576,723,692,724,971.3128397281856
high_005,high,861.5678785054279,147,2576,723,692,725,972.2996965465496
high_005,high,861.5678785054279,147,2576,723,692,729,942.900601874116
high_005,high,861.5678785054279,147,2576,723,692,731,971.8877728970976
high_005,high,861.5678785054279,147,2576,723,692,734,974.5820933097524
high_005,high,861.5678785054279,147,2576,723,692,738,925.0623426552564
high_005,high,861.5678785054279,147,2576,723,692,742,975.0628956497334
high_005,high,861.5678785054279,147,2576,723,692,747,1015.7382628264284
high_005,high,861.5678785054279,147,2576,723,692,752,972.0531254977168
high_005,high,861.5678785054279,147,2576,723,692,753,976.5331528616296
high_005,high,861.5678785054279,147,2576,723,692,759,920.4169626907244
high_005,high,861.5678785054279,147,2576,723,692,762,976.0601648014851
high_005,high,861.5678785054279,147,2576,723,692,763,978.3499017414658
high_005,high,861.5678785054279,147,2576,723,692,768,970.6220399670952
high_005,high,861.5678785054279,147,2576,723,692,776,923.2791337519676
high_005,high,861.5678785054279,147,2576,723,692,779,966.878967356384
high_005,high,861.5678785054279,147,2576,723,692,787,964.3035858572514
high_005,high,861.5678785054279,147,2576,723,692,790,923.3775331458164
high_005,high,861.5678785054279,147,2576,723,692,791,961.5750293536856
high_005,high,861.5678785054279,147,2576,723,692,797,928.4070163626252
high_005,high,861.5678785054279,147,2576,723,692,807,940.9291888570988
high_005,high,861.5678785054279,147,2576,723,692,813,920.4169626907244
high_005,high,861.5678785054279,147,2576,723,692,817,948.5616451341464
high_005,high,861.5678785054279,147,2576,723,692,823,963.990626957393
high_005,high,861.5678785054279,147,2576,723,692,826,930.9834838007256
high_005,high,861.5678785054279,147,2576,723,692,829,936.3970700345258
high_005,high,861.5678785054279,147,2576,723,692,833,931.1024015923234
high_005,high,861.5678785054279,147,2576,723,692,839,937.6048687810024
high_005,high,861.5678785054279,147,2576,723,692,840,962.1092546420588
high_005,high,861.5678785054279,147,2576,723,692,850,965.5438599382971
high_005,high,861.5678785054279,147,2576,723,692,851,965.69473912729
high_005,high,861.5678785054279,147,2576,723,692,852,973.0891820130053
high_005,high,861.5678785054279,147,2576,723,692,853,920.4169626907244
high_005,high,861.5678785054279,147,2576,723,692,857,949.5005281370336
high_005,high,861.5678785054279,147,2576,723,692,858,941.5069878847564
high_005,high,861.5678785054279,147,2576,723,692,886,1084.299239633498
high_005,high,861.5678785054279,147,2576,723,692,2404,1089.1649303466254
high_005,high,861.5678785054279,147,2576,723,692,2405,1089.1649303466254
high_005,high,861.5678785054279,147,2576,723,692,2409,1090.1517871649894
high_005,high,861.5678785054279,147,2576,723,692,2418,1094.0306211734855
high_005,high,861.5678785054279,147,2576,723,692,2608,1098.1754197400292
high_005,high,861.5678785054279,147,2576,723,692,2612,1115.7188505046674
high_005,high,861.5678785054279,147,2576,723,692,2619,1124.9664719122718
high_005,high,861.5678785054279,147,2576,723,692,2625,1122.1627127407817
high_005,high,861.5678785054279,147,2576,723,692,2626,1119.5283468504165
high_005,high,861.5678785054279,147,2576,723,692,2629,1117.2386099673024
high_005,high,861.5678785054279,147,2576,723,692,2631,1128.272813870322
high_005,high,861.5678785054279,147,2576,723,692,2641,1122.567636821761
high_005,high,861.5678785054279,147,2576,723,692,2821,1169.257801896934
high_005,high,861.5678785054279,147,2576,723,692,2829,1142.5895270089609
high_005,high,861.5678785054279,147,2576,723,692,2832,1217.5877377973272
high_005,high,861.5678785054279,147,2576,723,692,2836,1131.9180107770533
high_005,high,861.5678785054279,147,2576,723,692,2846,1158.6907010055602
high_005,high,861.5678785054279,147,2576,723,692,2856,1148.318444595122
high_005,high,861.5678785054279,147,2576,723,692,2876,1171.827618389292
high_005,high,861.5678785054279,147,2576,723,692,2883,1213.4675543148776
high_005,high,861.5678785054279,147,2576,723,692,2884,1204.2183928701231
high_005,high,861.5678785054279,147,2576,723,692,2885,1206.2335413646963
high_005,high,861.5678785054279,147,2576,723,692,2888,1136.8500027727182
high_005,high,861.5678785054279,147,2576,723,692,2902,1257.3345218153138
high_005,high,861.5678785054279,147,2576,723,692,2903,1257.9418907043237
high_005,high,861.5678785054279,147,2576,723,692,2908,1245.4088089464008
high_005,high,861.5678785054279,147,2576,723,692,2915,1254.1918348415977
high_005,high,861.5678785054279,147,2576,723,692,2919,1246.4943514701297
high_005,high,861.5678785054279,147,2576,723,692,2922,1248.4747597894443
high_005,high,861.5678785054279,147,2576,723,692,2928,1247.5077344368055
high_005,high,861.5678785054279,147,2576,723,692,2943,1275.0525800728858
high_005,high,861.5678785054279,147,2576,723,692,2948,1292.0257341115546
high_005,high,861.5678785054279,147,2576,723,692,2953,1327.9965814040024
high_005,high,861.5678785054279,147,2576,723,692,2957,1287.2898731869675
high_005,high,861.5678785054279,147,2576,723,692,2959,1284.3437983012814
high_005,high,861.5678785054279,147,2576,723,692,2962,1313.682539683791
high_005,high,861.5678785054279,147,2576,723,692,2963,1322.7340576559936
high_005,high,861.5678785054279,147,2576,723,692,2964,1286.44878475409
high_005,high,861.5678785054279,147,2576,723,692,2966,1292.9716965691964
high_005,high,861.5678785054279,147,2576,723,692,2968,1296.6128027771294
high_005,high,861.5678785054279,147,2576,723,692,2973,1303.99608009714
high_005,high,861.5678785054279,147,2576,723,692,2976,1308.2660992160131
high_005,high,861.5678785054279,147,2576,723,692,2989,1279.8657912222443
high_005,high,861.5678785054279,147,2576,723,692,3000,1376.2169539212116
high_005,high,861.5678785054279,147,2576,723,692,3002,1385.7155951015902
high_005,high,861.5678785054279,147,2576,723,692,3003,1378.5955476062447
high_005,high,861.5678785054279,147,2576,723,692,3010,1339.883747074418
high_005,high,861.5678785054279,147,2576,723,692,3014,1368.1967021301336
high_005,high,861.5678785054279,147,2576,723,692,3017,1342.403229168631
high_005,high,861.5678785054279,147,2576,723,692,3018,1365.287231116207
high_005,high,861.5678785054279,147,2576,723,692,3023,1382.7991232033703
high_005,high,861.5678785054279,147,2576,723,692,3025,1366.644984232917
high_005,high,861.5678785054279,147,2576,723,692,3028,1370.2930014103376
high_005,high,861.5678785054279,147,2576,723,692,3029,1336.0691773166277
high_005,high,861.5678785054279,147,2576,723,692,3034,1350.558794871601
high_005,high,861.5678785054279,147,2576,723,692,3038,1352.934700423622
high_005,high,861.5678785054279,147,2576,723,692,3043,1356.9505695357525
high_005,high,861.5678785054279,147,2576,723,692,3061,1359.4228388025076
high_005,high,861.5678785054279,147,2576,723,692,3062,1348.4237853121645
high_005,high,861.5678785054279,147,2576,723,692,3068,1371.2043342733637
high_005,high,861.5678785054279,147,2576,723,692,3069,1371.472669177307
high_005,high,861.5678785054279,147,2576,723,692,3073,1390.7195497824036
high_005,high,861.5678785054279,147,2576,723,692,3080,1390.079669677741
high_005,high,861.5678785054279,147,2576,723,692,3083,1393.728541601571
high_005,high,861.5678785054279,147,2576,723,692,3086,1411.542479003413
high_005,high,861.5678785054279,147,2576,723,692,3100,1458.1788486659484
high_005,high,861.5678785054279,147,2576,723,692,3104,1460.5102835660855
high_005,high,861.5678785054279,147,2576,723,692,3107,1449.812692877662
high_005,high,861.5678785054279,147,2576,723,692,3109,1461.7237802368163
high_005,high,861.5678785054279,147,2576,723,692,3110,1456.229649253454
high_005,high,861.5678785054279,147,2576,723,692,3121,1453.1872633180417
high_005,high,861.5678785054279,147,2576,723,692,3125,1446.5784763399836
high_005,high,861.5678785054279,147,2576,723,692,3128,1451.4006929915497
high_005,high,861.5678785054279,147,2576,723,692,3131,1452.5968360198344
high_005,high,861.5678785054279,147,2576,723,692,3132,1453.2650426046466
high_005,high,861.5678785054279,147,2576,723,692,3134,1447.339468483172
high_005,high,861.5678785054279,147,2576,723,692,3135,1447.339468483172
high_005,high,861.5678785054279,147,2576,723,692,3136,1448.1004606263607
high_005,high,861.5678785054279,147,2576,723,692,3139,1449.0229826302657
high_005,high,861.5678785054279,147,2576,723,692,3144,1493.7598642443463
high_005,high,861.5678785054279,147,2576,723,692,3148,1494.6174411955049
high_005,high,861.5678785054279,147,2576,723,692,3153,1517.96259210528
high_005,high,861.5678785054279,147,2576,723,692,3156,1503.43373003074
high_005,high,861.5678785054279,147,2576,723,692,3173,1507.2596017781918
high_005,high,861.5678785054279,147,2576,723,692,3178,1509.863254039178
high_005,high,861.5678785054279,147,2576,723,692,3184,1496.8090267704847
high_005,high,861.5678785054279,147,2576,723,692,3194,1512.9124166079123
high_005,high,861.5678785054279,147,2576,723,692,3198,1499.5810671374104
high_005,high,861.5678785054279,147,2576,723,692,3201,1522.9719014271943
high_005,high,861.5678785054279,147,2576,723,692,3206,1514.4369978922798
high_005,high,861.5678785054279,147,2576,723,692,3214,1515.576248626063
high_005,high,861.5678785054279,147,2576,723,692,3215,1516.0568655282184
high_005,high,861.5678785054279,147,2576,723,692,3216,1519.7620219652044
high_005,high,861.5678785054279,147,2576,723,692,3222,1547.95194894706
high_005,high,861.5678785054279,147,2576,723,692,3228,1537.845620764101
high_005,high,861.5678785054279,147,2576,723,692,3230,1536.483758359465
high_005,high,861.5678785054279,147,2576,723,692,3233,1535.6213494897347
high_005,high,861.5678785054279,147,2576,723,692,3238,1534.092727339539
high_005,high,861.5678785054279,147,2576,723,692,3247,1541.7237280918248
high_005,high,861.5678785054279,147,2576,723,692,3248,1551.354818849989
high_005,high,861.5678785054279,147,2576,723,692,3255,1551.73568587887
high_005,high,861.5678785054279,147,2576,723,692,3260,1555.3565663298511
high_005,high,861.5678785054279,147,2576,723,692,3266,1561.3767311392178
high_005,high,861.5678785054279,147,2576,723,692,3269,1557.5278701324796
high_005,high,861.5678785054279,147,2576,723,692,3274,1559.2586854889823
high_005,high,861.5678785054279,147,2576,723,692,3277,1563.355949492931
high_005,high,861.5678785054279,147,2576,723,692,3279,1568.8896149725474
high_005,high,861.5678785054279,147,2576,723,692,3292,1581.0830524885766
high_005,high,861.5678785054279,147,2576,723,692,3293,1584.7639876401672
high_005,high,861.5678785054279,147,2576,723,692,3297,1576.8790109789904
high_006,high,831.2805026271933,122,2576,723,692,712,918.8972032280894
high_006,high,831.2805026271933,122,2576,723,692,714,918.8972032280894
high_006,high,831.2805026271933,122,2576,723,692,717,924.4630756695454
high_006,high,831.2805026271933,122,2576,723,692,720,967.5211157968902
high_006,high,831.2805026271933,122,2576,723,692,725,972.2996965465496
high_006,high,831.2805026271933,122,2576,723,692,727,961.1551976216444
high_006,high,831.2805026271933,122,2576,723,692,734,974.5820933097524
high_006,high,831.2805026271933,122,2576,723,692,741,961.1551976216444
high_006,high,831.2805026271933,122,2576,723,692,742,975.0628956497334
high_006,high,831.2805026271933,122,2576,723,692,761,933.392138532304
high_006,high,831.2805026271933,122,2576,723,692,764,958.4838380099771
high_006,high,831.2805026271933,122,2576,723,692,772,933.9814725415728
high_006,high,831.2805026271933,122,2576,723,692,774,934.537007002294
high_006,high,831.2805026271933,122,2576,723,692,776,923.2791337519676
high_006,high,831.2805026271933,122,2576,723,692,781,947.7241859110354
high_006,high,831.2805026271933,122,2576,723,692,782,921.3051338037236
high_006,high,831.2805026271933,122,2576,723,692,788,943.8867656431298
high_006,high,831.2805026271933,122,2576,723,692,802,963.1587173872612
high_006,high,831.2805026271933,122,2576,723,692,818,969.2863601612614
high_006,high,831.2805026271933,122,2576,723,692,824,951.9962503166522
high_006,high,831.2805026271933,122,2576,723,692,826,930.9834838007256
high_006,high,831.2805026271933,122,2576,723,692,836,998.443578241707
high_006,high,831.2805026271933,122,2576,723,692,854,939.5935090512652
high_006,high,831.2805026271933,122,2576,723,692,859,932.8665813057833
high_006,high,831.2805026271933,122,2576,723,692,863,990.9413058528278
high_006,high,831.2805026271933,122,2576,723,692,864,992.6564597267472
high_006,high,831.2805026271933,122,2576,723,692,882,1081.914097082462
high_006,high,831.2805026271933,122,2576,723,692,884,1083.0589655524525
high_006,high,831.2805026271933,122,2576,723,692,888,1077.7162460447862
high_006,high,831.2805026271933,122,2576,723,692,889,1083.4400157795255
high_006,high,831.2805026271933,122,2576,723,692,2407,1090.0940063395317
high_006,high,831.2805026271933,122,2576,723,692,2413,1091.1684501122422
high_006,high,831.2805026271933,122,2576,723,692,2423,1095.2708952545313
high_006,high,831.2805026271933,122,2576,723,692,2608,1098.1754197400292
high_006,high,831.2805026271933,122,2576,723,692,2613,1115.7188505046674
high_006,high,831.2805026271933,122,2576,723,692,2616,1121.1407291264338
high_006,high,831.2805026271933,122,2576,723,692,2622,1121.2456494416697
high_006,high,831.2805026271933,122,2576,723,692,2624,1121.482094298032
high_006,high,831.2805026271933,122,2576,723,692,2632,1117.981870772703
high_006,high,831.2805026271933,122,2576,723,692,2634,1118.001855595007
high_006,high,831.2805026271933,122,2576,723,692,2635,1120.3045607549689
high_006,high,831.2805026271933,122,2576,723,692,2827,1158.0204118727036
high_006,high,831.2805026271933,122,2576,723,692,2828,1168.7753380564473
high_006,high,831.2805026271933,122,2576,723,692,2834,1176.5851521353798
high_006,high,831.2805026271933,122,2576,723,692,2837,1184.2216418876324
high_006,high,831.2805026271933,122,2576,723,692,2846,1158.6907010055602
high_006,high,831.2805026271933,122,2576,723,692,2849,1133.0035533007822
high_006,high,831.2805026271933,122,2576,723,692,2852,1151.532128355518
high_006,high,831.2805026271933,122,2576,723,692,2856,1148.318444595122
high_006,high,831.2805026271933,122,2576,723,692,2872,1153.219262071798
high_006,high,831.2805026271933,122,2576,723,692,2883,1213.4675543148776
high_006,high,831.2805026271933,122,2576,723,692,2884,1204.2183928701231
high_006,high,831.2805026271933,122,2576,723,692,2886,1163.3651724435665
high_006,high,831.2805026271933,122,2576,723,692,2887,1135.4484995611729
high_006,high,831.2805026271933,122,2576,723,692,2902,1257.3345218153138
high_006,high,831.2805026271933,122,2576,723,692,2906,1245.4088089464008
high_006,high,831.2805026271933,122,2576,723,692,2917,1255.5218134992729
high_006,high,831.2805026271933,122,2576,723,692,2918,1256.0668627729606
high_006,high,831.2805026271933,122,2576,723,692,2920,1247.4527761750965
high_006,high,831.2805026271933,122,2576,723,692,2921,1247.5798939938586
high_006,high,831.2805026271933,122,2576,723,692,2928,1247.5077344368055
high_006,high,831.2805026271933,122,2576,723,692,2930,1265.1981278832689
high_006,high,831.2805026271933,122,2576,723,692,2945,1317.662898225413
high_006,high,831.2805026271933,122,2576,723,692,2946,1273.4736091399748
high_006,high,831.2805026271933,122,2576,723,692,2953,1327.9965814040024
high_006,high,831.2805026271933,122,2576,723,692,2955,1290.0533506469906
high_006,high,831.2805026271933,122,2576,723,692,2956,1286.8523035264304
high_006,high,831.2805026271933,122,2576,723,692,2961,1322.7340576559936
high_006,high,831.2805026271933,122,2576,723,692,2967,1295.4560418593935
high_006,high,831.2805026271933,122,2576,723,692,2971,1300.8228218667862
high_006,high,831.2805026271933,122,2576,723,692,2974,1305.032840956443
high_006,high,831.2805026271933,122,2576,723,692,2977,1275.8892067436825
high_006,high,831.2805026271933,122,2576,723,692,2981,1313.4528791357563
high_006,high,831.2805026271933,122,2576,723,692,2983,1276.7302367111618
high_006,high,831.2805026271933,122,2576,723,692,2986,1278.7039503478898
high_006,high,831.2805026271933,122,2576,723,692,2988,1279.605510715308
high_006,high,831.2805026271933,122,2576,723,692,2991,1281.4636627011207
high_006,high,831.2805026271933,122,2576,723,692,3019,1377.756489879598
high_006,high,831.2805026271933,122,2576,723,692,3020,1380.5225041920835
high_006,high,831.2805026271933,122,2576,723,692,3021,1382.645031812876
high_006,high,831.2805026271933,122,2576,723,692,3023,1382.7991232033703
high_006,high,831.2805026271933,122,2576,723,692,3041,1359.561523924281
high_006,high,831.2805026271933,122,2576,723,692,3053,1335.350904697546
high_006,high,831.2805026271933,122,2576,723,692,3065,1334.5986567427542
high_006,high,831.2805026271933,122,2576,723,692,3067,1370.6254728855636
high_006,high,831.2805026271933,122,2576,723,692,3073,1390.7195497824036
high_006,high,831.2805026271933,122,2576,723,692,3074,1389.2887727887692
high_006,high,831.2805026271933,122,2576,723,692,3075,1389.2887727887692
high_006,high,831.2805026271933,122,2576,723,692,3077,1389.2887727887692
high_006,high,831.2805026271933,122,2576,723,692,3093,1442.6665247657772
high_006,high,831.2805026271933,122,2576,723,692,3094,1464.0766132485076
high_006,high,831.2805026271933,122,2576,723,692,3099,1458.0162380970437
high_006,high,831.2805026271933,122,2576,723,692,3103,1460.2729820174657
high_006,high,831.2805026271933,122,2576,723,692,3104,1460.5102835660855
high_006,high,831.2805026271933,122,2576,723,692,3111,1457.1161490585994
high_006,high,831.2805026271933,122,2576,723,692,3122,1471.2229686228654
high_006,high,831.2805026271933,122,2576,723,692,3140,1472.038704514705
high_006,high,831.2805026271933,122,2576,723,692,3144,1493.7598642443463
high_006,high,831.2805026271933,122,2576,723,692,3148,1494.6174411955049
high_006,high,831.2805026271933,122,2576,723,692,3153,1517.96259210528
high_006,high,831.2805026271933,122,2576,723,692,3177,1509.5584761597952
high_006,high,831.2805026271933,122,2576,723,692,3180,1511.1390558173994
high_006,high,831.2805026271933,122,2576,723,692,3185,1497.080562185658
high_006,high,831.2805026271933,122,2576,723,692,3191,1498.6026615714
high_006,high,831.2805026271933,122,2576,723,692,3194,1512.9124166079123
high_006,high,831.2805026271933,122,2576,723,692,3195,1499.0958986970356
high_006,high,831.2805026271933,122,2576,723,692,3207,1501.260432986814
high_006,high,831.2805026271933,122,2576,723,692,3208,1493.7598642443463
high_006,high,831.2805026271933,122,2576,723,692,3209,1502.2482952580965
high_006,high,831.2805026271933,122,2576,723,692,3216,1519.7620219652044
high_006,high,831.2805026271933,122,2576,723,692,3218,1548.2955628071743
high_006,high,831.2805026271933,122,2576,723,692,3220,1550.3302292018425
high_006,high,831.2805026271933,122,2576,723,692,3223,1538.6222648537885
high_006,high,831.2805026271933,122,2576,723,692,3224,1540.0364429291035
high_006,high,831.2805026271933,122,2576,723,692,3252,1543.8448866280776
high_006,high,831.2805026271933,122,2576,723,692,3253,1541.1681323669684
high_006,high,831.2805026271933,122,2576,723,692,3262,1565.7504275141898
high_006,high,831.2805026271933,122,2576,723,692,3274,1559.2586854889823
high_006,high,831.2805026271933,122,2576,723,692,3276,1562.8318631761613
high_006,high,831.2805026271933,122,2576,723,692,3283,1574.6397823418151
high_006,high,831.2805026271933,122,2576,723,692,3294,1587.5767001711947
high_006,high,831.2805026271933,122,2576,723,692,3295,1576.8790109789904
high_007,high,768.4683932155749,149,2540,759,725,660,817.4385953974601
high_007,high,768.4683932155749,149,2540,759,725,661,823.5113558854875
high_007,high,768.4683932155749,149,2540,759,725,665,802.7026220950013
high_007,high,768.4683932155749,149,2540,759,725,667,809.5888157456945
high_007,high,768.4683932155749,149,2540,759,725,683,820.5388902425793
high_007,high,768.4683932155749,149,2540,759,725,689,822.70516385316
high_007,high,768.4683932155749,149,2540,759,725,692,823.2581540851955
high_007,high,768.4683932155749,149,2540,759,725,712,918.8972032280894
high_007,high,768.4683932155749,149,2540,759,725,713,918.8972032280894
high_007,high,768.4683932155749,149,2540,759,725,719,942.3602743877204
high_007,high,768.4683932155749,149,2540,759,725,720,967.5211157968902
high_007,high,768.4683932155749,149,2540,759,725,722,969.2863601612614
high_007,high,768.4683932155749,149,2540,759,725,725,972.2996965465496
high_007,high,768.4683932155749,149,2540,759,725,732,972.4452185149922
high_007,high,768.4683932155749,149,2540,759,725,741,961.1551976216444
high_007,high,768.4683932155749,149,2540,759,725,742,975.0628956497334
high_007,high,768.4683932155749,149,2540,759,725,744,988.146602662205
high_007,high,768.4683932155749,149,2540,759,725,751,994.8053033381497
high_007,high,768.4683932155749,149,2540,759,725,760,938.2578292454314
high_007,high,768.4683932155749,149,2540,759,725,765,985.8196348287304
high_007,high,768.4683932155749,149,2540,759,725,766,990.3591760990912
high_007,high,768.4683932155749,149,2540,759,725,783,926.2465708843504
high_007,high,768.4683932155749,149,2540,759,725,789,927.4307991134442
high_007,high,768.4683932155749,149,2540,759,725,792,962.5970129680336
high_007,high,768.4683932155749,149,2540,759,725,798,954.5140516746916
high_007,high,768.4683932155749,149,2540,759,725,800,969.346109402294
high_007,high,768.4683932155749,149,2540,759,725,801,928.615027342538
high_007,high,768.4683932155749,149,2540,759,725,809,1004.473995262756
high_007,high,768.4683932155749,149,2540,759,725,811,1014.528582549858
high_007,high,768.4683932155749,149,2540,759,725,818,969.2863601612614
high_007,high,768.4683932155749,149,2540,759,725,824,951.9962503166522
high_007,high,768.4683932155749,149,2540,759,725,825,924.32859649717
high_007,high,768.4683932155749,149,2540,759,725,837,937.0175551643856
high_007,high,768.4683932155749,149,2540,759,725,844,952.5629921781916
high_007,high,768.4683932155749,149,2540,759,725,847,964.5105108981962
high_007,high,768.4683932155749,149,2540,759,725,849,968.0244082141212
high_007,high,768.4683932155749,149,2540,759,725,864,992.6564597267472
high_007,high,768.4683932155749,149,2540,759,725,866,933.392138532304
high_007,high,768.4683932155749,149,2540,759,725,867,953.25058399976
high_007,high,768.4683932155749,149,2540,759,725,870,1077.7162460447862
high_007,high,768.4683932155749,149,2540,759,725,874,1079.2956752216514
high_007,high,768.4683932155749,149,2540,759,725,876,1079.887331092244
high_007,high,768.4683932155749,149,2540,759,725,883,1082.2557875504317
high_007,high,768.4683932155749,149,2540,759,725,889,1083.4400157795255
high_007,high,768.4683932155749,149,2540,759,725,2404,1089.1649303466254
high_007,high,768.4683932155749,149,2540,759,725,2410,1092.323788700356
high_007,high,768.4683932155749,149,2540,759,725,2411,1091.1159899538795
high_007,high,768.4683932155749,149,2540,759,725,2616,1121.1407291264338
high_007,high,768.4683932155749,149,2540,759,725,2617,1123.1846963551295
high_007,high,768.4683932155749,149,2540,759,725,2622,1121.2456494416697
high_007,high,768.4683932155749,149,2540,759,725,2629,1117.2386099673024
high_007,high,768.4683932155749,149,2540,759,725,2635,1120.3045607549689
high_007,high,768.4683932155749,149,2540,759,725,2636,1120.386998146043
high_007,high,768.4683932155749,149,2540,759,725,2640,1123.4399806568622
high_007,high,768.4683932155749,149,2540,759,725,2824,1143.1526303353207
high_007,high,768.4683932155749,149,2540,759,725,2825,1144.3839022981847
high_007,high,768.4683932155749,149,2540,759,725,2831,1132.9674735222557
high_007,high,768.4683932155749,149,2540,759,725,2836,1131.9180107770533
high_007,high,768.4683932155749,149,2540,759,725,2839,1155.4247576360103
high_007,high,768.4683932155749,149,2540,759,725,2848,1178.796684853828
high_007,high,768.4683932155749,149,2540,759,725,2851,1212.2113517014548
high_007,high,768.4683932155749,149,2540,759,725,2858,1195.650931575308
high_007,high,768.4683932155749,149,2540,759,725,2865,1139.1648035327985
high_007,high,768.4683932155749,149,2540,759,725,2867,1142.3995087726184
high_007,high,768.4683932155749,149,2540,759,725,2877,1170.5097574785566
high_007,high,768.4683932155749,149,2540,759,725,2878,1171.1686879339245
high_007,high,768.4683932155749,149,2540,759,725,2879,1173.4278780826446
high_007,high,768.4683932155749,149,2540,759,725,2884,1204.2183928701231
high_007,high,768.4683932155749,149,2540,759,725,2885,1206.2335413646963
high_007,high,768.4683932155749,149,2540,759,725,2886,1163.3651724435665
high_007,high,768.4683932155749,149,2540,759,725,2890,1167.3443024433848
high_007,high,768.4683932155749,149,2540,759,725,2895,1138.7912673979497
high_007,high,768.4683932155749,149,2540,759,725,2902,1257.3345218153138
high_007,high,768.4683932155749,149,2540,759,725,2905,1262.1048069173858
high_007,high,768.4683932155749,149,2540,759,725,2912,1249.9612814002455
high_007,high,768.4683932155749,149,2540,759,725,2913,1250.5607169476248
high_007,high,768.4683932155749,149,2540,759,725,2914,1250.8365215650456
high_007,high,768.4683932155749,149,2540,759,725,2940,1273.4736091399748
high_007,high,768.4683932155749,149,2540,759,725,2953,1327.9965814040024
high_007,high,768.4683932155749,149,2540,759,725,2954,1317.1657269042753
high_007,high,768.4683932155749,149,2540,759,725,2961,1322.7340576559936
high_007,high,768.4683932155749,149,2540,759,725,2964,1286.44878475409
high_007,high,768.4683932155749,149,2540,759,725,2966,1292.9716965691964
high_007,high,768.4683932155749,149,2540,759,725,2977,1275.8892067436825
high_007,high,768.4683932155749,149,2540,759,725,2978,1309.2428600460996
high_007,high,768.4683932155749,149,2540,759,725,2980,1312.5361183348866
high_007,high,768.4683932155749,149,2540,759,725,2993,1282.6513776213458
high_007,high,768.4683932155749,149,2540,759,725,3000,1376.2169539212116
high_007,high,768.4683932155749,149,2540,759,725,3001,1382.7991232033703
high_007,high,768.4683932155749,149,2540,759,725,3003,1378.5955476062447
high_007,high,768.4683932155749,149,2540,759,725,3009,1365.8484498309138
high_007,high,768.4683932155749,149,2540,759,725,3013,1367.5095041063432
high_007,high,768.4683932155749,149,2540,759,725,3015,1341.5591208157955
high_007,high,768.4683932155749,149,2540,759,725,3019,1377.756489879598
high_007,high,768.4683932155749,149,2540,759,725,3027,1344.1537661932912
high_007,high,768.4683932155749,149,2540,759,725,3033,1350.186175036174
high_007,high,768.4683932155749,149,2540,759,725,3034,1350.558794871601
high_007,high,768.4683932155749,149,2540,759,725,3045,1372.3616833000267
high_007,high,768.4683932155749,149,2540,759,725,3049,1336.2930493262406
high_007,high,768.4683932155749,149,2540,759,725,3055,1346.5405929480091
high_007,high,768.4683932155749,149,2540,759,725,3058,1357.2601260095455
high_007,high,768.4683932155749,149,2540,759,725,3079,1390.0646934730294
high_007,high,768.4683932155749,149,2540,759,725,3091,1444.8867165875456
high_007,high,768.4683932155749,149,2540,759,725,3100,1458.1788486659484
high_007,high,768.4683932155749,149,2540,759,725,3101,1459.3709472251255
high_007,high,768.4683932155749,149,2540,759,725,3103,1460.2729820174657
high_007,high,768.4683932155749,149,2540,759,725,3107,1449.812692877662
high_007,high,768.4683932155749,149,2540,759,725,3109,1461.7237802368163
high_007,high,768.4683932155749,149,2540,759,725,3121,1453.1872633180417
high_007,high,768.4683932155749,149,2540,759,725,3130,1452.1162010679918
high_007,high,768.4683932155749,149,2540,759,725,3133,1453.7929790481192
high_007,high,768.4683932155749,149,2540,759,725,3138,1448.9565767520114
high_007,high,768.4683932155749,149,2540,759,725,3152,1501.8371227519258
high_007,high,768.4683932155749,149,2540,759,725,3154,1500.620479981403
high_007,high,768.4683932155749,149,2540,759,725,3158,1503.7649289017088
high_007,high,768.4683932155749,149,2540,759,725,3159,1504.2154030067084
high_007,high,768.4683932155749,149,2540,759,725,3161,1505.289510186076
high_007,high,768.4683932155749,149,2540,759,725,3176,1508.7817011639336
high_007,high,768.4683932155749,149,2540,759,725,3190,1498.333608054852
high_007,high,768.4683932155749,149,2540,759,725,3195,1499.0958986970356
high_007,high,768.4683932155749,149,2540,759,725,3196,1499.363711264271
high_007,high,768.4683932155749,149,2540,759,725,3204,1525.068200707398
high_007,high,768.4683932155749,149,2540,759,725,3210,1502.6214929100356
high_007,high,768.4683932155749,149,2540,759,725,3214,1515.576248626063
high_007,high,768.4683932155749,149,2540,759,725,3215,1516.0568655282184
high_007,high,768.4683932155749,149,2540,759,725,3221,1544.3697964157925
high_007,high,768.4683932155749,149,2540,759,725,3224,1540.0364429291035
high_007,high,768.4683932155749,149,2540,759,725,3229,1536.0390036247898
high_007,high,768.4683932155749,149,2540,759,725,3238,1534.092727339539
high_007,high,768.4683932155749,149,2540,759,725,3239,1534.421227576144
high_007,high,768.4683932155749,149,2540,759,725,3247,1541.7237280918248
high_007,high,768.4683932155749,149,2540,759,725,3251,1546.5902242571117
high_007,high,768.4683932155749,149,2540,759,725,3252,1543.8448866280776
high_007,high,768.4683932155749,149,2540,759,725,3253,1541.1681323669684
high_007,high,768.4683932155749,149,2540,759,725,3254,1540.0327297480055
high_007,high,768.4683932155749,149,2540,759,725,3255,1551.73568587887
high_007,high,768.4683932155749,149,2540,759,725,3258,1560.7202276714595
high_007,high,768.4683932155749,149,2540,759,725,3262,1565.7504275141898
high_007,high,768.4683932155749,149,2540,759,725,3263,1570.1401533513194
high_007,high,768.4683932155749,149,2540,759,725,3266,1561.3767311392178
high_007,high,768.4683932155749,149,2540,759,725,3268,1557.26468037068
high_007,high,768.4683932155749,149,2540,759,725,3270,1558.143794253193
high_007,high,768.4683932155749,149,2540,759,725,3272,1556.00691951381
high_007,high,768.4683932155749,149,2540,759,725,3273,1555.3565663298511
high_007,high,768.4683932155749,149,2540,759,725,3276,1562.8318631761613
high_007,high,768.4683932155749,149,2540,759,725,3279,1568.8896149725474
high_007,high,768.4683932155749,149,2540,759,725,3282,1574.6397823418151
high_007,high,768.4683932155749,149,2540,759,725,3287,1578.2606105011716
high_007,high,768.4683932155749,149,2540,759,725,3288,1577.737662274617
high_008,high,974.841815475794,112,2704,595,567,742,1003.271703225947
high_008,high,974.841815475794,112,2704,595,567,745,1006.8241769960646
high_008,high,974.841815475794,112,2704,595,567,747,1015.7382628264284
high_008,high,974.841815475794,112,2704,595,567,753,1004.6511801710025
high_008,high,974.841815475794,112,2704,595,567,766,1027.8660560329376
high_008,high,974.841815475794,112,2704,595,567,769,1009.1938976604671
high_008,high,974.841815475794,112,2704,595,567,795,1015.9651562261062
high_008,high,974.841815475794,112,2704,595,567,879,1080.7692286124716
high_008,high,974.841815475794,112,2704,595,567,880,1081.071559321338
high_008,high,974.841815475794,112,2704,595,567,881,1081.5254576932302
high_008,high,974.841815475794,112,2704,595,567,884,1083.0589655524525
high_008,high,974.841815475794,112,2704,595,567,2407,1090.0940063395317
high_008,high,974.841815475794,112,2704,595,567,2408,1090.1189873670398
high_008,high,974.841815475794,112,2704,595,567,2409,1090.1517871649894
high_008,high,974.841815475794,112,2704,595,567,2420,1096.606575060365
high_008,high,974.841815475794,112,2704,595,567,2612,1115.7188505046674
high_008,high,974.841815475794,112,2704,595,567,2616,1121.1407291264338
high_008,high,974.841815475794,112,2704,595,567,2628,1117.2386099673024
high_008,high,974.841815475794,112,2704,595,567,2636,1120.386998146043
high_008,high,974.841815475794,112,2704,595,567,2640,1123.4399806568622
high_008,high,974.841815475794,112,2704,595,567,2644,1123.9492363439422
high_008,high,974.841815475794,112,2704,595,567,2824,1143.1526303353207
high_008,high,974.841815475794,112,2704,595,567,2829,1142.5895270089609
high_008,high,974.841815475794,112,2704,595,567,2835,1131.9180107770533
high_008,high,974.841815475794,112,2704,595,567,2844,1222.998592866967
high_008,high,974.841815475794,112,2704,595,567,2850,1191.6368948537342
high_008,high,974.841815475794,112,2704,595,567,2853,1164.6708416282977
high_008,high,974.841815475794,112,2704,595,567,2858,1195.650931575308
high_008,high,974.841815475794,112,2704,595,567,2860,1200.3039391294697
high_008,high,974.841815475794,112,2704,595,567,2861,1209.1421287289538
high_008,high,974.841815475794,112,2704,595,567,2864,1240.9736594677693
high_008,high,974.841815475794,112,2704,595,567,2866,1141.6463872099162
high_008,high,974.841815475794,112,2704,595,567,2867,1142.3995087726184
high_008,high,974.841815475794,112,2704,595,567,2870,1134.908738147487
high_008,high,974.841815475794,112,2704,595,567,2873,1131.9180107770533
high_008,high,974.841815475794,112,2704,595,567,2879,1173.4278780826446
high_008,high,974.841815475794,112,2704,595,567,2891,1206.994759898018
high_008,high,974.841815475794,112,2704,595,567,2892,1221.1157889882672
high_008,high,974.841815475794,112,2704,595,567,2902,1257.3345218153138
high_008,high,974.841815475794,112,2704,595,567,2917,1255.5218134992729
high_008,high,974.841815475794,112,2704,595,567,2921,1247.5798939938586
high_008,high,974.841815475794,112,2704,595,567,2927,1256.464813461345
high_008,high,974.841815475794,112,2704,595,567,2928,1247.5077344368055
high_008,high,974.841815475794,112,2704,595,567,2935,1271.9538496773398
high_008,high,974.841815475794,112,2704,595,567,2940,1273.4736091399748
high_008,high,974.841815475794,112,2704,595,567,2946,1273.4736091399748
high_008,high,974.841815475794,112,2704,595,567,2951,1320.931334661675
high_008,high,974.841815475794,112,2704,595,567,2952,1325.7324844625807
high_008,high,974.841815475794,112,2704,595,567,2953,1327.9965814040024
high_008,high,974.841815475794,112,2704,595,567,2961,1322.7340576559936
high_008,high,974.841815475794,112,2704,595,567,2974,1305.032840956443
high_008,high,974.841815475794,112,2704,595,567,2980,1312.5361183348866
high_008,high,974.841815475794,112,2704,595,567,2996,1361.5855515954695
high_008,high,974.841815475794,112,2704,595,567,2998,1373.5840861635106
high_008,high,974.841815475794,112,2704,595,567,3001,1382.7991232033703
high_008,high,974.841815475794,112,2704,595,567,3002,1385.7155951015902
high_008,high,974.841815475794,112,2704,595,567,3004,1378.8498216789126
high_008,high,974.841815475794,112,2704,595,567,3011,1340.334547278942
high_008,high,974.841815475794,112,2704,595,567,3016,1342.0187566338543
high_008,high,974.841815475794,112,2704,595,567,3023,1382.7991232033703
high_008,high,974.841815475794,112,2704,595,567,3029,1336.0691773166277
high_008,high,974.841815475794,112,2704,595,567,3039,1354.6957713692263
high_008,high,974.841815475794,112,2704,595,567,3043,1356.9505695357525
high_008,high,974.841815475794,112,2704,595,567,3051,1337.7357673470976
high_008,high,974.841815475794,112,2704,595,567,3060,1359.2053677022786
high_008,high,974.841815475794,112,2704,595,567,3063,1338.0398752452795
high_008,high,974.841815475794,112,2704,595,567,3068,1371.2043342733637
high_008,high,974.841815475794,112,2704,595,567,3070,1372.087230750595
high_008,high,974.841815475794,112,2704,595,567,3073,1390.7195497824036
high_008,high,974.841815475794,112,2704,595,567,3074,1389.2887727887692
high_008,high,974.841815475794,112,2704,595,567,3075,1389.2887727887692
high_008,high,974.841815475794,112,2704,595,567,3082,1394.5320309851477
high_008,high,974.841815475794,112,2704,595,567,3086,1411.542479003413
high_008,high,974.841815475794,112,2704,595,567,3096,1464.9339936008407
high_008,high,974.841815475794,112,2704,595,567,3100,1458.1788486659484
high_008,high,974.841815475794,112,2704,595,567,3104,1460.5102835660855
high_008,high,974.841815475794,112,2704,595,567,3105,1449.269887623915
high_008,high,974.841815475794,112,2704,595,567,3114,1444.41234629091
high_008,high,974.841815475794,112,2704,595,567,3125,1446.5784763399836
high_008,high,974.841815475794,112,2704,595,567,3130,1452.1162010679918
high_008,high,974.841815475794,112,2704,595,567,3133,1453.7929790481192
high_008,high,974.841815475794,112,2704,595,567,3136,1448.1004606263607
high_008,high,974.841815475794,112,2704,595,567,3149,1516.0568655282184
high_008,high,974.841815475794,112,2704,595,567,3151,1501.5733432699335
high_008,high,974.841815475794,112,2704,595,567,3153,1517.96259210528
high_008,high,974.841815475794,112,2704,595,567,3164,1494.839328164598
high_008,high,974.841815475794,112,2704,595,567,3166,1495.558462799916
high_008,high,974.841815475794,112,2704,595,567,3170,1496.046736128301
high_008,high,974.841815475794,112,2704,595,567,3172,1514.8700987069003
high_008,high,974.841815475794,112,2704,595,567,3173,1507.2596017781918
high_008,high,974.841815475794,112,2704,595,567,3178,1509.863254039178
high_008,high,974.841815475794,112,2704,595,567,3182,1511.825899935417
high_008,high,974.841815475794,112,2704,595,567,3184,1496.8090267704847
high_008,high,974.841815475794,112,2704,595,567,3192,1498.7907773086083
high_008,high,974.841815475794,112,2704,595,567,3194,1512.9124166079123
high_008,high,974.841815475794,112,2704,595,567,3196,1499.363711264271
high_008,high,974.841815475794,112,2704,595,567,3205,1514.3002151326075
high_008,high,974.841815475794,112,2704,595,567,3206,1514.4369978922798
high_008,high,974.841815475794,112,2704,595,567,3215,1516.0568655282184
high_008,high,974.841815475794,112,2704,595,567,3220,1550.3302292018425
high_008,high,974.841815475794,112,2704,595,567,3227,1537.3556023084122
high_008,high,974.841815475794,112,2704,595,567,3235,1533.2057519414043
high_008,high,974.841815475794,112,2704,595,567,3237,1533.726034499647
high_008,high,974.841815475794,112,2704,595,567,3247,1541.7237280918248
high_008,high,974.841815475794,112,2704,595,567,3250,1543.6999385626443
high_008,high,974.841815475794,112,2704,595,567,3255,1551.73568587887
high_008,high,974.841815475794,112,2704,595,567,3258,1560.7202276714595
high_008,high,974.841815475794,112,2704,595,567,3260,1555.3565663298511
high_008,high,974.841815475794,112,2704,595,567,3268,1557.26468037068
high_008,high,974.841815475794,112,2704,595,567,3272,1556.00691951381
high_008,high,974.841815475794,112,2704,595,567,3274,1559.2586854889823
high_008,high,974.841815475794,112,2704,595,567,3298,1577.7151793504554
high_009,high,788.6531497234597,150,2540,759,725,662,842.4959885462296
high_009,high,788.6531497234597,150,2540,759,725,675,819.477655805585
high_009,high,788.6531497234597,150,2540,759,725,689,841.2973922446715
high_009,high,788.6531497234597,150,2540,759,725,690,870.5599482939281
high_009,high,788.6531497234597,150,2540,759,725,692,823.5590153359592
high_009,high,788.6531497234597,150,2540,759,725,713,918.8972032280894
high_009,high,788.6531497234597,150,2540,759,725,717,924.4630756695454
high_009,high,788.6531497234597,150,2540,759,725,725,972.2996965465496
high_009,high,788.6531497234597,150,2540,759,725,731,971.8877728970976
high_009,high,788.6531497234597,150,2540,759,725,737,921.275613986351
high_009,high,788.6531497234597,150,2540,759,725,746,999.3482431512678
high_009,high,788.6531497234597,150,2540,759,725,749,1018.5507514501016
high_009,high,788.6531497234597,150,2540,759,725,751,994.8053033381497
high_009,high,788.6531497234597,150,2540,759,725,761,933.392138532304
high_009,high,788.6531497234597,150,2540,759,725,763,978.3499017414658
high_009,high,788.6531497234597,150,2540,759,725,764,958.4838380099771
high_009,high,788.6531497234597,150,2540,759,725,765,985.8196348287304
high_009,high,788.6531497234597,150,2540,759,725,767,976.5431808772796
high_009,high,788.6531497234597,150,2540,759,725,770,987.8904721730746
high_009,high,788.6531497234597,150,2540,759,725,784,926.5229277123624
high_009,high,788.6531497234597,150,2540,759,725,786,927.2921251268356
high_009,high,788.6531497234597,150,2540,759,725,787,964.3035858572514
high_009,high,788.6531497234597,150,2540,759,725,790,923.3775331458164
high_009,high,788.6531497234597,150,2540,759,725,791,961.5750293536856
high_009,high,788.6531497234597,150,2540,759,725,793,927.6677961823528
high_009,high,788.6531497234597,150,2540,759,725,795,980.544232842926
high_009,high,788.6531497234597,150,2540,759,725,797,928.4070163626252
high_009,high,788.6531497234597,150,2540,759,725,798,954.5140516746916
high_009,high,788.6531497234597,150,2540,759,725,799,968.2605668785652
high_009,high,788.6531497234597,150,2540,759,725,801,928.615027342538
high_009,high,788.6531497234597,150,2540,759,725,803,928.812664652343
high_009,high,788.6531497234597,150,2540,759,725,805,929.799255571632
high_009,high,788.6531497234597,150,2540,759,725,822,935.9579661659365
high_009,high,788.6531497234597,150,2540,759,725,831,956.6509264140744
high_009,high,788.6531497234597,150,2540,759,725,840,962.1092546420588
high_009,high,788.6531497234597,150,2540,759,725,848,965.1055181931824
high_009,high,788.6531497234597,150,2540,759,725,858,941.5069878847564
high_009,high,788.6531497234597,150,2540,759,725,859,932.8665813057833
high_009,high,788.6531497234597,150,2540,759,725,868,951.276870363032
high_009,high,788.6531497234597,150,2540,759,725,870,1077.7162460447862
high_009,high,788.6531497234597,150,2540,759,725,875,1079.6243601424812
high_009,high,788.6531497234597,150,2540,759,725,884,1083.0589655524525
high_009,high,788.6531497234597,150,2540,759,725,886,1084.299239633498
high_009,high,788.6531497234597,150,2540,759,725,2407,1090.0940063395317
high_009,high,788.6531497234597,150,2540,759,725,2409,1090.1517871649894
high_009,high,788.6531497234597,150,2540,759,725,2413,1091.1684501122422
high_009,high,788.6531497234597,150,2540,759,725,2417,1094.0306211734855
high_009,high,788.6531497234597,150,2540,759,725,2419,1096.446218777193
high_009,high,788.6531497234597,150,2540,759,725,2423,1095.2708952545313
high_009,high,788.6531497234597,150,2540,759,725,2609,1098.1754197400292
high_009,high,788.6531497234597,150,2540,759,725,2613,1115.7188505046674
high_009,high,788.6531497234597,150,2540,759,725,2621,1124.5783103444892
high_009,high,788.6531497234597,150,2540,759,725,2623,1122.2951121868718
high_009,high,788.6531497234597,150,2540,759,725,2625,1122.1627127407817
high_009,high,788.6531497234597,150,2540,759,725,2627,1117.2386099673024
high_009,high,788.6531497234597,150,2540,759,725,2636,1120.386998146043
high_009,high,788.6531497234597,150,2540,759,725,2643,1118.8175809002134
high_009,high,788.6531497234597,150,2540,759,725,2831,1132.9674735222557
high_009,high,788.6531497234597,150,2540,759,725,2843,1199.3346981076645
high_009,high,788.6531497234597,150,2540,759,725,2848,1178.796684853828
high_009,high,788.6531497234597,150,2540,759,725,2849,1133.0035533007822
high_009,high,788.6531497234597,150,2540,759,725,2850,1191.6368948537342
high_009,high,788.6531497234597,150,2540,759,725,2851,1212.2113517014548
high_009,high,788.6531497234597,150,2540,759,725,2853,1164.6708416282977
high_009,high,788.6531497234597,150,2540,759,725,2858,1195.650931575308
high_009,high,788.6531497234597,150,2540,759,725,2859,1196.1098303883698
high_009,high,788.6531497234597,150,2540,759,725,2860,1200.3039391294697
high_009,high,788.6531497234597,150,2540,759,725,2870,1134.908738147487
high_009,high,788.6531497234597,150,2540,759,725,2888,1136.8500027727182
high_009,high,788.6531497234597,150,2540,759,725,2904,1260.552747918737
high_009,high,788.6531497234597,150,2540,759,725,2911,1249.1588649267696
high_009,high,788.6531497234597,150,2540,759,725,2922,1248.4747597894443
high_009,high,788.6531497234597,150,2540,759,725,2925,1252.5141782033215
high_009,high,788.6531497234597,150,2540,759,725,2937,1271.9538496773398
high_009,high,788.6531497234597,150,2540,759,725,2941,1273.4736091399748
high_009,high,788.6531497234597,150,2540,759,725,2952,1325.7324844625807
high_009,high,788.6531497234597,150,2540,759,725,2953,1327.9965814040024
high_009,high,788.6531497234597,150,2540,759,725,2968,1296.6128027771294
high_009,high,788.6531497234597,150,2540,759,725,2969,1297.113865192115
high_009,high,788.6531497234597,150,2540,759,725,2971,1300.8228218667862
high_009,high,788.6531497234597,150,2540,759,725,2974,1305.032840956443
high_009,high,788.6531497234597,150,2540,759,725,2976,1308.2660992160131
high_009,high,788.6531497234597,150,2540,759,725,2981,1313.4528791357563
high_009,high,788.6531497234597,150,2540,759,725,2992,1281.7739052630734
high_009,high,788.6531497234597,150,2540,759,725,3008,1364.6246273546485
high_009,high,788.6531497234597,150,2540,759,725,3025,1366.644984232917
high_009,high,788.6531497234597,150,2540,759,725,3026,1343.7158843708903
high_009,high,788.6531497234597,150,2540,759,725,3031,1344.47191105832
high_009,high,788.6531497234597,150,2540,759,725,3037,1352.7908502254495
high_009,high,788.6531497234597,150,2540,759,725,3046,1375.7196982062626
high_009,high,788.6531497234597,150,2540,759,725,3049,1336.2930493262406
high_009,high,788.6531497234597,150,2540,759,725,3051,1337.7357673470976
high_009,high,788.6531497234597,150,2540,759,725,3052,1346.2887757527278
high_009,high,788.6531497234597,150,2540,759,725,3053,1335.350904697546
high_009,high,788.6531497234597,150,2540,759,725,3057,1348.0294114810797
high_009,high,788.6531497234597,150,2540,759,725,3064,1338.5479584353525
high_009,high,788.6531497234597,150,2540,759,725,3065,1334.5986567427542
high_009,high,788.6531497234597,150,2540,759,725,3068,1371.2043342733637
high_009,high,788.6531497234597,150,2540,759,725,3086,1411.542479003413
high_009,high,788.6531497234597,150,2540,759,725,3093,1442.6665247657772
high_009,high,788.6531497234597,150,2540,759,725,3101,1459.3709472251255
high_009,high,788.6531497234597,150,2540,759,725,3113,1442.6665247657772
high_009,high,788.6531497234597,150,2540,759,725,3116,1443.4424454500374
high_009,high,788.6531497234597,150,2540,759,725,3120,1450.3042285687598
high_009,high,788.6531497234597,150,2540,759,725,3123,1468.6254319997183
high_009,high,788.6531497234597,150,2540,759,725,3125,1446.5784763399836
high_009,high,788.6531497234597,150,2540,759,725,3128,1451.4006929915497
high_009,high,788.6531497234597,150,2540,759,725,3129,1452.030267731915
high_009,high,788.6531497234597,150,2540,759,725,3130,1452.1162010679918
high_009,high,788.6531497234597,150,2540,759,725,3131,1452.5968360198344
high_009,high,788.6531497234597,150,2540,759,725,3144,1493.7598642443463
high_009,high,788.6531497234597,150,2540,759,725,3153,1517.96259210528
high_009,high,788.6531497234597,150,2540,759,725,3156,1503.43373003074
high_009,high,788.6531497234597,150,2540,759,725,3160,1504.816737186983
high_009,high,788.6531497234597,150,2540,759,725,3162,1505.73750239245
high_009,high,788.6531497234597,150,2540,759,725,3164,1494.839328164598
high_009,high,788.6531497234597,150,2540,759,725,3165,1495.2844454861174
high_009,high,788.6531497234597,150,2540,759,725,3167,1495.6296179934
high_009,high,788.6531497234597,150,2540,759,725,3172,1514.8700987069003
high_009,high,788.6531497234597,150,2540,759,725,3175,1508.338672754811
high_009,high,788.6531497234597,150,2540,759,725,3177,1509.5584761597952
high_009,high,788.6531497234597,150,2540,759,725,3178,1509.863254039178
high_009,high,788.6531497234597,150,2540,759,725,3179,1510.303800549675
high_009,high,788.6531497234597,150,2540,759,725,3182,1511.825899935417
high_009,high,788.6531497234597,150,2540,759,725,3188,1497.841611878529
high_009,high,788.6531497234597,150,2540,759,725,3195,1499.0958986970356
high_009,high,788.6531497234597,150,2540,759,725,3199,1518.4277350735058
high_009,high,788.6531497234597,150,2540,759,725,3201,1522.9719014271943
high_009,high,788.6531497234597,150,2540,759,725,3202,1524.0200510672962
high_009,high,788.6531497234597,150,2540,759,725,3206,1514.4369978922798
high_009,high,788.6531497234597,150,2540,759,725,3209,1502.2482952580965
high_009,high,788.6531497234597,150,2540,759,725,3213,1500.124760957142
high_009,high,788.6531497234597,150,2540,759,725,3228,1537.845620764101
high_009,high,788.6531497234597,150,2540,759,725,3230,1536.483758359465
high_009,high,788.6531497234597,150,2540,759,725,3234,1532.8619938195989
high_009,high,788.6531497234597,150,2540,759,725,3237,1533.726034499647
high_009,high,788.6531497234597,150,2540,759,725,3238,1534.092727339539
high_009,high,788.6531497234597,150,2540,759,725,3243,1536.6712053572887
high_009,high,788.6531497234597,150,2540,759,725,3245,1539.473608921028
high_009,high,788.6531497234597,150,2540,759,725,3248,1551.354818849989
high_009,high,788.6531497234597,150,2540,759,725,3249,1542.198711368335
high_009,high,788.6531497234597,150,2540,759,725,3250,1543.6999385626443
high_009,high,788.6531497234597,150,2540,759,725,3251,1546.5902242571117
high_009,high,788.6531497234597,150,2540,759,725,3259,1558.7122176825778
high_009,high,788.6531497234597,150,2540,759,725,3262,1565.7504275141898
high_009,high,788.6531497234597,150,2540,759,725,3268,1557.26468037068
high_009,high,788.6531497234597,150,2540,759,725,3278,1566.142825964757
high_009,high,788.6531497234597,150,2540,759,725,3280,1569.4745895398314
high_009,high,788.6531497234597,150,2540,759,725,3286,1582.4295132902223
high_009,high,788.6531497234597,150,2540,759,725,3287,1578.2606105011716
high_010,high,1008.0365462349728,100,2730,569,541,748,1039.698702481056
high_010,high,1008.0365462349728,100,2730,569,541,749,1067.0255366140873
high_010,high,1008.0365462349728,100,2730,569,541,877,1080.4105664574408
high_010,high,1008.0365462349728,100,2730,569,541,881,1081.5254576932302
high_010,high,1008.0365462349728,100,2730,569,541,889,1083.4400157795255
high_010,high,1008.0365462349728,100,2730,569,541,2408,1090.1189873670398
high_010,high,1008.0365462349728,100,2730,569,541,2410,1092.323788700356
high_010,high,1008.0365462349728,100,2730,569,541,2416,1094.0306211734855
high_010,high,1008.0365462349728,100,2730,569,541,2421,1095.145512409275
high_010,high,1008.0365462349728,100,2730,569,541,2423,1095.2708952545313
high_010,high,1008.0365462349728,100,2730,569,541,2608,1098.1754197400292
high_010,high,1008.0365462349728,100,2730,569,541,2618,1119.468392383504
high_010,high,1008.0365462349728,100,2730,569,541,2622,1121.2456494416697
high_010,high,1008.0365462349728,100,2730,569,541,2637,1118.028095433758
high_010,high,1008.0365462349728,100,2730,569,541,2639,1118.7651012227118
high_010,high,1008.0365462349728,100,2730,569,541,2824,1143.1526303353207
high_010,high,1008.0365462349728,100,2730,569,541,2834,1176.5851521353798
high_010,high,1008.0365462349728,100,2730,569,541,2846,1158.6907010055602
high_010,high,1008.0365462349728,100,2730,569,541,2848,1178.796684853828
high_010,high,1008.0365462349728,100,2730,569,541,2853,1164.6708416282977
high_010,high,1008.0365462349728,100,2730,569,541,2856,1148.318444595122
high_010,high,1008.0365462349728,100,2730,569,541,2864,1240.9736594677693
high_010,high,1008.0365462349728,100,2730,569,541,2865,1139.1648035327985
high_010,high,1008.0365462349728,100,2730,569,541,2871,1134.9792778433466
high_010,high,1008.0365462349728,100,2730,569,541,2875,1169.850827023189
high_010,high,1008.0365462349728,100,2730,569,541,2888,1136.8500027727182
high_010,high,1008.0365462349728,100,2730,569,541,2896,1138.9307269284757
high_010,high,1008.0365462349728,100,2730,569,541,2900,1253.80451090802
high_010,high,1008.0365462349728,100,2730,569,541,2909,1246.4307925607486
high_010,high,1008.0365462349728,100,2730,569,541,2911,1249.1588649267696
high_010,high,1008.0365462349728,100,2730,569,541,2922,1248.4747597894443
high_010,high,1008.0365462349728,100,2730,569,541,2923,1251.5407106324883
high_010,high,1008.0365462349728,100,2730,569,541,2926,1253.120139864731
high_010,high,1008.0365462349728,100,2730,569,541,2929,1266.8750920194575
high_010,high,1008.0365462349728,100,2730,569,541,2941,1273.4736091399748
high_010,high,1008.0365462349728,100,2730,569,541,2950,1289.4537162622669
high_010,high,1008.0365462349728,100,2730,569,541,2959,1284.3437983012814
high_010,high,1008.0365462349728,100,2730,569,541,2960,1284.6250912580738
high_010,high,1008.0365462349728,100,2730,569,541,2963,1322.7340576559936
high_010,high,1008.0365462349728,100,2730,569,541,2970,1299.7260609782668
high_010,high,1008.0365462349728,100,2730,569,541,2972,1301.2560338150342
high_010,high,1008.0365462349728,100,2730,569,541,2980,1312.5361183348866
high_010,high,1008.0365462349728,100,2730,569,541,2985,1277.9576771814156
high_010,high,1008.0365462349728,100,2730,569,541,2987,1283.6820193039025
high_010,high,1008.0365462349728,100,2730,569,541,2989,1279.8657912222443
high_010,high,1008.0365462349728,100,2730,569,541,3003,1378.5955476062447
high_010,high,1008.0365462349728,100,2730,569,541,3009,1365.8484498309138
high_010,high,1008.0365462349728,100,2730,569,541,3035,1350.77198763066
high_010,high,1008.0365462349728,100,2730,569,541,3042,1355.0974132165838
high_010,high,1008.0365462349728,100,2730,569,541,3051,1337.7357673470976
high_010,high,1008.0365462349728,100,2730,569,541,3058,1357.2601260095455
high_010,high,1008.0365462349728,100,2730,569,541,3065,1334.5986567427542
high_010,high,1008.0365462349728,100,2730,569,541,3068,1371.2043342733637
high_010,high,1008.0365462349728,100,2730,569,541,3069,1371.472669177307
high_010,high,1008.0365462349728,100,2730,569,541,3073,1390.7195497824036
high_010,high,1008.0365462349728,100,2730,569,541,3075,1389.2887727887692
high_010,high,1008.0365462349728,100,2730,569,541,3077,1389.2887727887692
high_010,high,1008.0365462349728,100,2730,569,541,3107,1449.812692877662
high_010,high,1008.0365462349728,100,2730,569,541,3111,1457.1161490585994
high_010,high,1008.0365462349728,100,2730,569,541,3112,1445.7603478620272
high_010,high,1008.0365462349728,100,2730,569,541,3113,1442.6665247657772
high_010,high,1008.0365462349728,100,2730,569,541,3117,1462.529725937888
high_010,high,1008.0365462349728,100,2730,569,541,3120,1450.3042285687598
high_010,high,1008.0365462349728,100,2730,569,541,3126,1450.8732721457886
high_010,high,1008.0365462349728,100,2730,569,541,3134,1447.339468483172
high_010,high,1008.0365462349728,100,2730,569,541,3136,1448.1004606263607
high_010,high,1008.0365462349728,100,2730,569,541,3137,1448.1317104521063
high_010,high,1008.0365462349728,100,2730,569,541,3138,1448.9565767520114
high_010,high,1008.0365462349728,100,2730,569,541,3144,1493.7598642443463
high_010,high,1008.0365462349728,100,2730,569,541,3147,1494.1478245864764
high_010,high,1008.0365462349728,100,2730,569,541,3148,1494.6174411955049
high_010,high,1008.0365462349728,100,2730,569,541,3152,1501.8371227519258
high_010,high,1008.0365462349728,100,2730,569,541,3157,1500.885810650013
high_010,high,1008.0365462349728,100,2730,569,541,3158,1503.7649289017088
high_010,high,1008.0365462349728,100,2730,569,541,3168,1506.3973168445868
high_010,high,1008.0365462349728,100,2730,569,541,3170,1496.046736128301
high_010,high,1008.0365462349728,100,2730,569,541,3178,1509.863254039178
high_010,high,1008.0365462349728,100,2730,569,541,3187,1497.5713174126683
high_010,high,1008.0365462349728,100,2730,569,541,3190,1498.333608054852
high_010,high,1008.0365462349728,100,2730,569,541,3191,1498.6026615714
high_010,high,1008.0365462349728,100,2730,569,541,3192,1498.7907773086083
high_010,high,1008.0365462349728,100,2730,569,541,3202,1524.0200510672962
high_010,high,1008.0365462349728,100,2730,569,541,3208,1493.7598642443463
high_010,high,1008.0365462349728,100,2730,569,541,3209,1502.2482952580965
high_010,high,1008.0365462349728,100,2730,569,541,3214,1515.576248626063
high_010,high,1008.0365462349728,100,2730,569,541,3220,1550.3302292018425
high_010,high,1008.0365462349728,100,2730,569,541,3236,1533.4146336402357
high_010,high,1008.0365462349728,100,2730,569,541,3251,1546.5902242571117
high_010,high,1008.0365462349728,100,2730,569,541,3252,1543.8448866280776
high_010,high,1008.0365462349728,100,2730,569,541,3254,1540.0327297480055
high_010,high,1008.0365462349728,100,2730,569,541,3258,1560.7202276714595
high_010,high,1008.0365462349728,100,2730,569,541,3267,1555.3565663298511
high_010,high,1008.0365462349728,100,2730,569,541,3268,1557.26468037068
high_010,high,1008.0365462349728,100,2730,569,541,3272,1556.00691951381
high_010,high,1008.0365462349728,100,2730,569,541,3282,1574.6397823418151
high_010,high,1008.0365462349728,100,2730,569,541,3287,1578.2606105011716
high_010,high,1008.0365462349728,100,2730,569,541,3289,1580.0378693327214
high_010,high,1008.0365462349728,100,2730,569,541,3290,1583.6528552746286
high_010,high,1008.0365462349728,100,2730,569,541,3293,1584.7639876401672
high_010,high,1008.0365462349728,100,2730,569,541,3295,1576.8790109789904
high_011,high,885.5579017578561,130,2577,722,691,713,939.9093893285632
high_011,high,885.5579017578561,130,2577,722,691,719,942.3602743877204
high_011,high,885.5579017578561,130,2577,722,691,725,972.2996965465496
high_011,high,885.5579017578561,130,2577,722,691,726,937.0343742194303
high_011,high,885.5579017578561,130,2577,722,691,728,953.9997699685364
high_011,high,885.5579017578561,130,2577,722,691,745,990.8409231302372
high_011,high,885.5579017578561,130,2577,722,691,751,994.8053033381497
high_011,high,885.5579017578561,130,2577,722,691,760,938.2578292454314
high_011,high,885.5579017578561,130,2577,722,691,770,987.8904721730746
high_011,high,885.5579017578561,130,2577,722,691,771,989.605626046994
high_011,high,885.5579017578561,130,2577,722,691,775,939.9053933217502
high_011,high,885.5579017578561,130,2577,722,691,776,923.2791337519676
high_011,high,885.5579017578561,130,2577,722,691,783,942.12111723548
high_011,high,885.5579017578561,130,2577,722,691,785,992.1416294981552
high_011,high,885.5579017578561,130,2577,722,691,787,964.3035858572514
high_011,high,885.5579017578561,130,2577,722,691,791,961.5750293536856
high_011,high,885.5579017578561,130,2577,722,691,797,928.4070163626252
high_011,high,885.5579017578561,130,2577,722,691,799,968.2605668785652
high_011,high,885.5579017578561,130,2577,722,691,803,928.812664652343
high_011,high,885.5579017578561,130,2577,722,691,812,1049.3794282611411
high_011,high,885.5579017578561,130,2577,722,691,816,955.421669047218
high_011,high,885.5579017578561,130,2577,722,691,829,936.3970700345258
high_011,high,885.5579017578561,130,2577,722,691,837,937.0175551643856
high_011,high,885.5579017578561,130,2577,722,691,842,978.2983972260008
high_011,high,885.5579017578561,130,2577,722,691,845,944.5662440452136
high_011,high,885.5579017578561,130,2577,722,691,847,964.5105108981962
high_011,high,885.5579017578561,130,2577,722,691,852,973.0891820130053
high_011,high,885.5579017578561,130,2577,722,691,856,949.0325034494492
high_011,high,885.5579017578561,130,2577,722,691,864,992.6564597267472
high_011,high,885.5579017578561,130,2577,722,691,870,1077.7162460447862
high_011,high,885.5579017578561,130,2577,722,691,871,1078.479491672491
high_011,high,885.5579017578561,130,2577,722,691,877,1080.4105664574408
high_011,high,885.5579017578561,130,2577,722,691,879,1080.7692286124716
high_011,high,885.5579017578561,130,2577,722,691,886,1084.299239633498
high_011,high,885.5579017578561,130,2577,722,691,887,1083.755240164809
high_011,high,885.5579017578561,130,2577,722,691,888,1077.7162460447862
high_011,high,885.5579017578561,130,2577,722,691,2404,1089.1649303466254
high_011,high,885.5579017578561,130,2577,722,691,2413,1091.1684501122422
high_011,high,885.5579017578561,130,2577,722,691,2418,1094.0306211734855
high_011,high,885.5579017578561,130,2577,722,691,2424,1095.3135349903018
high_011,high,885.5579017578561,130,2577,722,691,2617,1123.1846963551295
high_011,high,885.5579017578561,130,2577,722,691,2619,1124.9664719122718
high_011,high,885.5579017578561,130,2577,722,691,2627,1117.2386099673024
high_011,high,885.5579017578561,130,2577,722,691,2634,1118.001855595007
high_011,high,885.5579017578561,130,2577,722,691,2822,1154.8188426393156
high_011,high,885.5579017578561,130,2577,722,691,2826,1145.7355374652211
high_011,high,885.5579017578561,130,2577,722,691,2832,1217.5877377973272
high_011,high,885.5579017578561,130,2577,722,691,2841,1197.287891763947
high_011,high,885.5579017578561,130,2577,722,691,2842,1150.4881305062509
high_011,high,885.5579017578561,130,2577,722,691,2859,1196.1098303883698
high_011,high,885.5579017578561,130,2577,722,691,2863,1147.0225320224656
high_011,high,885.5579017578561,130,2577,722,691,2868,1132.5683639610122
high_011,high,885.5579017578561,130,2577,722,691,2869,1133.59034757536
high_011,high,885.5579017578561,130,2577,722,691,2873,1131.9180107770533
high_011,high,885.5579017578561,130,2577,722,691,2874,1169.286029457955
high_011,high,885.5579017578561,130,2577,722,691,2883,1213.4675543148776
high_011,high,885.5579017578561,130,2577,722,691,2892,1221.1157889882672
high_011,high,885.5579017578561,130,2577,722,691,2901,1248.9388199674272
high_011,high,885.5579017578561,130,2577,722,691,2909,1246.4307925607486
high_011,high,885.5579017578561,130,2577,722,691,2919,1246.4943514701297
high_011,high,885.5579017578561,130,2577,722,691,2923,1251.5407106324883
high_011,high,885.5579017578561,130,2577,722,691,2929,1266.8750920194575
high_011,high,885.5579017578561,130,2577,722,691,2932,1262.876174796144
high_011,high,885.5579017578561,130,2577,722,691,2935,1271.9538496773398
high_011,high,885.5579017578561,130,2577,722,691,2953,1327.9965814040024
high_011,high,885.5579017578561,130,2577,722,691,2962,1313.682539683791
high_011,high,885.5579017578561,130,2577,722,691,2963,1322.7340576559936
high_011,high,885.5579017578561,130,2577,722,691,2987,1283.6820193039025
high_011,high,885.5579017578561,130,2577,722,691,2988,1279.605510715308
high_011,high,885.5579017578561,130,2577,722,691,2989,1279.8657912222443
high_011,high,885.5579017578561,130,2577,722,691,2995,1361.5855515954695
high_011,high,885.5579017578561,130,2577,722,691,2998,1373.5840861635106
high_011,high,885.5579017578561,130,2577,722,691,3007,1334.5986567427542
high_011,high,885.5579017578561,130,2577,722,691,3019,1377.756489879598
high_011,high,885.5579017578561,130,2577,722,691,3027,1344.1537661932912
high_011,high,885.5579017578561,130,2577,722,691,3033,1350.186175036174
high_011,high,885.5579017578561,130,2577,722,691,3041,1359.561523924281
high_011,high,885.5579017578561,130,2577,722,691,3044,1362.2788087129386
high_011,high,885.5579017578561,130,2577,722,691,3049,1336.2930493262406
high_011,high,885.5579017578561,130,2577,722,691,3061,1359.4228388025076
high_011,high,885.5579017578561,130,2577,722,691,3066,1369.761483728261
high_011,high,885.5579017578561,130,2577,722,691,3076,1393.728541601571
high_011,high,885.5579017578561,130,2577,722,691,3082,1394.5320309851477
high_011,high,885.5579017578561,130,2577,722,691,3085,1409.219789021147
high_011,high,885.5579017578561,130,2577,722,691,3095,1464.5880670339052
high_011,high,885.5579017578561,130,2577,722,691,3102,1454.537091425231
high_011,high,885.5579017578561,130,2577,722,691,3105,1449.269887623915
high_011,high,885.5579017578561,130,2577,722,691,3112,1445.7603478620272
high_011,high,885.5579017578561,130,2577,722,691,3115,1443.9021958762144
high_011,high,885.5579017578561,130,2577,722,691,3117,1462.529725937888
high_011,high,885.5579017578561,130,2577,722,691,3118,1462.8417184662226
high_011,high,885.5579017578561,130,2577,722,691,3120,1450.3042285687598
high_011,high,885.5579017578561,130,2577,722,691,3123,1468.6254319997183
high_011,high,885.5579017578561,130,2577,722,691,3130,1452.1162010679918
high_011,high,885.5579017578561,130,2577,722,691,3135,1447.339468483172
high_011,high,885.5579017578561,130,2577,722,691,3138,1448.9565767520114
high_011,high,885.5579017578561,130,2577,722,691,3145,1493.9504369048925
high_011,high,885.5579017578561,130,2577,722,691,3146,1494.1314946470466
high_011,high,885.5579017578561,130,2577,722,691,3148,1494.6174411955049
high_011,high,885.5579017578561,130,2577,722,691,3150,1517.478872829889
high_011,high,885.5579017578561,130,2577,722,691,3151,1501.5733432699335
high_011,high,885.5579017578561,130,2577,722,691,3152,1501.8371227519258
high_011,high,885.5579017578561,130,2577,722,691,3157,1500.885810650013
high_011,high,885.5579017578561,130,2577,722,691,3162,1505.73750239245
high_011,high,885.5579017578561,130,2577,722,691,3168,1506.3973168445868
high_011,high,885.5579017578561,130,2577,722,691,3171,1496.319512492787
high_011,high,885.5579017578561,130,2577,722,691,3177,1509.5584761597952
high_011,high,885.5579017578561,130,2577,722,691,3194,1512.9124166079123
high_011,high,885.5579017578561,130,2577,722,691,3198,1499.5810671374104
high_011,high,885.5579017578561,130,2577,722,691,3201,1522.9719014271943
high_011,high,885.5579017578561,130,2577,722,691,3202,1524.0200510672962
high_011,high,885.5579017578561,130,2577,722,691,3210,1502.6214929100356
high_011,high,885.5579017578561,130,2577,722,691,3211,1500.3713569662125
high_011,high,885.5579017578561,130,2577,722,691,3214,1515.576248626063
high_011,high,885.5579017578561,130,2577,722,691,3221,1544.3697964157925
high_011,high,885.5579017578561,130,2577,722,691,3230,1536.483758359465
high_011,high,885.5579017578561,130,2577,722,691,3233,1535.6213494897347
high_011,high,885.5579017578561,130,2577,722,691,3236,1533.4146336402357
high_011,high,885.5579017578561,130,2577,722,691,3250,1543.6999385626443
high_011,high,885.5579017578561,130,2577,722,691,3253,1541.1681323669684
high_011,high,885.5579017578561,130,2577,722,691,3259,1558.7122176825778
high_011,high,885.5579017578561,130,2577,722,691,3261,1556.3435225823814
high_011,high,885.5579017578561,130,2577,722,691,3264,1566.8295232313226
high_011,high,885.5579017578561,130,2577,722,691,3273,1555.3565663298511
high_011,high,885.5579017578561,130,2577,722,691,3276,1562.8318631761613
high_011,high,885.5579017578561,130,2577,722,691,3278,1566.142825964757
high_011,high,885.5579017578561,130,2577,722,691,3287,1578.2606105011716
high_011,high,885.5579017578561,130,2577,722,691,3289,1580.0378693327214
high_011,high,885.5579017578561,130,2577,722,691,3291,1586.3471757426607
high_011,high,885.5579017578561,130,2577,722,691,3293,1584.7639876401672
high_012,high,874.7781679695024,132,2577,722,691,713,918.8972032280894
high_012,high,874.7781679695024,132,2577,722,691,717,925.6044267631713
high_012,high,874.7781679695024,132,2577,722,691,719,942.3602743877204
high_012,high,874.7781679695024,132,2577,722,691,725,972.2996965465496
high_012,high,874.7781679695024,132,2577,722,691,742,975.0628956497334
high_012,high,874.7781679695024,132,2577,722,691,743,983.1295922119068
high_012,high,874.7781679695024,132,2577,722,691,748,1016.9990335528852
high_012,high,874.7781679695024,132,2577,722,691,752,972.0531254977168
high_012,high,874.7781679695024,132,2577,722,691,765,985.8196348287304
high_012,high,874.7781679695024,132,2577,722,691,768,970.6220399670952
high_012,high,874.7781679695024,132,2577,722,691,770,987.8904721730746
high_012,high,874.7781679695024,132,2577,722,691,780,958.8807088856532
high_012,high,874.7781679695024,132,2577,722,691,788,943.8867656431298
high_012,high,874.7781679695024,132,2577,722,691,789,927.4307991134442
high_012,high,874.7781679695024,132,2577,722,691,792,962.5970129680336
high_012,high,874.7781679695024,132,2577,722,691,807,940.9291888570988
high_012,high,874.7781679695024,132,2577,722,691,809,1004.473995262756
high_012,high,874.7781679695024,132,2577,722,691,821,930.636798834204
high_012,high,874.7781679695024,132,2577,722,691,837,937.0175551643856
high_012,high,874.7781679695024,132,2577,722,691,854,939.5935090512652
high_012,high,874.7781679695024,132,2577,722,691,855,921.2531310621894
high_012,high,874.7781679695024,132,2577,722,691,858,941.5069878847564
high_012,high,874.7781679695024,132,2577,722,691,860,957.6914396823984
high_012,high,874.7781679695024,132,2577,722,691,861,945.8736450957184
high_012,high,874.7781679695024,132,2577,722,691,866,933.392138532304
high_012,high,874.7781679695024,132,2577,722,691,874,1079.2956752216514
high_012,high,874.7781679695024,132,2577,722,691,876,1079.887331092244
high_012,high,874.7781679695024,132,2577,722,691,877,1080.4105664574408
high_012,high,874.7781679695024,132,2577,722,691,879,1080.7692286124716
high_012,high,874.7781679695024,132,2577,722,691,889,1083.4400157795255
high_012,high,874.7781679695024,132,2577,722,691,2409,1090.1517871649894
high_012,high,874.7781679695024,132,2577,722,691,2423,1095.2708952545313
high_012,high,874.7781679695024,132,2577,722,691,2424,1095.3135349903018
high_012,high,874.7781679695024,132,2577,722,691,2612,1115.7188505046674
high_012,high,874.7781679695024,132,2577,722,691,2620,1126.529369840989
high_012,high,874.7781679695024,132,2577,722,691,2627,1117.2386099673024
high_012,high,874.7781679695024,132,2577,722,691,2629,1117.2386099673024
high_012,high,874.7781679695024,132,2577,722,691,2635,1120.3045607549689
high_012,high,874.7781679695024,132,2577,722,691,2637,1118.028095433758
high_012,high,874.7781679695024,132,2577,722,691,2639,1118.7651012227118
high_012,high,874.7781679695024,132,2577,722,691,2641,1122.567636821761
high_012,high,874.7781679695024,132,2577,722,691,2642,1120.495237479668
high_012,high,874.7781679695024,132,2577,722,691,2826,1145.7355374652211
high_012,high,874.7781679695024,132,2577,722,691,2827,1158.0204118727036
high_012,high,874.7781679695024,132,2577,722,691,2831,1132.9674735222557
high_012,high,874.7781679695024,132,2577,722,691,2834,1176.5851521353798
high_012,high,874.7781679695024,132,2577,722,691,2837,1184.2216418876324
high_012,high,874.7781679695024,132,2577,722,691,2839,1155.4247576360103
high_012,high,874.7781679695024,132,2577,722,691,2840,1191.7710971128013
high_012,high,874.7781679695024,132,2577,722,691,2845,1234.1281026138215
high_012,high,874.7781679695024,132,2577,722,691,2847,1173.9142234371768
high_012,high,874.7781679695024,132,2577,722,691,2848,1178.796684853828
high_012,high,874.7781679695024,132,2577,722,691,2849,1133.0035533007822
high_012,high,874.7781679695024,132,2577,722,691,2852,1151.532128355518
high_012,high,874.7781679695024,132,2577,722,691,2861,1209.1421287289538
high_012,high,874.7781679695024,132,2577,722,691,2867,1142.3995087726184
high_012,high,874.7781679695024,132,2577,722,691,2869,1133.59034757536
high_012,high,874.7781679695024,132,2577,722,691,2870,1134.908738147487
high_012,high,874.7781679695024,132,2577,722,691,2878,1171.1686879339245
high_012,high,874.7781679695024,132,2577,722,691,2890,1167.3443024433848
high_012,high,874.7781679695024,132,2577,722,691,2900,1253.80451090802
high_012,high,874.7781679695024,132,2577,722,691,2903,1257.9418907043237
high_012,high,874.7781679695024,132,2577,722,691,2913,1250.5607169476248
high_012,high,874.7781679695024,132,2577,722,691,2915,1254.1918348415977
high_012,high,874.7781679695024,132,2577,722,691,2920,1247.4527761750965
high_012,high,874.7781679695024,132,2577,722,691,2924,1252.1826139278223
high_012,high,874.7781679695024,132,2577,722,691,2946,1273.4736091399748
high_012,high,874.7781679695024,132,2577,722,691,2949,1289.071858007981
high_012,high,874.7781679695024,132,2577,722,691,2951,1320.931334661675
high_012,high,874.7781679695024,132,2577,722,691,2963,1322.7340576559936
high_012,high,874.7781679695024,132,2577,722,691,2965,1292.4027836874727
high_012,high,874.7781679695024,132,2577,722,691,2974,1305.032840956443
high_012,high,874.7781679695024,132,2577,722,691,2983,1276.7302367111618
high_012,high,874.7781679695024,132,2577,722,691,2988,1279.605510715308
high_012,high,874.7781679695024,132,2577,722,691,2991,1281.4636627011207
high_012,high,874.7781679695024,132,2577,722,691,2992,1281.7739052630734
high_012,high,874.7781679695024,132,2577,722,691,2997,1372.9701272278262
high_012,high,874.7781679695024,132,2577,722,691,2998,1373.5840861635106
high_012,high,874.7781679695024,132,2577,722,691,3009,1365.8484498309138
high_012,high,874.7781679695024,132,2577,722,691,3020,1380.5225041920835
high_012,high,874.7781679695024,132,2577,722,691,3028,1370.2930014103376
high_012,high,874.7781679695024,132,2577,722,691,3036,1352.4409732027002
high_012,high,874.7781679695024,132,2577,722,691,3044,1362.2788087129386
high_012,high,874.7781679695024,132,2577,722,691,3049,1336.2930493262406
high_012,high,874.7781679695024,132,2577,722,691,3053,1335.350904697546
high_012,high,874.7781679695024,132,2577,722,691,3057,1348.0294114810797
high_012,high,874.7781679695024,132,2577,722,691,3062,1348.4237853121645
high_012,high,874.7781679695024,132,2577,722,691,3066,1369.761483728261
high_012,high,874.7781679695024,132,2577,722,691,3067,1370.6254728855636
high_012,high,874.7781679695024,132,2577,722,691,3081,1392.8940004921865
high_012,high,874.7781679695024,132,2577,722,691,3086,1411.542479003413
high_012,high,874.7781679695024,132,2577,722,691,3097,1467.6497909356865
high_012,high,874.7781679695024,132,2577,722,691,3102,1454.537091425231
high_012,high,874.7781679695024,132,2577,722,691,3118,1462.8417184662226
high_012,high,874.7781679695024,132,2577,722,691,3121,1453.1872633180417
high_012,high,874.7781679695024,132,2577,722,691,3126,1450.8732721457886
high_012,high,874.7781679695024,132,2577,722,691,3132,1453.2650426046466
high_012,high,874.7781679695024,132,2577,722,691,3137,1448.1317104521063
high_012,high,874.7781679695024,132,2577,722,691,3143,1493.7598642443463
high_012,high,874.7781679695024,132,2577,722,691,3145,1493.9504369048925
high_012,high,874.7781679695024,132,2577,722,691,3147,1494.1478245864764
high_012,high,874.7781679695024,132,2577,722,691,3158,1503.7649289017088
high_012,high,874.7781679695024,132,2577,722,691,3166,1495.558462799916
high_012,high,874.7781679695024,132,2577,722,691,3168,1506.3973168445868
high_012,high,874.7781679695024,132,2577,722,691,3184,1496.8090267704847
high_012,high,874.7781679695024,132,2577,722,691,3187,1497.5713174126683
high_012,high,874.7781679695024,132,2577,722,691,3188,1497.841611878529
high_012,high,874.7781679695024,132,2577,722,691,3197,1513.3479993211588
high_012,high,874.7781679695024,132,2577,722,691,3202,1524.0200510672962
high_012,high,874.7781679695024,132,2577,722,691,3204,1525.068200707398
high_012,high,874.7781679695024,132,2577,722,691,3209,1502.2482952580965
high_012,high,874.7781679695024,132,2577,722,691,3213,1500.124760957142
high_012,high,874.7781679695024,132,2577,722,691,3226,1535.4278215120526
high_012,high,874.7781679695024,132,2577,722,691,3227,1537.3556023084122
high_012,high,874.7781679695024,132,2577,722,691,3229,1536.0390036247898
high_012,high,874.7781679695024,132,2577,722,691,3232,1532.8619938195989
high_012,high,874.7781679695024,132,2577,722,691,3234,1532.8619938195989
high_012,high,874.7781679695024,132,2577,722,691,3244,1545.9660451643304
high_012,high,874.7781679695024,132,2577,722,691,3246,1541.6312566729555
high_012,high,874.7781679695024,132,2577,722,691,3247,1541.7237280918248
high_012,high,874.7781679695024,132,2577,722,691,3253,1541.1681323669684
high_012,high,874.7781679695024,132,2577,722,691,3254,1540.0327297480055
high_012,high,874.7781679695024,132,2577,722,691,3259,1558.7122176825778
high_012,high,874.7781679695024,132,2577,722,691,3267,1555.3565663298511
high_012,high,874.7781679695024,132,2577,722,691,3268,1557.26468037068
high_012,high,874.7781679695024,132,2577,722,691,3269,1557.5278701324796
high_012,high,874.7781679695024,132,2577,722,691,3274,1559.2586854889823
high_012,high,874.7781679695024,132,2577,722,691,3275,1558.430490731479
high_012,high,874.7781679695024,132,2577,722,691,3276,1562.8318631761613
high_012,high,874.7781679695024,132,2577,722,691,3280,1569.4745895398314
high_012,high,874.7781679695024,132,2577,722,691,3295,1576.8790109789904
high_012,high,874.7781679695024,132,2577,722,691,3298,1577.7151793504554
high_013,high,917.4981357609822,113,2577,722,691,717,952.9809216648434
high_013,high,917.4981357609822,113,2577,722,691,718,960.3559531390384
high_013,high,917.4981357609822,113,2577,722,691,719,942.3602743877204
high_013,high,917.4981357609822,113,2577,722,691,727,961.6716865851214
high_013,high,917.4981357609822,113,2577,722,691,733,973.9317401257932
high_013,high,917.4981357609822,113,2577,722,691,737,968.840215874961
high_013,high,917.4981357609822,113,2577,722,691,750,992.1416294981552
high_013,high,917.4981357609822,113,2577,722,691,751,994.8053033381497
high_013,high,917.4981357609822,113,2577,722,691,754,981.6748363798296
high_013,high,917.4981357609822,113,2577,722,691,768,970.6220399670952
high_013,high,917.4981357609822,113,2577,722,691,775,959.1871388417734
high_013,high,917.4981357609822,113,2577,722,691,779,972.0430707713172
high_013,high,917.4981357609822,113,2577,722,691,794,955.3477995783975
high_013,high,917.4981357609822,113,2577,722,691,795,980.544232842926
high_013,high,917.4981357609822,113,2577,722,691,801,957.0910591693365
high_013,high,917.4981357609822,113,2577,722,691,802,963.1587173872612
high_013,high,917.4981357609822,113,2577,722,691,807,956.4935260188162
high_013,high,917.4981357609822,113,2577,722,691,814,975.5935947217419
high_013,high,917.4981357609822,113,2577,722,691,815,945.5948773948448
high_013,high,917.4981357609822,113,2577,722,691,819,941.2118786696208
high_013,high,917.4981357609822,113,2577,722,691,855,957.1710653133929
high_013,high,917.4981357609822,113,2577,722,691,857,966.8482342828818
high_013,high,917.4981357609822,113,2577,722,691,860,957.6914396823984
high_013,high,917.4981357609822,113,2577,722,691,867,953.25058399976
high_013,high,917.4981357609822,113,2577,722,691,871,1078.479491672491
high_013,high,917.4981357609822,113,2577,722,691,876,1079.887331092244
high_013,high,917.4981357609822,113,2577,722,691,884,1083.0589655524525
high_013,high,917.4981357609822,113,2577,722,691,2405,1089.1649303466254
high_013,high,917.4981357609822,113,2577,722,691,2409,1090.1517871649894
high_013,high,917.4981357609822,113,2577,722,691,2413,1091.1684501122422
high_013,high,917.4981357609822,113,2577,722,691,2424,1095.3135349903018
high_013,high,917.4981357609822,113,2577,722,691,2609,1098.1754197400292
high_013,high,917.4981357609822,113,2577,722,691,2611,1115.7188505046674
high_013,high,917.4981357609822,113,2577,722,691,2625,1122.1627127407817
high_013,high,917.4981357609822,113,2577,722,691,2631,1128.272813870322
high_013,high,917.4981357609822,113,2577,722,691,2635,1120.3045607549689
high_013,high,917.4981357609822,113,2577,722,691,2641,1122.567636821761
high_013,high,917.4981357609822,113,2577,722,691,2833,1173.771293735364
high_013,high,917.4981357609822,113,2577,722,691,2842,1150.4881305062509
high_013,high,917.4981357609822,113,2577,722,691,2855,1146.3037514994237
high_013,high,917.4981357609822,113,2577,722,691,2856,1148.318444595122
high_013,high,917.4981357609822,113,2577,722,691,2869,1133.59034757536
high_013,high,917.4981357609822,113,2577,722,691,2873,1131.9180107770533
high_013,high,917.4981357609822,113,2577,722,691,2897,1216.5615113965555
high_013,high,917.4981357609822,113,2577,722,691,2901,1248.9388199674272
high_013,high,917.4981357609822,113,2577,722,691,2904,1260.552747918737
high_013,high,917.4981357609822,113,2577,722,691,2916,1254.6995690969738
high_013,high,917.4981357609822,113,2577,722,691,2924,1252.1826139278223
high_013,high,917.4981357609822,113,2577,722,691,2941,1273.4736091399748
high_013,high,917.4981357609822,113,2577,722,691,2944,1317.1657269042753
high_013,high,917.4981357609822,113,2577,722,691,2957,1287.2898731869675
high_013,high,917.4981357609822,113,2577,722,691,2965,1292.4027836874727
high_013,high,917.4981357609822,113,2577,722,691,2969,1297.113865192115
high_013,high,917.4981357609822,113,2577,722,691,2977,1275.8892067436825
high_013,high,917.4981357609822,113,2577,722,691,2979,1309.540371060872
high_013,high,917.4981357609822,113,2577,722,691,2984,1277.747358729495
high_013,high,917.4981357609822,113,2577,722,691,2995,1361.5855515954695
high_013,high,917.4981357609822,113,2577,722,691,2997,1372.9701272278262
high_013,high,917.4981357609822,113,2577,722,691,3007,1334.5986567427542
high_013,high,917.4981357609822,113,2577,722,691,3010,1339.883747074418
high_013,high,917.4981357609822,113,2577,722,691,3013,1367.5095041063432
high_013,high,917.4981357609822,113,2577,722,691,3025,1366.644984232917
high_013,high,917.4981357609822,113,2577,722,691,3027,1344.1537661932912
high_013,high,917.4981357609822,113,2577,722,691,3028,1370.2930014103376
high_013,high,917.4981357609822,113,2577,722,691,3030,1366.7898517702638
high_013,high,917.4981357609822,113,2577,722,691,3031,1344.47191105832
high_013,high,917.4981357609822,113,2577,722,691,3032,1348.6092748376982
high_013,high,917.4981357609822,113,2577,722,691,3037,1352.7908502254495
high_013,high,917.4981357609822,113,2577,722,691,3044,1362.2788087129386
high_013,high,917.4981357609822,113,2577,722,691,3054,1336.8554006071297
high_013,high,917.4981357609822,113,2577,722,691,3065,1334.5986567427542
high_013,high,917.4981357609822,113,2577,722,691,3068,1371.2043342733637
high_013,high,917.4981357609822,113,2577,722,691,3069,1371.472669177307
high_013,high,917.4981357609822,113,2577,722,691,3074,1389.2887727887692
high_013,high,917.4981357609822,113,2577,722,691,3076,1393.728541601571
high_013,high,917.4981357609822,113,2577,722,691,3077,1389.2887727887692
high_013,high,917.4981357609822,113,2577,722,691,3080,1390.079669677741
high_013,high,917.4981357609822,113,2577,722,691,3091,1444.8867165875456
high_013,high,917.4981357609822,113,2577,722,691,3094,1464.0766132485076
high_013,high,917.4981357609822,113,2577,722,691,3096,1464.9339936008407
high_013,high,917.4981357609822,113,2577,722,691,3097,1467.6497909356865
high_013,high,917.4981357609822,113,2577,722,691,3098,1468.313385774305
high_013,high,917.4981357609822,113,2577,722,691,3099,1458.0162380970437
high_013,high,917.4981357609822,113,2577,722,691,3108,1455.3379970173962
high_013,high,917.4981357609822,113,2577,722,691,3112,1445.7603478620272
high_013,high,917.4981357609822,113,2577,722,691,3117,1462.529725937888
high_013,high,917.4981357609822,113,2577,722,691,3123,1468.6254319997183
high_013,high,917.4981357609822,113,2577,722,691,3127,1450.967359531337
high_013,high,917.4981357609822,113,2577,722,691,3133,1453.7929790481192
high_013,high,917.4981357609822,113,2577,722,691,3134,1447.339468483172
high_013,high,917.4981357609822,113,2577,722,691,3135,1447.339468483172
high_013,high,917.4981357609822,113,2577,722,691,3136,1448.1004606263607
high_013,high,917.4981357609822,113,2577,722,691,3139,1449.0229826302657
high_013,high,917.4981357609822,113,2577,722,691,3144,1493.7598642443463
high_013,high,917.4981357609822,113,2577,722,691,3150,1517.478872829889
high_013,high,917.4981357609822,113,2577,722,691,3154,1500.620479981403
high_013,high,917.4981357609822,113,2577,722,691,3162,1505.73750239245
high_013,high,917.4981357609822,113,2577,722,691,3171,1496.319512492787
high_013,high,917.4981357609822,113,2577,722,691,3174,1507.977896502191
high_013,high,917.4981357609822,113,2577,722,691,3177,1509.5584761597952
high_013,high,917.4981357609822,113,2577,722,691,3189,1498.0004874798062
high_013,high,917.4981357609822,113,2577,722,691,3191,1498.6026615714
high_013,high,917.4981357609822,113,2577,722,691,3201,1522.9719014271943
high_013,high,917.4981357609822,113,2577,722,691,3219,1548.7818097752966
high_013,high,917.4981357609822,113,2577,722,691,3221,1544.3697964157925
high_013,high,917.4981357609822,113,2577,722,691,3225,1545.7686204523336
high_013,high,917.4981357609822,113,2577,722,691,3232,1532.8619938195989
high_013,high,917.4981357609822,113,2577,722,691,3244,1545.9660451643304
high_013,high,917.4981357609822,113,2577,722,691,3246,1541.6312566729555
high_013,high,917.4981357609822,113,2577,722,691,3261,1556.3435225823814
high_013,high,917.4981357609822,113,2577,722,691,3264,1566.8295232313226
high_013,high,917.4981357609822,113,2577,722,691,3288,1577.737662274617
high_013,high,917.4981357609822,113,2577,722,691,3291,1586.3471757426607
high_014,high,901.6915271821277,132,2577,722,691,719,948.119325779865
high_014,high,901.6915271821277,132,2577,722,691,721,968.7289145433668
high_014,high,901.6915271821277,132,2577,722,691,725,972.2996965465496
high_014,high,901.6915271821277,132,2577,722,691,736,924.2794023927961
high_014,high,901.6915271821277,132,2577,722,691,737,948.434852352604
high_014,high,901.6915271821277,132,2577,722,691,738,925.0623426552564
high_014,high,901.6915271821277,132,2577,722,691,742,975.0628956497334
high_014,high,901.6915271821277,132,2577,722,691,744,988.146602662205
high_014,high,901.6915271821277,132,2577,722,691,747,1015.7382628264284
high_014,high,901.6915271821277,132,2577,722,691,753,976.5331528616296
high_014,high,901.6915271821277,132,2577,722,691,755,950.7042203184257
high_014,high,901.6915271821277,132,2577,722,691,756,923.3950624072041
high_014,high,901.6915271821277,132,2577,722,691,768,970.6220399670952
high_014,high,901.6915271821277,132,2577,722,691,769,978.8129515124598
high_014,high,901.6915271821277,132,2577,722,691,775,939.9053933217502
high_014,high,901.6915271821277,132,2577,722,691,783,928.7024220582863
high_014,high,901.6915271821277,132,2577,722,691,786,946.0336156526996
high_014,high,901.6915271821277,132,2577,722,691,795,980.544232842926
high_014,high,901.6915271821277,132,2577,722,691,799,968.2605668785652
high_014,high,901.6915271821277,132,2577,722,691,801,955.4216087054102
high_014,high,901.6915271821277,132,2577,722,691,802,963.1587173872612
high_014,high,901.6915271821277,132,2577,722,691,819,938.9606627107323
high_014,high,901.6915271821277,132,2577,722,691,828,939.4223655744818
high_014,high,901.6915271821277,132,2577,722,691,829,955.6969754264553
high_014,high,901.6915271821277,132,2577,722,691,833,944.5258318939016
high_014,high,901.6915271821277,132,2577,722,691,850,965.5438599382971
high_014,high,901.6915271821277,132,2577,722,691,864,992.6564597267472
high_014,high,901.6915271821277,132,2577,722,691,874,1079.2956752216514
high_014,high,901.6915271821277,132,2577,722,691,878,1078.3665992287451
high_014,high,901.6915271821277,132,2577,722,691,879,1080.7692286124716
high_014,high,901.6915271821277,132,2577,722,691,885,1082.6403489290196
high_014,high,901.6915271821277,132,2577,722,691,2418,1094.0306211734855
high_014,high,901.6915271821277,132,2577,722,691,2609,1098.1754197400292
high_014,high,901.6915271821277,132,2577,722,691,2612,1115.7188505046674
high_014,high,901.6915271821277,132,2577,722,691,2616,1121.1407291264338
high_014,high,901.6915271821277,132,2577,722,691,2643,1118.8175809002134
high_014,high,901.6915271821277,132,2577,722,691,2831,1132.9674735222557
high_014,high,901.6915271821277,132,2577,722,691,2838,1180.8788619766694
high_014,high,901.6915271821277,132,2577,722,691,2852,1151.532128355518
high_014,high,901.6915271821277,132,2577,722,691,2853,1164.6708416282977
high_014,high,901.6915271821277,132,2577,722,691,2855,1146.3037514994237
high_014,high,901.6915271821277,132,2577,722,691,2856,1148.318444595122
high_014,high,901.6915271821277,132,2577,722,691,2859,1196.1098303883698
high_014,high,901.6915271821277,132,2577,722,691,2862,1201.455885565479
high_014,high,901.6915271821277,132,2577,722,691,2868,1132.5683639610122
high_014,high,901.6915271821277,132,2577,722,691,2869,1133.59034757536
high_014,high,901.6915271821277,132,2577,722,691,2872,1153.219262071798
high_014,high,901.6915271821277,132,2577,722,691,2884,1204.2183928701231
high_014,high,901.6915271821277,132,2577,722,691,2886,1163.3651724435665
high_014,high,901.6915271821277,132,2577,722,691,2893,1136.955002385911
high_014,high,901.6915271821277,132,2577,722,691,2894,1137.3066515469857
high_014,high,901.6915271821277,132,2577,722,691,2902,1257.3345218153138
high_014,high,901.6915271821277,132,2577,722,691,2903,1257.9418907043237
high_014,high,901.6915271821277,132,2577,722,691,2904,1260.552747918737
high_014,high,901.6915271821277,132,2577,722,691,2905,1262.1048069173858
high_014,high,901.6915271821277,132,2577,722,691,2909,1246.4307925607486
high_014,high,901.6915271821277,132,2577,722,691,2912,1249.9612814002455
high_014,high,901.6915271821277,132,2577,722,691,2920,1247.4527761750965
high_014,high,901.6915271821277,132,2577,722,691,2927,1256.464813461345
high_014,high,901.6915271821277,132,2577,722,691,2933,1263.6609716972782
high_014,high,901.6915271821277,132,2577,722,691,2942,1274.4276661603892
high_014,high,901.6915271821277,132,2577,722,691,2949,1289.071858007981
high_014,high,901.6915271821277,132,2577,722,691,2953,1327.9965814040024
high_014,high,901.6915271821277,132,2577,722,691,2955,1290.0533506469906
high_014,high,901.6915271821277,132,2577,722,691,2962,1313.682539683791
high_014,high,901.6915271821277,132,2577,722,691,2964,1286.44878475409
high_014,high,901.6915271821277,132,2577,722,691,2969,1297.113865192115
high_014,high,901.6915271821277,132,2577,722,691,2980,1312.5361183348866
high_014,high,901.6915271821277,132,2577,722,691,2982,1276.0495631405868
high_014,high,901.6915271821277,132,2577,722,691,2985,1277.9576771814156
high_014,high,901.6915271821277,132,2577,722,691,2995,1361.5855515954695
high_014,high,901.6915271821277,132,2577,722,691,2997,1372.9701272278262
high_014,high,901.6915271821277,132,2577,722,691,2998,1373.5840861635106
high_014,high,901.6915271821277,132,2577,722,691,3002,1385.7155951015902
high_014,high,901.6915271821277,132,2577,722,691,3003,1378.5955476062447
high_014,high,901.6915271821277,132,2577,722,691,3010,1339.883747074418
high_014,high,901.6915271821277,132,2577,722,691,3027,1344.1537661932912
high_014,high,901.6915271821277,132,2577,722,691,3033,1350.186175036174
high_014,high,901.6915271821277,132,2577,722,691,3036,1352.4409732027002
high_014,high,901.6915271821277,132,2577,722,691,3040,1355.0974132165838
high_014,high,901.6915271821277,132,2577,722,691,3043,1356.9505695357525
high_014,high,901.6915271821277,132,2577,722,691,3047,1374.1073658621378
high_014,high,901.6915271821277,132,2577,722,691,3050,1345.872647925985
high_014,high,901.6915271821277,132,2577,722,691,3052,1346.2887757527278
high_014,high,901.6915271821277,132,2577,722,691,3054,1336.8554006071297
high_014,high,901.6915271821277,132,2577,722,691,3058,1357.2601260095455
high_014,high,901.6915271821277,132,2577,722,691,3061,1359.4228388025076
high_014,high,901.6915271821277,132,2577,722,691,3062,1348.4237853121645
high_014,high,901.6915271821277,132,2577,722,691,3079,1390.0646934730294
high_014,high,901.6915271821277,132,2577,722,691,3082,1394.5320309851477
high_014,high,901.6915271821277,132,2577,722,691,3091,1444.8867165875456
high_014,high,901.6915271821277,132,2577,722,691,3095,1464.5880670339052
high_014,high,901.6915271821277,132,2577,722,691,3096,1464.9339936008407
high_014,high,901.6915271821277,132,2577,722,691,3099,1458.0162380970437
high_014,high,901.6915271821277,132,2577,722,691,3108,1455.3379970173962
high_014,high,901.6915271821277,132,2577,722,691,3109,1461.7237802368163
high_014,high,901.6915271821277,132,2577,722,691,3110,1456.229649253454
high_014,high,901.6915271821277,132,2577,722,691,3111,1457.1161490585994
high_014,high,901.6915271821277,132,2577,722,691,3116,1443.4424454500374
high_014,high,901.6915271821277,132,2577,722,691,3118,1462.8417184662226
high_014,high,901.6915271821277,132,2577,722,691,3120,1450.3042285687598
high_014,high,901.6915271821277,132,2577,722,691,3123,1468.6254319997183
high_014,high,901.6915271821277,132,2577,722,691,3129,1452.030267731915
high_014,high,901.6915271821277,132,2577,722,691,3130,1452.1162010679918
high_014,high,901.6915271821277,132,2577,722,691,3131,1452.5968360198344
high_014,high,901.6915271821277,132,2577,722,691,3136,1448.1004606263607
high_014,high,901.6915271821277,132,2577,722,691,3145,1493.9504369048925
high_014,high,901.6915271821277,132,2577,722,691,3147,1494.1478245864764
high_014,high,901.6915271821277,132,2577,722,691,3154,1500.620479981403
high_014,high,901.6915271821277,132,2577,722,691,3160,1504.816737186983
high_014,high,901.6915271821277,132,2577,722,691,3163,1494.797413107045
high_014,high,901.6915271821277,132,2577,722,691,3169,1506.8140914704434
high_014,high,901.6915271821277,132,2577,722,691,3177,1509.5584761597952
high_014,high,901.6915271821277,132,2577,722,691,3182,1511.825899935417
high_014,high,901.6915271821277,132,2577,722,691,3183,1496.419907822202
high_014,high,901.6915271821277,132,2577,722,691,3188,1497.841611878529
high_014,high,901.6915271821277,132,2577,722,691,3201,1522.9719014271943
high_014,high,901.6915271821277,132,2577,722,691,3202,1524.0200510672962
high_014,high,901.6915271821277,132,2577,722,691,3210,1502.6214929100356
high_014,high,901.6915271821277,132,2577,722,691,3213,1500.124760957142
high_014,high,901.6915271821277,132,2577,722,691,3222,1547.95194894706
high_014,high,901.6915271821277,132,2577,722,691,3225,1545.7686204523336
high_014,high,901.6915271821277,132,2577,722,691,3226,1535.4278215120526
high_014,high,901.6915271821277,132,2577,722,691,3242,1533.2149949217014
high_014,high,901.6915271821277,132,2577,722,691,3260,1555.3565663298511
high_014,high,901.6915271821277,132,2577,722,691,3263,1570.1401533513194
high_014,high,901.6915271821277,132,2577,722,691,3269,1557.5278701324796
high_014,high,901.6915271821277,132,2577,722,691,3272,1556.00691951381
high_014,high,901.6915271821277,132,2577,722,691,3279,1568.8896149725474
high_014,high,901.6915271821277,132,2577,722,691,3280,1569.4745895398314
high_014,high,901.6915271821277,132,2577,722,691,3282,1574.6397823418151
high_014,high,901.6915271821277,132,2577,722,691,3283,1574.6397823418151
high_015,high,796.375733382194,123,2540,759,725,663,843.428130819018
high_015,high,796.375733382194,123,2540,759,725,675,850.0170036076428
high_015,high,796.375733382194,123,2540,759,725,679,838.8959118210046
high_015,high,796.375733382194,123,2540,759,725,682,838.4652568064199
high_015,high,796.375733382194,123,2540,759,725,684,843.9426864611299
high_015,high,796.375733382194,123,2540,759,725,689,822.70516385316
high_015,high,796.375733382194,123,2540,759,725,691,845.1317439673904
high_015,high,796.375733382194,123,2540,759,725,721,968.7289145433668
high_015,high,796.375733382194,123,2540,759,725,722,969.2863601612614
high_015,high,796.375733382194,123,2540,759,725,730,970.494158907738
high_015,high,796.375733382194,123,2540,759,725,731,971.8877728970976
high_015,high,796.375733382194,123,2540,759,725,733,973.9317401257932
high_015,high,796.375733382194,123,2540,759,725,734,974.5820933097524
high_015,high,796.375733382194,123,2540,759,725,739,925.0623426552564
high_015,high,796.375733382194,123,2540,759,725,759,920.4169626907244
high_015,high,796.375733382194,123,2540,759,725,765,985.8196348287304
high_015,high,796.375733382194,123,2540,759,725,767,976.5431808772796
high_015,high,796.375733382194,123,2540,759,725,774,934.537007002294
high_015,high,796.375733382194,123,2540,759,725,782,921.3051338037236
high_015,high,796.375733382194,123,2540,759,725,787,964.3035858572514
high_015,high,796.375733382194,123,2540,759,725,788,943.8867656431298
high_015,high,796.375733382194,123,2540,759,725,794,940.113373895397
high_015,high,796.375733382194,123,2540,759,725,800,969.346109402294
high_015,high,796.375733382194,123,2540,759,725,806,950.7048401923788
high_015,high,796.375733382194,123,2540,759,725,810,929.9575331223332
high_015,high,796.375733382194,123,2540,759,725,813,920.4169626907244
high_015,high,796.375733382194,123,2540,759,725,824,951.9962503166522
high_015,high,796.375733382194,123,2540,759,725,834,941.5069878847564
high_015,high,796.375733382194,123,2540,759,725,839,937.6048687810024
high_015,high,796.375733382194,123,2540,759,725,840,962.1092546420588
high_015,high,796.375733382194,123,2540,759,725,845,944.5662440452136
high_015,high,796.375733382194,123,2540,759,725,846,945.4132568985392
high_015,high,796.375733382194,123,2540,759,725,852,973.0891820130053
high_015,high,796.375733382194,123,2540,759,725,866,933.392138532304
high_015,high,796.375733382194,123,2540,759,725,880,1081.071559321338
high_015,high,796.375733382194,123,2540,759,725,886,1084.299239633498
high_015,high,796.375733382194,123,2540,759,725,2404,1089.1649303466254
high_015,high,796.375733382194,123,2540,759,725,2407,1090.0940063395317
high_015,high,796.375733382194,123,2540,759,725,2414,1091.4347009818057
high_015,high,796.375733382194,123,2540,759,725,2417,1094.0306211734855
high_015,high,796.375733382194,123,2540,759,725,2419,1096.446218777193
high_015,high,796.375733382194,123,2540,759,725,2423,1095.2708952545313
high_015,high,796.375733382194,123,2540,759,725,2609,1098.1754197400292
high_015,high,796.375733382194,123,2540,759,725,2620,1126.529369840989
high_015,high,796.375733382194,123,2540,759,725,2635,1120.3045607549689
high_015,high,796.375733382194,123,2540,759,725,2636,1120.386998146043
high_015,high,796.375733382194,123,2540,759,725,2639,1118.7651012227118
high_015,high,796.375733382194,123,2540,759,725,2831,1132.9674735222557
high_015,high,796.375733382194,123,2540,759,725,2835,1131.9180107770533
high_015,high,796.375733382194,123,2540,759,725,2839,1155.4247576360103
high_015,high,796.375733382194,123,2540,759,725,2842,1150.4881305062509
high_015,high,796.375733382194,123,2540,759,725,2843,1199.3346981076645
high_015,high,796.375733382194,123,2540,759,725,2845,1234.1281026138215
high_015,high,796.375733382194,123,2540,759,725,2861,1209.1421287289538
high_015,high,796.375733382194,123,2540,759,725,2870,1134.908738147487
high_015,high,796.375733382194,123,2540,759,725,2874,1169.286029457955
high_015,high,796.375733382194,123,2540,759,725,2877,1170.5097574785566
high_015,high,796.375733382194,123,2540,759,725,2878,1171.1686879339245
high_015,high,796.375733382194,123,2540,759,725,2884,1204.2183928701231
high_015,high,796.375733382194,123,2540,759,725,2886,1163.3651724435665
high_015,high,796.375733382194,123,2540,759,725,2888,1136.8500027727182
high_015,high,796.375733382194,123,2540,759,725,2896,1138.9307269284757
high_015,high,796.375733382194,123,2540,759,725,2903,1257.9418907043237
high_015,high,796.375733382194,123,2540,759,725,2905,1262.1048069173858
high_015,high,796.375733382194,123,2540,759,725,2914,1250.8365215650456
high_015,high,796.375733382194,123,2540,759,725,2918,1256.0668627729606
high_015,high,796.375733382194,123,2540,759,725,2927,1256.464813461345
high_015,high,796.375733382194,123,2540,759,725,2931,1264.4457685984123
high_015,high,796.375733382194,123,2540,759,725,2942,1274.4276661603892
high_015,high,796.375733382194,123,2540,759,725,2946,1273.4736091399748
high_015,high,796.375733382194,123,2540,759,725,2961,1322.7340576559936
high_015,high,796.375733382194,123,2540,759,725,2971,1300.8228218667862
high_015,high,796.375733382194,123,2540,759,725,2973,1303.99608009714
high_015,high,796.375733382194,123,2540,759,725,2980,1312.5361183348866
high_015,high,796.375733382194,123,2540,759,725,2986,1278.7039503478898
high_015,high,796.375733382194,123,2540,759,725,3002,1385.7155951015902
high_015,high,796.375733382194,123,2540,759,725,3005,1368.9960257171444
high_015,high,796.375733382194,123,2540,759,725,3008,1364.6246273546485
high_015,high,796.375733382194,123,2540,759,725,3016,1342.0187566338543
high_015,high,796.375733382194,123,2540,759,725,3018,1365.287231116207
high_015,high,796.375733382194,123,2540,759,725,3025,1366.644984232917
high_015,high,796.375733382194,123,2540,759,725,3028,1370.2930014103376
high_015,high,796.375733382194,123,2540,759,725,3034,1350.558794871601
high_015,high,796.375733382194,123,2540,759,725,3046,1375.7196982062626
high_015,high,796.375733382194,123,2540,759,725,3056,1339.5984267172976
high_015,high,796.375733382194,123,2540,759,725,3062,1348.4237853121645
high_015,high,796.375733382194,123,2540,759,725,3063,1338.0398752452795
high_015,high,796.375733382194,123,2540,759,725,3069,1371.472669177307
high_015,high,796.375733382194,123,2540,759,725,3073,1390.7195497824036
high_015,high,796.375733382194,123,2540,759,725,3074,1389.2887727887692
high_015,high,796.375733382194,123,2540,759,725,3083,1393.728541601571
high_015,high,796.375733382194,123,2540,759,725,3086,1411.542479003413
high_015,high,796.375733382194,123,2540,759,725,3091,1444.8867165875456
high_015,high,796.375733382194,123,2540,759,725,3112,1445.7603478620272
high_015,high,796.375733382194,123,2540,759,725,3120,1450.3042285687598
high_015,high,796.375733382194,123,2540,759,725,3123,1468.6254319997183
high_015,high,796.375733382194,123,2540,759,725,3130,1452.1162010679918
high_015,high,796.375733382194,123,2540,759,725,3140,1472.038704514705
high_015,high,796.375733382194,123,2540,759,725,3155,1502.8835660867112
high_015,high,796.375733382194,123,2540,759,725,3156,1503.43373003074
high_015,high,796.375733382194,123,2540,759,725,3160,1504.816737186983
high_015,high,796.375733382194,123,2540,759,725,3162,1505.73750239245
high_015,high,796.375733382194,123,2540,759,725,3165,1495.2844454861174
high_015,high,796.375733382194,123,2540,759,725,3179,1510.303800549675
high_015,high,796.375733382194,123,2540,759,725,3182,1511.825899935417
high_015,high,796.375733382194,123,2540,759,725,3191,1498.6026615714
high_015,high,796.375733382194,123,2540,759,725,3192,1498.7907773086083
high_015,high,796.375733382194,123,2540,759,725,3195,1499.0958986970356
high_015,high,796.375733382194,123,2540,759,725,3199,1518.4277350735058
high_015,high,796.375733382194,123,2540,759,725,3208,1493.7598642443463
high_015,high,796.375733382194,123,2540,759,725,3212,1499.8581893392193
high_015,high,796.375733382194,123,2540,759,725,3220,1550.3302292018425
high_015,high,796.375733382194,123,2540,759,725,3234,1532.8619938195989
high_015,high,796.375733382194,123,2540,759,725,3235,1533.2057519414043
high_015,high,796.375733382194,123,2540,759,725,3242,1533.2149949217014
high_015,high,796.375733382194,123,2540,759,725,3248,1551.354818849989
high_015,high,796.375733382194,123,2540,759,725,3261,1556.3435225823814
high_015,high,796.375733382194,123,2540,759,725,3262,1565.7504275141898
high_015,high,796.375733382194,123,2540,759,725,3275,1558.430490731479
high_015,high,796.375733382194,123,2540,759,725,3278,1566.142825964757
high_015,high,796.375733382194,123,2540,759,725,3283,1574.6397823418151
high_015,high,796.375733382194,123,2540,759,725,3291,1586.3471757426607
high_015,high,796.375733382194,123,2540,759,725,3297,1576.8790109789904
high_016,high,1049.599947852301,104,2735,564,536,873,1093.6910988804843
high_016,high,1049.599947852301,104,2735,564,536,882,1091.8140661765406
high_016,high,1049.599947852301,104,2735,564,536,2416,1094.0306211734855
high_016,high,1049.599947852301,104,2735,564,536,2419,1106.695606381314
high_016,high,1049.599947852301,104,2735,564,536,2422,1102.615142676525
high_016,high,1049.599947852301,104,2735,564,536,2424,1107.6684130552812
high_016,high,1049.599947852301,104,2735,564,536,2624,1121.482094298032
high_016,high,1049.599947852301,104,2735,564,536,2629,1117.2386099673024
high_016,high,1049.599947852301,104,2735,564,536,2630,1125.5282072768532
high_016,high,1049.599947852301,104,2735,564,536,2637,1118.028095433758
high_016,high,1049.599947852301,104,2735,564,536,2638,1118.7251315781034
high_016,high,1049.599947852301,104,2735,564,536,2644,1123.9492363439422
high_016,high,1049.599947852301,104,2735,564,536,2824,1143.1526303353207
high_016,high,1049.599947852301,104,2735,564,536,2833,1173.771293735364
high_016,high,1049.599947852301,104,2735,564,536,2834,1176.5851521353798
high_016,high,1049.599947852301,104,2735,564,536,2836,1131.9180107770533
high_016,high,1049.599947852301,104,2735,564,536,2837,1184.2216418876324
high_016,high,1049.599947852301,104,2735,564,536,2845,1234.1281026138215
high_016,high,1049.599947852301,104,2735,564,536,2861,1209.1421287289538
high_016,high,1049.599947852301,104,2735,564,536,2862,1201.455885565479
high_016,high,1049.599947852301,104,2735,564,536,2868,1132.5683639610122
high_016,high,1049.599947852301,104,2735,564,536,2869,1133.59034757536
high_016,high,1049.599947852301,104,2735,564,536,2871,1134.9792778433466
high_016,high,1049.599947852301,104,2735,564,536,2872,1153.219262071798
high_016,high,1049.599947852301,104,2735,564,536,2874,1169.286029457955
high_016,high,1049.599947852301,104,2735,564,536,2888,1136.8500027727182
high_016,high,1049.599947852301,104,2735,564,536,2893,1136.955002385911
high_016,high,1049.599947852301,104,2735,564,536,2904,1260.552747918737
high_016,high,1049.599947852301,104,2735,564,536,2909,1246.4307925607486
high_016,high,1049.599947852301,104,2735,564,536,2910,1246.4582716916032
high_016,high,1049.599947852301,104,2735,564,536,2913,1250.5607169476248
high_016,high,1049.599947852301,104,2735,564,536,2915,1254.1918348415977
high_016,high,1049.599947852301,104,2735,564,536,2920,1247.4527761750965
high_016,high,1049.599947852301,104,2735,564,536,2923,1251.5407106324883
high_016,high,1049.599947852301,104,2735,564,536,2927,1256.464813461345
high_016,high,1049.599947852301,104,2735,564,536,2929,1266.8750920194575
high_016,high,1049.599947852301,104,2735,564,536,2931,1264.4457685984123
high_016,high,1049.599947852301,104,2735,564,536,2933,1263.6609716972782
high_016,high,1049.599947852301,104,2735,564,536,2935,1271.9538496773398
high_016,high,1049.599947852301,104,2735,564,536,2943,1275.0525800728858
high_016,high,1049.599947852301,104,2735,564,536,2944,1317.1657269042753
high_016,high,1049.599947852301,104,2735,564,536,2945,1317.662898225413
high_016,high,1049.599947852301,104,2735,564,536,2953,1327.9965814040024
high_016,high,1049.599947852301,104,2735,564,536,2962,1313.682539683791
high_016,high,1049.599947852301,104,2735,564,536,2963,1322.7340576559936
high_016,high,1049.599947852301,104,2735,564,536,2964,1286.44878475409
high_016,high,1049.599947852301,104,2735,564,536,2966,1292.9716965691964
high_016,high,1049.599947852301,104,2735,564,536,2970,1299.7260609782668
high_016,high,1049.599947852301,104,2735,564,536,2972,1301.2560338150342
high_016,high,1049.599947852301,104,2735,564,536,2979,1309.540371060872
high_016,high,1049.599947852301,104,2735,564,536,2984,1277.747358729495
high_016,high,1049.599947852301,104,2735,564,536,2986,1278.7039503478898
high_016,high,1049.599947852301,104,2735,564,536,2990,1280.6776639846178
high_016,high,1049.599947852301,104,2735,564,536,2998,1373.5840861635106
high_016,high,1049.599947852301,104,2735,564,536,2999,1375.8958913918657
high_016,high,1049.599947852301,104,2735,564,536,3004,1378.8498216789126
high_016,high,1049.599947852301,104,2735,564,536,3014,1368.1967021301336
high_016,high,1049.599947852301,104,2735,564,536,3022,1384.3805250771286
high_016,high,1049.599947852301,104,2735,564,536,3027,1344.1537661932912
high_016,high,1049.599947852301,104,2735,564,536,3029,1336.0691773166277
high_016,high,1049.599947852301,104,2735,564,536,3036,1352.4409732027002
high_016,high,1049.599947852301,104,2735,564,536,3042,1355.0974132165838
high_016,high,1049.599947852301,104,2735,564,536,3045,1372.3616833000267
high_016,high,1049.599947852301,104,2735,564,536,3055,1346.5405929480091
high_016,high,1049.599947852301,104,2735,564,536,3080,1390.079669677741
high_016,high,1049.599947852301,104,2735,564,536,3081,1392.8940004921865
high_016,high,1049.599947852301,104,2735,564,536,3083,1393.728541601571
high_016,high,1049.599947852301,104,2735,564,536,3085,1409.219789021147
high_016,high,1049.599947852301,104,2735,564,536,3093,1442.6665247657772
high_016,high,1049.599947852301,104,2735,564,536,3097,1467.6497909356865
high_016,high,1049.599947852301,104,2735,564,536,3108,1455.3379970173962
high_016,high,1049.599947852301,104,2735,564,536,3111,1457.1161490585994
high_016,high,1049.599947852301,104,2735,564,536,3113,1442.6665247657772
high_016,high,1049.599947852301,104,2735,564,536,3118,1462.8417184662226
high_016,high,1049.599947852301,104,2735,564,536,3119,1449.9142548084246
high_016,high,1049.599947852301,104,2735,564,536,3131,1452.5968360198344
high_016,high,1049.599947852301,104,2735,564,536,3133,1453.7929790481192
high_016,high,1049.599947852301,104,2735,564,536,3147,1494.1478245864764
high_016,high,1049.599947852301,104,2735,564,536,3148,1494.6174411955049
high_016,high,1049.599947852301,104,2735,564,536,3149,1516.0568655282184
high_016,high,1049.599947852301,104,2735,564,536,3150,1517.478872829889
high_016,high,1049.599947852301,104,2735,564,536,3160,1504.816737186983
high_016,high,1049.599947852301,104,2735,564,536,3163,1494.797413107045
high_016,high,1049.599947852301,104,2735,564,536,3191,1498.6026615714
high_016,high,1049.599947852301,104,2735,564,536,3196,1499.363711264271
high_016,high,1049.599947852301,104,2735,564,536,3206,1514.4369978922798
high_016,high,1049.599947852301,104,2735,564,536,3207,1501.260432986814
high_016,high,1049.599947852301,104,2735,564,536,3211,1500.3713569662125
high_016,high,1049.599947852301,104,2735,564,536,3214,1515.576248626063
high_016,high,1049.599947852301,104,2735,564,536,3215,1516.0568655282184
high_016,high,1049.599947852301,104,2735,564,536,3216,1519.7620219652044
high_016,high,1049.599947852301,104,2735,564,536,3225,1545.7686204523336
high_016,high,1049.599947852301,104,2735,564,536,3226,1535.4278215120526
high_016,high,1049.599947852301,104,2735,564,536,3235,1533.2057519414043
high_016,high,1049.599947852301,104,2735,564,536,3236,1533.4146336402357
high_016,high,1049.599947852301,104,2735,564,536,3239,1534.421227576144
high_016,high,1049.599947852301,104,2735,564,536,3243,1536.6712053572887
high_016,high,1049.599947852301,104,2735,564,536,3248,1551.354818849989
high_016,high,1049.599947852301,104,2735,564,536,3251,1546.5902242571117
high_016,high,1049.599947852301,104,2735,564,536,3262,1565.7504275141898
high_016,high,1049.599947852301,104,2735,564,536,3271,1564.4158068983966
high_016,high,1049.599947852301,104,2735,564,536,3286,1582.4295132902223
high_016,high,1049.599947852301,104,2735,564,536,3292,1581.0830524885766
high_016,high,1049.599947852301,104,2735,564,536,3294,1587.5767001711947
high_017,high,724.7745574657739,127,2538,761,727,612,747.992874965366
high_017,high,724.7745574657739,127,2538,761,727,659,797.9180499818629
high_017,high,724.7745574657739,127,2538,761,727,661,800.1772402427983
high_017,high,724.7745574657739,127,2538,761,727,670,807.4114036187511
high_017,high,724.7745574657739,127,2538,761,727,674,818.7397735633245
high_017,high,724.7745574657739,127,2538,761,727,686,814.0331273734008
high_017,high,724.7745574657739,127,2538,761,727,690,870.5599482939281
high_017,high,724.7745574657739,127,2538,761,727,712,918.8972032280894
high_017,high,724.7745574657739,127,2538,761,727,713,918.8972032280894
high_017,high,724.7745574657739,127,2538,761,727,714,918.8972032280894
high_017,high,724.7745574657739,127,2538,761,727,720,967.5211157968902
high_017,high,724.7745574657739,127,2538,761,727,722,969.2863601612614
high_017,high,724.7745574657739,127,2538,761,727,724,971.3128397281856
high_017,high,724.7745574657739,127,2538,761,727,734,974.5820933097524
high_017,high,724.7745574657739,127,2538,761,727,740,942.9872731123028
high_017,high,724.7745574657739,127,2538,761,727,741,961.1551976216444
high_017,high,724.7745574657739,127,2538,761,727,742,975.0628956497334
high_017,high,724.7745574657739,127,2538,761,727,747,1015.7382628264284
high_017,high,724.7745574657739,127,2538,761,727,760,938.2578292454314
high_017,high,724.7745574657739,127,2538,761,727,774,934.537007002294
high_017,high,724.7745574657739,127,2538,761,727,794,940.113373895397
high_017,high,724.7745574657739,127,2538,761,727,796,983.7880268033208
high_017,high,724.7745574657739,127,2538,761,727,807,940.9291888570988
high_017,high,724.7745574657739,127,2538,761,727,808,924.0403590409086
high_017,high,724.7745574657739,127,2538,761,727,815,944.3871234849172
high_017,high,724.7745574657739,127,2538,761,727,833,931.1024015923234
high_017,high,724.7745574657739,127,2538,761,727,834,941.5069878847564
high_017,high,724.7745574657739,127,2538,761,727,836,998.443578241707
high_017,high,724.7745574657739,127,2538,761,727,840,962.1092546420588
high_017,high,724.7745574657739,127,2538,761,727,847,964.5105108981962
high_017,high,724.7745574657739,127,2538,761,727,849,968.0244082141212
high_017,high,724.7745574657739,127,2538,761,727,851,965.69473912729
high_017,high,724.7745574657739,127,2538,761,727,856,949.0325034494492
high_017,high,724.7745574657739,127,2538,761,727,859,932.8665813057833
high_017,high,724.7745574657739,127,2538,761,727,860,957.6914396823984
high_017,high,724.7745574657739,127,2538,761,727,866,933.392138532304
high_017,high,724.7745574657739,127,2538,761,727,886,1084.299239633498
high_017,high,724.7745574657739,127,2538,761,727,887,1083.755240164809
high_017,high,724.7745574657739,127,2538,761,727,2609,1098.1754197400292
high_017,high,724.7745574657739,127,2538,761,727,2616,1121.1407291264338
high_017,high,724.7745574657739,127,2538,761,727,2619,1124.9664719122718
high_017,high,724.7745574657739,127,2538,761,727,2621,1124.5783103444892
high_017,high,724.7745574657739,127,2538,761,727,2631,1128.272813870322
high_017,high,724.7745574657739,127,2538,761,727,2638,1118.7251315781034
high_017,high,724.7745574657739,127,2538,761,727,2639,1118.7651012227118
high_017,high,724.7745574657739,127,2538,761,727,2643,1118.8175809002134
high_017,high,724.7745574657739,127,2538,761,727,2644,1123.9492363439422
high_017,high,724.7745574657739,127,2538,761,727,2825,1144.3839022981847
high_017,high,724.7745574657739,127,2538,761,727,2836,1131.9180107770533
high_017,high,724.7745574657739,127,2538,761,727,2841,1197.287891763947
high_017,high,724.7745574657739,127,2538,761,727,2848,1178.796684853828
high_017,high,724.7745574657739,127,2538,761,727,2852,1151.532128355518
high_017,high,724.7745574657739,127,2538,761,727,2853,1164.6708416282977
high_017,high,724.7745574657739,127,2538,761,727,2862,1201.455885565479
high_017,high,724.7745574657739,127,2538,761,727,2863,1147.0225320224656
high_017,high,724.7745574657739,127,2538,761,727,2867,1142.3995087726184
high_017,high,724.7745574657739,127,2538,761,727,2870,1134.908738147487
high_017,high,724.7745574657739,127,2538,761,727,2876,1171.827618389292
high_017,high,724.7745574657739,127,2538,761,727,2880,1172.5806817909013
high_017,high,724.7745574657739,127,2538,761,727,2882,1209.0296140120126
high_017,high,724.7745574657739,127,2538,761,727,2884,1204.2183928701231
high_017,high,724.7745574657739,127,2538,761,727,2886,1163.3651724435665
high_017,high,724.7745574657739,127,2538,761,727,2895,1138.7912673979497
high_017,high,724.7745574657739,127,2538,761,727,2904,1260.552747918737
high_017,high,724.7745574657739,127,2538,761,727,2907,1245.4088089464008
high_017,high,724.7745574657739,127,2538,761,727,2915,1254.1918348415977
high_017,high,724.7745574657739,127,2538,761,727,2924,1252.1826139278223
high_017,high,724.7745574657739,127,2538,761,727,2930,1265.1981278832689
high_017,high,724.7745574657739,127,2538,761,727,2954,1317.1657269042753
high_017,high,724.7745574657739,127,2538,761,727,2957,1287.2898731869675
high_017,high,724.7745574657739,127,2538,761,727,2970,1299.7260609782668
high_017,high,724.7745574657739,127,2538,761,727,2976,1308.2660992160131
high_017,high,724.7745574657739,127,2538,761,727,2983,1276.7302367111618
high_017,high,724.7745574657739,127,2538,761,727,2986,1278.7039503478898
high_017,high,724.7745574657739,127,2538,761,727,2989,1279.8657912222443
high_017,high,724.7745574657739,127,2538,761,727,2995,1361.5855515954695
high_017,high,724.7745574657739,127,2538,761,727,2996,1361.5855515954695
high_017,high,724.7745574657739,127,2538,761,727,2998,1373.5840861635106
high_017,high,724.7745574657739,127,2538,761,727,3002,1385.7155951015902
high_017,high,724.7745574657739,127,2538,761,727,3004,1378.8498216789126
high_017,high,724.7745574657739,127,2538,761,727,3010,1339.883747074418
high_017,high,724.7745574657739,127,2538,761,727,3027,1344.1537661932912
high_017,high,724.7745574657739,127,2538,761,727,3031,1344.47191105832
high_017,high,724.7745574657739,127,2538,761,727,3038,1352.934700423622
high_017,high,724.7745574657739,127,2538,761,727,3040,1355.0974132165838
high_017,high,724.7745574657739,127,2538,761,727,3042,1355.0974132165838
high_017,high,724.7745574657739,127,2538,761,727,3048,1364.5005122871762
high_017,high,724.7745574657739,127,2538,761,727,3051,1337.7357673470976
high_017,high,724.7745574657739,127,2538,761,727,3058,1357.2601260095455
high_017,high,724.7745574657739,127,2538,761,727,3065,1334.5986567427542
high_017,high,724.7745574657739,127,2538,761,727,3066,1369.761483728261
high_017,high,724.7745574657739,127,2538,761,727,3080,1390.079669677741
high_017,high,724.7745574657739,127,2538,761,727,3082,1394.5320309851477
high_017,high,724.7745574657739,127,2538,761,727,3083,1393.728541601571
high_017,high,724.7745574657739,127,2538,761,727,3098,1468.313385774305
high_017,high,724.7745574657739,127,2538,761,727,3105,1449.269887623915
high_017,high,724.7745574657739,127,2538,761,727,3106,1454.7489628182093
high_017,high,724.7745574657739,127,2538,761,727,3110,1456.229649253454
high_017,high,724.7745574657739,127,2538,761,727,3121,1453.1872633180417
high_017,high,724.7745574657739,127,2538,761,727,3123,1468.6254319997183
high_017,high,724.7745574657739,127,2538,761,727,3125,1446.5784763399836
high_017,high,724.7745574657739,127,2538,761,727,3132,1453.2650426046466
high_017,high,724.7745574657739,127,2538,761,727,3137,1448.1317104521063
high_017,high,724.7745574657739,127,2538,761,727,3148,1494.6174411955049
high_017,high,724.7745574657739,127,2538,761,727,3155,1502.8835660867112
high_017,high,724.7745574657739,127,2538,761,727,3159,1504.2154030067084
high_017,high,724.7745574657739,127,2538,761,727,3170,1496.046736128301
high_017,high,724.7745574657739,127,2538,761,727,3177,1509.5584761597952
high_017,high,724.7745574657739,127,2538,761,727,3184,1496.8090267704847
high_017,high,724.7745574657739,127,2538,761,727,3185,1497.080562185658
high_017,high,724.7745574657739,127,2538,761,727,3187,1497.5713174126683
high_017,high,724.7745574657739,127,2538,761,727,3196,1499.363711264271
high_017,high,724.7745574657739,127,2538,761,727,3205,1514.3002151326075
high_017,high,724.7745574657739,127,2538,761,727,3212,1499.8581893392193
high_017,high,724.7745574657739,127,2538,761,727,3213,1500.124760957142
high_017,high,724.7745574657739,127,2538,761,727,3224,1540.0364429291035
high_017,high,724.7745574657739,127,2538,761,727,3237,1533.726034499647
high_017,high,724.7745574657739,127,2538,761,727,3240,1534.673691994691
high_017,high,724.7745574657739,127,2538,761,727,3248,1551.354818849989
high_017,high,724.7745574657739,127,2538,761,727,3250,1543.6999385626443
high_017,high,724.7745574657739,127,2538,761,727,3253,1541.1681323669684
high_017,high,724.7745574657739,127,2538,761,727,3267,1555.3565663298511
high_017,high,724.7745574657739,127,2538,761,727,3274,1559.2586854889823
high_017,high,724.7745574657739,127,2538,761,727,3279,1568.8896149725474
high_017,high,724.7745574657739,127,2538,761,727,3288,1577.737662274617
high_017,high,724.7745574657739,127,2538,761,727,3295,1576.8790109789904
high_017,high,724.7745574657739,127,2538,761,727,3297,1576.8790109789904
high_018,high,1104.316606609681,100,2784,515,493,2621,1130.3354915446232
high_018,high,1104.316606609681,100,2784,515,493,2622,1163.1694982015006
high_018,high,1104.316606609681,100,2784,515,493,2624,1156.1101235819674
high_018,high,1104.316606609681,100,2784,515,493,2628,1128.9742139342325
high_018,high,1104.316606609681,100,2784,515,493,2635,1126.5715850970864
high_018,high,1104.316606609681,100,2784,515,493,2637,1125.011157303484
high_018,high,1104.316606609681,100,2784,515,493,2643,1158.7772989395926
high_018,high,1104.316606609681,100,2784,515,493,2833,1173.771293735364
high_018,high,1104.316606609681,100,2784,515,493,2842,1150.4881305062509
high_018,high,1104.316606609681,100,2784,515,493,2853,1164.6708416282977
high_018,high,1104.316606609681,100,2784,515,493,2856,1161.370075048267
high_018,high,1104.316606609681,100,2784,515,493,2857,1189.1631793738577
high_018,high,1104.316606609681,100,2784,515,493,2858,1195.650931575308
high_018,high,1104.316606609681,100,2784,515,493,2861,1209.1421287289538
high_018,high,1104.316606609681,100,2784,515,493,2868,1145.7923369784246
high_018,high,1104.316606609681,100,2784,515,493,2870,1152.7703825527221
high_018,high,1104.316606609681,100,2784,515,493,2873,1154.8774886670014
high_018,high,1104.316606609681,100,2784,515,493,2880,1172.5806817909013
high_018,high,1104.316606609681,100,2784,515,493,2885,1206.2335413646963
high_018,high,1104.316606609681,100,2784,515,493,2897,1216.5615113965555
high_018,high,1104.316606609681,100,2784,515,493,2902,1257.3345218153138
high_018,high,1104.316606609681,100,2784,515,493,2903,1257.9418907043237
high_018,high,1104.316606609681,100,2784,515,493,2904,1260.552747918737
high_018,high,1104.316606609681,100,2784,515,493,2906,1245.4088089464008
high_018,high,1104.316606609681,100,2784,515,493,2915,1254.1918348415977
high_018,high,1104.316606609681,100,2784,515,493,2932,1262.876174796144
high_018,high,1104.316606609681,100,2784,515,493,2955,1290.0533506469906
high_018,high,1104.316606609681,100,2784,515,493,2974,1305.032840956443
high_018,high,1104.316606609681,100,2784,515,493,2975,1305.3982024379532
high_018,high,1104.316606609681,100,2784,515,493,2984,1277.747358729495
high_018,high,1104.316606609681,100,2784,515,493,2989,1279.8657912222443
high_018,high,1104.316606609681,100,2784,515,493,2993,1282.6513776213458
high_018,high,1104.316606609681,100,2784,515,493,2996,1361.5855515954695
high_018,high,1104.316606609681,100,2784,515,493,3003,1378.5955476062447
high_018,high,1104.316606609681,100,2784,515,493,3005,1368.9960257171444
high_018,high,1104.316606609681,100,2784,515,493,3017,1342.403229168631
high_018,high,1104.316606609681,100,2784,515,493,3020,1380.5225041920835
high_018,high,1104.316606609681,100,2784,515,493,3028,1370.2930014103376
high_018,high,1104.316606609681,100,2784,515,493,3033,1350.186175036174
high_018,high,1104.316606609681,100,2784,515,493,3041,1359.561523924281
high_018,high,1104.316606609681,100,2784,515,493,3043,1356.9505695357525
high_018,high,1104.316606609681,100,2784,515,493,3046,1375.7196982062626
high_018,high,1104.316606609681,100,2784,515,493,3048,1364.5005122871762
high_018,high,1104.316606609681,100,2784,515,493,3050,1345.872647925985
high_018,high,1104.316606609681,100,2784,515,493,3054,1336.8554006071297
high_018,high,1104.316606609681,100,2784,515,493,3062,1348.4237853121645
high_018,high,1104.316606609681,100,2784,515,493,3065,1334.5986567427542
high_018,high,1104.316606609681,100,2784,515,493,3069,1371.472669177307
high_018,high,1104.316606609681,100,2784,515,493,3077,1389.2887727887692
high_018,high,1104.316606609681,100,2784,515,493,3087,1409.219789021147
high_018,high,1104.316606609681,100,2784,515,493,3090,1443.4574216547494
high_018,high,1104.316606609681,100,2784,515,493,3096,1464.9339936008407
high_018,high,1104.316606609681,100,2784,515,493,3097,1467.6497909356865
high_018,high,1104.316606609681,100,2784,515,493,3100,1458.1788486659484
high_018,high,1104.316606609681,100,2784,515,493,3103,1460.2729820174657
high_018,high,1104.316606609681,100,2784,515,493,3104,1460.5102835660855
high_018,high,1104.316606609681,100,2784,515,493,3108,1455.3379970173962
high_018,high,1104.316606609681,100,2784,515,493,3114,1444.41234629091
high_018,high,1104.316606609681,100,2784,515,493,3121,1453.1872633180417
high_018,high,1104.316606609681,100,2784,515,493,3125,1446.5784763399836
high_018,high,1104.316606609681,100,2784,515,493,3127,1450.967359531337
high_018,high,1104.316606609681,100,2784,515,493,3136,1448.1004606263607
high_018,high,1104.316606609681,100,2784,515,493,3145,1493.9504369048925
high_018,high,1104.316606609681,100,2784,515,493,3148,1494.6174411955049
high_018,high,1104.316606609681,100,2784,515,493,3151,1501.5733432699335
high_018,high,1104.316606609681,100,2784,515,493,3153,1517.96259210528
high_018,high,1104.316606609681,100,2784,515,493,3155,1502.8835660867112
high_018,high,1104.316606609681,100,2784,515,493,3160,1504.816737186983
high_018,high,1104.316606609681,100,2784,515,493,3161,1505.289510186076
high_018,high,1104.316606609681,100,2784,515,493,3164,1494.839328164598
high_018,high,1104.316606609681,100,2784,515,493,3165,1495.2844454861174
high_018,high,1104.316606609681,100,2784,515,493,3169,1506.8140914704434
high_018,high,1104.316606609681,100,2784,515,493,3176,1508.7817011639336
high_018,high,1104.316606609681,100,2784,515,493,3177,1509.5584761597952
high_018,high,1104.316606609681,100,2784,515,493,3178,1509.863254039178
high_018,high,1104.316606609681,100,2784,515,493,3184,1496.8090267704847
high_018,high,1104.316606609681,100,2784,515,493,3185,1497.080562185658
high_018,high,1104.316606609681,100,2784,515,493,3199,1518.4277350735058
high_018,high,1104.316606609681,100,2784,515,493,3205,1514.3002151326075
high_018,high,1104.316606609681,100,2784,515,493,3210,1502.6214929100356
high_018,high,1104.316606609681,100,2784,515,493,3213,1500.124760957142
high_018,high,1104.316606609681,100,2784,515,493,3214,1515.576248626063
high_018,high,1104.316606609681,100,2784,515,493,3223,1538.6222648537885
high_018,high,1104.316606609681,100,2784,515,493,3229,1536.0390036247898
high_018,high,1104.316606609681,100,2784,515,493,3230,1536.483758359465
high_018,high,1104.316606609681,100,2784,515,493,3234,1532.8619938195989
high_018,high,1104.316606609681,100,2784,515,493,3238,1534.092727339539
high_018,high,1104.316606609681,100,2784,515,493,3251,1546.5902242571117
high_018,high,1104.316606609681,100,2784,515,493,3252,1543.8448866280776
high_018,high,1104.316606609681,100,2784,515,493,3265,1560.9512433172054
high_018,high,1104.316606609681,100,2784,515,493,3269,1557.5278701324796
high_018,high,1104.316606609681,100,2784,515,493,3272,1556.00691951381
high_018,high,1104.316606609681,100,2784,515,493,3273,1555.3565663298511
high_018,high,1104.316606609681,100,2784,515,493,3274,1559.2586854889823
high_018,high,1104.316606609681,100,2784,515,493,3279,1568.8896149725474
high_018,high,1104.316606609681,100,2784,515,493,3287,1578.2606105011716
high_018,high,1104.316606609681,100,2784,515,493,3288,1577.737662274617
high_018,high,1104.316606609681,100,2784,515,493,3289,1580.0378693327214
high_018,high,1104.316606609681,100,2784,515,493,3292,1581.0830524885766
high_018,high,1104.316606609681,100,2784,515,493,3295,1576.8790109789904
high_019,high,882.0182163126649,133,2577,722,691,727,961.1551976216444
high_019,high,882.0182163126649,133,2577,722,691,731,971.8877728970976
high_019,high,882.0182163126649,133,2577,722,691,733,973.9317401257932
high_019,high,882.0182163126649,133,2577,722,691,735,975.789892056229
high_019,high,882.0182163126649,133,2577,722,691,736,922.2919906220876
high_019,high,882.0182163126649,133,2577,722,691,744,988.146602662205
high_019,high,882.0182163126649,133,2577,722,691,747,1015.7382628264284
high_019,high,882.0182163126649,133,2577,722,691,750,992.1416294981552
high_019,high,882.0182163126649,133,2577,722,691,754,981.6748363798296
high_019,high,882.0182163126649,133,2577,722,691,755,947.3601667065194
high_019,high,882.0182163126649,133,2577,722,691,758,946.9397481539488
high_019,high,882.0182163126649,133,2577,722,691,764,958.4838380099771
high_019,high,882.0182163126649,133,2577,722,691,765,985.8196348287304
high_019,high,882.0182163126649,133,2577,722,691,766,990.3591760990912
high_019,high,882.0182163126649,133,2577,722,691,769,978.8129515124598
high_019,high,882.0182163126649,133,2577,722,691,776,923.2791337519676
high_019,high,882.0182163126649,133,2577,722,691,779,966.878967356384
high_019,high,882.0182163126649,133,2577,722,691,783,939.5373854437629
high_019,high,882.0182163126649,133,2577,722,691,784,926.5229277123624
high_019,high,882.0182163126649,133,2577,722,691,789,927.4307991134442
high_019,high,882.0182163126649,133,2577,722,691,794,940.113373895397
high_019,high,882.0182163126649,133,2577,722,691,796,983.7880268033208
high_019,high,882.0182163126649,133,2577,722,691,797,928.4070163626252
high_019,high,882.0182163126649,133,2577,722,691,799,968.2605668785652
high_019,high,882.0182163126649,133,2577,722,691,800,969.346109402294
high_019,high,882.0182163126649,133,2577,722,691,804,929.5219075984146
high_019,high,882.0182163126649,133,2577,722,691,820,938.521480778478
high_019,high,882.0182163126649,133,2577,722,691,823,963.990626957393
high_019,high,882.0182163126649,133,2577,722,691,824,951.9962503166522
high_019,high,882.0182163126649,133,2577,722,691,825,924.32859649717
high_019,high,882.0182163126649,133,2577,722,691,830,956.1941010699966
high_019,high,882.0182163126649,133,2577,722,691,831,956.6509264140744
high_019,high,882.0182163126649,133,2577,722,691,833,931.1024015923234
high_019,high,882.0182163126649,133,2577,722,691,836,998.443578241707
high_019,high,882.0182163126649,133,2577,722,691,842,978.2983972260008
high_019,high,882.0182163126649,133,2577,722,691,850,965.5438599382971
high_019,high,882.0182163126649,133,2577,722,691,852,973.0891820130053
high_019,high,882.0182163126649,133,2577,722,691,854,939.5935090512652
high_019,high,882.0182163126649,133,2577,722,691,856,949.0325034494492
high_019,high,882.0182163126649,133,2577,722,691,867,953.25058399976
high_019,high,882.0182163126649,133,2577,722,691,870,1077.7162460447862
high_019,high,882.0182163126649,133,2577,722,691,877,1080.4105664574408
high_019,high,882.0182163126649,133,2577,722,691,878,1078.3665992287451
high_019,high,882.0182163126649,133,2577,722,691,884,1083.0589655524525
high_019,high,882.0182163126649,133,2577,722,691,2408,1090.1189873670398
high_019,high,882.0182163126649,133,2577,722,691,2412,1092.504129918076
high_019,high,882.0182163126649,133,2577,722,691,2416,1094.0306211734855
high_019,high,882.0182163126649,133,2577,722,691,2419,1096.446218777193
high_019,high,882.0182163126649,133,2577,722,691,2609,1098.1754197400292
high_019,high,882.0182163126649,133,2577,722,691,2621,1124.5783103444892
high_019,high,882.0182163126649,133,2577,722,691,2624,1121.482094298032
high_019,high,882.0182163126649,133,2577,722,691,2625,1122.1627127407817
high_019,high,882.0182163126649,133,2577,722,691,2627,1117.2386099673024
high_019,high,882.0182163126649,133,2577,722,691,2639,1118.7651012227118
high_019,high,882.0182163126649,133,2577,722,691,2644,1123.9492363439422
high_019,high,882.0182163126649,133,2577,722,691,2824,1143.1526303353207
high_019,high,882.0182163126649,133,2577,722,691,2826,1145.7355374652211
high_019,high,882.0182163126649,133,2577,722,691,2836,1131.9180107770533
high_019,high,882.0182163126649,133,2577,722,691,2862,1201.455885565479
high_019,high,882.0182163126649,133,2577,722,691,2863,1147.0225320224656
high_019,high,882.0182163126649,133,2577,722,691,2864,1240.9736594677693
high_019,high,882.0182163126649,133,2577,722,691,2867,1142.3995087726184
high_019,high,882.0182163126649,133,2577,722,691,2874,1169.286029457955
high_019,high,882.0182163126649,133,2577,722,691,2887,1135.4484995611729
high_019,high,882.0182163126649,133,2577,722,691,2891,1206.994759898018
high_019,high,882.0182163126649,133,2577,722,691,2906,1245.4088089464008
high_019,high,882.0182163126649,133,2577,722,691,2912,1249.9612814002455
high_019,high,882.0182163126649,133,2577,722,691,2924,1252.1826139278223
high_019,high,882.0182163126649,133,2577,722,691,2926,1253.120139864731
high_019,high,882.0182163126649,133,2577,722,691,2928,1247.5077344368055
high_019,high,882.0182163126649,133,2577,722,691,2931,1264.4457685984123
high_019,high,882.0182163126649,133,2577,722,691,2933,1263.6609716972782
high_019,high,882.0182163126649,133,2577,722,691,2936,1271.9538496773398
high_019,high,882.0182163126649,133,2577,722,691,2940,1273.4736091399748
high_019,high,882.0182163126649,133,2577,722,691,2949,1289.071858007981
high_019,high,882.0182163126649,133,2577,722,691,2951,1320.931334661675
high_019,high,882.0182163126649,133,2577,722,691,2959,1284.3437983012814
high_019,high,882.0182163126649,133,2577,722,691,2962,1313.682539683791
high_019,high,882.0182163126649,133,2577,722,691,2972,1301.2560338150342
high_019,high,882.0182163126649,133,2577,722,691,2976,1308.2660992160131
high_019,high,882.0182163126649,133,2577,722,691,2977,1275.8892067436825
high_019,high,882.0182163126649,133,2577,722,691,2982,1276.0495631405868
high_019,high,882.0182163126649,133,2577,722,691,2989,1279.8657912222443
high_019,high,882.0182163126649,133,2577,722,691,2992,1281.7739052630734
high_019,high,882.0182163126649,133,2577,722,691,2995,1361.5855515954695
high_019,high,882.0182163126649,133,2577,722,691,3000,1376.2169539212116
high_019,high,882.0182163126649,133,2577,722,691,3013,1367.5095041063432
high_019,high,882.0182163126649,133,2577,722,691,3016,1342.0187566338543
high_019,high,882.0182163126649,133,2577,722,691,3020,1380.5225041920835
high_019,high,882.0182163126649,133,2577,722,691,3026,1343.7158843708903
high_019,high,882.0182163126649,133,2577,722,691,3051,1337.7357673470976
high_019,high,882.0182163126649,133,2577,722,691,3054,1336.8554006071297
high_019,high,882.0182163126649,133,2577,722,691,3056,1339.5984267172976
high_019,high,882.0182163126649,133,2577,722,691,3060,1359.2053677022786
high_019,high,882.0182163126649,133,2577,722,691,3064,1338.5479584353525
high_019,high,882.0182163126649,133,2577,722,691,3085,1409.219789021147
high_019,high,882.0182163126649,133,2577,722,691,3087,1409.219789021147
high_019,high,882.0182163126649,133,2577,722,691,3098,1468.313385774305
high_019,high,882.0182163126649,133,2577,722,691,3104,1460.5102835660855
high_019,high,882.0182163126649,133,2577,722,691,3127,1450.967359531337
high_019,high,882.0182163126649,133,2577,722,691,3135,1447.339468483172
high_019,high,882.0182163126649,133,2577,722,691,3138,1448.9565767520114
high_019,high,882.0182163126649,133,2577,722,691,3140,1472.038704514705
high_019,high,882.0182163126649,133,2577,722,691,3145,1493.9504369048925
high_019,high,882.0182163126649,133,2577,722,691,3154,1500.620479981403
high_019,high,882.0182163126649,133,2577,722,691,3155,1502.8835660867112
high_019,high,882.0182163126649,133,2577,722,691,3157,1500.885810650013
high_019,high,882.0182163126649,133,2577,722,691,3171,1496.319512492787
high_019,high,882.0182163126649,133,2577,722,691,3173,1507.2596017781918
high_019,high,882.0182163126649,133,2577,722,691,3178,1509.863254039178
high_019,high,882.0182163126649,133,2577,722,691,3180,1511.1390558173994
high_019,high,882.0182163126649,133,2577,722,691,3194,1512.9124166079123
high_019,high,882.0182163126649,133,2577,722,691,3198,1499.5810671374104
high_019,high,882.0182163126649,133,2577,722,691,3207,1501.260432986814
high_019,high,882.0182163126649,133,2577,722,691,3209,1502.2482952580965
high_019,high,882.0182163126649,133,2577,722,691,3214,1515.576248626063
high_019,high,882.0182163126649,133,2577,722,691,3221,1544.3697964157925
high_019,high,882.0182163126649,133,2577,722,691,3222,1547.95194894706
high_019,high,882.0182163126649,133,2577,722,691,3223,1538.6222648537885
high_019,high,882.0182163126649,133,2577,722,691,3226,1535.4278215120526
high_019,high,882.0182163126649,133,2577,722,691,3237,1533.726034499647
high_019,high,882.0182163126649,133,2577,722,691,3239,1534.421227576144
high_019,high,882.0182163126649,133,2577,722,691,3242,1533.2149949217014
high_019,high,882.0182163126649,133,2577,722,691,3244,1545.9660451643304
high_019,high,882.0182163126649,133,2577,722,691,3258,1560.7202276714595
high_019,high,882.0182163126649,133,2577,722,691,3263,1570.1401533513194
high_019,high,882.0182163126649,133,2577,722,691,3264,1566.8295232313226
high_019,high,882.0182163126649,133,2577,722,691,3268,1557.26468037068
high_019,high,882.0182163126649,133,2577,722,691,3273,1555.3565663298511
high_019,high,882.0182163126649,133,2577,722,691,3277,1563.355949492931
high_019,high,882.0182163126649,133,2577,722,691,3280,1569.4745895398314
high_019,high,882.0182163126649,133,2577,722,691,3286,1582.4295132902223
high_019,high,882.0182163126649,133,2577,722,691,3287,1578.2606105011716
